galaxies.source.pixelization.regularization.inner_coefficient,galaxies.source.pixelization.regularization.outer_coefficient,galaxies.source.pixelization.regularization.signal_scale,    log_likelihood,         log_prior,     log_posterior,                weight
                                       3.3497100325392392e-06,                                            17.29692104796957,                                     0.08626158431453254, 7408.679358969176, 298533.3607820603,305942.04014102946, 7.202541872638896e-10
                                       1.4674529588380916e-06,                                           21.139108122062748,                                     0.06927339511796196, 7414.669563328871, 681452.8965961906, 688867.5661595195,2.8773884146822635e-07
                                        0.0002480514363017574,                                            40.12447732441414,                                     0.03983525575297678,  7414.92788805096, 4031.446852141059,11446.374740192019,3.7255250852750134e-07
                                         0.011534620742713414,                                            64.63409846455666,                                    0.018855161570749485, 7420.822908357091, 86.71099662587527, 7507.533904982966,4.1682872566661644e-05
                                       2.1399268461441648e-05,                                            51.69615187393302,                                    0.030049674513990928, 7421.021156026306,46730.588746293564, 54151.60990231987, 5.082243972035603e-05
                                       2.5758933270468962e-05,                                           26.894543361973312,                                     0.05322400997167132,7420.2919746339785,38821.520568240536, 46241.81254287451,  2.45118479756955e-05
                                         0.014313790986411088,                                            29.09498247883351,                                    0.050491551669716514, 7418.419763750407, 69.89706421089531, 7488.316827961302,3.7695125949065783e-06
                                       3.3381914864106266e-06,                                            46.57410812611722,                                    0.026318934061746926,  7418.94564933959, 299563.4240113887,306982.36966072826, 6.377851576270662e-06
                                         4.19559715396033e-05,                                            36.58906956140627,                                     0.04049971598158046, 7423.407250573731,23834.536777119923,31257.944027693655, 0.0004280450037957669
                                          0.01085859916920273,                                           45.252736145762775,                                     0.03275746832720342, 7423.502289125606,  92.1150084782482, 7515.617297603854,0.00047072162566773654
                                        2.212269348316177e-06,                                             33.6194256570546,                                     0.04136672253992269, 7424.202119325327,   452024.55413688, 459448.7562562053, 0.0009477560052554701
                                        0.0005671641659959734,                                            37.44088563037308,                                     0.03486979092369602,7422.8619800258475,1763.1846442575106, 9186.046624283357, 0.0002481312378873945
                                          0.01836991103061321,                                            55.60549087706898,                                     0.02303944265130175, 7424.219691568056,54.454828866117694, 7478.674520434174, 0.0009645573905072952
                                       1.5062599556101058e-05,                                            40.73494155141071,                                     0.03546836543916753,  7426.07957850671, 66389.62723840987, 73815.70681691659, 0.0008732574828841455
                                       1.6129303512815007e-05,                                           42.295022659876736,                                      0.0347649300468142, 7425.469764057307,  61998.9809577188, 69424.45072177611, 0.0004745732614335967
                                         0.002112638529510881,                                            48.11047857655983,                                    0.030309992669203933, 7426.819566706559,473.36252665249305,7900.1820933590525, 0.0018302697740876933
                                         0.014310650922869145,                                            57.29776359543407,                                    0.025501370803295995, 7425.811009865012, 69.89547608413811,  7495.70648594915, 0.0006675817208082195
                                       1.7888511186483563e-05,                                           37.686191981791694,                                     0.03593836168641254,7425.2851514260565,55901.827952332016, 63327.11310375807,0.00039457268610733917
                                        0.0003351117558884415,                                            46.66448261424521,                                    0.028603418175251784, 7427.438945642138, 2984.100568632968,10411.539514275106, 0.0034002273910321854
                                        0.0005415348129771819,                                            44.83383532344307,                                     0.02973782299107554, 7426.862530775475,1846.6256549794625, 9273.488185754937, 0.0019106193231118252
                                        0.0017786910677207353,                                            44.71562020461971,                                    0.029832376983680103, 7426.685490535916, 562.2335412791942,  7988.91903181511, 0.0016006138355318675
                                        0.0035925750174254055,                                           44.032799860013895,                                    0.030500466079791698, 7426.551667621741, 278.3745875203947, 7704.926255142136, 0.0014001288788484854
                                         0.004186595991512808,                                            41.28727291031526,                                     0.03486752641794429, 7425.672257888075,238.88175587960887, 7664.554013767684, 0.0005810924311868456
                                          0.00550568529164759,                                             44.8286377842216,                                    0.029820238446787994, 7426.297893627347,181.65273953627738, 7607.950633163624, 0.0010863139784380964
                                       2.0504548040615922e-05,                                           34.800345674088014,                                      0.0404405716031561, 7424.749985310002, 48769.69671433244, 56194.44669964244, 0.0002310507205607998
                                        0.0011240759712860475,                                            37.09559643938576,                                     0.03703208092110917, 7425.319227856028, 889.6465431925085, 8314.965771048537, 0.0004082500286277869
                                          0.00819224413665458,                                           39.331952797679506,                                     0.03447219627401548, 7424.752961321208,122.09209930994642, 7546.845060631154,0.00023173935427705147
                                         0.003424917878287096,                                            51.81961982411233,                                    0.025194307504647004, 7426.882920634028,291.99710142318446, 7718.880022057212,  0.001949976460552564
                                         8.21892192738822e-06,                                            44.28379484752443,                                    0.030850989046301174, 7427.694534956616, 121670.4811691015,129098.17570405811, 0.0011077161243096367
                                        0.0001990827745866944,                                             55.9547642270608,                                     0.02303546984001334, 7427.110723578441, 5023.054154231213,12450.164877809653, 0.0006178490987177713
                                       0.00016008711030308798,                                            50.59866564869617,                                    0.028729903657897245, 7427.781045661424, 6246.618868733662,13674.399914395086,  0.001207812720518677
                                       5.5602585387704504e-05,                                           46.529026399910855,                                    0.030626278212043466, 7427.990827542042, 17984.79671468125,25412.787542223294, 0.0014897270800499742
                                        0.0017617918218905836,                                           47.153886767173056,                                    0.030151724033666553, 7427.907936671485,  567.625158758607, 7995.533095430092,  0.001371221659659896
                                         0.021107544825524384,                                            65.08799521547391,                                    0.020692518792552846, 7427.953639332012,47.391788135918354, 7475.345427467931, 0.0014353442636169777
                                       0.00018750400032721087,                                             58.6463743157845,                                    0.024933300780217754, 7428.465679239665, 5333.236600028306, 12761.70227926797,  0.002395147062757214
                                        8.588862534045025e-05,                                           45.327244528244954,                                      0.0303457436045124, 7428.072478533224,11643.007335286442,19071.079813819666, 0.0016164686538262046
                                       0.00022934849077792878,                                            47.87579808735617,                                     0.02811911111661173,  7428.12742545413, 4360.197824268283,11788.325249722413, 0.0017077741356081233
                                        7.820592677497497e-05,                                            45.04298572938364,                                      0.0306560547460782, 7428.042199786976,12786.776878538823,  20214.8190783258, 0.0015682575783791067
                                       4.9605974391005785e-06,                                            49.94795650388679,                                    0.026831879102650998, 7428.451618795412,201588.64160858744,209017.09322738284, 0.0023617058808708988
                                       1.8952111995471042e-06,                                            47.15028314626742,                                    0.029649294001891764, 7428.539481333008, 527645.7000856086, 535074.2395669416, 0.0025786002846757963
                                        0.0016556499554392775,                                            49.52877099208902,                                     0.02854169815033518, 7428.557722262149, 604.0125962369041,8032.5703184990525,  0.002626067960851804
                                       0.00016527009077278476,                                             57.3164187497429,                                     0.02579722396842339, 7427.421583486768, 6050.719030846083,13478.140614332851, 0.0008431156684913861
                                        3.293352961126137e-06,                                           60.436067080114995,                                     0.02159654915599904, 7428.899671524556, 303641.9315806433, 311070.8312521678,  0.003696686648120369
                                          0.01575751130667204,                                            65.33408167163043,                                    0.020260446078553866, 7428.226207229609,63.477103977166365, 7491.703311206776, 0.0018850844538413991
                                        0.0003122823372836771,                                           45.109307796062936,                                    0.031088828849492673, 7427.989581386406,3202.2525881225183,10630.242169508925, 0.0014878718044739445
                                        1.298108331718443e-05,                                            43.09558477089081,                                      0.0326592033749534,  7427.48800334853, 77035.19627612887,  84462.6842794774, 0.0009010169058827018
                                        0.0033961453546986035,                                            51.65050208630703,                                     0.02763450685948741, 7428.321039978026, 294.4708332443608, 7722.791873222387,   0.00207260313718249
                                        5.121481444669183e-05,                                            54.57808221734851,                                      0.0267793404674785, 7428.025365520723, 19525.61869413443,26953.644059655155, 0.0015420780872666966
                                       0.00011252215202294477,                                            71.33494518600666,                                     0.01771498463462251, 7427.522072852989, 8887.152968544273,16314.675041397262, 0.0009322430140233138
                                        2.150302275824127e-05,                                            56.30180863591113,                                    0.023312989338373707,  7428.58541690978,46505.107359426045,53933.692776335825, 0.0026998124379367925
                                       0.00018733216277884673,                                           56.410176151987216,                                    0.022956451801212203, 7427.591319396885,  5338.12937436488,12765.720693761767, 0.0009990852089484118
                                       2.4090933948621194e-06,                                            48.87542564223326,                                    0.027721906751417252, 7428.607848172296,  415093.931776654, 422522.5396248263, 0.0027610569675674858
                                        0.0012454950182694108,                                           46.165274888356436,                                    0.030419787357676167, 7428.065000931409, 802.9152781632894, 8230.980279094698,  0.001604426424494887
                                       1.7587939544094166e-06,                                           46.699862380332156,                                    0.029000698840378036, 7428.084326108648, 568571.4549760552, 575999.5393021639, 0.0016357337853273382
                                         0.005263906252886213,                                            49.86192071818205,                                    0.027076342261134173, 7427.942314401206,189.99304349623762, 7617.935357897444, 0.0014191807870278992
                                        7.417500106646833e-05,                                            45.44358505443977,                                     0.03110955744436443, 7427.969214234563,13481.653088855388, 20909.62230308995, 0.0014578746091732221
                                         0.005815244974784501,                                            48.29009125097903,                                     0.02906130017778547, 7427.786723901561,171.98250933333458, 7599.769233234896, 0.0012146904794902809
                                        5.212108421493302e-06,                                           46.524731214792624,                                     0.02878316103575101, 7427.604647396249, 191860.9574399958,199288.56208739206, 0.0010124901480549097
                                        0.0070568662458815505,                                             68.2658886900628,                                     0.01901431962900734, 7428.657913160375,141.72060775926906, 7570.378520919644,  0.002902808027238063
                                        0.0009223275466438612,                                            51.34406216827456,                                    0.028355298093477754,  7427.67010746832,1084.2330008510655, 8511.903108319386, 0.0010809852153169646
                                       0.00011939328795760766,                                            57.67726174847733,                                     0.02273634008580498, 7428.753708043454,  8375.69755494612,15804.451262989574,   0.00319463690572304
                                        8.739290480096855e-06,                                            45.37756953207964,                                     0.03056502567425535, 7428.157934589337,114425.78718123284,121853.94511582218, 0.0017606797969162188
                                         0.006271480793548495,                                            51.61924627509548,                                    0.027367735483553778, 7428.183162350681,159.47134782552217, 7587.654510176204, 0.0018056628315432153
                                        0.0013985407378127811,                                           58.666346147602866,                                    0.024839425898945628, 7428.497633378578, 715.0480582044282, 8143.545691583006, 0.0024729178567744494
                                       1.0394277312538026e-05,                                           46.365616222686334,                                     0.03108353109459691, 7427.509626782795, 96206.80631393954,103634.31594072233, 0.0009207121578036102
                                        0.0062023824996589655,                                            48.37443535319612,                                    0.027763873685709685, 7427.294398551652, 161.2490387648428, 7588.543437316495, 0.0007424230463458269
                                        0.0040814972905409115,                                            51.39210060053008,                                    0.027696153659691993, 7428.268638179088,245.02758364810603, 7673.296221827194,   0.00196679157408719
                                       1.3868381334039584e-06,                                            46.29645655580847,                                    0.031096800693530196, 7427.546881813935, 721064.7052955817, 728492.2521773956,  0.000955660272406878
                                         0.004864294746145112,                                            60.93211745212768,                                     0.02310416656996472, 7429.863302893342,205.59605936050934, 7635.459362253851, 0.0020787048872219134
                                       1.2651312295780598e-06,                                           54.106694404195075,                                    0.026353567217859922, 7429.328588845505, 790431.8540264571, 797861.1826153026, 0.0012177817932741343
                                       2.7161632391447136e-06,                                           59.197700523375744,                                    0.022632587799683475, 7430.134938053499,368166.40158851637,375596.53652656986, 0.0027274857375152273
                                       0.00011915257403901364,                                            57.72405999416038,                                    0.024806452383854132, 7429.631041859951, 8392.618222815649,  15822.2492646756, 0.0016478707763790462
                                         0.002402180584912497,                                             52.9788270728612,                                     0.02590380879465682, 7429.319477304252,416.30731201341246, 7845.626789317665, 0.0012067363212814447
                                       2.9569855021300703e-06,                                            52.11904501435505,                                     0.02632131765735634, 7429.527184920582, 338182.2656941904,345611.79287911096, 0.0014853153054992408
                                        0.0005000099513114224,                                           57.954501264364154,                                    0.024656755586526274, 7429.689916313957,1999.9774504616412, 9429.667366775599, 0.0017478010763230043
                                        9.870607704341794e-05,                                            56.55965571911827,                                    0.025005681695309777, 7429.953725659174,10131.106160036126,  17561.0598856953,  0.002275427200568285
                                        0.0028603590683129658,                                           56.706112831350566,                                    0.025009568621519485, 7429.419703863447,349.62409191569583, 7779.043795779143, 0.0013339520729399143
                                       0.00024128272198359566,                                            54.39893276119975,                                    0.025258639759163967,  7429.91407797205, 4144.533960865869, 11574.44803883792,  0.002186976788235863
                                       0.00011234061312810074,                                           53.826295536494534,                                    0.026189406284415195, 7429.629828347921, 8901.518865266438, 16331.14869361436, 0.0016458722782132066
                                        1.885214183187802e-06,                                             54.2545944207001,                                     0.02549925912217215, 7429.952485223205, 530443.7255275683, 537873.6780127914,  0.002272606428679887
                                        0.0004155566427720222,                                            60.32202152520809,                                    0.023762509673406398, 7429.849009721727,2406.4273941094884, 9836.276403831216, 0.0020492049277467447
                                        0.0010770449034363193,                                            56.64307464295898,                                    0.024106632222387545, 7430.081619526865, 928.4840505725809, 8358.565670099446, 0.0025858691583968575
                                        8.476637507510252e-06,                                            55.01744551364761,                                    0.025218292774731605, 7430.069670944277, 117971.3245005248,125401.39417146907, 0.0025551555446817267
                                        6.244521668322113e-05,                                           55.123197551995645,                                    0.025748887943449573, 7429.637823304184,16014.054974026294,23443.692797330477, 0.0016590836970784052
                                       0.00018374872258932132,                                            55.99939752745235,                                    0.024784413199825446, 7430.194309763344,5442.2325617876495,12872.426871550993,  0.002894324988992657
                                       2.9850365795229476e-06,                                            55.27630785707401,                                    0.024999713020041135, 7430.120388439978, 335004.2880083943, 342434.4083968343, 0.0026880891715446885
                                       3.5018591860683485e-05,                                            54.62772427357316,                                    0.024981631655764315, 7429.898643650576,28556.277905719646, 35986.17654937022,  0.002153481439351401
                                       0.00010604960917008356,                                            50.87752278996308,                                    0.027185085189592045, 7429.329863695439,   9429.5687861143,16858.898649809737, 0.0012193352723287396
                                       2.2021198194270665e-05,                                            53.35945482702635,                                     0.02612979969722766, 7429.757086609019, 45410.80843437078,  52840.5655209798, 0.0018692340818923356
                                       0.00019011951504091244,                                            56.14149002041365,                                    0.025331396149071088, 7429.693107078636, 5259.867122109761,12689.560229188397, 0.0017533868048968677
                                        3.104906625819481e-05,                                           58.923272454005584,                                    0.022408759843616746, 7429.394069942942,32207.104671841716, 39636.49874178466, 0.0013001921991147335
                                        4.851986207364753e-06,                                            55.91046590016105,                                    0.024805899739251652,  7430.21264566512,  206101.180844965,213531.39349063014, 0.0029478845788127117
                                         0.002409920608699578,                                            63.90530355507124,                                    0.022405117737638612, 7429.949515079775,414.96707700560273,7844.9165920853775,  0.002265866475893719
                                        5.216566434435019e-05,                                            55.70871877883284,                                     0.02381950089196885, 7429.116328947029,19169.715347613812, 26598.83167656084, 0.0009848864763376383
                                        0.0006709177691616775,                                            55.23935755882837,                                    0.025066593763939566, 7430.007014919331,1490.5137285260844, 8920.520743445415,  0.002399972011475666
                                       1.3775689844998275e-06,                                            54.61879585054734,                                    0.025710800841314416, 7429.857888599132, 725916.4778485502, 733346.3357371493, 0.0020674805806555766
                                       5.5008023838718034e-05,                                            58.33831704946304,                                    0.024441834174763158, 7429.907833853794,18179.183201456406,  25609.0910353102,  0.002173363591980383
                                         8.07764704820876e-06,                                            53.53936991127314,                                    0.025991481793410202, 7429.807208102202,123798.44587227715,131228.25308037936,   0.00196531051998069
                                        2.336215061490896e-06,                                           58.128459050964885,                                    0.024573120572306678, 7429.814692882931, 428042.8016555926, 435472.6163484755,  0.001980075626147628
                                         0.009512174825842849,                                           63.564748046112086,                                     0.02199422281181026, 7429.571700072737,105.14416143035079,7534.7158615030885,  0.001552928073912789
                                        8.155106775503967e-06,                                            61.51306912089234,                                    0.021382069927823797, 7429.567642066369,122622.56768715226,130052.13532921862, 0.0015466390509779801
                                        0.0020759565315435005,                                            54.81734810920859,                                     0.02482772777366345, 7429.571634963193, 481.7238970250621, 7911.295531988255,  0.001552826966765174
                                       2.8305397076297567e-05,                                            54.94610628384787,                                    0.024750190338142165, 7429.886796873345, 35328.96968210181,42758.856478975154,   0.00212812014587824
                                        8.640444527622738e-06,                                           51.412842702258544,                                    0.026964003410211605, 7429.446867600469,115734.80564143781,123164.25250903828, 0.0013706838234831325
                                         7.11786888002539e-06,                                            50.12793923758634,                                    0.027920364140322493,7429.1350177570785,140491.50930558844, 147920.6443233455,  0.001003465905557108
                                        1.412235675923784e-06,                                            54.18130996585759,                                     0.02613326843586017, 7429.583568601435, 708097.1279180212, 715526.7114866226, 0.0015714688535712297
                                         0.006901203937774971,                                            70.86369099505598,                                     0.01837262377629109, 7429.194309758927, 144.9163647445997, 7574.110674503527, 0.0010647626548166286
                                         0.002332356790809525,                                            58.98891692278335,                                    0.022779169123369556, 7429.871152152122, 428.7678209607312, 7858.638973112853, 0.0020950853830830982
                                          0.00026838756039973,                                            52.54992364317615,                                    0.025840796057468383, 7429.384657102188, 3725.974131580349,11155.358788682537, 0.0012880111162293618
                                         0.003891153433548003,                                             54.8473565201763,                                    0.025334745580644937,  7429.41029752354, 257.0114394664135, 7686.421736989953, 0.0013214632952498425
                                       1.5217212225208388e-05,                                            53.68631970150686,                                    0.026615445297055663, 7429.177968651486, 65715.07767961384, 73144.25564826533, 0.0010475046454020112
                                        4.606210530924715e-06,                                           56.616513486139034,                                     0.02490805233226352, 7430.059273113908,217098.21438780843,224528.27366092234,  0.002528725118431026
                                       2.9309716050613826e-05,                                            54.44508548876961,                                    0.025825765298517152, 7429.799960197768, 34118.39734675431,41548.197306952075,  0.001951117633622871
                                        0.0046084200125476125,                                            57.71181696060976,                                    0.023256371316335667, 7429.299579620145, 217.0114376628745, 7646.311017283019, 0.0011829623708101865
                                        2.662871564066649e-05,                                            67.96578235406845,                                    0.019046157919139724,  7429.33661827231, 37553.45940413078, 44982.79602240309, 0.0012275992445559283
                                         0.002640861821054001,                                            57.09950877393413,                                    0.023857085180295945, 7429.878552415937,378.68177812042825, 7808.560330536365, 0.0021106470769342344
                                          0.00329630201430252,                                            55.37387068125085,                                    0.025386937374848647, 7429.407906497192,303.38831932677226, 7732.796225823964, 0.0013183074160915433
                                        8.735615619580605e-06,                                            69.23773823445406,                                    0.018758871959988346, 7429.748953505579, 114473.9157165919,121903.66467009748, 0.0018540930629491294
                                         4.46572193520821e-06,                                             69.1505721406428,                                    0.018888744003152446, 7430.134135778483, 223927.9738166361,231358.10795241458, 0.0027252984213828064
                                        0.0003239278274959771,                                           51.884678078357055,                                    0.026831939892548035, 7429.464244693265,3087.1266941075155, 10516.59093880078, 0.0013947104755646642
                                         0.006074749856966233,                                            59.20743178680034,                                    0.023819789162678944, 7429.391599924829, 164.6327214594279, 7594.024321384257, 0.0012969846637985367
                                        8.991308485592962e-05,                                           54.619051353765556,                                     0.02570228569245269, 7429.850202594878,11121.870056930326,18551.720259525202, 0.0020516508278202077
                                         0.006644059401523076,                                            63.60636367641293,                                     0.02099539609350535, 7429.678338444635, 150.5261159558419,7580.2044544004775,  0.001727681956870974
                                        0.0018088704298376522,                                           56.508301863815774,                                    0.025279040103874283, 7429.287807327487, 552.8488907810155, 7982.136698108502, 0.0011691178423866122
                                         0.001051160290762401,                                            51.37632613162798,                                    0.027285931187532093, 7429.173391914741, 951.3491603526044, 8380.522552267345, 0.0010427214464716484
                                        6.115042380332158e-06,                                              59.417624728926,                                    0.022104598603966505, 7429.156388347998,163531.18109738867,170960.33748573667,  0.001025141348509351
                                       0.00023740281900977916,                                             61.7439871745792,                                    0.021380703706732777,  7429.78510291513, 4212.266093239903,11642.051196155033,  0.001922343608683564
                                        1.111869503206376e-05,                                            55.92096373026503,                                    0.024445205280552027, 7430.144845340803,  89938.6300231254, 97368.77486846621, 0.0027546420227680013
                                         0.001423858935326389,                                           60.525672020023414,                                    0.022120604628260175, 7430.102719279241, 702.3332860195657, 8132.436005298807, 0.0026410100410901344
                                        0.0017348593188130684,                                            59.77321405841633,                                    0.023664306491471034, 7430.101878879696, 576.4323442146211, 8006.534223094318,   0.00263879146982867
                                       4.9668771631984015e-06,                                           51.683287274752644,                                    0.026721801917532366, 7429.495262826819,201333.76833065168, 208763.2635934785, 0.0014386497252601908
                                        0.0003909159784790151,                                            56.38230364308148,                                     0.02367282219764212, 7429.467381302882,2558.1121989452863, 9987.579580248168, 0.0013990920058384066
                                        0.0004739409465301477,                                            50.48088695634391,                                    0.027703947391153325,   7429.1362766441, 2109.987321930958, 9539.123598575057, 0.0010047299512403677
                                        0.0001058499432514426,                                           60.821279402637565,                                     0.02267579609706057, 7430.914034525079, 9447.352635498763, 16878.26667002384, 0.0026236087422192547
                                        0.0025310411480907093,                                            63.46174443849518,                                    0.021672555743948843, 7430.863773915993,  395.110084914095, 7825.973858830088, 0.0024950035286534027
                                       0.00011633594869006354,                                            65.63379299964608,                                    0.021690096426293763,7430.7906810194045, 8595.810527706497,  16026.6012087259,  0.002319141900775264
                                        0.0006257044697991371,                                            57.62306082890731,                                    0.023767039432195915, 7430.341174283529, 1598.215941942188, 9028.557116225717, 0.0014794797578709322
                                        6.156566693965572e-06,                                            60.44223295468825,                                    0.023091467763323853, 7430.791955880578,162428.20902741977,169859.00098330036,  0.002322100370158448
                                        0.0034562504195928554,                                            71.41637091409739,                                     0.01847574126635321, 7430.520358749993, 289.3448895089106, 7719.865248258903, 0.0017698149223810975
                                       0.00015075739997397487,                                            66.31986160122996,                                    0.019887404641616327,7430.3674478244875, 6633.188641877062, 14063.55608970155, 0.0015188660732032603
                                       7.3498772631017735e-06,                                            56.81772376880062,                                    0.024574869817763995, 7430.287152825384,136056.71136566237,143486.99851848776, 0.0014016765458249583
                                        0.0018636609961456543,                                             60.9733943713324,                                     0.02224068320040293, 7430.481022313297, 536.5946742562412, 7967.075696569538, 0.0017015481970955187
                                        0.0013588974901568363,                                            69.20629845457557,                                    0.020416903038107684, 7431.214688395696, 735.9051309634608, 8167.119819359156,  0.003543817809245852
                                        9.772236967097143e-05,                                            63.02530000774394,                                    0.022706606186539708, 7430.284097590247,10233.087407653245,17663.371505243493,  0.001397400629683097
                                         0.006357435873898337,                                            67.13784903127618,                                    0.020195993916436297, 7430.566861769941,157.31101533940983, 7587.877877109351, 0.0018540603121513415
                                        0.0008902647598191757,                                            62.04274805659732,                                     0.02178288041540181,  7430.69326625195,1123.2774724437925, 8553.970738695743,   0.00210387835986037
                                         0.007702210394844941,                                            66.14923943030499,                                    0.020612525670937205, 7430.323309457841,129.84797682745915,   7560.1712862853, 0.0014532837997050128
                                        7.578844414204541e-06,                                           63.340606794692626,                                     0.02236992240358567, 7430.754041133615,131946.25262104432,139377.00666217794, 0.0022357066690587503
                                       3.0304248839714117e-05,                                            61.92554654897753,                                     0.02168365291085351, 7430.608685928558, 32998.68921533386, 40429.29790126242, 0.0019332492876945504
                                         0.010741342518795032,                                            71.64876911383422,                                     0.01903266608059236,  7430.42229296995, 93.11218917812795, 7523.534482148078,  0.001604495211988997
                                         0.006329683003832917,                                            66.43961689248455,                                     0.02119079763877538, 7430.223700578552,158.00084603035316, 7588.224546608905,  0.001315499979679477
                                       2.0860989726887707e-06,                                            59.70819119100347,                                    0.022687495332980243, 7430.555925787736,479363.65821097104,486794.21413675876, 0.0018338948073460036
                                        9.806230800185716e-06,                                            61.32396336824112,                                    0.023246278110696066, 7430.287609775016,101975.99671931937,109406.28432909439, 0.0014023171877665512
                                        5.936593489038109e-05,                                           57.564400020261196,                                    0.023987273622897855, 7430.465365537191, 16844.69440500662, 24275.15977054381, 0.0016751149079589783
                                         0.007218313324013011,                                            67.17085816719438,                                    0.020541975521608375,  7430.53117732471, 138.5514062754217, 7569.082583600132,  0.001789065742813064
                                        0.0005906836312263458,                                            56.84892878853239,                                    0.024114952219076502, 7430.237830098752, 1692.971224431945, 9123.209054530696, 0.0013342192992867078
                                        0.0011229158552530927,                                           62.570426052719334,                                     0.02268543681166648,   7430.4126921817, 890.5546588848814, 8320.967351066582, 0.0015891645044076963
                                        0.0010792329700038403,                                            67.57074591719909,                                    0.019691754591131476, 7430.825415599507, 926.5987971930532,  8357.42421279256, 0.0024011116725488027
                                        0.0005855408085436822,                                            63.53182937807456,                                    0.022274351758984456, 7430.721503818953,1707.8386372121226, 9138.560141031076,  0.002164133491470948
                                       0.00043189096750968314,                                           62.559807408542106,                                    0.022512521042860674, 7430.786295341024,2315.4151831777535, 9746.201478518778,  0.002308993161100789
                                        0.0069217679521181245,                                            67.21035357747272,                                    0.020964974072421066,  7430.17487071422,144.48663889779544, 7574.661509612015,  0.001252807385859814
                                        7.466994317137355e-06,                                            58.57268561166131,                                     0.02374876378090921,7430.5823997426905,133922.71173790126,141353.29413764394, 0.0018830936260570477
                                        0.0012187599320857279,                                            63.24621737786019,                                    0.021647724468654796, 7431.020537814807, 820.5219450993775, 8251.542482914185,  0.002918454053377967
                                        9.631624697210308e-06,                                            59.43749663338573,                                    0.023433429405619068, 7430.686552091611,103824.66027106621,111255.34682315783,  0.002089799898628534
                                       1.5276988763076828e-06,                                            63.87328190544609,                                     0.02231528819120952, 7430.576881004095,  654579.275684594, 662009.8525655981,  0.001872729948102855
                                       1.0962811248763171e-06,                                            63.87021883397803,                                     0.02083012797033001, 7430.508047194509, 912174.8012190022, 919605.3092661967, 0.0017481593283281657
                                         0.006647373673539137,                                            72.20919426997193,                                    0.018742613341633456, 7431.020922019893,150.44920088447728,  7581.47012290437,  0.002919575553699107
                                        4.090105933447864e-05,                                            61.33850101195309,                                    0.022035416615777716, 7430.726807167541, 24449.26080352002, 31879.98761068756, 0.0021756411333124378
                                        0.0016127480673718028,                                            58.39134682259966,                                     0.02388725395247888,7430.2647844272515, 620.0767744655919, 8050.341558892844, 0.0013706713478660068
                                        2.621931132035463e-06,                                            60.21805679555882,                                     0.02237314431317006, 7430.480732950198,381398.28743872896,388828.76817167917,  0.001701055903065407
                                         0.001509163031701348,                                            63.47190985580147,                                    0.022114175892348032, 7430.799950076726, 662.6346894660044, 8093.434639542731,  0.002340738093545351
                                       1.3009337913041519e-05,                                           59.603638460006046,                                    0.022840890301168353, 7430.643290642204, 76867.87943771399, 84298.52272835618, 0.0020013198135726607
                                        2.190285743899064e-06,                                            60.32158413641823,                                     0.02342206063555465, 7430.498295834254,456561.45053018845, 463991.9488260227,  0.001731195242813783
                                        0.0002245717708280008,                                            62.05105388064197,                                    0.022642958726173366, 7430.823683768475, 4452.935537971303, 11883.75922173978,  0.002396956951518866
                                        0.0007860721148977062,                                           58.454426818002084,                                    0.023656831655376475, 7430.478037909456,1272.1650197913148,  8702.64305770077, 0.0016964776601491396
                                       1.4765476707919618e-05,                                            61.79489318848681,                                    0.022890748492747123, 7430.635600551128, 67725.56407927931, 75156.19967983045, 0.0019859885070597936
                                        8.422475544952084e-05,                                           60.843747460163954,                                    0.022125025554946425, 7430.532807817743,11873.010244344268, 19303.54305216201, 0.0017919851814564161
                                         0.001588758835320284,                                            63.05762199782733,                                    0.022380516375934016, 7430.589905975966, 629.4380072782203, 8060.027913254186,  0.001897281749156982
                                         0.001843409647532823,                                            66.73081011301642,                                    0.021299438750035253,  7430.66920205202,   542.48800634417,  7973.15720839619, 0.0020538545162520094
                                        4.710734088965588e-05,                                           62.380456469040936,                                    0.021399314766468593, 7430.445876636397,   21228.129974567,28658.575851203397, 0.0016427848219056844
                                        0.0052517764538979736,                                           63.491158646511145,                                      0.0215142117126872, 7430.405144762956,190.42751065988134, 7620.832655422838, 0.0015772155629941711
                                        0.0008672595895090336,                                            57.78079223972901,                                     0.02376320351775512, 7430.349708951713,1153.0746060071262,  8583.42431495884, 0.0014921606633767433
                                       1.4706952556240645e-05,                                            60.89323859180355,                                     0.02310598832824972, 7430.684121850694, 67995.06816223158, 75425.75228408226,   0.00208472734766459
                                        0.0024609094760926794,                                             67.1654956725529,                                    0.021117509094249535, 7430.691225538599, 406.3687222974784, 7837.059947836077,  0.002099589325035135
                                         0.007557767339497276,                                            71.79307495324696,                                    0.018826088923703146, 7430.816238898658,132.32813694995673, 7563.144375848615,  0.002379178181489423
                                         0.010044754478297594,                                             66.4835601736862,                                    0.020882812532000278, 7429.935309559747, 99.56949056856328,  7529.50480012831, 0.0009859257684576145
                                       0.00036010578862969073,                                           62.656561830362534,                                    0.021497738105285102, 7430.760660206805, 2776.977707303796,10207.738367510601, 0.0022505540589057276
                                        0.0006354887340187991,                                            60.75151350939418,                                    0.022383065247290446, 7430.690530276215,1573.6084794694566, 9004.299009745671,  0.002098130066899093
                                        0.0003643838781181627,                                            71.87510409343456,                                    0.018203322321955557,  7430.50463685065, 2744.372431749339,10174.877068599988, 0.0017422076582868163
                                         8.29130179808244e-06,                                           62.308293064403706,                                     0.02271844908887573, 7430.672491366423,120608.33840353834,128039.01089490476,  0.002060621412616616
                                        3.228927195929529e-06,                                            63.35184358291473,                                    0.021075012880602914, 7430.591661795187, 309700.4021115097,317130.99377330486, 0.0019006159591986676
                                       0.00022200229880020117,                                            64.21216042569108,                                    0.022071591645948598, 7430.803009445431, 4504.473434416336,11935.276443861767,  0.002347910239939633
                                         0.000563301686221157,                                             57.1770312722752,                                    0.023858918994450435, 7430.230088545164,1775.2651489401046,  9205.49523748527, 0.0013239302470942702
                                         0.006340898607385638,                                            70.21604743742411,                                    0.019825425649796852, 7430.869446806841, 157.7205956869641,7588.5900424938045,  0.002509197634075269
                                        4.418383795932788e-06,                                           59.667994961835184,                                     0.02246529034474019, 7430.225326347123,226327.11874645134,233757.34407279847,   0.00131764041765867
                                        6.424682857804628e-06,                                            70.45998416552544,                                      0.0187094841218412, 7430.848028940578,155649.72050989568,163080.56853883626,   0.00245602740369097
                                       3.4634725295236812e-06,                                            61.13880448583094,                                     0.02232896964161272, 7430.901941076323,288727.58427417354,296158.48621524987, 0.0025920713466434215
                                       4.4232258867016804e-05,                                            61.59920384428943,                                    0.021776612306586923, 7430.527069545071, 22607.95047957891, 30038.47754912398, 0.0017817317285509485
                                        0.0035066773212405356,                                            67.66680695093724,                                     0.01988637821661982,  7430.88576139225,285.18501450151564, 7716.070775893766,  0.002550469907768037
                                         0.004801315764156219,                                             69.3392092121536,                                    0.020286940302124433, 7430.789294869895, 208.2906630187137, 7639.079957888608, 0.0023159294503487166
                                        0.0006628396160513466,                                            59.88287491912818,                                    0.022491698990793674, 7430.325309687489,1508.6772798700163, 8939.002589557505, 0.0014561936102223524
                                         1.40522731855579e-06,                                            59.97034295527336,                                    0.022402173091874294, 7430.352218323088, 711628.6526935574, 719059.0049118805, 0.0014959097505907746
                                        0.0027475520814331513,                                            62.12524108754684,                                     0.02197532358281977,7430.6125935862765,363.97644025629717, 7794.589033842573, 0.0019408185435945203
                                       0.00018043295299673132,                                           59.793350578093225,                                    0.022971322571224525, 7430.749853136071, 5542.241597227078,12972.991450363148, 0.0022263631140683787
                                        0.0006178758729773646,                                            57.47829912812259,                                     0.02399964958942043, 7430.364276487817, 1618.465445018285, 9048.829721506101, 0.0015140568673635496
                                        0.0009140407838514437,                                            66.88607392737623,                                     0.02110905902020086, 7431.094325386234,1094.0580369105155,  8525.15236229675,   0.00314194367669909
                                        0.0008109602136289427,                                           60.866298156146634,                                    0.022574971179112162, 7430.799460912229,1233.1225463675778, 8663.922007279807, 0.0023395933675743005
                                        6.861019446442885e-05,                                            67.05922068452787,                                     0.02131258345815401, 7430.755354073789,14575.108421342149, 22005.86377541594, 0.0022386439459745563
                                        0.0006726944150954031,                                            56.92854256810257,                                    0.024031751431670537,7430.2154549196475,1486.5766595195691, 8916.792114439217, 0.0013046974139009901
                                        0.0011482201152137684,                                            66.17127232169912,                                    0.020229921397980216,  7430.88910149577, 870.9282645328072, 8301.817366028577, 0.0025590029840300336
                                       0.00021877320972092044,                                            62.12887454598139,                                     0.02273567993056744, 7430.685377381723, 4570.959682661362,12001.645060043085, 0.0020873464313621664
                                       0.00020885959354194393,                                            62.24381005178717,                                    0.021549018349838262, 7430.588664237945, 4787.921581907276, 12218.51024614522, 0.0018949272843888005
                                       2.7188338167146772e-05,                                            65.21034596059798,                                     0.02174963810897777, 7430.913547021877, 36780.49062010161, 44211.40416712349, 0.0026223300362689973
                                        1.986806574874132e-06,                                            59.34809690322479,                                    0.023807309913515942, 7430.374750025881,503320.27592596726, 510750.6506759931, 0.0015299977325056331
                                        0.0004084036225529753,                                            72.30765109362672,                                     0.01817879644564524, 7430.827756019331,2448.5719345173316, 9879.399690536662,  0.002406737863161945
                                        4.666868277182467e-06,                                             69.5839259487015,                                    0.018888358310467337, 7430.577766923577,214276.47143105685,221707.04919798044,  0.001874389771173394
                                       0.00013719908377851932,                                            68.53668229277942,                                    0.020740232963180942, 7431.128780972106, 7288.693002124118,14719.821783096224, 0.0032520878309416465
                                        3.590312404953686e-05,                                            61.36069078882257,                                    0.021979568928244014, 7430.669336093684,27852.745731438205, 35283.41506753189,  0.002054129836780455
                                        0.0007470069891837011,                                            58.63725062233607,                                    0.023946465735806527, 7430.320407892535,1338.6926145820187, 8769.013022474554,  0.001449073113596158
                                        3.983032957037128e-05,                                           56.854020345199636,                                    0.024185450211675112, 7430.347422927216, 25106.51333690653,32536.860759833748, 0.0014887534435244194
                                        0.0008957097437089703,                                            61.42651866323896,                                     0.02183809324130673, 7430.379062038767,1116.4493730612035, 8546.828435099971, 0.0015366093468821632
                                        0.0006568238046472247,                                            60.86177834814833,                                    0.022334521924116554, 7430.695650961963, 1522.494746661148, 8953.190397623111, 0.0021089014866208064
                                        7.148175249463543e-05,                                            66.23643957830896,                                     0.02012940595755748,  7430.89536542219, 13989.59936335909, 21420.49472878128,  0.002575082698928983
                                       1.4800069077644921e-05,                                           59.116569174474286,                                     0.02332782411832831,7430.6963123068945, 67567.26911933563, 74997.96543164253,  0.002110296659224032
                                        6.765604575238597e-05,                                            57.65558897488659,                                     0.02371154532386804, 7430.410362099532,14780.662427590652,22211.072789690184,  0.001585465931197645
                                        5.859993720699566e-05,                                           56.491166650317595,                                    0.024540341821355314, 7430.295676981152,17064.882404171396,24495.178081152546, 0.0014136757238130263
                                        0.0009860943238336006,                                            65.57729250288789,                                    0.021796950108612385,   7430.4498221466, 1014.117020005819, 8444.566842152419, 0.0016492792496728722
                                       2.5380692091977232e-06,                                           59.902128503899014,                                    0.023299966549359164,7430.7222410307995, 394000.3049350907, 401431.0271761215, 0.0021657295045451465
                                        6.042026036264898e-06,                                             67.4827195912705,                                    0.019571371547655238, 7430.604120775062,165507.41150936935,172938.01563014442,  0.001924443822393917
                                        0.0005489926771273361,                                           58.790565222635436,                                    0.023064648442163875, 7430.362025533703,1821.5349307410852, 9251.896956274788, 0.0015106526276601005
                                        9.547034622046498e-05,                                            62.13313096904733,                                    0.021689555608651236, 7430.743530509912,10474.472714654841,17905.216245164753,   0.00221233105886833
                                        0.0032541873309619557,                                            60.42698516239716,                                     0.02293638591997239, 7430.342771467507, 307.3129330012612, 7737.655704468769, 0.0014818446473156709
                                        0.0009790300553212616,                                             57.8411470220847,                                    0.024150042789015315,  7430.27021874321,1021.4363907945444, 8451.706609537754,  0.001378140284946169
                                        0.0007628250266188892,                                           60.418828452096484,                                     0.02314330101452443, 7430.634235864229, 1310.933163860729, 8741.567399724958,  0.001983280103044223
                                        0.0019752172934462244,                                           60.845969086542276,                                    0.022963581032497602, 7430.502901901579,  506.289847654051,7936.7927495556305, 0.0017391876372776977
                                        2.371088167491025e-06,                                            58.66192839905347,                                     0.02341307958088419, 7430.617855593841, 421747.3032551521, 429177.9211107459, 0.0019510580620380861
                                         9.21017083144628e-06,                                            58.58617138382178,                                    0.023102373511283934, 7430.367218263951,108575.63616441826,116006.00338268222, 0.0015185174415104157
                                       1.1527237087795164e-06,                                            57.06373402671154,                                     0.02395039598703916, 7430.325535081833, 867510.5860878131, 874940.9116228949, 0.0014565218650177795
                                        0.0002781824582203781,                                            66.71442167411742,                                    0.020312769813709167, 7431.429877447801,3594.7779602902433,11026.207837738044,  0.002406386600437864
                                        6.249966280707318e-05,                                            62.75369909179395,                                    0.021987659757914352, 7431.168656873824,16000.102257170576,  23431.2709140444, 0.0018531848740922369
                                       3.5813399114397985e-06,                                            65.15402359921902,                                    0.020745812328709628, 7431.227603973261,279225.11677068344, 286656.3443746567, 0.0019657086411057076
                                        4.269323635482037e-05,                                            68.22150418536151,                                    0.020616308092064235, 7431.487913783196,23422.928575671296,30854.416489454492, 0.0025501766259511797
                                        1.351776129775311e-06,                                            66.76882056658624,                                    0.020059025649620824, 7431.144037424696, 739767.4794063993,  747198.623443824,  0.001808117526315672
                                       0.00038422658515334076,                                            62.74780760865312,                                    0.022186910882468637, 7431.052529669332,2602.6468807401234,10033.699410409456, 0.0016500053131313223
                                        4.126992599890075e-06,                                             63.9365518426317,                                    0.021426764919889294, 7431.299146455973,242307.21047934194,249738.50962579792, 0.0021114930304473633
                                       0.00040834268424447273,                                            64.65050113357474,                                     0.02163921795931408, 7431.187772139162,2448.9389788059016, 9880.126750945063, 0.0018889497330514457
                                       0.00045841140760008263,                                            65.98486775761857,                                     0.02104216395054942, 7431.442485174484,2181.4617407877117, 9612.904225962197,  0.002436917724603452
                                       0.00013431618230450853,                                            69.81530755169379,                                     0.01914052448419032, 7431.388819863372, 7445.133614738851,14876.522434602222,  0.002309586956941014
                                        4.401079159387214e-06,                                            66.58446044454568,                                    0.020097545367337225, 7431.091962846616,227217.01425541445,234648.10621826106, 0.0017163701540128839
                                        6.642391937213819e-06,                                            69.33127626212708,                                     0.01934838478359584, 7431.490691944369,150548.19186505678,157979.68255700116,  0.002557271278119181
                                        8.785726572960192e-05,                                            63.39370500867574,                                     0.02132998078071713, 7431.005508081676,11382.113677161282, 18813.11918524296, 0.0015742152912311285
                                       6.6531280857294555e-06,                                              64.335486042878,                                     0.02111893501241637,7431.2395869785505,150305.25348790083,157736.49307487937,  0.001989405433991864
                                       1.2184654311065995e-05,                                            62.00992421552331,                                     0.02239101986777666, 7431.052047822513, 82070.46100495756, 89501.51305278006, 0.0016492104548341527
                                       3.9519484554527284e-06,                                            67.90260396774285,                                     0.02070312805313534,  7431.47773641036,253039.75228231834, 260471.2300187287, 0.0025243541529878437
                                        0.0001407655741959451,                                            62.79227762050496,                                    0.021693902037656303, 7431.068204443342, 7104.025593457254,14535.093797900598, 0.0016760725387445134
                                       0.00017626819631300973,                                            64.89493449538332,                                    0.020971746161652597, 7431.310086514365, 5673.188567908761,13104.498654423125,  0.002134719706435041
                                        0.0017681565193515883,                                            72.20943593636146,                                     0.01844349477995019,  7431.27336139177, 565.5746397773813, 7996.848001169151,  0.002057743986345385
                                        0.0026428167453520666,                                            68.17163180263478,                                    0.019737315956982533,7431.0671605576135,378.39883104375355, 7809.465991601367, 0.0016743238234289875
                                        6.216551770853911e-06,                                           61.519011028564634,                                    0.022427792151655464, 7431.022041453847,160860.89811708342,168291.92015853725,  0.001600458726956645
                                       3.3784885679713096e-05,                                            65.31732051458964,                                    0.021610270163969766, 7431.090486620356, 29599.04990422517,37030.140390845525, 0.0017138382725945206
                                        0.0008660212515602659,                                            66.17678961375753,                                     0.02111563983652651,7431.2984355170665, 1154.721185742956, 8586.019621260022, 0.0021099924213857455
                                       0.00010067068233926717,                                            69.49399669988904,                                     0.01906779050744872, 7430.993751105398, 9933.392973875772, 17364.38672498117, 0.0015558156533898844
                                        0.0009035863719410288,                                            73.99997634340102,                                    0.017849208159875438, 7431.198602303829,1106.7145783555661, 8537.913180659394,  0.001909518550501021
                                        6.464054687063076e-05,                                            68.90770276740267,                                    0.020496528385285945, 7431.420195144881,15470.180660378572, 22901.60085552345, 0.0023831996690189027
                                        0.0002633532266200355,                                            68.71562704892351,                                     0.01936718763331204,  7431.08061822194,3797.1960524004785, 11228.27667062242, 0.0016970086111817515
                                       1.0958123008588286e-05,                                            63.88586760959603,                                     0.02129595889535079, 7431.205572738279, 91256.52000281631, 98687.72557555459,  0.001922875221208212
                                       2.8456429706340454e-06,                                            70.60302763221112,                                     0.01881450202179666, 7431.248184533142, 351414.4432820455,358845.69146657863,  0.002006583193365674
                                        0.0007571510879131525,                                            67.76225164052691,                                     0.01973070874892341, 7431.087792233266,1320.7551169178557,  8751.84290915112, 0.0017092267442882587
                                        0.0032146866890859467,                                            71.82705201469277,                                     0.01868787693900542, 7431.301010671785,311.08622788269724, 7742.387238554482, 0.0021154329804592064
                                        8.087670213797297e-05,                                             65.2715806007855,                                    0.021583752739151557, 7431.136679537557,12364.515523567086,19795.652203104644, 0.0017948624261895692
                                        2.050302110502095e-05,                                            63.87643667365625,                                     0.02123920514952705,7431.1504461176755, 48773.31569124337, 56204.46613736104, 0.0018197424067704503
                                       0.00014152568612531006,                                            63.34337028691945,                                    0.021367601736185887,7431.0137615893545, 7065.870949931945,  14496.8847115213, 0.0015872618551205574
                                         7.12712821130499e-05,                                            68.69411658764695,                                    0.019430363886834914, 7431.228419910491,14030.911299313324,21462.139719223815, 0.0019673131904862297
                                       1.9301390641092472e-05,                                            64.52892402655883,                                     0.02133100231070697, 7431.389719603912, 51809.75390359923, 59241.14362320314,  0.002311665921081346
                                        0.0007252173283189212,                                            68.49337932017497,                                     0.02053232033214761, 7431.403495576535,1378.9116022030369, 8810.315097779572,  0.002343731729257273
                                       1.4594672901497008e-05,                                            72.42529660266617,                                    0.018200433264133856,7431.0550389506825, 68518.16469356423, 75949.21973251492, 0.0016541508396624503
                                        0.0010701840164404944,                                            68.27861841508052,                                     0.01966784837664121, 7431.253699695518, 934.4333856767184, 8365.687085372236, 0.0020176803988134913
                                        2.909151685637253e-05,                                             67.7743341924826,                                    0.019879264887720682, 7431.448548301787,34374.296609489385, 41805.74515779117, 0.0024517379500495545
                                         0.001483176158597819,                                             64.3246386131897,                                    0.021567619309983542, 7431.098716060756, 674.2442911254517, 8105.343007186208, 0.0017280003957611065
                                       2.7770747364612586e-05,                                            71.34150720339763,                                     0.01853748648724097, 7431.109701925376,36009.127739183845, 43440.23744110922, 0.0017470886325869454
                                         0.000597658424592454,                                             63.5825555111061,                                    0.021762542056295006, 7431.174801547997,1673.2122539812758, 9104.387055529272, 0.0018646071484636143
                                       2.4463111298409656e-05,                                            65.27692687746882,                                     0.02127027282083394, 7431.435152122454,  40877.8900835864, 48309.32523570885,  0.002419113041256111
                                       3.5818192122175565e-05,                                             62.2384279225277,                                     0.02186378956905207, 7430.994540054748, 27918.78976160031, 35349.78430165506, 0.0015570435974674207
                                       0.00032006299137984673,                                             66.5344254033219,                                    0.020190965464263633, 7431.174600923878,3124.4000006868987,10555.574601610777,  0.001864233100819328
                                        6.273675090143515e-05,                                            72.72285346974382,                                    0.018099599063561397,  7430.99822995812,15939.634238531627,23370.632468489748, 0.0015627995508132688
                                        6.950222944467738e-06,                                            65.53264805428525,                                       0.021297588841232, 7431.394772606137,143880.29190536885,  151311.686677975, 0.0023233763355814375
                                        0.0006497387956300989,                                             64.8225653111095,                                    0.021576500147426052, 7431.170445562586,1539.0954489227533,  8970.26589448534, 0.0018565026113650642
                                       1.0188942296756829e-05,                                            66.87010784438021,                                    0.020016434034580064, 7431.132413966477, 98145.62917757077,105576.76159153724, 0.0017872226185862289
                                        5.454696445711007e-06,                                            69.92681809486669,                                    0.019139830716695456,7431.4777932654715,183328.27279363642, 190759.7505869019,  0.002524497679504304
                                        6.777694758294506e-06,                                            67.93463911150769,                                     0.01980416202066682,  7431.42807240042,147542.80554521622,154974.23361761664,   0.00240204687648926
                                       0.00014243176974252104,                                            66.60194866040607,                                    0.021114876965497128, 7431.314354612949, 7020.920545748524,14452.234900361473,  0.002143850372019715
                                       1.2400730919871924e-05,                                            62.26706395113005,                                     0.02198463233971505,   7431.0819915546, 80640.42398915828, 88071.50598071289, 0.0016993407695791577
                                       1.1078095374278768e-05,                                            64.33236118040757,                                     0.02142473683113245, 7431.367426598981, 90268.24001919918, 97699.60744579816, 0.0022607021200769174
                                        1.403874659722549e-06,                                            64.54199819344929,                                      0.0211117931689822, 7431.313566611945,  712314.318679253,  719745.632245865, 0.0021421616812077114
                                        0.0005669349598010639,                                            65.74392345133545,                                     0.02058807361884344,   7431.2482558544,1763.8859733271781, 9195.134229181578, 0.0020067263105060197
                                        0.0002696241475674717,                                            69.27282597859498,                                    0.019205677771536242,  7431.13140899865, 3708.881052489238,11140.012461487888, 0.0017854274195651144
                                        2.070255976085079e-06,                                            67.64779801837169,                                    0.019726116448907607, 7431.108161372858,483032.07050486683,490463.17866623966, 0.0017443992229163388
                                        4.843164427527303e-05,                                            69.06385903782491,                                    0.019279220032212205, 7431.174129353763, 20647.67191415452,28078.846043508285, 0.0018633541914528492
                                        4.710007224432811e-06,                                            62.26109676794132,                                     0.02239375425723841, 7431.034583434268,212313.91545682892,219744.95004026318, 0.0016206580539754529
                                       2.1486656117100835e-06,                                            66.90916347786057,                                    0.020105117339114815, 7431.306277218504,465405.14571613236, 472836.4519933509,  0.002126603396020852
                                        7.957027806738146e-06,                                             72.4820648149344,                                     0.01830197012081836, 7431.380344276706,125675.08045308678,133106.46079736348, 0.0022900945739016826
                                        1.003474794274658e-06,                                             61.6727410098335,                                    0.022240447747688945, 7431.022315271621, 996537.2543251492,1003968.2766404209, 0.0016008970210056618
                                       0.00015415834330380614,                                           61.812688577010114,                                    0.022324467024320258, 7431.036492377641, 6486.852884691275,13917.889377068916, 0.0016237547531982772
                                        1.678554815952428e-05,                                            62.46330780110059,                                    0.022383346553125016, 7431.011594910662,  59575.0737016666, 67006.08529657726, 0.0015838264916880505
                                       0.00015114838927818408,                                            68.45433997492472,                                     0.01957252694712961,7431.3323839981895, 6616.029537550363,14047.361921548552, 0.0021828532184351586
                                       2.1051918188267015e-05,                                            70.06016861190322,                                    0.019130089843302823, 7431.538821542945,  47501.6239157125, 54933.16273725545, 0.0026833617200297108
                                        8.105672904528391e-06,                                           61.882043106058546,                                     0.02230904733503066,7431.0665995349755,123370.40277398746,130801.46937352243, 0.0016733847533050193
                                        0.0006152685773801555,                                            67.06063122507662,                                    0.021026767982649533, 7431.202498758737,1625.3213825228943, 9056.523881281631, 0.0019169734177752115
                                         0.004004177080867653,                                            68.63999157442824,                                     0.01991673308477799, 7431.192744308682,249.75377355280298,7680.9465178614855, 0.0018983652998388737
                                        0.0001478009758178479,                                            63.48858856222919,                                    0.021963709601121626,  7431.15549851894, 6765.870945434069,14197.026443953007, 0.0018289597408343988
                                         3.64948863085355e-06,                                             65.3908367085595,                                    0.021174160200506303, 7431.473529951245,274011.00728364673,281442.48081359797,  0.002513757862506677
                                       0.00021088418552337273,                                            67.89131739107613,                                    0.020782461327572263, 7431.332104338043, 4741.953995842669,12173.286100180712, 0.0021822428467364067
                                        3.050943533365611e-05,                                            62.86455347753199,                                     0.02213375308426525, 7431.129962423103, 32776.76149636977,40207.891458792874, 0.0017828465310947847
                                         5.86488604713698e-05,                                            68.91489760087043,                                    0.020527623130668384, 7431.366730846628,17050.644172724984,24482.010903571612, 0.0022591297783014757
                                       3.0346561879562694e-05,                                            62.64994725126517,                                    0.022223524329160138,  7431.09684954843, 32952.67807772135,40383.774927269784, 0.0017247780699153478
                                       1.4245251955696014e-06,                                            64.51126950907417,                                     0.02097277038335884, 7431.173394607788, 701988.3012191654, 709419.4746137733, 0.0018619856023048896
                                       0.00028293443408255043,                                            65.44831422297135,                                     0.02122010841146825, 7431.408426424694,  3534.40303674452,10965.811463169213, 0.0023553168533116224
                                        2.176949630237904e-05,                                             65.2826209784328,                                     0.02101162208727498,  7431.46527613151,45935.850769139375, 53367.31604527088,  0.002493095148714745
                                         0.001204491181830914,                                            67.57062552275741,                                     0.02014344310838501,7431.4634502378285, 830.2408857345408, 8261.704335972368, 0.0024885471753565286
                                       2.5592145577034873e-06,                                             68.7271917593669,                                     0.01929813121238332, 7430.965286294574,390744.90031607327,398175.86560236785, 0.0015121540133161845
                                        5.512586074304878e-05,                                            67.42824741907823,                                    0.021044523264089458, 7431.111080626617,18140.321149988948,25571.432230615566, 0.0017494990070646282
                                        0.0012986325031168985,                                            70.85215404356987,                                    0.018841383519142472, 7431.293731554162, 770.0549049597374,   8201.3486365139,  0.002100090402929469
                                        8.244625605924525e-05,                                            72.31545150896295,                                    0.018265827315550216,   7431.1443753356,12129.127359928209,19560.271735263806,  0.001808728612183837
                                        8.685554642938329e-06,                                            65.32151876990933,                                    0.021063115147354605,  7431.48138176194,115133.71040492438,122565.19178668632, 0.0016735919131555409
                                         0.002124066567270757,                                            69.29927364040817,                                    0.020073468342215753,  7431.48774775233, 470.8094680466773, 7902.297215799007, 0.0016842799671205422
                                        2.194838817366611e-05,                                            69.71951294412851,                                    0.019383970752532835,7431.7399753172795,45561.446558050324,  52993.1865333676, 0.0021674811179893524
                                        9.800102282830919e-05,                                            66.59621621470129,                                    0.020501559754854185,   7431.5648954232,10203.990149392275,17635.555044815475, 0.0018193618798318118
                                         0.003919626892960658,                                            71.23027736677814,                                    0.019227813789685362, 7431.476847480446,255.14036280733805, 7686.617210287784,  0.001666020554623122
                                        0.0043914209710309345,                                            71.98389444874988,                                     0.01904939644548188, 7431.477148379377,227.73061662758107, 7659.207765006958, 0.0016665219338548502
                                        0.0013475832251750835,                                            71.10123867547188,                                    0.019238899857773575, 7431.860338117246,  742.083260119572, 8173.943598236818,  0.002444714918009546
                                        0.0007904839538093678,                                             73.0298619452834,                                    0.018353906039440118, 7431.734681257856, 1265.061509851566, 8696.796191109423,  0.002156036664689388
                                        0.0014978886521616454,                                            69.00783114438906,                                    0.019788231808824327, 7431.611096691571, 667.6208572810165, 8099.231953972588, 0.0019053907249397698
                                        2.228003208997876e-05,                                            69.85855571840167,                                     0.01931011296471547, 7431.710005958317, 44883.25308025028,  52314.9630862086, 0.0021034868220351456
                                       2.8133387975401172e-05,                                            69.08369248304908,                                    0.020293053110385997, 7431.659170014998,35544.969134562605, 42976.62830457761,  0.001999226620307584
                                       1.1518121254399832e-05,                                             66.4444778836685,                                    0.020666646921286932, 7431.603883734297, 86819.72964710469, 94251.33353083898, 0.0018916966697384136
                                       2.2291724498831964e-05,                                            69.70060490964462,                                    0.019363588830330257,7431.7073114252835, 44859.71104987876,52291.418361304044, 0.0020978265366448745
                                       0.00013439281164629555,                                            71.47546166222513,                                     0.01870201013909689, 7431.578152102206, 7440.888154769121,14872.466306871327,  0.001843641151959426
                                       0.00011018003004166544,                                             71.1628938193405,                                    0.019809694410133208, 7431.679094177406, 9076.068938273715, 16507.74803245112,  0.002039459003529645
                                       1.3443839928739876e-05,                                            65.64097937314313,                                     0.02094992459867691, 7431.516934401468,  74383.5251021451, 81815.04203654657, 0.0017341628719353536
                                        0.0003118507855736034,                                            71.87909497201657,                                     0.01857422273993136, 7431.546647184388, 3206.675707765161, 10638.22235494955, 0.0017864628176740645
                                        8.086307953148523e-05,                                            71.00116084973222,                                    0.018866569786360005, 7431.610279608483,12366.597273958965, 19798.20755356745, 0.0019038344982724156
                                        0.0018663125154303813,                                            72.94646037291719,                                     0.01859082974845008, 7431.857268317943, 535.8296514764405, 7967.686919794383,  0.002437221641169812
                                        2.095196227872609e-05,                                            68.89351767697063,                                     0.02032537994677161, 7431.669978246207,   47728.240955088,55159.910933334206,  0.002020951918389965
                                        0.0002455230804748181,                                             68.0842109246566,                                      0.0200975139816704, 7431.726492011421, 4072.951529582318, 11504.67802159374,  0.002138452448132596
                                        7.278911586008168e-06,                                            67.98099692753743,                                    0.020031960370171204, 7431.698913354875, 137383.1918765138,144814.89078986866, 0.0020802826123518556
                                        2.151201668932476e-05,                                            66.79209820898954,                                     0.02068780391686084, 7431.637775153539, 46485.66131740321, 53917.29909255675, 0.0019569077610470517
                                       1.1881247035344631e-05,                                            69.65406938919759,                                    0.020169783192899315, 7431.658871738227, 84166.26365904471, 91597.92253078293, 0.0019986303863725866
                                       0.00014737910556067733,                                            67.99280326154005,                                    0.019948163055983088, 7431.612765117194, 6785.237050834733,14216.849815951926, 0.0019085723810863702
                                       3.5595593518297524e-06,                                            65.93563918968049,                                     0.02109468489743739, 7431.489837166921,280933.66485695005,288365.15469411697, 0.0016878028053122329
                                        0.0002973065999787914,                                            68.73302716158727,                                    0.019819655682558085, 7431.739811611372,3363.5456649763178, 10795.28547658769, 0.0021671263175678662
                                          3.4350946320283e-05,                                             67.4274432580408,                                    0.020321819093705586, 7431.696983122203,29111.294347662842,36542.991330785044, 0.0020762710557511643
                                         0.000375544456284194,                                            69.85476016952224,                                    0.020138938287575927,  7431.57976775609,2662.8149060430374,10094.394673799128,  0.001846622245506639
                                         0.001725938376084364,                                            69.54575683555865,                                     0.02010525877524142, 7431.480634389454,  579.409341123431, 8010.889975512885, 0.0016723415838968676
                                        6.544396914631706e-06,                                            67.95815134939149,                                    0.019945487274538348, 7431.616677343189,152802.48269548494,160234.09937282812,  0.001916053772473737
                                       0.00039581196371703454,                                            69.82701010272997,                                    0.019234465473423553, 7431.527725440243, 2526.466504635306, 9957.994230075548,  0.001752977623509962
                                         8.32794559722618e-06,                                            65.89030884843324,                                    0.020897500288779677, 7431.548125264281,120077.64876899868,127509.19689426296, 0.0017891053048667428
                                        0.0002042980894569849,                                            67.52894013390264,                                    0.020453561563734356, 7431.688583095849, 4894.823187036316,12326.511770132165, 0.0020589033707927086
                                        0.0006721902772721315,                                            67.63511882382242,                                    0.020484254024801307, 7431.603790650575,1487.6887873746734, 8919.292578025248, 0.0018915205917678197
                                       0.00014071884986512824,                                            68.15444811255979,                                    0.020391625597304546, 7431.709577861524, 7106.383158075446, 14538.09273593697,  0.002102586518794188
                                       6.3176713758260525e-06,                                            65.94749155834474,                                    0.020686509949759728, 7431.496641579788, 158286.1843091287,165717.68095070848,  0.001699326473875668
                                       0.00010054867673213118,                                            67.18935705229711,                                     0.02049381989957836, 7431.676216735824, 9945.446613496033,17377.122830231856,  0.002033599014319009
                                         0.001845651894398143,                                            71.85067404882247,                                    0.018808386082690955,  7431.68281577089, 541.8278985133222, 7973.510714284212, 0.0020470631819208373
                                        0.0029893615263612136,                                            70.62071667694951,                                     0.01935767754782717,7431.5534775378765,334.53375277342286, 7766.087230311299,  0.001798706757829738
                                        0.0008846131091139877,                                            71.47263527115305,                                     0.01890582736556444, 7431.788666382992, 1130.451681809078,  8562.24034819207,  0.002275629651328163
                                        4.028701227062047e-06,                                            69.15518170878889,                                     0.02019879383011701, 7431.749344871821,248218.96732838926,255650.71667326108, 0.0021878848883950235
                                       0.00010895361580210431,                                             73.6182397208252,                                    0.018149031196775106, 7431.779115739486,  9178.23123738822,16610.010353127705, 0.0022539993796989117
                                        0.0007481758353778284,                                            67.13858406171315,                                    0.020575156300509486, 7431.560188367439,1336.5990940465997, 8768.159282414039,  0.001810818165658007
                                        0.0027145854072484015,                                            68.76901437942121,                                    0.020222301300676173, 7431.342773964348,368.39492000913026, 7799.737693973479, 0.0014569779092310068
                                       1.8751665320467095e-05,                                              71.261877503304,                                    0.019731402112891528, 7431.781163847876, 53328.61087521226,60760.392039060134,  0.002258620545448826
                                       0.00024006683084273447,                                            70.03310134729017,                                    0.019193947700293475, 7431.597646864946, 4165.521010939959,11597.118657804906, 0.0018799351205066514
                                        0.0021028254982372366,                                            68.09573448053978,                                     0.02021475102143942,  7431.45544840611,475.56531974116433, 7907.020768147275, 0.0016307480028991564
                                       1.0327182368297248e-06,                                            66.91869795423928,                                     0.02079554813825167,  7431.58782824102, 968318.3464468173, 975749.9342750583, 0.0018615670666251405
                                        1.375288418500983e-06,                                            68.87179363138785,                                     0.02026575963688173, 7431.738329032857,  727120.221850472, 734551.9601795049, 0.0021639157631883547
                                        0.0012430202384296598,                                            70.09922401199812,                                    0.019557618880124895,7431.7895294523805, 804.5063960986236, 8236.295925551003, 0.0022775945254086723
                                       0.00017314265702464727,                                            68.64870296740668,                                     0.01964974383046071, 7431.555763751161, 5775.598800083485,13207.154563834647, 0.0018028236894132494
                                         4.89167028367983e-05,                                            65.66938054769005,                                     0.02095087581985214,7431.5161742797845,20442.930265147766, 27874.44643942755, 0.0017328451979942267
                                        1.278223577611276e-05,                                             66.5214027907573,                                    0.020388875707906054, 7431.465176165045,  78233.5899343222, 85665.05511048724, 0.0016466889354227361
                                       1.0861401404867341e-05,                                            66.33247215496519,                                      0.0206441224307148, 7431.575827199121, 92069.16552165299, 99500.74134885211, 0.0018393598436984406
                                        6.810807362704112e-05,                                            67.28043449520716,                                    0.020510093263294674, 7431.687494905991,14682.561979029482,22114.249473935473, 0.0020566641116167273
                                         0.004923258179879961,                                            73.19058269434274,                                    0.018586079998056566, 7431.454671870488,203.13118462207362, 7634.585856492561, 0.0016294821605335145
                                        1.978192938193199e-05,                                            72.12921581168287,                                    0.018509085408779245, 7431.613208690196, 50551.20028737844, 57982.81349606863, 0.0019094191600581704
                                        0.0002783789985361713,                                            69.06034794985925,                                     0.02027062889803468,7431.6486242480505, 3592.239487214048,11023.888111462098, 0.0019782540227258165
                                       1.7987345451458792e-05,                                            67.42764790282219,                                    0.020625668777119473, 7431.646410819283,55594.655112604836, 63026.30152342412,  0.001973880140786498
                                       3.2042128251482455e-05,                                            68.27909754215015,                                    0.020468230406174123, 7431.649194081385,31208.927866250408,38640.577060331794,  0.001979381619052231
                                        5.028734732612747e-05,                                            69.39143191312645,                                    0.019414288788580796, 7431.621383048867,19885.732253994887,27317.353637043754, 0.0019250914051329505
                                       4.3146250987462245e-06,                                            73.67687568290276,                                     0.01809272246895915, 7431.711088393393,231769.86080483402, 239201.5718932274, 0.0021057649426889217
                                       0.00025069998311833165,                                            67.24125844706928,                                    0.020622417032750008, 7431.622975922068,3988.8464128592227, 11420.46938878129, 0.0019281602751530687
                                        0.0017461046417674127,                                             71.5646743019922,                                    0.018934604849050973, 7431.725519434995, 572.7173360938838, 8004.442855528879,  0.002136373650750562
                                       1.3841260016987359e-05,                                            66.41065254563888,                                    0.020486427913550105, 7431.509187989808, 72247.77275999263, 79679.28194798244, 0.0017207812292173936
                                        6.574822772894399e-06,                                            72.43648429508978,                                    0.018432059299500862, 7431.651178524059,152095.36824161495,159527.01942013903, 0.0019833134884000665
                                        0.0021413348588493783,                                            71.82936575992593,                                    0.019014201039511118,7431.7971914447335,467.01234385636724,   7898.8095353011,  0.002295112462695471
                                       1.3753994172211632e-05,                                            67.49735541088795,                                    0.020459931836793156,7431.7163952960545, 72706.16747760777, 80137.88387290383,  0.002116969737348557
                                        4.669556404034426e-05,                                             69.5172253576011,                                    0.019397626165463325,  7431.66070701864,21415.324822892213,28846.985529910853, 0.0020023018015806232
                                        0.0009192275965164243,                                            72.32930337321325,                                    0.018805462771280305, 7431.989387374646,1087.8836892119066, 8519.873076586553, 0.0021439826119882617
                                        3.141692923894256e-06,                                            70.93553459931584,                                    0.019471860887215142, 7432.059772074447, 318299.7410994161,325731.80087149056, 0.0023003236556822003
                                        2.466790905501976e-06,                                            70.77437635663719,                                     0.01941885510135078, 7432.055824218007, 405385.0014704835, 412817.0572947015, 0.0022912602104849565
                                        9.034359229993632e-06,                                             69.9004936582985,                                     0.01983857757939728, 7431.930047284699,110688.55065293936,118120.48070022406, 0.0020204596663979803
                                        0.0001238116242261945,                                            75.04349834766755,                                    0.017799075049777225, 7431.901953712397, 8076.799380628781,15508.701334341178, 0.0019644876449644282
                                       2.0703065464485257e-06,                                            71.71466258874742,                                    0.018926165378510038, 7432.035520981126,483020.27087925636, 490452.3064002375, 0.0022452092850205785
                                        0.0003635337970238241,                                            70.56640686455903,                                     0.01921997623109217, 7431.852681105457,2750.7900498991767,10182.642731004635, 0.0018700382101756164
                                         0.000992002911724212,                                            71.86294154560497,                                    0.019322271548630313, 7431.939200870083,1008.0754726389016, 8440.014673508986,  0.002039039020595371
                                       0.00020728075120377085,                                            68.49790847963258,                                    0.020049443327860766, 7431.793760871235, 4824.389241554292,12256.183002425527, 0.0017630383038273398
                                       1.4215419813250181e-05,                                            68.80509553966063,                                    0.019751985959982194, 7431.756327740082, 70346.16070023293,   77777.917027973, 0.0016982622095147936
                                       4.5972726390730416e-05,                                            69.82007143498025,                                    0.019393792336148026, 7431.790992273224,21752.041633261513, 29183.83262553474, 0.0017581639102190166
                                       0.00036999365277290294,                                            69.16422732220025,                                    0.019960895684199453, 7431.832775600627,2702.7635258064192,10134.596301407048, 0.0018331821913261563
                                       1.2642289689529376e-05,                                            71.32594329979595,                                    0.019676674844539166, 7431.838097876356, 79099.60946986881, 86531.44756774517, 0.0018429649024598747
                                       1.2448308256374065e-05,                                            71.89683873838345,                                    0.019353846981684852, 7432.070265064924, 80332.21483161805, 87764.28509668297, 0.0023245880100830458
                                        1.636184321287751e-06,                                            72.05308241234273,                                    0.019258587132756005, 7432.126936415116, 611178.0987615108, 618610.2256979259, 0.0024601299495401194
                                         7.13155980181148e-05,                                            71.58982720892652,                                    0.018929081599983265,  7431.98152646325,14022.191834042113,21454.173360505363,  0.002127195023959026
                                        0.0003825625147666423,                                            73.13482008182193,                                    0.018417593473300266,   7431.9495843135,2613.9655411133344,10045.915125426834, 0.0020603215687412806
                                       1.6453805217438442e-05,                                            70.75691059455986,                                    0.019598034109393855, 7432.011941214478, 60776.22892241739, 68208.24086363186, 0.0021928870710647384
                                       1.5797300961233848e-05,                                            72.50434283941593,                                    0.018591436697569876, 7431.960785914931, 63301.96660396157,  70733.9273898765, 0.0020835302140947503
                                         0.000253373812822513,                                            70.57638995399641,                                    0.019424948448636768, 7431.992431161048, 3946.751950902245,11378.744382063294,  0.002150518378802921
                                       2.7135366349666176e-05,                                            69.54881119279149,                                    0.019997100108362642, 7431.857046781314,36852.290006956515,44284.147053737826, 0.0018782200374496945
                                        3.292161355735956e-05,                                            71.50767535097445,                                    0.019016482745853044, 7432.039675557446,30375.195877031292, 37807.23555258874, 0.0022545565819331956
                                       2.5730952316093407e-05,                                            73.84422807196897,                                     0.01813095898633536, 7431.884901331472, 38863.71309403954,46295.597995371005, 0.0019312724572033597
                                        5.583784108416351e-05,                                            70.26362033505504,                                    0.019333177627893727, 7431.894574644822,17909.016095076986, 25340.91066972181, 0.0019500449103736028
                                        2.371945558798306e-05,                                            71.95919756480392,                                    0.018795127847988216, 7431.987574841798,42159.497544720594, 49591.48511956239,  0.002140100092738456
                                        4.449013357124954e-05,                                            69.71414719173801,                                    0.020022921381331254, 7431.810400357837, 22476.90797731466,29908.718377672496, 0.0017926197838627185
                                        0.0011271418667104663,                                            73.01914311946037,                                    0.019099709289492648,7431.9462005431815, 887.2134606889766, 8319.159661232157,  0.002053361695716948
                                        2.169042946475075e-05,                                            69.03262076899136,                                    0.019897556106373837,  7431.88197506745, 46103.29711685108, 53535.17909191853, 0.0019256293047991912
                                        5.844606721300751e-06,                                            70.62274747158163,                                    0.019644720561128946, 7431.994482220642, 171097.9250517607,178529.91953398136,  0.002154933746697589
                                        0.0013172079001692759,                                             76.1733660673454,                                    0.017640876498191592, 7432.028580484313, 759.1947270499217, 8191.223307534235, 0.0022296803686677404
                                       1.3390675534483098e-05,                                            71.14991852061407,                                     0.01960890830738562, 7431.956260708876, 74678.84541213089, 82110.80167283976, 0.0020741231111457395
                                         1.68626145507129e-06,                                            69.84032959635601,                                    0.019899153703401066, 7431.900514229808, 593027.8612116211, 600459.7617258509,  0.001961661833545362
                                       3.1994588128461373e-06,                                            72.67570037452349,                                    0.018503635283218554, 7431.914460576068, 312552.8730073598, 319984.7874679359, 0.0019892115108566064
                                        7.291053432103942e-05,                                            75.01094059065463,                                    0.017851886790136787,7431.9941790766825,13715.452524260307,21147.446703336987, 0.0021542805905550326
                                        1.951394180585535e-05,                                            72.76482123968515,                                    0.019209499689946043,7432.0631612234065, 51245.42637911227, 58677.48954033568,  0.002308133021282447
                                        0.0007586956008523382,                                            72.51643117746677,                                    0.018552355747901084, 7431.800640232985, 1318.065455068285,  8749.86609530127,   0.00177520869636768
                                        4.008520957307624e-05,                                            70.03608734260827,                                    0.019439964085742605,7431.9086274406145,24946.871502012767,32378.780129453382,  0.001977641946889093
                                       1.2562940060118615e-05,                                            73.95140119218914,                                    0.018078112056893948, 7431.847723022939, 79599.21523907887,  87031.0629621018,  0.001860789353661397
                                        0.0012313431430838117,                                            71.95386272928575,                                     0.01914223265807942, 7431.974517108734, 812.1352025801102, 8244.109719688844, 0.0021123368936966187
                                       0.00014936142719463745,                                            68.77870644300043,                                     0.02012016358446745, 7431.815749749305, 6695.183558469612,14126.999308218918, 0.0018022349034293658
                                       0.00022760654689685564,                                            73.87761983341872,                                    0.018201016507317078, 7431.997437852857,   4393.5602665788,11825.557704431656,  0.002161312360074958
                                        4.461916714323374e-05,                                            69.63074081508103,                                     0.02004209817710265, 7431.805610112385,22411.907366778498, 29843.71297689088, 0.0017840532294251014
                                        8.606521268179127e-05,                                            71.14857284893418,                                     0.01924884772696899,7432.0693269572075,11619.110422141204, 19051.17974909841, 0.0023224083186864563
                                        0.0031038084443089043,                                            76.40718144288716,                                    0.017581938475951357,7431.7739088305225, 322.1979190694766, 7753.971827899999, 0.0017283835178772207
                                       1.9266758997683864e-05,                                             69.3786478083227,                                    0.019848254477036573, 7431.917780167047,51902.879868101365, 59334.79764826841,  0.001995825851821095
                                       2.4908746518808815e-05,                                             73.8123416698565,                                    0.018231222218887948,  7432.04064417677,40146.554010871136,47578.594655047906, 0.0022567414469867046
                                       2.2119261348950944e-05,                                            70.42900219614293,                                    0.019702124815287932, 7431.971879517282, 45209.48047445072,   52641.452353968,  0.002106772753152197
                                        2.446890174522495e-05,                                            69.12154596985299,                                    0.019948163491975295,7431.8881871492395,40868.215680882844,48300.103868032085, 0.0019376287035717192
                                        1.946532852813335e-06,                                            69.63740840788319,                                    0.020070442356166264, 7431.784351036036, 513733.9585648896, 521165.7429159256, 0.0017465262138013774
                                        8.568656969306387e-05,                                            69.52952620728396,                                    0.019532652810489617, 7431.812053325977,  11670.4547277223,19102.266781048274, 0.0017955853775928655
                                        2.168265695718577e-05,                                            74.78507573661214,                                     0.01787626354155709, 7431.923889722906, 46119.82248796933, 53551.74637769224, 0.0020080567860915944
                                        0.0012971257675322451,                                            75.59572073711328,                                    0.017785949623804344, 7431.995991876858, 770.9484953197807, 8202.944487196639, 0.0021581894126743322
                                        0.0001733751692847817,                                            76.28574393218446,                                     0.01749675181636457,   7431.9857965943, 5767.851745048622,13199.837541642923,  0.002136297846772429
                                        0.0002720575090915014,                                            70.88718218111018,                                     0.01976653475788885, 7431.798587843801, 3675.707541518071,11107.506129361873, 0.0017715690135412198
                                        0.0011240045426715798,                                            76.98543347030909,                                    0.017316619276350826, 7431.864608770726, 889.6891091264857, 8321.553717897212, 0.0018924769548760336
                                        3.923118660826693e-06,                                            68.41019152354745,                                     0.02005054109819917,7431.8134373479825,254899.26352017806,262331.07695752603, 0.0017980722277987087
                                        2.651643195803929e-06,                                            69.79270283350559,                                    0.019805585234164418,7431.9478994178735, 377124.6597489328, 384556.6076483507,  0.002056853064794904
                                         0.000248536270026453,                                            71.18125528896164,                                     0.01894801750169856,  7431.80988440671,4023.5716561238382,11455.381540530549, 0.0017916951182257895
                                       1.2279575553876845e-05,                                             68.5736058454873,                                    0.020236862207989925, 7431.791774726291, 81436.05409518757, 88867.84586991387, 0.0017595401293054962
                                        0.0006615104257937191,                                            72.22736758557157,                                    0.019340015107997596, 7431.921460061314,1511.7058170666883, 8943.627277128002,  0.002003183809882577
                                        9.147286324082583e-06,                                            69.00745007585844,                                    0.020079187969808385, 7431.849535848787,109322.05433673781, 116753.9038725866, 0.0018641657001388144
                                         8.63127683589379e-06,                                             69.2761056287947,                                    0.019989900076871167, 7431.881346683043,115857.72807492806,123289.60942161111, 0.0019244196494748365
                                        4.311535894890223e-05,                                            70.70312675890119,                                    0.019415797473073232, 7432.041427981643,  23193.6051139808,30625.646541962444, 0.0022585109853262182
                                       0.00029013203899188076,                                            69.19574119429254,                                     0.01981904335519286, 7431.850033913992,3446.7210046580008,10878.571038571992, 0.0018650944074691243
                                          2.5140228928421e-06,                                            72.18969861962785,                                    0.018757682774624626,   7432.0365146133, 397768.8658573557,  405200.902371969, 0.0022474413059236967
                                         0.002501441965201918,                                            74.34927980387953,                                     0.01824621165607624,  7431.89412403453,399.78286859326636, 7831.676992627797,  0.001949166398016498
                                       2.0067056299006055e-05,                                            69.48636444204354,                                    0.019934796088698414, 7431.898559316342, 49832.93383398808,57264.832393304416,  0.001957830700396741
                                        0.0018010136231196257,                                             73.4906907393652,                                     0.01870329297658773, 7432.026091438844,  555.256492151598, 7987.282583590441,  0.002224137493942507
                                       4.5868301077578086e-05,                                            70.30573549709786,                                     0.01931757551291418,7431.8978559297575, 21801.56292949707, 29233.46078542683, 0.0019564540727556776
                                        0.0012485922553923702,                                            72.61745758954194,                                    0.018907101659813984, 7432.034723614051, 800.9157431395699,  8232.95046675362,  0.002243419742615249
                                        1.264330794874852e-06,                                            74.36334875561876,                                    0.018172242385874865, 7432.200052369647, 790932.2631827953, 798364.4632351649,  0.001782226933092888
                                       4.1716406711744387e-05,                                            72.81751489999789,                                     0.01875223468042983, 7432.213797275804,23971.397627787635, 31403.61142506344, 0.0018068926003555065
                                        2.025283652095199e-05,                                            74.66463355580323,                                    0.018195914141071478, 7432.325035154027, 49375.81312208839,56808.138157242414,  0.002019492925126859
                                       2.4136733197864055e-06,                                            75.34716816624915,                                     0.01796716944829859, 7432.329572988361, 414306.2873655669,421738.61693855526,  0.002028677873585401
                                       1.0296040779383601e-05,                                            72.23176769612368,                                    0.019237085435625703, 7432.121968823356, 97124.72628741791,104556.84825624127, 0.0016483587931223032
                                       3.0125083708449007e-05,                                            71.58118107020525,                                     0.01916580986288046, 7432.127389343776, 33194.94247816953,  40627.0698675133, 0.0016573180155065913
                                       0.00014477966491810716,                                            72.51153624435017,                                    0.019041019412103517, 7432.188763735039, 6907.061134647792, 14339.24989838283, 0.0017622211558612987
                                       1.3303414448881069e-05,                                            76.66740316168845,                                     0.01752063414559602, 7432.255123993595, 75168.68525472713, 82600.94037872073, 0.0018831300117565458
                                        2.021096757947484e-05,                                            75.21294471571551,                                    0.018318127921827992, 7432.454093194903, 49478.09968940609, 56910.55378260099, 0.0022976905128391264
                                        0.0003594037177654192,                                            75.47333698903257,                                    0.017918737092412724, 7432.263502500593, 2782.399604025662,10214.663106526255, 0.0018989741120040433
                                         0.001333310482123716,                                            75.35572581443842,                                      0.0182083099182569, 7432.262738654756, 750.0261244174286,8182.2888630721845, 0.0018975241423804749
                                        5.170948043288443e-05,                                            74.28073197004773,                                     0.01854090048705474, 7432.370769686694,19338.826995830786, 26771.19776551748, 0.0021139980930762717
                                        3.341788473070672e-05,                                             75.1230687613412,                                     0.01802703770258587, 7432.308664053773,  29924.1095868338,37356.418250887575, 0.0019867007583026747
                                       1.2529914083997522e-06,                                            71.82604406405457,                                    0.019154583588739713, 7432.158651053074, 798090.0832528038, 805522.2419038569, 0.0017099469587907852
                                        2.825127374990912e-05,                                            71.52105250729706,                                    0.019237964372324882, 7432.124815626568, 35396.64808952625,42828.772905152815, 0.0016530580319601602
                                        4.641718775112264e-05,                                            72.26387267757904,                                    0.019144142466909004, 7432.169451442012,21543.757620363518, 28975.92707180553, 0.0017285151423159144
                                       1.3749900693359653e-05,                                            74.61471320711271,                                     0.01843180092437536,7432.4089033559185, 72727.81139151177, 80160.22029486769,  0.002196169386163313
                                       0.00012769604697341136,                                            74.35945928311735,                                    0.018436116996563813, 7432.366458503955, 7831.109427284666, 15263.47588578862,   0.00210490387848325
                                       0.00022735685940554877,                                              73.991375047155,                                     0.01849994353935552,7432.3079667019665, 4398.385319724934,  11830.6932864269,  0.001985315811893277
                                       1.0404036720746212e-05,                                            72.94681955398936,                                    0.018885107665467644, 7432.259075966819, 96116.55259067846,103548.81166664528,  0.001890586815981498
                                       1.9009884951714397e-06,                                            75.24258857930285,                                     0.01787878531746324, 7432.169294868085, 526042.1237713011, 533474.2930661693,   0.00172824452309768
                                        0.0001375803046422298,                                            73.18287398279679,                                    0.018876335505449277,7432.2467540381485, 7268.495898105815,14700.742652143963, 0.0018674340762323289
                                         8.31388228786415e-06,                                            74.35985940269748,                                    0.018360687540004098, 7432.358743334582,120280.76380943727,127713.12255277185,  0.002088726673727993
                                        2.405633332831123e-06,                                             74.8148304562353,                                    0.018073669857970993, 7432.256296410474, 415690.9610899123,423123.21738632274,  0.001885339119912374
                                        0.0006145270923446874,                                            74.61092666283807,                                     0.01862130296787561,7432.2300819490665,1627.2809594231717, 9059.511041372238,   0.00183655814726014
                                        7.257557389270643e-05,                                            75.69155919520738,                                    0.017975123301024302, 7432.427969876237,13778.753721072768,21211.181690949004, 0.0022384444327163684
                                       2.7208681614002122e-05,                                            77.42530897125752,                                    0.017303611676162164, 7432.235423879857, 36752.98809420535, 44185.22351808521, 0.0018463951647162682
                                        7.230787260154983e-05,                                            72.20648940045393,                                    0.018972886077186668,7432.1737787272405,13829.766599752507,21261.940378479747,  0.001736011127293233
                                       0.00016388052911928675,                                             75.4804712004273,                                      0.0181222466984464, 7432.448213781583, 6102.019419504907,13534.467633286491, 0.0022842210756270267
                                       0.00014351012035757827,                                             74.6480571665881,                                    0.018285625490704206, 7432.360626815451,  6968.16308144699, 14400.52370826244,  0.002092664457664475
                                       0.00013774408402813468,                                            75.73507770436711,                                    0.017795648370087166, 7432.242661365361,  7259.85312412968, 14692.09578549504,  0.001859806898023898
                                       3.8662942094374155e-05,                                            73.79517146473083,                                    0.018521565316303064, 7432.312952124027,25864.573924080476,  33296.8868762045,  0.001995238162139862
                                        1.952837897011138e-06,                                            74.56297161609507,                                     0.01825994583860502, 7432.348456015712, 512075.2868023372, 519507.6352583529,  0.002067349422232121
                                        9.197754219936386e-05,                                            77.50563746422488,                                    0.017319731271774053, 7432.294675760673, 10872.23209936554,18304.526775126214, 0.0019591036738443204
                                       0.00016096906588185884,                                            74.34629908878091,                                    0.018231709340505112,7432.2361859994335, 6212.387204007323,13644.623390006756, 0.0018478028749706913
                                       0.00017940712832321295,                                            72.64111932743289,                                     0.01910597803253824,  7432.14759086636,  5573.92829995119,13006.075890817548,  0.001691138828599713
                                       1.6458965573188917e-05,                                            75.51761669299758,                                    0.018142866219918213, 7432.480275185098,60757.172952451816, 68189.65322763691, 0.0023586430711015167
                                        1.671112594764356e-06,                                             74.1495971325851,                                    0.018439355377634834, 7432.352837651387, 598403.7375279625, 605836.0903656139, 0.0020764276684721882
                                        0.0006608989359457314,                                            75.72822330066964,                                    0.018050391501373744, 7432.385884418069, 1513.103854247182,  8945.48973866525,  0.002146193304437312
                                       3.0626198993099404e-05,                                             73.3143143034761,                                     0.01881912656006583, 7432.280807348467, 32651.79652113028, 40084.07732847874, 0.0019321215486183614
                                        2.739849852341375e-05,                                            71.80023733823069,                                    0.019288480264979566, 7432.119672151257,36498.364344267335, 43930.48401641859, 0.0016445773974481713
                                        2.505643311913166e-06,                                            73.59171713236591,                                    0.018579788206801857,7432.3018679725565,399099.11729788687, 406531.4191658594,  0.001973244754434354
                                       1.4001670092581448e-06,                                             73.7680147204031,                                    0.018541965535737268, 7432.320685931454, 714200.5292000935,  721632.849886025,  0.002010728773348917
                                       3.2020950374658426e-06,                                             73.9514880651759,                                    0.018412481993667393, 7432.294819630244,  312295.553879421, 319727.8486990512, 0.0019593855495252488
                                       2.0880034555786943e-06,                                            71.14997638792937,                                    0.019389570860362297, 7432.088363471435,  478926.424510805,486358.51287427644, 0.0015938855386109284
                                       1.9638203327567517e-06,                                            75.34745941999434,                                     0.01788599245508907, 7432.226493159933,509211.56553041405,  516643.792023574, 0.0018299789400930276
                                       3.2963604683606615e-05,                                            72.09809872233517,                                    0.018889041207830547, 7432.117329163952, 30336.50193306156, 37768.61926222551, 0.0016407286839872758
                                         4.31902144017284e-05,                                            76.19051509455396,                                    0.017826831190242583, 7432.452783489129,23153.405944455237,30585.858727944367, 0.0022946831840942976
                                        0.0001784541446132698,                                            73.02434049138066,                                     0.01894825882393087, 7432.212934353465, 5603.694136270211,13035.907070623676, 0.0018053340649117054
                                       4.3181449200823374e-05,                                            76.05376628699467,                                     0.01793899086029573, 7432.495534915743, 23158.10576723817, 30590.60130215391,  0.002394911347334101
                                        0.0003319366803335239,                                            75.65556136053502,                                     0.01796512648773204,7432.3735972256145,3012.6359836686947, 10445.00958089431,  0.002119983963615042
                                        5.580399280072281e-06,                                            73.97418106858328,                                    0.018414322922025078,7432.3018284525515,179198.66039122723, 186630.9622196798,  0.001973166773332758
                                        2.022313509072478e-05,                                            74.61652748894744,                                    0.018291588431422978, 7432.377263376147, 49448.33066393352, 56880.70792730967, 0.0021277704083708456
                                        0.0002079271526268758,                                            71.89487546567614,                                     0.01903520390984773, 7432.118345451774, 4809.390594090747, 12241.50893954252, 0.0016423969841618147
                                       1.1743930024073444e-05,                                            71.96122657965864,                                     0.01891605232713915, 7432.103200654211, 85150.38502001984, 92582.48822067404, 0.0016177106211504877
                                       0.00022448110241871124,                                            74.51547900678791,                                    0.018545020009082456, 7432.345562028706, 4454.731386154688,11887.076948183394,  0.002061375188713495
                                       2.9241844659536013e-05,                                            75.24016856028697,                                    0.018136025028034138, 7432.428191738623,  34197.5822760077,41630.010467746324, 0.0022389411144362816
                                        0.0003720083802622833,                                            73.18874950397422,                                     0.01883976329089669,  7432.21920047783,2688.1251496481327,10120.344350125963, 0.0018166820294298082
                                        4.208522228244304e-05,                                            73.19042563898427,                                    0.018913694935513686, 7432.244848386982,23761.323352380554,31193.568200767535, 0.0018638787869531847
                                       2.8468588477829237e-06,                                            72.95394500319837,                                    0.018682580390675753, 7432.214623179289, 351264.3557306908, 358696.5703538701, 0.0018083855356778916
                                        7.591760218201978e-05,                                            71.55300139458595,                                     0.01925907864243568,  7432.11831577301,13172.189745937338,20604.308061710348,  0.001642348240572829
                                        5.888769084468984e-06,                                            76.05219594584152,                                    0.017837973554436934, 7432.428708457156, 169814.7886402986,177247.21734875574,  0.002240098315751688
                                        2.674750220190707e-06,                                             71.3328126163584,                                    0.019147248235914443, 7432.079813018321, 373866.6997569116,381298.77956992993, 0.0015803151940199018
                                        6.356002557913101e-05,                                            75.34762425083524,                                    0.017829958708134575, 7432.130688460335,15733.172453056159,23165.303141516495, 0.0016627947300073573
                                          9.2177156139137e-06,                                            73.36055045567734,                                    0.018945179167934544,7432.2174948926995,108486.76261394266,115918.98010883536, 0.0018135861644549363
                                       2.3312878588372813e-06,                                            74.29232002822151,                                    0.018137482894606843, 7432.126068353926, 428947.4710680628,436379.59713641676, 0.0016551301606154657
                                        4.851342886823661e-06,                                            73.41688431908189,                                     0.01845904292761709, 7432.171430764311, 206128.5069738955,213560.67840465982, 0.0017319398190313142
                                        1.755730879388098e-05,                                            73.99667784015635,                                    0.018769171575454845, 7432.282399732205, 56956.35071475754, 64388.63311448974,  0.001935200678480068
                                       0.00013218734477522172,                                            72.43957925898927,                                    0.019101675671059096, 7432.168237744991, 7565.034508370987,14997.202746115978, 0.0017264185212244115
                                         6.84832630541626e-05,                                            75.18947187618218,                                    0.018184219680177815, 7432.433799415221,14602.121251411683,22034.555050826904,   0.00225153164093428
                                        6.332391892840103e-05,                                            75.63882134042393,                                    0.018110246061036617, 7432.483424814665,15791.834335438874, 23224.31776025354,   0.00236608363441417
                                         9.77967807994727e-06,                                            76.68113099810289,                                     0.01755850687541347, 7432.319081757946,102252.86756497699,109685.18664673493,  0.002007505801313304
                                       0.00023474840017166217,                                            73.55547615239898,                                    0.018836836822705864,    7432.236194632, 4259.893531609542,11692.129726241543, 0.0018478188263203281
                                        0.0002525893848472821,                                            76.59819761285068,                                    0.017531822487660026, 7432.203580237056,  3959.00761306242,11391.211193299476, 0.0017885254971216622
                                         3.42999988602284e-06,                                            74.41238819031079,                                    0.018313262021408563, 7432.344197538716,291545.21263089485, 298977.5568284336,  0.002058564380998441
