y,x,reconstruction,noise_map
-0.6662161267322108,-1.1069460844648003,3.22272603852807e-24,0.016582124601124803
-0.6963494396102707,-1.02508649129403,9.289744253127683e-25,0.012545690631397382
-0.6858623882533694,-0.9948116687089654,1.711970436266606e-24,0.0125222441831193
-0.7258431515053854,-1.0237932178329598,1.227973653360448e-24,0.013180893479188526
-0.8859820301716494,-0.8823658860531336,0.0007004000674707756,0.015961657110623813
-0.8735640599500467,-0.8877223020392481,0.0016876819029745032,0.014917273718200957
-0.8277069710373973,-0.8455349774106693,0.002700866796536067,0.013226877198447085
-0.7801921979920226,-0.8892556802688063,0.006359077556604901,0.013350548182163711
-0.8348704180139137,-0.969936996438898,0.004470548182474967,0.01742597017678116
-0.7614689097133817,-0.9481424774725593,0.000663677392481509,0.013379061783746315
-0.7381027926050285,-0.950744029005292,4.0175189796984065e-24,0.012781075647899548
-0.6444813937987022,-0.9495999503294051,1.4845416552839807e-24,0.011616815273734846
-0.6841368559061465,-0.8970523691878918,0.000603423841292833,0.012517066027758393
-0.6324915872875662,-0.8318749981692027,6.485513606687038e-25,0.011437187865809696
-0.7057054519101819,-0.8211098920814089,2.3994866621417996e-24,0.012400669453829142
-0.7609755614127169,-0.8759574447433335,0.0055723416883385534,0.01282885305455412
-0.7304742950476389,-0.777331081182529,1.6202559069836422e-24,0.01215938396064301
-0.7069470251957957,-0.7789403574168772,8.01184261982185e-25,0.012028019292050938
-0.6157630593476974,-0.784571331104334,1.3253293228726812e-24,0.011884291106731603
-0.651012601850677,-0.7341414566195478,6.500000492845472e-25,0.012278463141556352
-0.5939237856443058,-0.6670202973853867,3.2319649766280514e-24,0.01211188859712094
-0.6708983515009287,-0.6633367557778052,2.4600271561512855e-24,0.012853473482062276
-0.7310701411606655,-0.719704262817105,1.5030611980006758e-24,0.01236816011601436
-0.7762622155017826,-0.6972106372785578,8.719055754125553e-25,0.012556050741767863
-0.7763667397137959,-0.7201778857009463,1.3078501683007504e-24,0.012772261752587524
-0.7623762615938305,-0.8179248975670366,0.0002537093897031842,0.013201070627506742
-0.8085594819009734,-0.7771640765842102,4.422647634339991e-24,0.01232206898488404
-0.8768726496564685,-0.8413816584121334,3.8380457371692915e-23,0.013401761604890953
-0.8810332119159292,-0.7516329016726333,4.602996860501661e-25,0.012133606729464688
-0.8252759907245146,-0.691438645311402,6.048878159138345e-25,0.012528089463584326
-0.9216687184347737,-0.7453221991832817,3.281248771924695e-24,0.013226003365497216
-0.9419033878793831,-0.7484006116652772,7.906247548223488e-24,0.013804477433760873
-0.9851042438582231,-0.7735863867879818,6.416000765749977e-24,0.01901751477466685
-0.9422749325576373,-0.8389288258183465,1.1802437200961902e-24,0.0171601145616763
-1.0625508047912202,-0.628154988576089,3.193568294193842e-23,0.015482651711906032
-0.9937582042993881,-0.6396933231590543,0.0021895773719520077,0.013683051475328474
-0.9520836740107272,-0.6856606862452693,3.5357376633954526e-24,0.012794485429505464
-0.8959414627953849,-0.6270632938442693,0.00019822567066382646,0.012180017933035813
-0.9048717157375865,-0.5973101014101159,0.0031381563267221624,0.013675708340717314
-0.9028812952016297,-0.5776266318621877,0.004291105254849288,0.012932402292933864
-0.9630526949726619,-0.6176930632588716,0.003164085994791546,0.012858255401663557
-1.0155534823684156,-0.5777870682153312,0.002506786914557705,0.013280258425633714
-0.9814251614808077,-0.484647929914697,0.0010143017476696022,0.013240369607260612
-0.925373991497237,-0.5298854404010478,0.0052671090261330305,0.013065043368049156
-0.8691074287385969,-0.4735674894414679,0.0026422206739458967,0.012553344623608218
-0.884688059714895,-0.4395104005185798,0.0005639409345800018,0.013733048258420463
-0.8826650723976359,-0.4207339139362598,2.7960192527354693e-24,0.012794564019963043
-0.9441578382871287,-0.45800018054395863,0.0008410765667439439,0.013007169566011745
-0.998486370188431,-0.41787150881301965,6.79529060940251e-25,0.012279800373824592
-1.1029876862910126,-0.44481685289252004,9.444115214866629e-25,0.014271825567377336
-1.0454624602595775,-0.5030837817815065,4.745521140973367e-24,0.013583816636653276
-1.0924176912075354,-0.5330274464013325,1.2466896589339526e-23,0.01484798910033094
-1.125967033037734,-0.34147412591053655,1.9099751650824676e-24,0.013461501618434924
-1.0649067357006228,-0.37438401329080623,1.4597568241723246e-24,0.013504062406984273
-1.0556478642697154,-0.34774019216380214,4.509024977334625e-24,0.013156640912364681
-1.0464944374357297,-0.3211425544513469,2.118290813550445e-24,0.012684444157765474
-1.092998168181978,-0.273196456652544,1.1026219452289236e-24,0.012995683397362606
-1.139570199195059,-0.31632387191275646,7.626348916108362e-24,0.014969876833711645
-1.1187204293426656,-0.23159688931209033,2.9058886190782838e-24,0.013369509358890063
-1.1493246588571937,-0.16078702304733108,2.674391798394044e-24,0.014216944789016795
-1.1338835538396812,-0.13631195751981295,4.012846770240754e-24,0.014263706734408231
-1.0827767600266585,-0.09727515978069812,1.491634960316992e-24,0.01265599575423486
-1.0159669091597285,-0.14951795693148107,5.4842384351405874e-24,0.01266529029264498
-1.084943062322913,-0.21732234386321547,1.0052838006611309e-24,0.012495173087780401
-1.000417172972183,-0.22783088904495907,9.801923632112552e-25,0.012344658367016065
-0.9464688314975356,-0.17412493168036852,3.1856908261966655e-05,0.012664334874040128
-0.9829038349066286,-0.12258892311668257,0.00024960708816537994,0.013082082846856065
-0.9538819707305686,-0.12812072892201465,0.0005645367027239685,0.013821311070218327
-0.9083777180022035,-0.09577311985020653,5.2561757904739993e-23,0.013388635542695416
-0.8421673297605268,-0.14577415638256908,1.1844951800353962e-24,0.012248891100845155
-0.9115270276332867,-0.21176717869483724,1.1024878885412169e-24,0.012641655175470294
-0.854134481926268,-0.2535950866451251,6.990719444223195e-25,0.012595547044274995
-0.9163130743337624,-0.3010375123023945,8.588238971795283e-25,0.012825764609608065
-0.9738871789576913,-0.2716839459316318,1.8048330095937806e-24,0.013297700138705041
-0.974106182214135,-0.29162595714998907,9.63104695535224e-24,0.012915415200618225
-1.0006150276971018,-0.33176416134779907,4.5180901596950294e-05,0.013233462750672956
-0.9516261570479563,-0.3811845884476884,6.620828310217074e-25,0.012588094620742979
-0.8796658450995349,-0.32446511378145404,5.208045115897914e-25,0.012594076437060831
-0.8197200646299345,-0.3710617801923613,9.902838202781585e-25,0.01320982584477712
-0.7567877920890496,-0.3229818338383346,9.520986014670963e-25,0.013047104181577035
-0.7020546174505754,-0.34782275208266994,1.3686089476788071e-24,0.013199643089213679
-0.6998100245924754,-0.33000984746712675,2.315947348668243e-24,0.013100654956101432
-0.6789919495891819,-0.29662049692971953,2.080488429049377e-24,0.01326078881283347
-0.7256773628914088,-0.25254179987785935,5.778118503331694e-25,0.012875298160612303
-0.7872025846971105,-0.30555346324685556,6.531252884372479e-25,0.012682997534954062
-0.8078853927517475,-0.22377930102785631,5.428387717024657e-25,0.012813538512681475
-0.7489819348539759,-0.16816324644178274,2.601015136314801e-24,0.012877050088453365
-0.7889421434843218,-0.1225103551767235,2.4459198729187642e-23,0.014204453751066692
-0.7627506499993282,-0.11876338962148396,7.986964317563454e-23,0.01440540167369958
-0.7286918417285881,-0.10848907794956386,2.6594946979562248e-24,0.013313189492605303
-0.670129583028642,-0.14970634689238874,8.030071656352995e-25,0.013093040086115152
-0.7288301730313014,-0.19195155127646824,7.724468117081109e-25,0.012887150221640147
-0.6299256054906629,-0.2186295889179037,5.962661638362065e-25,0.012792645343176801
-0.5665151572108411,-0.16255718529887692,0.0018662471604409963,0.01434179409939007
-0.6093034914318565,-0.12316399513470408,8.32439775670316e-25,0.013104693846555247
-0.5791393202407129,-0.11625912042793068,0.0003296724375121042,0.01408328073905114
-0.5489776826489757,-0.10946014512970252,0.0011248724288159184,0.014311079978604055
-0.49279487123014654,-0.1455714383371287,0.0035002831258012595,0.014171426205578439
-0.5442864050897435,-0.1821072360503777,0.0017287405732034588,0.013725222211267138
-0.48589789838271075,-0.2309390775910617,0.00023740324482924907,0.0139348923356647
-0.5569790653416666,-0.28370737293843096,2.087671103566091e-24,0.013308828348930709
-0.6034733689263845,-0.2548668767205997,3.7490022028040205e-24,0.014099970662723869
-0.6137869376886822,-0.2787393849389532,2.076778479922471e-24,0.013520260664874483
-0.6243130213539239,-0.30275754214238726,1.9747122632556826e-24,0.01343566375028318
-0.5879317724179182,-0.33768460426395397,9.77941716776104e-25,0.013206015641490569
-0.5402839641673298,-0.30345789145306473,1.3998222724179078e-24,0.013167024449169396
-0.5171546517580452,-0.35346197651539096,9.65392680715364e-25,0.01314152542912593
-0.5888402856378616,-0.4108615197576073,1.4442828162148598e-24,0.013305351339805201
-0.5581006343349395,-0.4436090928181045,6.481669324434941e-25,0.012995528191324062
-0.5860272855460431,-0.45533494058745216,1.9268077481139035e-24,0.013080513196316309
-0.6141291521319108,-0.466856268059914,8.942650376937998e-25,0.0130988997296667
-0.649702767223853,-0.44393408420432007,5.6178748849656325e-25,0.012991933518398432
-0.6148336125989502,-0.4083525297272349,8.775208121362957e-25,0.013374006797697683
-0.6783450256273288,-0.3799518579626292,5.261345274137915e-25,0.012927107189756665
-0.7435720590325559,-0.4418316909685477,1.510684468162904e-24,0.012911922576172566
-0.783927843924938,-0.41501670340368363,2.5133615601013234e-24,0.01290439061573877
-0.8000475871349818,-0.44536628956486385,0.0009320621611878704,0.01284762049195032
-0.8053282246810713,-0.4662375992995551,0.002179427025650075,0.013570325428597662
-0.7845586869167921,-0.5000832240331647,0.006080901350914519,0.013855624551524164
-0.7453114058217725,-0.47045749071504195,0.001206789594202093,0.013332949882024719
-0.7030758178406147,-0.5199360579009911,0.001523106694250556,0.013148917145891817
-0.7680063857532737,-0.5854222195520351,0.002564564016496471,0.01291230882496193
-0.8006899491220585,-0.5634334121831605,0.005241490440628649,0.013509860720877712
-0.823815363693968,-0.6007579946531533,0.0016433716841098562,0.01336234792091593
-0.8270007404877393,-0.6196721444638738,0.00016510351937738989,0.013538549251576016
-0.8156779146599968,-0.6522788760107858,7.863375511159524e-25,0.013103663478095435
-0.7740093165433768,-0.6179096506601278,4.48370768899151e-24,0.012795503251821268
-0.7274824486039384,-0.6606866892175005,7.410343484473931e-25,0.012523206434909543
-0.656614905722622,-0.5992192698415062,4.1874888150593683e-23,0.013155904303712988
-0.6755816328220059,-0.5733090190277638,0.0004075157135807255,0.013023593198622932
-0.6314665742923038,-0.542782745750479,7.372005743569727e-24,0.013891539916172512
-0.6108625416050388,-0.5398178773025103,0.00014141139121319374,0.01443150174901319
-0.583427487569292,-0.5435201908369833,7.535075763021439e-24,0.013562822166303008
-0.6255914076507937,-0.5901119114831376,8.106408933982727e-24,0.013408964107812416
-0.5822682510040461,-0.6272129810469165,0.0002468169321944219,0.01276532308605497
-0.510985663306661,-0.5665281318848068,0.0008096073256395735,0.013205688736952432
-0.5264257268062456,-0.5411858881231153,6.4762819290640905e-24,0.013288436332890311
-0.48130757417408654,-0.4991452564170211,5.688353650015564e-24,0.013286110171755927
-0.4600362731584003,-0.4981113874497207,0.0010714333603641772,0.01399117671569431
-0.43941304660786284,-0.4969737548160695,0.00305813921696942,0.013965373131988748
-0.4860081307107413,-0.55230403277159,0.0012182831084252515,0.013676162766070622
-0.4497885724082413,-0.5892036106242287,0.006008880652155377,0.013243122633597714
-0.38821130252558755,-0.5197707734634196,0.0035980721773670177,0.013369926242189568
-0.3665491362436446,-0.5430792137657213,0.0024450395685028407,0.013094023616762493
-0.325928919677659,-0.48501642234413755,3.5630941477292936e-24,0.01316310582719513
-0.3235882949948396,-0.4594498650604488,2.880689638297976e-24,0.01294325106935352
-0.3207034358195754,-0.43469723821771267,2.8755899385156712e-24,0.012803339932239614
-0.3668716434750916,-0.4880679961369693,0.0015357449417171976,0.013904644046542628
-0.39632497395663524,-0.4529921253640969,0.0018955638635521487,0.013572296507774828
-0.33716164717154784,-0.3659078677111769,0.0029365777515823095,0.014746880947647098
-0.3213972048502567,-0.3901668116755921,0.0010246085322812356,0.013634367956802567
-0.27120018125700174,-0.3278502302734895,0.0029399824199769866,0.014025438123280581
-0.2656413778366056,-0.30749516652828335,0.0022261398339713306,0.014296886958631837
-0.25985686502318095,-0.28839154968976743,0.0012644253558259028,0.01400395124672111
-0.3105813697690832,-0.3390722942713319,0.004374268797579827,0.014130288478616717
-0.34219824133752375,-0.317293516992079,0.003078064374348992,0.014138226152858507
-0.42429199411880936,-0.36240167252516997,0.00012120367187718793,0.013854063882994597
-0.3912318654508177,-0.38358913885560114,0.0015217260419732304,0.013203483176217454
-0.4520846530673438,-0.43915388060906524,4.504017400263667e-24,0.013455410008945581
-0.47638636039297744,-0.4386559899468157,2.0390663737824655e-24,0.013472298950570208
-0.49742357457543107,-0.4414726017398235,6.4516317991054e-25,0.013337652275740755
-0.44940936150292277,-0.3895309948367459,2.4762859373144064e-24,0.013856814957542407
-0.4849312888044317,-0.35411806651331246,1.6493913080610814e-24,0.013616060763902104
-0.4417333741548008,-0.27727367666493913,7.320455770480743e-25,0.013499511934682603
-0.4013886732048622,-0.3078454852484597,3.2523191067874235e-24,0.014057262996799276
-0.3418867647090272,-0.2559958645528767,6.5732831040985834e-24,0.014209672035062322
-0.3491138352790233,-0.23418551647955513,0.0003407303090485375,0.01470296816189447
-0.34499348093387583,-0.21987851586505083,0.0009018095347995306,0.014639247781335187
-0.40740687652499064,-0.25522731429857765,2.1121144775136674e-24,0.014257252020488735
-0.45689215955167045,-0.22751559346743658,0.0004639145264200082,0.013791515462404596
-0.39143783075093364,-0.17573159504992694,0.0030577661925392068,0.014273003101532638
-0.4464412577840942,-0.1322789918400886,0.002059089083673088,0.014107042844631854
-0.38371977558313697,-0.09211087624192248,0.004247016281014093,0.01442748724453359
-0.33967255433962024,-0.10660422579878556,0.0047620709698635135,0.0150445128055834
-0.31704573719414175,-0.10525363725904675,0.004669475525847992,0.014869568380964556
-0.35844024602243874,-0.1471252658928409,0.004707261217410861,0.014902966582666257
-0.31446081008832505,-0.17956988674799346,0.0029947587879956537,0.014515148698184753
-0.21937287770278702,-0.15419532596591914,0.002429816339628639,0.015179459381941703
-0.27391212050264924,-0.12110691189129427,0.006236478140595474,0.015220903206824662
-0.20380894159357826,-0.08249531904933398,0.014852062450515771,0.016456754583155136
-0.16145187502982167,-0.09814687504051574,0.012826696351693314,0.01724639402943746
-0.13252301538380967,-0.09235481645426755,0.008341085633081436,0.016453879503739912
-0.1772815653285862,-0.12517460008487133,0.007011164200622054,0.016164251057647867
-0.14349062063094042,-0.13987559311142228,0.0004632607984877586,0.015183394685736313
-0.20034118829753778,-0.19703194609390579,7.083293799934712e-24,0.01454175444725765
-0.2432739511161539,-0.18305546214558427,1.2386163166013137e-23,0.014861013129555643
-0.312599458882675,-0.2368411863453716,0.00031008874217085757,0.014494092950170389
-0.2897856352267284,-0.25680085099071115,0.0010996461304224462,0.015742046107727645
-0.3048827544153731,-0.27822239661547,0.0017699465580442255,0.014450324553471389
-0.2512436104035053,-0.23998617036202452,2.05046804073526e-24,0.013887804042574161
-0.2294196635424507,-0.24973745775707704,5.895727548402168e-05,0.013840255024628347
-0.1630805714578249,-0.18341547273617562,0.001665575364285831,0.014588410378620622
-0.15749079490803797,-0.19303360105600778,0.0029467107308707545,0.015062964687243607
-0.1065240753271101,-0.1153666084043046,2.439143624170415e-24,0.015236278458530428
-0.08999711092127721,-0.10811972655949847,1.2845254315660285e-24,0.01501555457382021
-0.06830792689358414,-0.09034778780931382,5.27578032521332e-25,0.015022358101771438
-0.10812075939979549,-0.13037098572169442,1.4982193806799756e-24,0.01468025618090529
-0.12036090264326899,-0.13689211821845937,1.700874872565755e-24,0.01478074074976978
-0.0760227422377873,-0.10758000204313027,6.441033897906008e-25,0.014647252138004437
-0.10790074017396412,-0.10410433790642605,0.0012112239171799845,0.016021620819009885
-0.03960753945969303,-0.07341429754655453,3.556953061680649e-25,0.01523281601914661
0.0068684692433226835,-0.06937320967640315,3.328733920944868e-25,0.01845659551775823
0.03809607111456176,-0.0575710719256577,0.20593578983703023,0.02997454224625412
-0.0013682915401742324,-0.06669270002483357,3.879651186490533e-25,0.01677494573697161
-0.010538996055591221,-0.046930502447541905,2.5204070301097816e-24,0.017543607670731737
-0.011161463774408215,0.018337983917760203,2.7292763451835565e-24,0.029724047241739562
0.04203992750125546,-0.03672253345052069,0.02031177703864517,0.02437472614869754
0.13072764985019092,-0.030478195035731858,0.0010613209751145945,0.018785513096055684
0.05344131064012242,0.10439587187404097,4.358164826335988e-25,0.01635321591089034
0.006927696597845055,0.17010004296028425,2.360694941345575e-24,0.014744982196776604
-0.011796066378992227,0.11491657686037492,7.359990342288748e-25,0.01941081670835235
-0.05389696160105484,0.05469268782426134,0.16146953722860297,0.06644040780090323
-0.059125002780050645,0.09347619001484181,4.661476115760504e-25,0.055746774962857924
-0.061427564865191575,0.08250364679938982,0.23225689200299554,0.2508970462590456
-0.0559690688496339,0.07235635071830668,1.3216119241828754,0.46367808700801927
-0.060122863304076755,0.06015828486595143,0.2852029021147475,0.2532368660841605
-0.062440551002838136,0.06175450866685661,0.33453213941757093,0.3234068446672205
-0.0646475070131152,0.06303790378136281,0.18292900088562428,0.344275606142992
-0.06603097934149244,0.05558757207907175,0.2352713895727697,0.20016090350540744
-0.06726537357539077,0.04695453064710495,0.22268612333322654,0.2036533501755337
-0.06914077054678613,0.031517131762681505,0.24752995474331027,0.25597741212140007
-0.06428928578523971,0.04121478735617928,0.05407728412214329,0.11543406048788075
-0.07655090160151794,-0.03179068642332944,8.04753674823148e-23,0.02016526928013716
-0.05017498508000705,0.014503630904214637,1.771164560681468e-24,0.03324867541239159
-0.07129778688050666,-0.060694524371622205,1.532152841895756e-24,0.016543534461062884
-0.09468862729118212,-0.09036907098387348,0.0006363715324549094,0.014958059282564664
-0.11967127102231712,-0.15112555954967458,0.0017181769122982073,0.014909013129477396
-0.09289645197420932,-0.09825897833357203,0.00010329465625412575,0.01653635298818176
-0.08732319692458315,-0.10141248426222155,2.4750546438898206e-24,0.01641880906407612
-0.10820079588279055,-0.16287311117650324,0.0036277806310757096,0.01559852663013055
-0.08991042472850161,-0.22395796633657786,0.003227698327786527,0.014523549231480583
-0.11089258565411284,-0.30975186562825613,0.0004361588325958366,0.013435472180417405
-0.13450020648687633,-0.24990475571270332,0.00196608614401713,0.013933578870794293
-0.1691465526783901,-0.3090006388586304,2.6510613074701072e-24,0.013034502968848023
-0.13549524965613807,-0.22229009381209194,0.003265893445908111,0.014568687488176595
-0.13171629388171166,-0.1942715046015211,0.004850850702912637,0.015326304580566321
-0.16399804722308575,-0.2511182263022531,9.294065407457422e-23,0.01362768693120531
-0.17330233827289138,-0.22012635301593464,0.0013894234633848271,0.014427600236376315
-0.22885577760394177,-0.2771299501979844,2.9655370128199004e-24,0.013637775682778483
-0.21354036497959156,-0.30368596699286643,4.692502745943343e-24,0.013252699259840683
-0.2590808976063571,-0.37242625754106207,0.0010024043566086206,0.013574287209983027
-0.20075065555548655,-0.30771382163648864,9.141244556254194e-24,0.013895153108732546
-0.18839034067921073,-0.3061995848232934,2.3227492431813467e-24,0.013464904075446189
-0.19583805838603105,-0.4282339496912967,8.740270470008827e-25,0.012292580795648912
-0.22289744409218107,-0.38122042022869007,1.0207262438116764e-23,0.013172193294092686
-0.28643446589554267,-0.4315743613327942,1.2716377274758128e-24,0.012739172809326509
-0.25915781884724776,-0.4757716285137954,8.93353826120202e-25,0.012842408746780888
-0.3027244461843133,-0.5443740068031626,5.232547146942961e-25,0.012470161348175522
-0.23363885786590802,-0.4831241209615915,1.4590362865211068e-24,0.013379679921549644
-0.22007030532944544,-0.4798897900267648,1.0058765014608062e-24,0.012780413831796539
-0.15446257720970313,-0.5154537876298515,2.1147654058425928e-24,0.012880414841304486
-0.1819780183906213,-0.4566211145242367,6.526375658669469e-25,0.01271019469456872
-0.15642086486842666,-0.3452333803947998,3.0335966950047222e-24,0.012734267913309888
-0.12478628009515673,-0.4027027567567786,6.884073563076668e-25,0.012445350635115662
-0.0877318945356797,-0.3444826227792092,3.462398233460606e-24,0.013277452693140544
-0.1186503295021955,-0.46359212897764845,1.5562501858002893e-24,0.012916777893167112
-0.11959059190422908,-0.487300625305902,1.0295902608528344e-24,0.012805875975143873
-0.09211266989894963,-0.5932302795644355,0.0024450482155758207,0.012873284718462052
-0.13140943322872137,-0.5392302167652929,0.001252321425246205,0.012647841923623051
-0.20200978391344096,-0.5702310833596607,1.5677763871041664e-23,0.013040922302266934
-0.1662909601514735,-0.6374365003389724,0.0013961140815371663,0.011778841506592197
-0.2104850193212847,-0.7098834916742396,1.4443571512520194e-24,0.011389039116169106
-0.12522394159980343,-0.6616408751231037,0.0023836724454568844,0.01328714340355593
-0.10578808192220147,-0.6558419876579259,0.0028063500733180977,0.012900065087573274
-0.13447750977168976,-0.7207501219848873,9.123424032332996e-25,0.011379260671431711
-0.0970384805760227,-0.7836435213511723,9.122525812850586e-25,0.01125733813046384
-0.11894375779006905,-0.8918685213154749,6.13826976220088e-05,0.011565205046491129
-0.16608005372383133,-0.8337823291428055,0.0004472687545453545,0.011205458448906936
-0.21968612030794887,-0.9003030168385862,4.304171309286441e-24,0.011153953583921338
-0.1910625147864983,-0.771567032878156,5.321204988668331e-24,0.0113018141437297
-0.18397881335138305,-0.7393682438612773,5.948118462439794e-24,0.012916671550159122
-0.25919678360009213,-0.7307162224080863,9.710429740252649e-24,0.012430029662113507
-0.22767318603500444,-0.7873463488594556,0.001709883133505334,0.010823176941278597
-0.255875211761416,-0.8923435225344709,0.00027207813781498255,0.011586426132459684
-0.2969968675362218,-0.8415527893071619,0.00046020401555436484,0.01143847897023319
-0.3510717325666074,-0.9120155248195543,3.670583071607376e-24,0.011219146810582009
-0.3259141843515827,-0.7857576841764907,0.0005398897527216938,0.011651058580810022
-0.3172194582445578,-0.753964991530016,0.0004974545692116245,0.011736532436939047
-0.333596780050704,-0.6830068745848856,4.955548777366509e-25,0.011629894623335179
-0.3030350833515012,-0.7213446841748946,3.9139879506401706e-24,0.012264772162959016
-0.23117769095334675,-0.6817019725087847,8.966655213507956e-25,0.011481887365493253
-0.26168818702177166,-0.6234196579058979,5.796459402441172e-25,0.012014878600646872
-0.210521305269837,-0.5538968830902111,1.0222830645517825e-24,0.012795505177672403
-0.2890091617397088,-0.5764001004886508,1.1423172472351988e-24,0.012862338355560679
-0.31002821637869765,-0.5889169299540651,1.5877143633272745e-24,0.013212487565555492
-0.3494751701977513,-0.5714675043377808,0.001242461915311865,0.01353224318211019
-0.33244964945022687,-0.6090145027810596,9.692691129190018e-25,0.012290385720706972
-0.36417367609699886,-0.7171364403078343,8.143655896540342e-25,0.01165793462642141
-0.40202364279588,-0.6689029433375117,7.584814735866866e-24,0.01222486829000274
-0.4564942140366661,-0.7449886497609503,5.604416704217436e-24,0.01176847915957706
-0.43498286568363337,-0.6361845779918859,0.007232626679107116,0.01478922549563825
-0.41782179331416147,-0.5996767682997284,0.006587151789814117,0.013045758997123626
-0.4545795294407089,-0.6300971290218279,0.00647025655029626,0.013018343223656068
-0.48187521889127455,-0.6160710446738471,0.005574734302514869,0.013261675329555904
-0.5641995831807858,-0.6485851128842047,0.001342114228175482,0.013075563889742419
-0.5318732739967753,-0.6971986179875965,0.0010456952722013076,0.01230267438007911
-0.5922114440593768,-0.7692429056228389,1.2475805120639325e-24,0.011564894867619456
-0.5112036824764962,-0.7543220659683734,1.5796267978989514e-23,0.011917885092384218
-0.4765348492994551,-0.7279467773353583,0.0005217518603427336,0.01218853917928432
-0.49015547653414804,-0.8008248289220968,3.284606184032321e-24,0.011591777656598069
-0.5175421976330786,-0.7896345440364319,5.908434852113977e-24,0.011734156961637437
-0.6014132590301347,-0.8115031572743131,4.647367546223538e-24,0.012030158306611223
-0.5625900649292818,-0.8617719279770685,8.819028597027e-25,0.011185999487541913
-0.6195371922689341,-0.9367109064558281,8.702089143537224e-25,0.011142116127327439
-0.5399676906070421,-0.9358960839975596,1.199292267444608e-24,0.01149424612567814
-0.5016573385914063,-0.9010101457521462,2.133229396996123e-24,0.012698136038547997
-0.4703925836061218,-0.9181123125483499,3.070177667658189e-24,0.01177361311530306
-0.4753519952808921,-0.8847614732014681,8.940775196390637e-25,0.011318435537883496
-0.4607917064987157,-0.770959827275893,3.9492990612702374e-24,0.011730852002093388
-0.426400115500882,-0.8297301998943253,4.670783294018503e-25,0.011478726276282462
-0.3712317689134025,-0.7628389237468567,8.351813338750004e-25,0.01131105111384004
-0.36502820786111795,-0.8657721388634433,1.0708311852462263e-24,0.011170214591381879
-0.39902472599296496,-0.9180161103726685,1.0244684216341198e-24,0.011068168491885215
-0.3961176155494935,-0.9482447281681895,3.309628246715726e-24,0.011785880456500515
-0.39298028038597316,-0.9786336021767241,3.86815377407075e-24,0.01211192129192392
-0.3951298858525556,-1.1029962018096207,0.000908907223594319,0.01436851999343625
-0.4373875010079494,-1.0384451512489754,0.002077386890228684,0.012716064577424187
-0.4891753962402929,-1.0980133534889873,0.003107939138964368,0.013093859306335312
-0.5025553799045042,-1.0009734239375812,0.0018751699545734737,0.012185122620583449
-0.4619053926412363,-0.9421049843547418,4.5325957572339084e-24,0.011187553443942804
-0.5239970101476384,-0.9888256655084204,0.00048192386042528347,0.012362562825307143
-0.5463212523012869,-0.9847423052349459,8.574736853023764e-24,0.011700336591934122
-0.6374115777632288,-0.9794626817595067,1.65588654436685e-24,0.011663593510432446
-0.598395257000037,-1.0375942561767797,1.1084225825281566e-24,0.012080252832918815
-0.6473747130960448,-1.1040730403117305,1.965624528308339e-24,0.01631617521215252
-0.5584957834829313,-1.0900079685566588,0.0016958122278116776,0.012775119889588361
-0.5339936844816032,-1.078927778649696,0.002690876333655491,0.01251541213754029
-0.5647236127685026,-1.1507943786237234,1.8748658067023402e-23,0.015891820787893408
-0.4923861876168248,-1.1343096855687835,0.00208037647251417,0.013743655484587227
-0.43719048719713466,-1.1869271586186825,0.0008309821357118286,0.017395420449497843
-0.38576918055578896,-1.1279612507931644,0.0007288468338070158,0.01503498181049723
-0.43564339026920695,-1.2210347967683672,0.0008053945349369508,0.020412798779107257
-0.28780048211919473,-1.2533698902175863,5.979374674052256e-22,0.01946527882740318
-0.29473146572642445,-1.2188742128784316,9.747175400714047e-06,0.01810669404563704
-0.24368925436893213,-1.1446061229417173,6.184274099046194e-23,0.014894439917204193
-0.32642226756634835,-1.1253563026257691,0.00019293525891516186,0.014773639265822836
-0.3772946528668278,-1.1839547163466624,0.0004967889913333157,0.0165981374006151
-0.3351565940502901,-1.0704532667551052,0.00014010664208861552,0.014249582453696771
-0.33374634977423734,-1.0469982948258942,6.182089837776033e-05,0.01368234109209222
-0.3605084288123379,-0.9397087345253369,4.463332736997853e-24,0.012145012635138732
-0.31861672887968495,-0.9898720450371559,7.745402684398457e-24,0.013141097377831182
-0.2652101589894,-0.9193107037014574,5.256160203501724e-24,0.011155871506655217
-0.2509814487319405,-1.0262737406353524,4.6003944825162554e-24,0.013106535605026925
-0.29723517032608504,-1.0953078996241918,5.481296599388168e-05,0.014600552863495615
-0.19493291920895212,-1.0582210823643354,5.481887336063664e-23,0.014013564759326209
-0.19240467838384195,-1.0320467874186243,2.7664997169442133e-23,0.013377305969723542
-0.22384986482533523,-0.9342049680714768,1.2651226758242155e-24,0.011553506246269586
-0.17935254535435785,-0.9875319761107164,2.741557953764331e-24,0.012909625411292598
-0.130931119833812,-0.9138474064260679,2.0007273909953765e-24,0.01073038674632094
-0.10891066115458145,-1.0146601556221913,2.679177684540475e-24,0.011653120189057838
-0.15802612382117326,-1.0879378372506507,1.2019443070486531e-23,0.013593097855229951
-0.12260591698226526,-1.1433721904785248,0.00013030565261251068,0.01369118945606694
-0.14711951245084318,-1.1520822842964311,5.110455627304731e-05,0.014103153092029858
-0.21223028422550577,-1.1067406971719698,2.778920517370402e-23,0.01411985381494171
-0.17179687402344282,-1.1691390867619789,7.3246686732592e-06,0.014728381653154547
-0.22842084823988773,-1.2349225564536952,6.76976828183564e-23,0.01991663454507492
-0.16104564154995707,-1.2485510293187951,1.8768422433655544e-22,0.019542919994020167
-0.11743705063396645,-1.264109433741527,9.457355405923414e-05,0.018405536412090345
-0.04970786729632004,-1.1995085788362065,0.0017311610732166332,0.012964656390819871
-0.07362349321301233,-1.1446241733563964,0.0006625259144342288,0.01309775400450199
-0.049000795625813415,-1.152752854255553,0.0010122335316423167,0.012586754904114018
-0.00470538161149632,-1.1035870838524031,1.6319192983729886e-24,0.01187749511041611
0.050805658962681355,-1.1698838104780005,6.538437086711248e-23,0.011358702946275414
-0.0036899115538831795,-1.2475829206820066,0.0028442177623487137,0.01438891291513072
0.06394719062354107,-1.2140941870394715,3.9515153861360715e-24,0.011755854558917887
0.19110071442534063,-1.2362129870522132,9.812709008372337e-25,0.014608752470766323
0.15010248818761163,-1.1703013352558325,2.6727001198257135e-24,0.011868348342097813
0.19306038980607823,-1.1081371574542505,8.888643141781741e-05,0.01211713310965174
0.10346124825589642,-1.15319203121697,2.3408436062772303e-23,0.012561545737199522
0.08467965819829798,-1.152787262453243,3.9027623943186164e-24,0.012246590868410283
0.06114229712632206,-1.0211174060823127,5.850212765808643e-25,0.0114899026991191
0.11213066928406112,-1.0779516960783642,2.23143160331446e-24,0.011565162571336876
0.20017255497126887,-1.0569108218773873,0.000723763943418034,0.012284057446958704
0.1472998714260411,-0.983319780700521,7.07182335921397e-24,0.011595239663386806
0.19167786231818734,-0.9183232666010305,0.0009506456785329702,0.012994621870625262
0.09686822264327113,-0.9586354585288592,3.0458317085637492e-24,0.012360217249241958
0.07608823102510033,-0.9612825600531937,2.757001331879008e-24,0.011973967916367602
0.0008553730054271652,-0.9117500373030296,2.073802916450649e-23,0.01149877754220259
0.04394919404248625,-0.9764219618710213,1.4200821023319172e-24,0.0119460424944153
0.024915226843721133,-1.0855179331103961,7.172096077168633e-25,0.01154965643546139
-0.029056035238321704,-1.0234473356514056,6.756926653344142e-25,0.011220751757507282
-0.08403698353647264,-1.087628691483225,2.1049600009391403e-24,0.012303930981955745
-0.05609239192990655,-0.9593905397956084,4.05627656783574e-24,0.011299202997058649
-0.04995115422061948,-0.9273686661450963,0.00043900565274427954,0.011622282956919553
-0.08366855894036429,-0.8407238308250311,1.9586682020036172e-23,0.011483133303528221
-0.03782096462335774,-0.8953840413978904,0.0009194235597764546,0.011661176312876503
0.03933760691912304,-0.864649035447624,1.823691246980333e-24,0.01196129635495492
-0.003034892833410033,-0.7998228811217487,4.141101797497871e-25,0.010709111642532613
0.04255979675200833,-0.7297231884080135,1.4922338322429082e-24,0.011665853609442759
-0.04911298148568251,-0.7512005136778227,7.990582978064236e-25,0.011155810285865514
-0.07175808833248293,-0.759461285412403,7.728921806963703e-25,0.011328147319077317
-0.04901046918861789,-0.7032850463120099,1.1809655514725731e-24,0.011557212880635272
-0.08209004519746717,-0.6467709284020141,0.0018500823279510893,0.01207108986429252
-0.06053846026647042,-0.542362986747566,6.734058543253708e-25,0.012262392329870014
-0.01726637762355815,-0.5988292429078357,1.2912203229335225e-24,0.011965021656196523
0.025159984862604706,-0.5302050857880577,1.4619226948027116e-24,0.01252822084662466
0.022111983129873253,-0.6570172699808163,1.802954021298778e-24,0.011285310368829876
0.017101968474023163,-0.6886665758744765,2.087287645475463e-24,0.011585707252654757
0.08428787587697276,-0.7075623077686775,6.365024725669636e-25,0.011092092397312226
0.05173128154352505,-0.6562048284874712,6.862583049496541e-25,0.011327701554935954
0.06568577194010058,-0.5487608426585157,1.5795489825107807e-24,0.01207702352902735
0.11942789484226551,-0.6129313872673915,6.609103909336532e-25,0.011764611400225602
0.16227138991878937,-0.5467893867322288,8.926885136415864e-25,0.012019034421751859
0.16804606785038645,-0.6660401781083962,2.509514194890766e-24,0.011669701660251957
0.16029231744887526,-0.7012045630319146,1.999952441518538e-24,0.011569040307311663
0.188161403524655,-0.7645522788415466,1.787489498551688e-24,0.012088753741278536
0.14973468002397014,-0.7313572764483395,2.0961646191815043e-24,0.011537222270848612
0.0664205670912483,-0.7423330570989382,1.5878659645305493e-24,0.011332755649274644
0.11697854319125847,-0.8162040793303381,7.579730567736326e-25,0.010911900847071639
0.06705878749707173,-0.8814006368710592,0.0001567563236601066,0.012172103424692373
0.15654231823109832,-0.8882970378233705,0.00044740578180244765,0.011696833299633754
0.1893629028467471,-0.8709565777859142,1.7440461934287708e-23,0.011925914005258059
0.2080161294080873,-0.8719844799155897,0.001112468085261925,0.012261693875121066
0.24471309911055886,-0.8950426812788415,0.0022788529643590297,0.011830552586176026
0.3364750837888625,-0.8953973769311643,1.281489296640449e-23,0.011880999662606702
0.2792267253576447,-0.8238403194779615,0.0022902568503680933,0.011816469059202837
0.3264351982487823,-0.7575458462655864,0.0013673798580406467,0.0115733890237142
0.23646382116086592,-0.739475211015937,1.3729780358050362e-23,0.011590976381149832
0.20046724408935207,-0.7633294766057203,9.123611674993748e-24,0.011928778335795419
0.2220670228272976,-0.7078313497769221,1.2336915008357684e-24,0.011541829169546991
0.2080277202412245,-0.6692245700293893,7.911473071436804e-24,0.01169939136033094
0.19877408161414462,-0.5524553659069061,6.03771148681686e-25,0.011790466031388412
0.25384637236863433,-0.6266025741453731,6.375517477920835e-25,0.011497440370029238
0.3058892360016942,-0.571681723872812,1.4266813126512664e-24,0.012743681983808127
0.33393345347417136,-0.679859543948159,8.108729181907738e-25,0.011284155337155445
0.3050557545370606,-0.7233230140009,0.0002363735389149837,0.011482848417146176
0.37526041211679284,-0.7141703296715409,4.979218691112843e-24,0.011912317977589596
0.36599205713997796,-0.6827239599091941,3.493182332069353e-24,0.012826154819433408
0.35023932743945196,-0.5620141722042011,1.1335758036263875e-24,0.012316475797289249
0.40855073309542045,-0.6348345414265806,3.4140382462477907e-25,0.011520121960019659
0.45872637252284754,-0.5865010664636228,1.1591954513651097e-24,0.01216891888702378
0.4923542007929523,-0.6873199090677695,2.7044945915392554e-24,0.01279430035365124
0.45720735346364483,-0.7356366533003211,1.6531154286158827e-24,0.012058044110480183
0.4860648403824579,-0.7889588318401927,1.6653682931905113e-05,0.012184013914408152
0.45873968685140887,-0.7790959938163483,7.119944043837122e-24,0.01202805730801025
0.3519108661434346,-0.7523469060656283,0.0014398852046350824,0.012097944908903289
0.41088063924591045,-0.8233684522907769,1.2482971411278832e-23,0.011927897726179356
0.36867284367736,-0.8820019225311267,1.6970105487900024e-24,0.011541748681568096
0.45658841908603354,-0.9186445599813823,1.7919858541301547e-24,0.011924889894803928
0.504659628104502,-0.871404910948464,9.377755426941762e-25,0.012448060644306232
0.4720509195676685,-0.9504372461285968,2.2997851641954296e-24,0.011850980328531931
0.48060226527676164,-0.9818159691818766,0.0004128378605732951,0.012208290474389327
0.5104270551075871,-1.100282104446426,0.0036137406051656557,0.017072010615626184
0.4502629105533701,-1.0419768232338718,0.0013210204858703936,0.012599909912937935
0.3966057957217005,-1.097065356859028,0.0010083487596805184,0.013090448840539632
0.36812682934886576,-0.9906338466260467,2.3033390934623154e-24,0.011956509627017872
0.4108966467837034,-0.9311297892832147,2.846546792582687e-24,0.01187893273900388
0.3361662753696715,-0.9732104381126724,1.1161925569543361e-23,0.012250865212516083
0.31219111724725285,-0.9665850118740341,0.0007776158082093871,0.012874468599020137
0.20969531690019494,-0.9192391570348428,0.0011404537658258418,0.012435378846120998
0.2616834492951645,-0.9905617324054021,0.00302996467699797,0.012076144629301783
0.21302441153822432,-1.0595014833913536,0.0008571354730509932,0.01240663595168651
0.3043550723558662,-1.0874206845173444,0.00020593402266082969,0.012101855770367065
0.35440430886125873,-1.0352678828000013,1.6187007827524186e-24,0.011955143354417958
0.3388512545093866,-1.161445135852958,1.8464834706582387e-23,0.014348607778466116
0.31902922616880836,-1.130079639597469,0.00015316567814908143,0.012633237565816469
0.22090368408088118,-1.1250056504229398,2.126135904355559e-24,0.011565208118004992
0.28148318344267353,-1.1905977964175813,2.931629093897165e-24,0.01374805131755512
0.37195678771655916,-1.1397074508290646,0.0007643891965610008,0.015157274961667029
0.487342907334128,-1.1138012861022701,0.0044061158808644686,0.01745054998776709
0.5335772986729277,-1.0312823383887701,0.000534571320785245,0.013618210452488165
0.5637926245143182,-0.9562158555423541,8.326100942980878e-24,0.012383653113239822
0.6282565517152681,-1.020697062742267,1.1427983008637163e-23,0.018847612264864092
0.6739548671510004,-0.9790483226949911,0.003496823626878504,0.0188677960943407
0.8517927633405766,-0.7782955435661003,2.663239073358672e-23,0.017794969274908763
0.9230378557744994,-0.6497131765439226,1.6945874953469972e-24,0.014527906874492522
0.8923690294222101,-0.7362177293975072,2.3643871526699357e-24,0.016475563475186108
0.86553565354316,-0.6903824488079722,1.5313995897531905e-23,0.014225905544315074
0.8934808324786101,-0.6535369056430087,1.398036117974002e-24,0.014111700085417945
0.8190868840824878,-0.6017189077130337,9.422559228082927e-25,0.012779005882107897
0.7663767165934521,-0.6642950521233477,6.039397441851439e-24,0.012776757637674652
0.7190922430768307,-0.6222076615496025,8.443415124607087e-25,0.013038072950058552
0.7096445860424313,-0.6555444579795351,4.195672788642846e-24,0.013916581325269264
0.708571684003075,-0.6801989213469308,0.00042606348914627076,0.014388842167863672
0.7381689646547298,-0.7265772505864231,0.0007407424093355913,0.0144496837831327
0.7717195983455318,-0.6992254352196311,0.0013922698234475187,0.01335177747125684
0.8293769520855836,-0.773034482562093,0.0010557395535034054,0.014951114623508817
0.7731596621216514,-0.8331771581107529,0.001537340859407481,0.0152933699786305
0.7817055496587771,-0.8637139507424227,0.00148619255203034,0.017794367246615404
0.722924198429056,-0.9355995534116344,0.004033475526768169,0.018308332350162927
0.693062190497312,-0.8311333476650988,0.0015564005672965358,0.013036826565149592
0.740719083351687,-0.7713303499705731,1.5986421251307612e-05,0.013568923624073475
0.6242508081751175,-0.7933195538781824,2.7971548229877975e-24,0.013020930112246174
0.6234059074899849,-0.8182719589602621,2.1773639415063314e-24,0.012905418608829017
0.6703930289221333,-0.9149369066646459,0.0029578151446757925,0.014098727805236593
0.612196690672987,-0.8583249395988888,4.8288393282890624e-24,0.01310958351345433
0.5616482827497178,-0.9236439688159276,1.2147246559233383e-24,0.012399793795513227
0.5287344900730575,-0.8258670795411616,1.8117675184260874e-24,0.01240106178144612
0.5787264647881474,-0.761392663247007,7.290607149494398e-25,0.012393652180652786
0.5341061899393679,-0.7053740437553494,4.646119088783169e-24,0.012428968780945038
0.5608539540361117,-0.6998036492846741,2.9981137614858695e-24,0.013121910739941215
0.6389092117264157,-0.7494364759540924,7.719344633698707e-25,0.012164575705140688
0.5872079039350211,-0.6865555746126178,8.083871253120126e-25,0.012279134972756367
0.6450022520557943,-0.6314450552755306,7.390731484218054e-25,0.012337366253295304
0.5667667729265291,-0.5958544659741742,1.1669171473227873e-24,0.01208106875768571
0.5096307229940735,-0.6501208288683439,1.0326109708759747e-24,0.012097826145681778
0.5206975675828003,-0.5333290147483771,0.00012403114495908567,0.012935313707096047
0.5476356353240397,-0.52826182443321,1.8814655007823457e-23,0.013213769984458924
0.6207513075555873,-0.5711336550315073,9.7923982769904e-25,0.01232342898249901
0.5741482557452433,-0.5156936428348018,3.556579646915385e-24,0.012221355235811653
0.6262321634463661,-0.45655513436203615,1.6093900286609206e-24,0.012698520228351566
0.5518868613709567,-0.4162770566714539,0.0003589002597966463,0.012976139017334446
0.5004261203522415,-0.4741303141604788,0.0017615118020170599,0.012594605066634101
0.49998780019428996,-0.3612386839626688,0.00016412391998736164,0.013770606690869755
0.5045323613436987,-0.33404340532672905,1.841278778697622e-24,0.013701548156810588
0.4681368666724842,-0.26734432126868546,1.1702165222900816e-24,0.01330979015200923
0.5164229599191967,-0.3077609683870152,1.2424307485387754e-24,0.013517459876497362
0.5760829632885756,-0.2586411456381542,9.738403524747183e-25,0.013345877056511291
0.6265293051348089,-0.33061102119150587,1.4737140046493458e-24,0.013061458382037719
0.566863242607217,-0.38121911822766785,8.391467647710032e-25,0.012961412273513556
0.664412868579467,-0.37502735850674207,2.4028458791891388e-24,0.013196631101188539
0.6732397727036026,-0.34421227543856225,4.939878660711487e-24,0.014157130701096119
0.6403016654047681,-0.28706850594974,7.739576022463385e-25,0.013029649385693327
0.6857144018627417,-0.3178461063054239,8.509651909728125e-25,0.013070000259142452
0.744590423148041,-0.26983997766067785,5.184057464803931e-25,0.012876854888226204
0.8028910337999193,-0.33932787553890653,1.0165362691735924e-24,0.012719788879838942
0.7440875262099507,-0.3945350044344797,1.0531793645912504e-24,0.013128911308605369
0.7800295527080805,-0.436673786330419,9.760232902570216e-25,0.012833200739749034
0.742824678939211,-0.45092562319626983,1.7643187106619783e-24,0.013033759006391218
0.6931399025152454,-0.42126955042457326,6.683469694108659e-24,0.013961307193106733
0.715576856651953,-0.46325568684691987,9.753709662656803e-25,0.012464638185547695
0.6701835822583134,-0.5171355392459199,7.753077334324636e-25,0.012857159805976235
0.7381986994082647,-0.5798406686070817,4.1261187473466065e-25,0.012280602477676244
0.7987832226810108,-0.5260826265781755,5.396228108417443e-25,0.012566371588337542
0.8366677787722105,-0.5573109517518358,8.99195485291142e-25,0.01274188838238628
0.8576574376776965,-0.5153334938414815,1.749576174482149e-24,0.013214606855703928
0.8332044358094111,-0.4709119419315586,1.2294477291330729e-24,0.013533189930319113
0.8694875098535942,-0.48685147399621614,1.747644559011808e-24,0.012691911853383525
0.9248348408916076,-0.44012813816253105,5.6751547986933546e-24,0.013479692656261612
0.9864910484734892,-0.5079007592567436,3.557830186269412e-24,0.014308159184436908
0.9318773563278686,-0.5702241757340847,8.56185786035611e-25,0.013998186240664519
1.0032255285734921,-0.5517890959288988,6.567466607184907e-24,0.01744778229963536
1.0153324956639365,-0.5027361511224218,2.6420678217265503e-24,0.015594036339611286
1.0255369766459705,-0.40889450259359306,0.00028934095937539886,0.014882933516392463
1.0607407929336872,-0.3968893706753297,0.0013637417125807359,0.01530495735629203
1.0809667475287084,-0.3256424527481306,0.000567179538338087,0.016153819932646724
1.0405202932169662,-0.2691322928036507,2.14164683871681e-24,0.01425667540919682
0.9917273150118413,-0.3078000108028302,7.387442996346547e-23,0.013268424752513533
0.9407452448772174,-0.27933735148493744,3.1281656855845724e-24,0.013165301213922268
0.9495665031187811,-0.3075869000031547,6.796191726457778e-24,0.013208065677033464
0.972684096930349,-0.4214446493702186,2.3640867890090268e-24,0.013510110355971647
0.9060389153974255,-0.35930864618480474,9.620287649520882e-25,0.012812835454258733
0.8503068629463044,-0.40547066912848406,1.3332652513877365e-24,0.01324036255341513
0.8159005625822451,-0.31240581822648317,2.420151834619573e-24,0.013367722037677127
0.8614640375142651,-0.26206752487178164,2.3011007639302166e-24,0.013389145462418997
0.8525661065126822,-0.2341901005140924,2.0067365400544382e-24,0.013258913417453552
0.8437122416546308,-0.20649654394830533,8.345222315184939e-25,0.013230133482543665
0.8096152951476664,-0.09771667308661766,7.087924251162986e-25,0.01339532933196518
0.8786379752112937,-0.15348940020066548,8.098196833437154e-24,0.013311315082833458
0.9401575494727299,-0.10487713861121536,0.0003047884182999719,0.013333850510198978
0.9696537345246985,-0.19739296860434458,4.870962695184257e-24,0.013189029820108207
0.9201316817234755,-0.2507740985150331,2.7319502044680277e-24,0.013055275324202368
1.0055072749587912,-0.21232960205942047,4.929340735835876e-24,0.013351217373778783
1.0327492490016417,-0.21784877350874926,9.607120008073866e-05,0.013755245006253917
1.1371742754150411,-0.23212492891851635,1.327895889598988e-24,0.01781945091745897
1.0755626423046631,-0.15383718491614318,2.7336801780699114e-23,0.01448372656898207
1.1360554478957785,-0.10477135187871442,2.6656986926733493e-24,0.015640048926315816
1.0364909015860913,-0.14420759071067984,8.523731274647936e-24,0.014092465901954813
1.014336773856312,-0.1436837872094974,1.996486162151474e-24,0.013951184732150798
0.9835444870383401,-0.028708692669886057,2.1931701194321488e-24,0.01387291873917179
1.0441012449932732,-0.07673881559653216,9.152361907105551e-25,0.013194376547328308
1.1636916397200148,-0.07127869765495785,4.236244009639282e-24,0.016766797521158287
1.0734613739530432,-0.035836741332363684,1.3431909316625316e-24,0.013502820237197477
1.1631004823201356,-0.0021023298817375025,7.257991845998025e-24,0.017797908286291287
1.0731246139790902,0.032429727157717164,5.288991362642075e-24,0.013323394143652002
1.0355261430852833,0.005560103879689304,1.3365492248708708e-24,0.01339997070953037
0.967728757228342,0.05916447028809804,7.77711444032683e-25,0.01312370807943076
0.9002263951623781,0.006450479081864441,2.8132964861883717e-24,0.013763870151108568
0.938722525892757,-0.03453104848555362,2.0929810933657704e-05,0.013881838844624735
0.9025219696037563,-0.04664720163240567,0.00026586953085487407,0.014607267291352742
0.8791210361322845,-0.04731818544752581,2.9785918227571194e-24,0.013378273372400459
0.8338309448991877,-0.02443877059742977,7.22463410162894e-25,0.013365504032867629
0.8633195652742287,0.008194836428230379,1.282295146146191e-24,0.013802747899114532
0.7937536111619578,0.058958162248900575,4.888302086917566e-25,0.01369136175223371
0.7285608726155166,0.006483589349838462,1.3234178729676142e-24,0.013819129868970301
0.6884845285505312,0.03397890017948395,2.888258605718013e-24,0.014391255651935705
0.6688629912710649,-0.0013913341547256292,5.6917553661762165e-24,0.0141185152008151
0.669327553774411,-0.020176687326437306,3.491925586616212e-24,0.014237182924454597
0.688230335521004,-0.05489255604130036,9.836167083993499e-25,0.013763154970280647
0.7292308600979204,-0.026481734462817028,4.9254229764234206e-24,0.014114456615336488
0.7906280218248471,-0.0868867239445296,1.3965417538719413e-24,0.013952563010976518
0.7335973425240201,-0.14455223571236508,9.874513480726015e-25,0.013927223426407164
0.7648072956638245,-0.17946409021870013,9.307514183602645e-25,0.013835738395913564
0.721993892134221,-0.20400004619160922,2.742738095619003e-24,0.013866052859848441
0.6965364523295213,-0.1995118254040957,1.295813553850036e-24,0.013820317867005227
0.6623966997686644,-0.1870231328324192,1.3272469364029622e-24,0.01357958651628553
0.6996090385917122,-0.14651039188967205,1.1474821820849329e-24,0.01383272566836641
0.6301160826822905,-0.09128669251523114,1.2344138610328789e-24,0.013868542190157864
0.5562821804305584,-0.1302424261164823,1.0693876476071827e-23,0.014560723734397088
0.5902065628716509,-0.1668295339599697,4.005458369837274e-24,0.014283896887945203
0.5469820860117818,-0.1983507768056457,2.2741460429760863e-24,0.014173688045187231
0.5174409114758338,-0.18934686068479806,7.942833822860084e-24,0.014787787627244786
0.48793584977985893,-0.18027452688604323,1.6522696692437032e-24,0.013780877535538576
0.5276844843950577,-0.1380450574847711,1.0432562147626221e-23,0.014392570437010125
0.458826726552114,-0.08207827682769275,8.724719844822842e-24,0.01450683071123933
0.4906562145187235,-0.022271715912371412,7.134485552381731e-24,0.014586533005512844
0.5369005929103919,-0.05617204773669464,4.31709735627817e-24,0.014355905023165529
0.5801025470221679,-0.013888844279448545,4.4166209309058206e-24,0.014689260544315973
0.5716820928416619,0.010863854272390033,4.81918047318054e-24,0.014574835105965862
0.5634804248717205,0.035255881614660756,5.9934636063261925e-24,0.01468240954001503
0.5118587089835467,0.00026545013033914266,8.470121863199566e-24,0.014277003755819188
0.443363497070291,0.0488044215002281,0.0001420853260138558,0.014462085395891828
0.3623389499987027,0.028048864339204685,0.0020451172635013374,0.015066162682048382
0.4149309984474169,-0.00792925360519589,0.0010507623579118774,0.014557875754566222
0.35963401932685457,-0.044400339728755706,0.0007641256504629336,0.015431691113926333
0.32972985446652886,-0.03618764916788983,0.0012934353153192773,0.015297063130416504
0.2998307975289864,-0.02795713466425845,0.002912194526702458,0.015380749432330885
0.3406146102112037,0.008180937653687728,0.0022602525862188442,0.014939234243645001
0.27845607120955346,0.05789388220068438,0.007134813625751839,0.015452810012730649
0.20743489387966252,0.01715070919310173,0.013821616483703267,0.016818145726482787
0.1539492184560421,0.05611100468705414,0.008312053139706349,0.016086085457817468
0.10797633314429639,0.02649023793785714,0.0016633251418530217,0.015559828201725598
0.12475107964961141,0.003280567165905801,0.0025177627505012447,0.01666690665522879
0.13136439574631975,-0.013919059718889681,0.0023997667822894617,0.019330987572886944
0.18021501104737486,0.00578446606969979,0.011398917892839887,0.016806862673262955
0.24727638442971062,-0.04044167659743944,0.006558623344397162,0.015881620835255975
0.23308288394351534,-0.11896224398221741,0.0024631569245864076,0.015559170763466195
0.16931636751799534,-0.06231478239296165,0.0005150157148497886,0.01730069568288585
0.13367279807997032,-0.10074264699741448,2.1769999997492214e-25,0.017621188622335106
0.15665646851029685,-0.1383747770923494,4.177873017863995e-25,0.017432936942578196
0.1604536957200156,-0.1577001209750122,7.26639949825348e-25,0.01806825551712834
0.20626503290417553,-0.13505048543621623,0.00030732215245761116,0.016195727595117174
0.26735046354580827,-0.18849001991011938,3.2513838596560134e-24,0.014001217248045266
0.3610942162671869,-0.1814340826919562,8.809636960175058e-25,0.014141131790398331
0.2949303386318431,-0.1155075144692011,1.0904310420375972e-24,0.014477364078325493
0.3486279848485818,-0.07787894270428569,4.5558127631840076e-24,0.015268604633629859
0.39438730611538075,-0.10310358211500939,1.2236294455422127e-23,0.014689548746244018
0.4175436124735231,-0.10360073475704024,2.6388151744709197e-24,0.014599236201362645
0.3866075758237746,-0.15047234897788678,1.1532527456311175e-24,0.014069718272185372
0.44194837734737036,-0.20724912636811924,1.3067208397359535e-24,0.013827569507651107
0.42982031171760593,-0.2983580955815272,1.224791112901246e-24,0.013453343815147688
0.35345403218440213,-0.22963928633722255,3.2577803052583823e-24,0.013876173307372888
0.3071320133039361,-0.28390803584236524,0.0011215240817761469,0.013946938509345912
0.34610773791401495,-0.33056708540134017,0.002340320700010537,0.013599553771603235
0.3425542961974317,-0.35794948178355646,0.003172026748679987,0.013845141681178468
0.39240266404075574,-0.3290892524940041,0.0010955992044390228,0.013737146473441495
0.45245437178091524,-0.3840439538875827,0.0021448454636040643,0.013181573867490515
0.4085840559878735,-0.42203357311393763,0.006196290073191021,0.013533920116798848
0.4764021427252638,-0.5006120352171182,0.0008576154157597665,0.012340930911678172
0.4206718850969251,-0.5534792089406008,1.2392035433540956e-24,0.012597628736442651
0.37110517300424983,-0.5056699945277335,0.001522560954170469,0.012945299633744798
0.34553601151170477,-0.5104768991345143,0.0016252799779976313,0.012978198183826003
0.3681351855605191,-0.46057388601319726,0.004961178301337205,0.013862111360213116
0.32157559414570924,-0.4030879098943728,0.003302023623978157,0.01373280692105394
0.25633029175573596,-0.40374762493284666,0.001590031684374326,0.01357329639271717
0.3166923075551815,-0.47880704476985764,0.0029232423458970718,0.013243994515217586
0.2694947994798093,-0.5379486633810635,4.9289638398133364e-24,0.013077745820993839
0.2169238650149775,-0.4824139536895726,1.6370478937098898e-24,0.012834251383986113
0.19315126213862077,-0.4873655778251407,1.0129540321455643e-24,0.012783788642880529
0.2093323011663314,-0.4415879425594619,0.0005255385249530566,0.01397304324462501
0.17122402416018634,-0.3888989426170767,0.0013858670805115838,0.01341281146807025
0.1796419117725718,-0.29253762865397537,0.0012912380335047874,0.013988086679756206
0.24344042963082485,-0.3589156532802794,0.0023016492130207367,0.013506229529138096
0.2944833937339325,-0.31000017367740873,0.0015100594775443908,0.014601497861818566
0.24122182617062732,-0.2477107759520113,0.0003917665409705293,0.013964148185474161
0.2460696261751411,-0.21919438924580056,1.073901465032069e-23,0.014361549829375372
0.2104194639295115,-0.23342211830193102,3.846650557670382e-05,0.01478084601048022
0.16776121011840459,-0.19743962598553616,1.0913328467282945e-24,0.017067501199998347
0.12453325306656579,-0.24068424827499052,6.79757304862656e-24,0.01578667533158514
0.06414440390928144,-0.17242054320531974,2.8542681866608223e-24,0.01604116966090284
0.027373635009756897,-0.22082200852905853,5.440278643934411e-24,0.016138953560315184
0.0709585923835638,-0.28810348449775103,7.847385930993306e-24,0.013693244872725989
0.06348118965672275,-0.3258508492997918,1.2809605471412085e-24,0.013421004371237815
0.09435210145701747,-0.3068374999706741,3.2042246461255923e-24,0.01346130167837529
0.12998680896524817,-0.33353101107981487,9.660091024827673e-23,0.014566565055490421
0.11080628213144078,-0.3687988624774096,9.213334912218758e-25,0.013133232411500577
0.1650830148190478,-0.4427697754823122,1.8180096046067743e-24,0.013251821280078176
0.12441016031722299,-0.5073224024750765,1.0379499269087406e-24,0.01268019802943879
0.07428100170192414,-0.4478124020925858,8.153094684926998e-25,0.01274098263842656
0.042916980909319,-0.46855656873053386,1.2001400939769254e-24,0.01248843543062091
0.06094554967601598,-0.4158713815522427,1.5969808503470902e-24,0.013540384895923449
0.046842395988894586,-0.3754711561627469,9.791053375470355e-25,0.013576779124142058
-0.019226670647386618,-0.3531089492902705,7.727951363399881e-25,0.012789927505053806
0.029379474508159253,-0.4210945592781907,4.239245109298554e-25,0.01253501018214565
-0.004540062793797914,-0.496806057318524,6.104208347727663e-25,0.01249320574355464
-0.051181709658102675,-0.4325686745345189,6.563976179026456e-25,0.013006843725682851
-0.08045355417707062,-0.4697238563682988,6.38413685332847e-25,0.012782501014130964
-0.06107116768162342,-0.4008824503081987,9.26163171194007e-25,0.012863856350608516
-0.06697148513197516,-0.3670785863569411,1.96276037652434e-24,0.0132248160941293
-0.07023924202684262,-0.2412158737592507,0.0017267824772392514,0.013672595862135536
-0.035189243851374466,-0.31472954435984307,2.7577434914306284e-24,0.01313723790202625
0.008442046829647581,-0.27535748394770976,1.7113813530836343e-24,0.013578920067712776
-0.03302716404319088,-0.19928290612236157,5.2180139864872486e-24,0.015180005190696974
-0.015532267518792775,-0.15207528382753843,7.137741228428716e-24,0.014885725325435903
-0.04945798474652206,-0.1809501138384444,0.0005384165617513333,0.016505996357554745
-0.0637557829546418,-0.17156607320295836,0.001201688011677245,0.014850844428458403
-0.04699932123875275,-0.11830968643045431,8.528585668712696e-24,0.01672245214615369
-0.07174384328555042,-0.04688888953449777,1.3408147438035724e-24,0.017188479619374128
-0.07176335758255296,0.014148886070825206,2.990172716694449e-24,0.04954010885490691
-0.07153532374870387,0.021557439936357947,5.132305951689484e-24,0.12857631001559833
-0.07120267975042328,0.02919822422926699,0.9291200025836391,1.3523087975751509
-0.07092634658346662,0.03524013285891023,1.1813841757503525,0.45521781932353295
-0.07071101218167147,0.03976669305224917,5.012809641332676e-24,0.3016010726047133
-0.07048810478370893,0.044292800767711804,0.5772277696113957,0.31076161274111974
-0.07025715875605874,0.04881841868527256,0.4962537130955874,0.3063900153889843
-0.07088318706027617,0.04906385919151299,0.47769270912719425,0.2655596505480702
-0.07147352378190423,0.049153516941767644,0.4815012168733311,0.2735149146135562
-0.07200986841822579,0.0491663475274349,0.4541154223297392,0.26462805002822765
-0.07249016610742784,0.049104314571803226,0.46355918489590475,0.27754790405540036
-0.07234400619327068,0.042507592909274194,1.3557124057039684,0.9915788094417408
-0.07218789007896304,0.03567495593426501,0.9105930590679367,0.4856278554134334
-0.07235503065852479,0.03287470131755088,5.3364340628188,1.2685913110431561
-0.07247788311576969,0.032973325545341214,1.1238936462556952,0.5335908815355095
-0.07297914539553417,0.03885566217583705,8.897986685987353e-23,0.48919155076345033
-0.07350714225916412,0.04473403469009776,0.9435365225825946,0.3352979013207919
-0.07401645474323228,0.04765686814727163,1.747893328571519e-23,0.3583791443266978
-0.07411904748334178,0.04621844793056598,1.174343460497733,0.4092132298485141
-0.07195036382872998,0.03152075726596981,3.091572177934781e-23,0.339434602081184
-0.073055171211146,0.04212129704032008,0.8146480175837266,0.3453655374360244
-0.06150691477490662,-0.03028543189263505,5.415722124355679e-25,0.017702397836079402
-0.05590302405584789,0.017487307764019577,8.42330653346771e-24,0.050972035826356295
-0.020382186678748,-0.06593949368647906,3.435483395397646e-25,0.015977171478293372
-0.04004980535480303,-0.12159955754508345,1.4286617057316323e-24,0.015029340175433715
0.023783749172903823,-0.12250897738668978,0.009169592630191454,0.01903805715176288
0.04239291399954692,-0.12129677970690672,0.019820231666123452,0.02236381715478545
0.1035238107813633,-0.16847827789637296,4.432758638453758e-25,0.016173780955256893
0.0606251280701946,-0.11345808002683533,0.02564529940307387,0.024738915467843906
0.09310159054733447,-0.06895831002696337,0.0323667652129133,0.030155672054421746
0.024097234046840388,-0.02094659656208367,4.180228627257555e-24,0.01840458559005181
0.000670157258111953,-0.06153441785982544,1.868544317150816e-24,0.01808461093618038
-0.022158460723525897,0.024124933669475213,4.245503047009817e-24,0.03400066770074257
-0.0011741078554566298,0.03876964112265985,3.0633679823429746e-25,0.022070915101700454
0.05875789570708817,0.0010643098852377575,1.9843129615761934e-25,0.015983608034216744
0.055477392003065285,0.015944358067643244,1.3846813952539977e-24,0.01655311387416802
0.06104638827837222,0.033750977770937454,2.0211955054548156e-24,0.016201735404806895
0.0018662203652863307,0.06781601263470742,2.4949261304034564e-23,0.03862605519876483
-0.03201419467787897,0.07257697106198387,0.30290322057432517,0.10655901278725952
-0.03919802587765153,0.07610445940030923,0.6266201255831353,0.31102923426677914
-0.04985804256804188,0.07734451495215047,0.8402819402925648,0.3254299225026625
-0.048111361532191865,0.0757375790467793,8.171705292099695e-24,0.37261845296605345
-0.045542053009104744,0.07316368056554001,1.3711265003037907,0.48133636099765004
-0.04126250789165914,0.06839124864449155,0.6661767335764192,0.19826514322891728
-0.02180051124802293,0.05616699446247739,3.199808528923175e-23,0.05477824534906404
-0.049752267960584434,0.06723241409829434,0.31461033115663045,0.17474030757837847
-0.08482725920464754,0.08402418873595739,8.172744974203926e-25,0.0596270460742477
-0.06388762565037415,0.07536411098726133,1.1969960570054239,0.5102367003362035
-0.05653628687617582,0.0740307229692284,1.1552967697055028,0.4159716686389053
-0.06052556962927522,0.07718498179512492,4.026345545920164e-24,0.333112981794116
-0.06389994090383441,0.079144229345849,3.7312216687851283,0.8608427419874854
-0.10901664030415228,0.09143967060129966,1.8121107706533847e-25,0.022982946698466008
-0.11103833073713457,0.10989557968251588,2.6635477522669627e-24,0.02528390114123346
-0.08608623119853209,0.08169464766746329,1.2364505270392592e-24,0.11983709473380842
-0.0693446453178234,0.051552436776007876,0.39836991621254353,0.24140652029816476
-0.10546748323845996,0.11144803170624618,3.456257025969104e-24,0.0226473323687556
-0.07995187835517716,0.06829639451896924,0.03208999704845949,0.15748077118261217
-0.0766557574540036,0.057889079872842475,3.7942876651337394e-23,0.1982254585558738
-0.08020742265700659,0.07605728918266061,0.13291227645537965,0.168874790984411
-0.07835939940288203,0.07015801506679065,0.8081470417022625,0.45170693162217673
-0.07672922467721824,0.06171160092795358,0.6692356017099408,0.2855534057613832
-0.07643760749143147,0.0625740988725158,0.810859774745207,0.41425360732008765
-0.07601093763883818,0.06332577228987357,0.6841156622182324,0.30854131311272526
-0.07545172065915393,0.0639595204577928,0.4592157600008688,0.16340199509376568
-0.07658534070861477,0.07370473482287554,0.7604922992341681,0.38310659513960227
-0.07688404679433566,0.0800220351621855,1.8677846466552668e-23,0.3192412983199997
-0.07552724029960955,0.08061854522086345,2.2269731805646177e-23,0.3351186178355245
-0.0739795662961497,0.08100945988156014,1.8149984406271335e-24,0.34006921467867474
-0.07340188458330334,0.07877665036827827,0.030760175044506052,0.3157274085985131
-0.07328718551712866,0.07549678680383698,0.16058859235456444,0.31979314141376236
-0.0731768193964282,0.07221670204447705,0.34686982369064534,0.2303142324230621
-0.07307057979314326,0.06893641009215837,0.4623091050783929,0.1975163863420515
-0.07296827318160216,0.06565592385848382,0.46040410493257533,0.2554913058003263
-0.07235397157648203,0.06516195095054761,0.46005445776641124,0.20334032649846726
-0.07158344330785002,0.06517753801143067,0.45911085675905816,0.20303190991005604
-0.07075995692925748,0.06511950768883396,69.00888745476152,5.848421112082886
-0.0698855488426363,0.06498605937990704,0.38423555970174583,0.23290299685994723
-0.06921307806278687,0.06739512575436618,0.22767632153770753,0.25365684136691463
-0.0688464938696774,0.07326130385938484,1.564662447958262e-23,0.34987001602551693
-0.06845945900291475,0.07912605484392049,0.7905289354610587,0.5669299192826079
-0.06619616276381617,0.1078053129527404,1.2305047412688184e-24,0.11663564079245739
-0.07766129270563968,0.09629229746710932,1.5342100330799456e-24,0.12357379476707717
-0.09965645090912853,0.1686919427423423,7.452183283744184e-25,0.01671176714462172
-0.09970220092726668,0.20592824580231028,1.6498455583489342e-24,0.01546820497826656
-0.2051785242070124,0.07745249929178875,0.006047107568215261,0.015575021236461284
0.08718082768064478,-0.19253104458096665,0.00033282995966455765,0.016512617824949415
0.05654210224021349,-0.11027809344042858,0.05289338264456151,0.03140791281352603
-0.044839853430164375,-0.09653004301704367,3.445497401846576e-25,0.014847827508953217
-0.014858619805049156,-0.012737073551424172,1.7135970119338107e-24,0.01972591875365865
-0.10226534960666567,0.05462846323115243,4.9635609467047495e-25,0.034057659060187484
-0.16342351858131907,0.09405256218081279,1.1767075663935727e-24,0.01776959116348724
-0.08016151284421799,0.08074564368957256,1.693322453212399e-23,0.21807842906694588
-0.0666060403425873,0.07823619103067694,0.021349909334026924,1.3388074275793918
-0.05891280027384657,0.0713046306866628,0.37974099537154665,0.3153689909860993
-0.035010041136912445,0.07996913978669638,4.885350637427402e-24,0.168554844318194
-0.05170375887770717,0.07893456595465485,0.6017469262814251,0.35785354985663625
-0.05147658450211284,0.07870990797978758,1.0950300025095807,0.5698315612559716
-0.03062780525911543,0.07912854082831593,0.10222806148277142,0.07508728910532264
0.06820901128922979,0.07956839922248758,1.693523570226786e-24,0.018272058743378214
0.007746161145858743,0.08884946798822575,9.197530201280679e-25,0.02063519903816962
0.07189295435085225,0.11480064655484518,3.94180628760945e-25,0.015187659633982876
0.011584524014605663,0.07449282836791724,2.0817164184935685e-24,0.025979093770731595
-0.04632345396994736,0.05882951957086785,0.20844551972662703,0.0849212794779083
-0.010973254210849714,0.03313953545874673,2.7628130579843577e-24,0.03849025457804174
0.06288050432477924,0.09149031442150801,5.047833859984031e-24,0.017739515827593248
0.060009636978501535,0.10624164069362382,8.141672400215234e-25,0.01600065242083339
0.1080229031143799,0.14416451013620826,7.852056254490531e-25,0.014423952129951815
0.11969674673462527,0.15384750077529694,4.257453295867226e-25,0.014964558684863712
0.1317774607943173,0.16597773578909295,1.4286528447660313e-24,0.016513353975306927
0.08537688545670596,0.11149121468873827,4.6973706823399e-25,0.015030397101249383
0.10702155629007608,0.1250698866356803,5.189943958202551e-25,0.014870783603745637
0.08301456097267905,0.0626358231399797,3.7974737225327916e-25,0.01546240358752114
0.0625056819077167,0.04050950317933044,2.0429513125797997e-24,0.016861294354967575
0.04647584207557233,-0.025211897565159486,0.0018820173488662902,0.019425521948477513
0.06053964326436749,-0.03185801882377856,6.0040008245992946e-24,0.02132882982500257
0.0704670200923469,-0.030877413150824345,0.0017354151207105107,0.021432065769353796
0.07616620391710618,0.03267541752912037,2.9717663287605126e-25,0.015591841466994218
0.07634196925044909,0.0950037635981637,6.273458464581136e-25,0.015619258940362328
0.08994841831371049,0.18266235207188675,2.843497993294087e-24,0.014539946253831263
0.09894956313390671,0.13582134582702649,3.823842292870817e-25,0.01517331371838808
0.12589343644950807,0.20489313614758184,2.684137355077711e-24,0.01479315924576232
0.12864738570812834,0.23383469585273256,5.0088314639365606e-05,0.01479068838339809
0.13008615795032372,0.263483732764467,6.808363954792053e-24,0.014291434065983861
0.10256144093258229,0.21015732690280342,1.5296463661897035e-23,0.014210202145538487
0.07399243101907904,0.27104209115496036,2.396502320292524e-24,0.013672289991882152
0.11216819910799017,0.3530668949983601,1.0896897251667972e-24,0.013707669858698902
0.08065170183144346,0.40383056279737933,4.725366160592878e-25,0.01291846208291267
0.11893719446374545,0.461226305600782,7.949541546943886e-25,0.012809077417761532
0.13904217146519898,0.45075093428432944,2.134717229740548e-24,0.013471325224701037
0.15440016144363858,0.44870141430912325,4.389201547265358e-24,0.013339891975978296
0.12598398758197998,0.3862081203466683,9.556113334016775e-25,0.013390546146454458
0.14958221238755065,0.3246000906155936,1.9344929136797565e-24,0.013793290294276893
0.20884834066921,0.37455502958377385,1.0248485954441256e-24,0.013608778466913728
0.18592133819075415,0.4230809396173715,1.9528824243735097e-24,0.013984531021615482
0.22854499303150058,0.48512188475852447,0.0007989238050846906,0.013499407963073038
0.24954907357172115,0.4740468611311332,0.0019560129782498197,0.01541173040188553
0.2629150247723875,0.47820463026506965,0.0016731854478428804,0.013913389850176946
0.22906988412673862,0.4119725462918352,0.0003573271033740996,0.01368958380324287
0.24349417697458603,0.3678851661243041,6.90244483610975e-24,0.01361146212923588
0.1984893395191887,0.26958147348445005,0.000745840614466372,0.0143817493585069
0.18506815428879078,0.3028500016949762,1.796331247136538e-24,0.013915894062283626
0.14632974800495488,0.23036270898891004,3.359512144291649e-24,0.014976020129771233
0.14169557067774244,0.19585504870117765,1.8371750087484562e-24,0.014861461811649589
0.13293532790780613,0.17519471051378438,9.346599046361774e-25,0.014856479709890581
0.16948185456761125,0.2299595097260866,1.3929569657265638e-23,0.015014778768643013
0.17491194030362447,0.21637978864583335,3.952896751407729e-24,0.014348262699550205
0.2360452456246517,0.28839514019478923,2.1560180314075787e-22,0.013805233282549362
0.2608351323951513,0.27083024516023957,1.963648602790587e-24,0.014324617721387042
0.3272617174327128,0.33505516359726834,9.980995146771463e-25,0.013917197726688514
0.31508143400040733,0.3558053023834621,5.469010052894714e-24,0.01395438470924257
0.32912275389413004,0.38002261408840776,3.654416581990195e-23,0.015096667033693811
0.27689385052695537,0.33171312324328595,1.442174898585085e-24,0.013762018216949118
0.2583455050551894,0.35335765007100534,7.827825848013115e-24,0.014015195356588264
0.30461065468540943,0.4089301045673171,1.9684512778692042e-24,0.01356271297712854
0.28334092748618317,0.45870375197832525,0.0015020294155398475,0.013959543389600423
0.3392661395206743,0.5302885716949033,1.991133516404213e-24,0.013126439716962472
0.3623852832636408,0.5029901188395769,2.643536211529892e-24,0.014353593151772405
0.38453903396402583,0.5173080418412592,3.4557482908954404e-24,0.013851845142852358
0.3484457078413239,0.46110321531489207,8.090358380188553e-25,0.013396167324639805
0.3651651593720954,0.4286668933709079,2.4710044976195094e-24,0.013668152293125157
0.42499871249945054,0.4583822146424341,1.2846845815283598e-24,0.013118951792219264
0.39786679722382434,0.49968641197996944,1.2615001555152041e-24,0.013299534557611072
0.4592970543120483,0.5707730397744009,1.4234074064614426e-23,0.013138126736951614
0.49025412069965524,0.5426507128526676,1.4959813093668314e-22,0.014795098049542271
0.5154440838308507,0.5560912067324856,2.9643352345827323e-24,0.01297308536271479
0.4831046020650532,0.5097304377515385,3.22861665763626e-23,0.013429418182713185
0.5048631614923178,0.48025817417183936,2.625527227587419e-24,0.012944968314446486
0.45923134276787997,0.397224415330948,6.819668990807856e-25,0.01303557995264795
0.418759430455977,0.4253867334844058,1.3326935697308808e-24,0.013088129620081232
0.3499163687760487,0.3618014693173071,1.2272967996456806e-24,0.013565054752542837
0.37468378089847276,0.3341874754331467,3.071007236747386e-24,0.013780433101117786
0.35813993075287753,0.3097539215017207,1.2316360667726519e-24,0.014156841355646798
0.40208836943080833,0.33622033582302746,9.940825487786007e-25,0.013335753706581419
0.43451558709040033,0.3223003402064453,6.776522473979338e-25,0.013152994073986941
0.3999913241935661,0.2903688673738104,9.590838639149e-25,0.013396296743533103
0.4449518274735403,0.2535849373697308,0.00047322755622606385,0.013755283315684087
0.3786695232576669,0.1998082464544642,0.004433620020009811,0.01479634629697932
0.32914241920929477,0.22475828849383936,0.0005396296060399528,0.014275499837089214
0.29067608750796753,0.20797044820773633,4.13014896370901e-05,0.015248501571708921
0.32108418980487186,0.24029268052232022,1.6309630521454736e-24,0.014134673029767316
0.3116826341670065,0.26286185616798574,8.088756024163226e-25,0.013930544756234125
0.271362004834233,0.23486007776165335,2.003381665773229e-24,0.014571087092995956
0.23620514404279194,0.24887805421240722,0.00034748054985241284,0.013870558424210188
0.16457707030225865,0.18911929397817467,1.9048341582733403e-24,0.01495438611915308
0.18329885826391779,0.17916766264423564,0.00014767758096115728,0.014939831895113952
0.1514943087601403,0.15273231374729246,1.0388689466146769e-24,0.014536062886298566
0.20499468506781715,0.17992620724971237,0.0006902518773572699,0.014777473511603625
0.23648895998219016,0.18006411014956075,0.0007104445903121912,0.014632344078287752
0.23720063250563178,0.12997505884874463,0.0009150177986567632,0.015122153608870006
0.18725300764980213,0.15580361116134034,3.084318049326922e-24,0.014905580618820963
0.10738740948488629,0.11779882893104399,2.5271302259260665e-24,0.014957214480986598
0.1569140048206616,0.09571377362565162,0.005560300227889277,0.01587363411201158
0.12308533475864603,0.07292274577933423,0.005468459222613188,0.016074098836101957
0.18591826139295164,0.08888457834241081,0.006819585766547542,0.0160460941947077
0.21825354926705004,0.08362436902297711,0.007190238925727997,0.016283199262066714
0.3352610612126271,0.08157160590307724,0.0021117052373653034,0.014821891250202427
0.2694525274685139,0.11841218577530951,0.001170795045861323,0.015185252034570657
0.31921912389786683,0.16842575950380467,0.0016331535179664024,0.014568037668624308
0.3814071557701872,0.13420507005517285,0.0020962593746407026,0.014998014624180262
0.43237294536255544,0.1658063767972186,0.002301245427249524,0.014718996234196164
0.39556773776842225,0.11396108787622791,0.0017566408339577603,0.01513372704192174
0.40259913505464917,0.09280752305981411,0.0016175080719613448,0.015080022536415298
0.45636602914508984,0.12672108930705156,1.4635168913779731e-23,0.014360510332455678
0.5181818732923065,0.07914006742273841,1.1544270898148055e-24,0.014265541940526861
0.5961623181081126,0.107152259205405,5.975265873853665e-25,0.01393200547481446
0.5355207301183562,0.15594673384678243,1.658121521086764e-24,0.013940768086438663
0.585204657209352,0.20037942870061012,2.7476951672124966e-24,0.014327643965707303
0.5064195571565762,0.16612530973429007,2.758846322958933e-24,0.01397817218650459
0.47708254988498405,0.1701230517091301,0.00015691713528646477,0.014011859574131216
0.5251735844930923,0.21206936779474192,1.0722254337794242e-24,0.013876480776057937
0.4733764675479922,0.2555315473192373,9.370064956989122e-25,0.013634029890018986
0.5134788531285722,0.32112787215256217,9.473859306315315e-25,0.013545656967330835
0.562238206985449,0.2783854498275726,1.0055638222117535e-24,0.013202037885844077
0.6258230371333467,0.3247970739071929,3.513053221340124e-24,0.013128284216328815
0.5737908172372403,0.25610270133953195,2.902539147488856e-24,0.013603764903542832
0.5784277906124828,0.2342245002476429,3.885486888748526e-24,0.014256149860826134
0.7027908716891781,0.21865699267500677,1.78304908420272e-24,0.01314647568695447
0.6479388713770654,0.26869337327608533,1.7203936043235204e-24,0.01302282228481483
0.6859880549067596,0.3479641252539304,1.850311793231155e-24,0.012938146301371597
0.7385311745551248,0.29890631074217294,7.194148068088077e-25,0.012792305322988999
0.8013425205007016,0.34624706144064826,7.600974572439551e-25,0.01279795185469105
0.7503957664167434,0.26462588491323513,8.174081960185575e-25,0.013185094917472672
0.7502658927251449,0.24547797864081278,7.869866625973521e-25,0.012909677880931177
0.7894236408790143,0.15282959602192212,1.0422576052063412e-24,0.01367547022451685
0.729642010007516,0.1955634034294531,1.3596538159267308e-24,0.013622127363930503
0.6257805034675676,0.17175603695780145,9.708563507023386e-25,0.013684129518632269
0.6858500265341894,0.12077767548449835,6.253112361930726e-25,0.013624093906662353
0.632950604023692,0.0713005269242136,8.183929778597494e-25,0.014243860779889409
0.7409775240874981,0.10925469316164158,1.0424015032312606e-24,0.013573809454262252
0.7632583897187454,0.10954834700421869,3.006852528495898e-24,0.0139431292470246
0.8660796296479718,0.07200611498140293,6.481217549310934e-25,0.013687534795865723
0.8143606344288021,0.1229311477618145,7.297108307888952e-25,0.013500820778883146
0.8397824571972732,0.21226233829790292,0.00014083400119489005,0.013423109809177696
0.9055738624599993,0.16311517648276938,0.0010047612129075341,0.013545436911184108
0.9708243784080549,0.2133721709511806,7.429775929216897e-24,0.013045046931824752
0.9269445623676178,0.11152991397837268,2.253694915757865e-24,0.014219015068854767
0.9232315217037661,0.08903732590438296,2.130862534170274e-24,0.013722287444525244
0.9836013010676662,0.12266524473688148,7.779469654752775e-25,0.013143966822029108
1.0431430450968797,0.07688818268887788,1.967817124956289e-24,0.01360680028027446
1.1631840105252627,0.08449199621754624,0.00028043143150111586,0.01688603842693695
1.0735046909681438,0.1176532904966005,7.184569417952653e-24,0.013240496360285434
1.161812130192052,0.1545727984219621,3.331063395738114e-24,0.01614733491878697
1.0843859872909014,0.193345661717478,2.501566107596601e-24,0.013209023549908378
1.0443012496501163,0.16440444690358758,1.3284516376973156e-24,0.013866509392842062
0.9860775249829496,0.22231190923524297,1.4639270887192393e-24,0.013046637183477018
1.04692399996611,0.28464172330742493,9.871628625295575e-25,0.013076089119398936
1.0833754723834526,0.25962909334194534,8.915017699321552e-24,0.012906027034076561
1.1532187821126254,0.30110263963379946,0.00041968078704724906,0.016080558683972578
1.117121683757065,0.34027442580634026,1.913367458346694e-24,0.013491036470458694
1.096660462755682,0.35251755685797603,2.060143691741009e-24,0.01346823503769244
1.0498170483739877,0.3172817105772024,7.245141969752689e-25,0.01296983236831575
0.9940109408548915,0.372957569535209,1.2505281869430298e-24,0.01225911944110503
0.9168973649749014,0.3234431871035098,0.000124619006516566,0.013276188789606621
0.9446077716028649,0.29280854662171446,3.223451465373161e-24,0.012565141595226242
0.898257271205988,0.2595291489176721,0.00220527906714359,0.01312420350273914
0.8695937500249875,0.2640415340307243,0.0008907132253096134,0.01361791293724625
0.8394653888834841,0.2696786401780136,7.594588804053478e-25,0.013019238421386388
0.8856140726580928,0.31541008655343894,4.167337524094941e-24,0.013217637124376461
0.8231746399037398,0.3609831645628908,2.302118842664776e-24,0.012877028256438746
0.8808539458104385,0.4169299158627427,0.0012024819197314165,0.012679746909018604
0.8503280823836379,0.4499993629732565,0.0007083876566995721,0.012468604794183755
0.90326869811713,0.49107495613800334,0.001188891971232057,0.012629409431376373
0.9314402026373925,0.4873865865374053,0.0015630773874022817,0.012808863763336445
0.9597638424077976,0.48349628402257233,0.0018553707930440953,0.012236207219185485
0.9115612945737719,0.434735486719949,0.0015546058271745356,0.012986258797637554
0.9683264133670142,0.38420926106415637,0.00026160622598316014,0.012255842437698812
1.0433802320690122,0.4446310434449964,0.0002770888317392229,0.012654675370990855
1.08471568991765,0.40736313174282257,1.9567149245148615e-24,0.01328109786163554
1.1001194385515416,0.4708789163775052,3.498605387579179e-24,0.0146183108906485
1.066928059772319,0.5075855647718732,3.736022365106538e-24,0.013156362439451707
1.0349687037396207,0.5149236231475494,0.00035076217259790376,0.013048551119112952
1.0299743376224821,0.6042019482301269,0.00111488698390548,0.013459945978445157
1.0608562877478889,0.62661496279439,0.0011730327943906774,0.014484997532041084
1.009338822380064,0.6660459171805767,2.7066151255644412e-24,0.01433261705016257
0.9581872931643822,0.6126950857130654,3.792259816491938e-24,0.011974798627507714
0.983375984651816,0.5688064449895905,7.920109088398606e-24,0.012578877431091217
0.9555239298905883,0.572364030776458,4.2793457195524464e-24,0.011861868707325581
0.902813810137087,0.5304298033742758,0.0006768236727689487,0.013415847345101017
0.8459501610308694,0.5732128657359955,8.645933615562978e-25,0.012239695674726827
0.918201300585429,0.64570259358402,8.684445751419236e-25,0.012042292819840457
0.8310573908612724,0.656771563061685,9.53567933332579e-25,0.012084624530629475
0.7688526010866097,0.6034438885275659,2.2602940616480785e-24,0.012432338298661076
0.7215064183878177,0.625322932661795,0.00012818594834173845,0.013090220456569598
0.7225828961050518,0.6020887587182303,0.0003871395015731448,0.012741288919302719
0.682664068736049,0.5586426604855654,0.0004956592976656936,0.013763479210462884
0.7258298195819742,0.5131196054372251,0.0005784538248331993,0.012362674761740088
0.8045400818900312,0.5795509070817205,1.5705946377254737e-24,0.012470984580984362
0.8121788761522847,0.49491514030423644,0.00022193308949547234,0.012378281721572638
0.7554888514892311,0.43939985949485677,0.001341737925133481,0.012669819610143011
0.7853289164051609,0.39434896658079627,0.0006519054639036413,0.013605229791932183
0.7630876110248855,0.3927506831100046,0.0007142663076229719,0.013862073001337068
0.7171946632760817,0.3684944098869809,2.4769609671904388e-24,0.013062216226470996
0.6649012544793562,0.4040217803401425,3.573266303928765e-24,0.012786974360504463
0.7315944713638263,0.4673223027534821,0.0014961612052935692,0.012664972681610192
0.6390902751144798,0.4690334989690123,6.810199788025795e-24,0.01283935967291369
0.5815187977338054,0.41349527353674664,9.767170786000225e-25,0.012722447078546835
0.6074436239894332,0.3730108846840187,2.786948824536131e-24,0.013426866930381438
0.5864980640737759,0.3698805586095507,3.3561800238841225e-24,0.013921921000783936
0.5466540896521415,0.3507427464908497,1.047544007495714e-24,0.0132617750449511
0.5006165553073487,0.37940404438688846,6.464009787888104e-25,0.012752078584698737
0.565206779277772,0.43462356062074126,1.2487829383305266e-24,0.012684312665413517
0.5238278373587932,0.47755242063793574,1.4134944861269097e-24,0.012950817357589036
0.5901704569798961,0.53619182039869,1.322921496199326e-24,0.01288643178104148
0.6309501789946984,0.5133849936737186,2.670315898954006e-24,0.01288677205543005
0.6391416170378176,0.5352298741924222,1.0517175100719202e-23,0.012896061160442803
0.6554222188973892,0.5649312271108268,0.00033621755674885767,0.012840763751956358
0.622176544956862,0.6046095321706201,1.9091315810763e-24,0.012694893986819394
0.5693502433845106,0.5473963823468564,1.660964675988071e-24,0.012990322369226731
0.5586171808616234,0.6240801925799788,1.5873569399552832e-24,0.012702266627664782
0.6251599736208839,0.6901012643076094,2.4897530615621734e-24,0.012337450004652594
0.6597545381226093,0.6614612442921525,1.6113145458503923e-24,0.012788182316495825
0.6719163662802451,0.6887621567962265,3.0473329967139234e-24,0.01322648225330595
0.683977929843552,0.7163133597037865,2.1430576372198814e-24,0.012751208232171676
0.6534998319712324,0.7584254884896922,9.956985716348657e-25,0.012270819665643614
0.607944957371351,0.7058533312876881,1.433477184734695e-24,0.012209202456009819
0.5988794188281227,0.7729726686504752,1.0969474416708675e-24,0.012568737383582518
0.6592122215457061,0.8453842272310564,1.989187483367524e-24,0.012244241325114286
0.6324842852144811,0.887348523050489,0.001177251123502224,0.013099957241184922
0.6574588179676979,0.899578413871547,0.00136796371583254,0.012391907024925444
0.6826466138577117,0.9117642033416453,0.001076453244183024,0.012726076852191164
0.7174818443213289,0.8787736317229933,0.0005727352636826022,0.01232951254909518
0.6795463819606433,0.8309071747499366,2.7149602317565578e-24,0.013039729573492866
0.7394744705315878,0.8045581392704525,3.885778885666086e-24,0.012279319033137052
0.8062603264436086,0.8703806736169064,1.7117789554621462e-23,0.01266350600475535
0.7770835569546527,0.9113202772664465,4.430073232508046e-24,0.013860077647219709
0.8033660035543319,0.9232624955928321,2.599273043824724e-23,0.013727501275800783
0.8298291040673847,0.935116887857694,0.00023477796081077665,0.014306699906380362
0.8587387911004567,0.8930021760358535,9.671649022972132e-05,0.014501681172848337
0.8735703753089389,0.8562921231385552,1.237786961196868e-24,0.013333516655050462
0.8479753052245909,0.7614905325638157,0.00038318791793662754,0.011905921699403462
0.7986515065183366,0.8035620525739384,0.00047266225166752915,0.012208787724807468
0.7306656146605264,0.7389703206032867,3.092328020926857e-24,0.012656739923205443
0.7652286188317867,0.6959294246951834,4.7195973884124434e-24,0.012072398838560584
0.7403884273536006,0.6561687024844077,1.6296838637482377e-24,0.01264519038068198
0.788739147706226,0.6879054562360368,8.638086843429186e-24,0.012109214321320836
0.8217779768296692,0.6788125956663577,7.069605566598132e-24,0.01205248764719061
0.9216061859388451,0.696946084778598,8.28568082671718e-25,0.01208532079737011
0.872126079255162,0.7430234212349389,3.0739208197432356e-24,0.012208450918843778
0.9328338257851343,0.8142417154900368,4.670227093280797e-24,0.013945119546297263
0.9831017129772299,0.7732663494504834,9.296133461829344e-25,0.015104426639347591
0.9595952722915179,0.7052382778767264,9.65700772258236e-25,0.012419408143104289
0.9145366223909875,0.8409369658801997,2.2162163018605173e-24,0.014081717336253201
0.7902035936578442,0.974103698658942,1.4534999248182473e-24,0.013610658365873694
0.7290790437429523,1.0322229774142324,2.553561614878207e-24,0.01461101727533831
0.7283009133527432,0.9623758675185423,1.7090481519474945e-24,0.013257639303222048
0.6621462723082441,1.0012033151303041,7.704677396115127e-05,0.012812408298163908
0.6506419727638084,1.001904099008288,2.5932507088109634e-24,0.012748980075327196
0.6798634732171257,1.0430229743257478,1.9327220781155136e-24,0.013523825598834346
0.642571698585567,1.1172275846246382,9.121476813540346e-25,0.01720517874772529
0.5718190631228394,1.1598784063956054,1.203654334997882e-24,0.017635476896481202
0.5138364713924765,1.1314165898411706,8.905582755520022e-25,0.013477800369368497
0.4502899318057226,1.2107157241686768,8.522335261577745e-23,0.016405086677566818
0.4006219723238988,1.1808593662937665,0.0012538263835873693,0.013733511816014529
0.3911547622780111,1.1184160503078429,0.00018655146296839552,0.012315365792712814
0.38293615668800995,1.0864422373443707,7.24071335714504e-24,0.012562250528292884
0.4325645797145311,1.1298738480411012,5.05708166407831e-23,0.012941172656965847
0.4779987788644073,1.1118734368575194,9.284609324081823e-24,0.013049488317741944
0.48159441126573854,1.0282556371242881,1.7646158398450205e-24,0.012439223001613695
0.45005197669771596,1.0625626673088648,1.721779701206493e-24,0.012036420094066767
0.36694795755133186,1.0297190902082147,1.6367347165313807e-24,0.012132601122653706
0.4065753445751691,0.9652461911613494,1.1818367529112004e-23,0.011695713504111043
0.3498833255945309,0.8967050007278523,0.0005821659879981068,0.011801754554966295
0.43497111841086755,0.9098146641070496,5.784883135461617e-24,0.012023058112927828
0.4637810025711676,0.9280563562135391,1.3154848814360321e-23,0.013742887261683658
0.5020669526458827,0.9050137535842913,8.199841455187967e-25,0.011899062177899608
0.4880728720382949,0.9468333610624411,1.2830936526739278e-24,0.012057367518634263
0.4973784324486731,1.0705777938966343,1.0978939101449014e-24,0.01238028820260524
0.52621075153494,1.0174767195922294,6.815316397272474e-25,0.012338811232253452
0.5776088370407905,1.0796185551561621,4.476189549998155e-25,0.012973053381730945
0.5983709989363835,1.0431321657282784,6.166505574446892e-25,0.012612104025982328
0.5564077108702239,0.9846929217167302,6.610016624995285e-25,0.012055745890993137
0.593478552321602,0.9262803756189306,1.2856368415606376e-24,0.012242420315549516
0.5559971364772388,0.8335950984215905,1.4382476769637628e-24,0.012116231321119369
0.5277133867057181,0.8808959957375059,1.1127498153270041e-24,0.01253668626567624
0.4793811589816841,0.8140022342995696,7.445498196047078e-25,0.012103975331564812
0.482310813056839,0.7830886678607277,1.853560086329985e-24,0.012501217854448892
0.4809658141966241,0.7581407939526813,9.839952402163585e-25,0.012423679752374314
0.5296509171044186,0.8080034590326787,1.2989508661178287e-24,0.012804359329948722
0.5686875238329763,0.7657121135393832,1.5801680709270182e-24,0.012435192069353729
0.5057332433497715,0.6863557952192243,7.401163591861386e-25,0.012625677114931826
0.5391131812074458,0.6471791208916571,1.679491105392625e-24,0.013661745684152592
0.5113388908935776,0.6210834594921892,1.0477847299480398e-24,0.012900919463182876
0.456289738727892,0.5818148730382681,1.3185338235100107e-24,0.01362305314196798
0.43932967609260715,0.6643654700870094,8.411276821317848e-25,0.012693901958042356
0.4764137892405074,0.7160022700543268,1.8363538463667196e-24,0.012806667875747014
0.41241603646406017,0.6861166150095995,3.0087475395237937e-24,0.012755972408172165
0.412376261310126,0.6586265096065916,4.319393849144669e-24,0.012718871205913576
0.3868702655431588,0.559069968700385,1.5599937185588893e-24,0.01318678945935768
0.3369913204627658,0.590652611417186,1.5118101628141873e-23,0.014022211708651134
0.32820277080776517,0.5941907952020782,1.907368040286061e-24,0.01424098235148443
0.35483796501310294,0.6364576861193765,1.223476523037934e-24,0.01303554822527136
0.32391452989679675,0.6952411181760361,1.0282508445354071e-24,0.012605034224724147
0.37505758047124216,0.7718072815170957,2.2771591119403913e-24,0.012512952453175274
0.40219627980819195,0.7403946116924587,2.3243692344511002e-24,0.01275056396521587
0.41816979475829663,0.7792940668855509,3.2439389581972934e-24,0.012931904643349855
0.4220532589629534,0.802512624083451,6.970416751622526e-24,0.012884880048949313
0.4101177998969939,0.8447048278297952,0.0006063550131603267,0.012744972254036592
0.3788493357287203,0.8095721457252626,0.0007096473310717858,0.012672575047206433
0.3356602229573339,0.864120190724317,0.0005999947617885843,0.012092992805854071
0.2819030536667835,0.7939758228738192,1.4467935085234149e-24,0.012143931764187049
0.2556672160159079,0.824173703520379,6.014496971245628e-25,0.011477992831509862
0.2377109152697116,0.7775879834105853,1.4724383100075188e-24,0.012426740065597571
0.23614346285759394,0.7541253071217119,1.5743189209259477e-24,0.012477078886891455
0.2454614274538561,0.7136828746098474,7.005902750913601e-25,0.012691820688606508
0.2784968632777459,0.7537212195534169,6.044514998736698e-25,0.012275223643533796
0.3131695519518256,0.6903294786966152,5.159842563756681e-25,0.012575886013090804
0.2641126225616354,0.6135040100805429,5.94229861385464e-25,0.012643848110882922
0.27867096338446673,0.5791207199576495,2.550980193625681e-24,0.013963677103892883
0.26888516411170976,0.5764465355932784,1.0168267127529247e-24,0.012759188691306697
0.20240649074221656,0.5067893265985617,0.0001378929025754553,0.01309344625000029
0.21308226506525463,0.6163358669383385,3.692962946600116e-24,0.012288308149002957
0.22086192387496767,0.6484363051644695,9.168244310969797e-25,0.012346986369399352
0.15911334739280364,0.6583046273358171,1.3823999552788421e-24,0.012861647243339722
0.1849116945504961,0.6081427403799913,1.278789830492826e-24,0.01228251885406822
0.14103099248750217,0.4983347216863291,1.493573980786964e-24,0.013044698654857391
0.10164677045885252,0.522308841383791,1.1563583205808385e-24,0.012702173907775909
0.08192563495290159,0.5456107689170084,1.1870994810489777e-24,0.012807199763254704
0.12427341532210584,0.6144326174370227,1.0851761844243095e-24,0.012689670997971806
0.08179773026719275,0.6873652460195903,2.3435922609112203e-24,0.011655811408225122
0.12775119367887655,0.7460451930014074,1.1383000048845487e-23,0.012467889994693102
0.1687065019432852,0.7065858589245363,1.3011660492709008e-24,0.012384360990558653
0.17072685612293198,0.7317141672570242,2.7528009057866042e-24,0.012484567574978036
0.18258792476712593,0.7710004191618806,4.4314944756756585e-24,0.01169378970442179
0.14609699064152415,0.8329168924272394,1.2636112268703318e-23,0.01213344621490423
0.10605932808894224,0.7682838851555606,1.3004761987755338e-23,0.011593733798682459
0.08443954777952625,0.8712337771922851,1.0982197926915442e-24,0.011646555970429354
0.13185257986316903,0.944314046452504,1.1111957803184457e-24,0.011644472893343711
0.09726242778951574,0.9999060079163415,8.07425345259914e-25,0.01134617880982924
0.13376589866252614,1.0559317008248246,2.302637323221366e-24,0.011901942704118837
0.167814277546356,0.9860295819345524,2.6034299114460137e-24,0.011840239584310373
0.19397280272998313,1.0581592444028056,0.000191518118418242,0.012044495417784065
0.19374082879043386,0.914728023180033,3.156946003702385e-23,0.012378000401384974
0.1758342180213296,0.8674086193280988,4.53529301816819e-24,0.011526577186019344
0.2155726591091033,0.9000479712468992,1.398237301906142e-24,0.012152639740922053
0.2684168064618818,0.9178574873527034,7.699500151745871e-25,0.011868743519775574
0.3020795210248187,0.9167409776615135,9.359354754593798e-25,0.011710674707378261
0.3401110756379502,0.9753425807047833,1.7064786193235277e-24,0.012230168843815696
0.29657737515984633,1.0109290589416968,1.0730109628089224e-24,0.011456980901650572
0.34533906622288707,1.083147639183424,0.0016938396456399564,0.01277242200694316
0.2512853544428382,1.0341408868617619,0.0005470181944863289,0.01170300420423725
0.21429374505649218,0.9825650076252964,1.483884374509778e-24,0.011765696313942888
0.24284135976910773,1.1194176625806356,0.0025369130903656273,0.01213023835860207
0.2670329840324828,1.1288238368246044,0.003460505300713443,0.012808569894770395
0.32163338776311273,1.0970419310805064,0.0031686093882710756,0.012574654816471072
0.29161516448922387,1.1465255417898805,0.004077095692934365,0.012316003406098256
0.343028776452358,1.2211336271392568,0.0019475137353715131,0.014790972958452461
0.2818850292739255,1.2009100343291181,0.0015937465636862874,0.012945308534773246
0.23509488654958158,1.254323101454484,6.112252965766625e-24,0.016415455264171416
0.1491451106831616,1.2596337298878773,0.0018408385621325467,0.015313047777548211
0.18277987593346806,1.2014798747899469,0.000828970077315732,0.01228854414941784
0.20645800195043668,1.101057256934046,0.0008422007989725079,0.012061815772992248
0.13481176626765382,1.122682507622219,0.00042248806660259393,0.011868669202220168
0.09043206856110589,1.0876822880545423,0.0013548343864648767,0.012265343477064003
0.11105528467501684,1.1698325439327917,0.0018824867660209167,0.011700948283058572
0.10708048997954217,1.263959634689607,0.0008111979467402666,0.015193254783052824
0.03713326846818575,1.24893859777881,0.0005481154018006781,0.014394812879283276
0.012310699679778658,1.1767534094038625,0.0009356232138687906,0.012160104370601285
-0.01300799581815272,1.2326839349288266,5.211520311831623e-06,0.012545999466154211
-0.06885130365922731,1.2004831956115087,1.203390223783829e-23,0.012538118419268001
-0.024666220532267163,1.1678912658842275,0.00039462886304080587,0.012255689472169212
-0.07410618982606698,1.09712173520805,2.3947816478729674e-24,0.01142936566883282
0.01278769524443027,1.0715809363584896,0.00038046773496005744,0.012233466104285074
0.03120011705874373,1.1194938213821783,0.0015454206119772328,0.012068200970154765
0.0494389013065423,1.0390156403423219,2.83346389222544e-23,0.011810085227873437
0.0014492461321575084,0.9670902583345087,1.747452624506834e-24,0.0111029240247875
0.03768834657447524,0.9105410783261682,7.735731187706717e-25,0.011057145804077332
0.013757378717313418,0.9345054328507444,8.920643865292838e-25,0.011135928758068195
-0.06952378918963724,0.8830112849432338,7.21546206527767e-25,0.010953036683345171
-0.035148217352734004,0.9827716653468089,9.341219795390944e-25,0.01114999086449504
-0.036914705966649586,1.0083163279911238,9.439961850898796e-25,0.01116186626627293
-0.14341337878717905,1.0431614546362156,1.5247660238885074e-24,0.011216025596780864
-0.09637983087451904,0.9757655367260625,5.307988333851477e-25,0.011279029090705626
-0.1433062119184598,0.89510540898665,1.6520834413640962e-24,0.011416701232421366
-0.16848646654324295,0.9044476138557127,1.1687842885466539e-24,0.010896348927856604
-0.22047646668809995,0.9467073340130036,0.00018364512239732488,0.012594110374180626
-0.17248411524379853,1.015707911697634,1.0719757885906196e-24,0.011345619963445455
-0.20301289025518915,1.0613000042927432,2.463362969513946e-24,0.012053792622951283
-0.1758297617091515,1.12723902195251,1.9444751774506985e-24,0.011594687830836054
-0.14572699755684565,1.0749959486692129,2.443748372655068e-24,0.011588679401073746
-0.09940329694327218,1.10950083186949,1.5818191700014804e-22,0.012088002691154698
-0.15093969282448963,1.1509481546695821,2.6503834349462652e-24,0.011773082625730265
-0.09775941914294309,1.2169853948829528,6.92255116408547e-24,0.013707980214695126
-0.16538585000990544,1.221848084875643,4.2854769511733255e-24,0.014895674271179486
-0.21706946602097352,1.230257742172282,3.26165442290343e-24,0.01529717841441914
-0.2680623288431044,1.1931319313387438,1.4212383314204938e-23,0.0135928929922901
-0.23869825099150718,1.0890197591336488,1.5768188491186132e-05,0.012054986797552913
-0.32921804500779156,1.1299666662925505,4.416255575040762e-23,0.015100204474056413
-0.3563740916048993,1.1056912688759628,1.063295162132056e-22,0.016164852563531104
-0.45820431562725716,1.1298336696735682,1.1080873904797533e-22,0.020191615637060886
-0.44222324578849304,1.0732256786487118,1.593099305356585e-22,0.017073134452055806
-0.3958145151476576,1.1032853604158155,1.2108274843559793e-22,0.01689433127267024
-0.3997347481942098,1.0241746468088424,7.173303614814411e-23,0.015598261284241279
-0.43265855193935243,1.0406855925906944,8.732119996610131e-23,0.016219849475139245
-0.5339861253440724,1.0474651082308903,5.617511518027786e-23,0.018676537683071277
-0.469980136770694,0.9818971931755669,4.436591966765454e-23,0.016088266970457527
-0.5194797127897235,0.916205829500335,1.211900084139621e-22,0.016905958526590787
-0.4244016012905143,0.8865374758854108,6.682702142949217e-23,0.0151657247450335
-0.3869223310791545,0.9223801865053389,8.073202330207907e-23,0.014862592440153123
-0.3463042171718258,0.8962908322786793,9.478452682885916e-23,0.01443052849046073
-0.3550786591193956,0.9282750198016656,1.692520843446802e-22,0.01456968662310523
-0.36796723104113704,1.0535788259712153,8.610383062688942e-23,0.015704611117500232
-0.33914688310119734,1.0118686299583937,8.42896624617829e-23,0.014758495912832556
-0.2882185017484439,1.035045000580351,2.3613190894376777e-22,0.01306197776385106
-0.2564987571301656,1.016420956095906,1.516693250379255e-23,0.012648212462595145
-0.2861325731338375,0.9552669921005411,7.090740528391864e-05,0.013208948502366012
-0.2385256578507824,0.88991275875248,0.00010666829338983017,0.012080145466088618
-0.2909286480750316,0.8288001223352892,3.7255141435418723e-23,0.013152188868723425
-0.2312980731882596,0.74918377309181,3.78991636262028e-24,0.011795807637970829
-0.28232677539947404,0.6943064892093951,0.00034931931250563406,0.01373176908043398
-0.3231366208650842,0.7305445445285949,7.806682755611773e-05,0.014226139260561751
-0.34615444242794613,0.7276265313189894,4.890104732547024e-05,0.014781287041449641
-0.31769407269095445,0.7866011157628039,5.0174479489603143e-23,0.014004501313192292
-0.3668264124608392,0.851764550191935,6.995964361935241e-23,0.014652783666529183
-0.40564254442808034,0.7972710666229369,4.559659900190508e-23,0.014831966820944998
-0.4765624838316569,0.8709228960867392,8.097953348302557e-23,0.01555118847624678
-0.526096939109516,0.8059012031663905,9.54113308177753e-23,0.01640532983718374
-0.48608100558676937,0.7541244454342846,2.7870969151756578e-22,0.016058225811634706
-0.4908674984347979,0.7244511363021371,1.6492029351982425e-22,0.016086438381306932
-0.4424059114493305,0.7553839542393143,6.676884879147556e-23,0.015299471327874778
-0.3880625586295407,0.7008445440082464,3.850549988994375e-22,0.014754758975087488
-0.3926404932586117,0.621158301759295,1.4503752599213111e-05,0.014832649676568619
-0.46249626645970565,0.6921601170274039,6.026952754834161e-23,0.01534278639234878
-0.5135291385290565,0.6316066765865227,8.542642377219446e-23,0.016186110047530088
-0.4667912405782268,0.5740964565239292,5.43547777028098e-23,0.015362585220065296
-0.47122666546852,0.5453306554629195,6.766064673532845e-23,0.015671310813311173
-0.4278213600074019,0.5691238844245213,8.650506477175212e-23,0.015202841756453525
-0.37823195600386816,0.5214968890380574,5.0662474969383956e-23,0.014885441242283371
-0.2952204824393011,0.541192505589421,7.364990331280723e-05,0.013580624545089993
-0.3529575867016579,0.6143501704549053,5.797638564688317e-05,0.014730949948283768
-0.30657474873837687,0.6781224161044483,0.00030972581027159527,0.014024841767727907
-0.25164297429742144,0.6200761624345399,0.001296636504698452,0.012715450959783168
-0.22720929687004526,0.6256344670252938,0.001602911754903805,0.01292109605284099
-0.24245758795559857,0.5814971696798976,0.0013167590106496587,0.013273226428978376
-0.20731817883291465,0.5320491360325512,0.0006756005307600554,0.012070036864314881
-0.17892771564056661,0.559819286857591,0.0015421757657547398,0.011952223177862115
-0.12030975416386672,0.49244753519108386,0.0024211256719602137,0.01283280322841442
-0.07295379222009393,0.5498721099814262,0.0018743511344129669,0.012501793221195089
-0.11706908858484807,0.6159342945300781,0.0009728290981183618,0.012359823073574715
-0.10839781538029447,0.6528378042392141,0.0005698363170357524,0.012615548718660215
-0.14269715621284468,0.6318311409328645,0.0007879642452259193,0.01197697828687722
-0.1807477728670806,0.6619570656747356,0.0005960010228429119,0.011758951240752191
-0.15875217816147746,0.6993274246317058,1.7429138868018812e-24,0.011271904263730294
-0.21207419839724545,0.7735155722890251,1.8249088056207298e-24,0.01175593203976647
-0.18097660933088788,0.855199955060471,3.2691347094831884e-24,0.010971253486825917
-0.15077504092607322,0.7798235082723324,9.774522709715974e-25,0.011399230251990031
-0.10538643684134799,0.8640509187899319,1.3524035446956381e-24,0.01099696682272248
-0.08208933349459616,0.7869142554979612,0.0004942180085992932,0.011242346257172625
-0.13252505885119803,0.7109178845246079,4.906390166993687e-24,0.011637661886636095
-0.06036055023630671,0.6908095999272462,0.00211692437246711,0.012020944910599985
-0.021809909564260654,0.7527253677838575,0.0023172443297207403,0.01220020499566171
-0.05302047015303535,0.8174760744591558,0.00016789156831288805,0.011354250725677922
-0.008907731483704592,0.8435488248169776,2.3326447824464186e-24,0.011237499615989336
0.026577909101865624,0.8123000105532212,1.7800042529912103e-23,0.011455276455450423
0.06120282820136931,0.8583540764438939,1.3821730918756904e-24,0.011285587735709717
0.0407124489884639,0.7193952153567647,0.0011426129881948815,0.012149021297459029
0.03523904716135416,0.6874739613971302,0.0005250185457994724,0.011752711786902329
0.06126120785962853,0.6095442218341213,8.59579128554109e-25,0.01285927104914934
0.02422748175238161,0.6557081989293425,2.576649003458222e-24,0.011939395647028587
-0.049360264224772576,0.6287456687794392,0.00030066328765865536,0.012363826314081429
-0.006671023851241381,0.5611881639439508,1.2854035545073227e-24,0.012270177153192273
-0.053130116253476994,0.5012602996176319,0.0015074060916990374,0.01299229009685981
0.031036407665388788,0.5026736915894021,2.8331490356381253e-24,0.013081634967198861
0.05199689878141084,0.5113009760086693,1.2896784170048573e-24,0.013146006522396952
0.03743703231979651,0.46372486724076156,7.913671754215964e-25,0.013355511690346118
0.06180166488366983,0.41517473283741513,8.241916916793441e-25,0.013199743443536617
0.050581944198818264,0.3036696897148017,3.4950821081387053e-25,0.013392816136639875
0.005975672981352598,0.37046456769485225,3.7143315052956657e-25,0.01350994037301918
-0.028167047812920953,0.30475274636234717,8.517815412992762e-25,0.013310314650311472
-0.03779717648802369,0.4217598902552697,8.832444587203731e-25,0.012724655106641109
-0.029938585852253785,0.4594303844477091,3.237916495305153e-24,0.0133417441442069
-0.06073532532158987,0.43886668803956996,0.0009085407854175873,0.01379130719206047
-0.09617189059378589,0.46784096486748517,0.0026561238746732802,0.013388646891306942
-0.17722331840828004,0.46753632167260717,0.00031702512740081344,0.01222815991213902
-0.12297666928036685,0.39289008031936834,1.9293039798527948e-23,0.012789085195288997
-0.16342694744693984,0.33465114388346995,7.273829741297498e-24,0.013072313705360593
-0.08094624062366787,0.3155073170046,2.232653263923144e-22,0.013320436123630973
-0.052631150445540176,0.3314596497304817,1.0381320249346402e-24,0.01320378387428978
-0.04571128599982116,0.2557152333321024,1.1159505251209612e-24,0.013936969674637525
-0.07617534468290166,0.2786535901919345,9.549489220715842e-24,0.013622992791674152
-0.15981224191023363,0.2915377160170761,2.05707290781579e-24,0.012907161062839545
-0.09961670207956252,0.22172496034076858,2.7688965615854717e-24,0.014887108294398581
-0.13531353022633558,0.1699909902433539,0.0001216852396053426,0.016684747759813576
-0.05109295832968114,0.13569906709718646,3.947305389181517e-25,0.026910157418952196
-0.02620087988317607,0.15535018452340105,4.512055775067689e-25,0.01496437823912618
0.00597828305103254,0.12491060387907868,8.186931877891966e-25,0.015948924844698294
-0.006966849758108684,0.16021262909109216,3.897317415018927e-24,0.016704520288831518
-0.025272741363300932,0.2774455625837364,8.545332060744119e-25,0.01344279399786872
0.019321021334427743,0.20089872853666216,8.318347843568216e-25,0.014188113506670458
0.05048905121312376,0.25592575053888034,1.3145820644102329e-24,0.013987574868189636
0.06630432185798693,0.14605164487475203,1.0424537714382037e-24,0.014844654014162732
0.05412101313842159,0.09853783240871078,1.6922856444026872e-24,0.017372074176928192
0.06709770268681058,0.046445678219982967,9.56783779205778e-25,0.016411504237594694
0.057375788723208046,0.05824684188489848,3.304719175723147e-25,0.015886664415596247
-0.0037914700256249934,0.09373295180907243,1.4366550487649068e-24,0.033371935092072126
0.04770237852594597,0.020273674721707685,2.797250990257617e-25,0.016361363401175687
0.03966062281023891,-0.012212077848832797,7.054799130194914e-25,0.017638873313291007
0.09306217008768244,-0.07524421395410166,0.024215971314671732,0.0218388699337925
0.07813841118334218,-0.046714836103368546,0.05552948982893616,0.02867388013705183
0.10831669716958181,-0.10715922561944571,2.235340048383613e-25,0.019958625791574543
0.12659193405775282,-0.13314463324478293,2.80614931648366e-25,0.016747119606605965
0.21147779186469431,0.0016472497316242837,0.014095269059303665,0.017184643607518552
0.11766551470719291,-0.07838323405807666,0.0020475647094670775,0.01766252403347931
0.1063447775106594,-0.07271167844107185,0.010209356384667181,0.019486895686246924
0.11544130277587586,-0.08512977028845586,7.62631964057978e-25,0.01831521228876474
0.040719165048637374,-0.03292805359687401,0.014443549057943336,0.0230619315339934
-0.0014188948983785976,-0.04184472653573888,7.083450406244936e-24,0.01876935779191007
0.03449108792624703,-0.05852883945376944,0.05674486833820406,0.02698697360465721
0.017465915938331245,-0.054326173370594436,0.017784300137299064,0.01992788118799467
-0.07740566716457575,-0.07005397500216101,1.927266326173895e-24,0.01604679533847901
-0.07297026686209962,-0.023316732290289674,0.0022461388329116346,0.02140219998860055
-0.07031055948742015,-0.007876105335528405,0.006567816291432723,0.035360485346455285
-0.12017584264116626,0.049697179866399016,5.376507315638477e-25,0.02054449585339006
-0.06182248146074654,0.0072796009884350255,3.9429246069262375e-24,0.03324742612739853
0.011453013911776028,0.0014822314007163773,5.635558568491351e-25,0.01994815416922654
-0.044599518847659475,0.0603908364729317,0.009149840061163612,0.16921167595751893
-0.013645924740466692,0.0982972259975809,6.838192687886747e-24,0.030751245848963434
-0.09952268198344852,0.11270080069364913,6.212464085778633e-25,0.027844056113718433
-0.12290687631774827,0.11217011316326397,7.517748282210198e-25,0.018981749708855668
-0.14720349707849564,0.1113682957965686,7.907288688354778e-25,0.018169533270174926
-0.1967929551560639,0.1535493305383025,0.0016292873275442332,0.014457043547682633
-0.28498288513371933,0.14540791295372912,0.0037495188420301083,0.013819863806591191
-0.22496195535752594,0.08731911897930758,0.006302101933332415,0.015258983691520865
-0.28294055605196483,0.04919601841055796,0.0068996893806942735,0.014607413137978018
-0.17127926846991387,0.03960762327676054,0.00653084201133584,0.01821156111998597
-0.14232875810565432,0.042100822731861526,0.002179003723481587,0.018503367294799768
-0.1573515765437074,0.014537098289463535,0.007701670082650017,0.016913407848634744
-0.12026024865014867,-0.017380261385066167,0.00789028970119075,0.016503813753551515
-0.16390067740774478,-0.07260940081837626,0.015577910129401455,0.016798354999474876
-0.23313864253149547,-0.05481857779126976,0.008633143783882863,0.01688240649991844
-0.2634709491085553,-0.04008500019672849,0.005859816831669005,0.015247735555083233
-0.20761648128637544,-0.009510740311458307,0.010758823582936465,0.016133280438055186
-0.3123685548410643,0.02470612140226104,0.005463202033474156,0.014494119784509147
-0.3687371050207095,-0.02222237145579145,0.0023498171988457876,0.014496623911897667
-0.32308603451934725,-0.06009748003789179,0.0032786145788000673,0.015124124215197505
-0.3531944325705874,-0.04442336634997651,0.0027208160759068277,0.015037976304386393
-0.4581747318001647,-0.07228074195369993,2.478742540456283e-24,0.01408214476530418
-0.41396293335962253,-0.010485377992914852,0.0007769825114976333,0.014019347523548342
-0.4226184489962631,0.012693448683889288,0.0007338288250772891,0.014290329952768008
-0.4655089088831241,0.11096108381207972,0.0005971327569750505,0.01328164573812907
-0.3952298471850341,0.05789417905033857,0.0008072013462190555,0.013522750614885793
-0.30396723259760283,0.07381975979045785,0.005966218393444645,0.014367486862801367
-0.3747411315189334,0.128241898760583,2.1264476964700417e-23,0.013443509293204942
-0.33126325389641037,0.17312230406426482,0.0007265654043562943,0.013512183960234759
-0.41691350490491946,0.14446945729420851,0.0002853844669012401,0.013456155859903752
-0.44019374636958486,0.14788018365602584,0.00041813921432990803,0.013869220434750284
-0.40759094628792075,0.19417991724550923,5.243151354873678e-23,0.013154331366121284
-0.4649328385602334,0.2538130607732265,4.1781858863490547e-22,0.014706659660330699
-0.451280537240424,0.3450056674933487,2.25289828060186e-23,0.015232363914682303
-0.384746970505023,0.28115754694019296,1.4012499502618085e-23,0.014215063729473268
-0.335980504817212,0.32239495094933635,0.0001974181463239248,0.014587887067519095
-0.36500327648077596,0.2308691154770856,2.368771998124375e-23,0.014660172789539558
-0.36258611828659604,0.21132618752074406,8.260932662226023e-24,0.01459035513218477
-0.31165932718769346,0.23761054506172344,0.0005838249038407298,0.013320587880333398
-0.2506617680478241,0.1840611110042676,0.0029960826698198,0.013718696096600697
-0.1626606990974858,0.18795734409593512,0.00021357813744859178,0.013899783788058595
-0.2238178109272442,0.2582016655240692,0.001611270452140761,0.013412233787003746
-0.18585343265522317,0.309958691487208,7.775532133452961e-24,0.012785186982098762
-0.27884726585024344,0.2858944542036299,0.0013005628629766438,0.013661193256302093
-0.3008748326982077,0.2862779388278013,0.0009581545105365332,0.013712964944095215
-0.3318809758310024,0.3986337448072791,2.1526645499899422e-23,0.014356663074308804
-0.27346640374590303,0.3420057676998005,3.970343019453862e-22,0.01364754757164727
-0.18996298959564284,0.35313570788869464,2.4402009970427682e-24,0.012600185231867216
-0.24561124322298195,0.4240264516030958,1.344672967143555e-23,0.013144646057790957
-0.2029712999480185,0.4851591280250749,0.0004088773372827488,0.01213012323445807
-0.30026797158895274,0.46325918966299573,2.4533974041459576e-23,0.014268358284761301
-0.32547349309147244,0.45878779526960844,5.480484511509033e-23,0.01465498237932135
-0.40152594176748013,0.5093747462439363,4.365508137481248e-23,0.014947324022054566
-0.3501969628696006,0.4468557943180654,5.923130649679359e-23,0.014897188840945052
-0.36663839969572465,0.3568799550304849,1.0492609009953528e-07,0.014692999367785228
-0.42629617842373774,0.4123194724768785,2.6728756486692837e-23,0.014983419158522507
-0.4825081265772953,0.36191691216306776,4.199439648595695e-23,0.015232628253614794
-0.47288437583372567,0.4734038207032422,7.075455363641335e-23,0.015689318087801187
-0.46851913089222363,0.5016612755091512,1.0361227970903363e-22,0.015684153333673054
-0.5598720585324137,0.5244191079248057,4.5320613115353183e-23,0.015898308418449962
-0.513485830189488,0.4695482293270966,4.5600164730416046e-23,0.015705834512249345
-0.5330421318680818,0.3797340647679649,3.3397291179943095e-23,0.015351737986113348
-0.5936910955739305,0.4337290871552104,3.4615107965202815e-23,0.01598835815989266
-0.6468615147183578,0.37596676801154844,9.697770581507518e-23,0.016117746738566016
-0.6458178876864529,0.488501726777314,6.491046811923124e-23,0.01681386959714187
-0.6407502357938629,0.516698153030383,9.079713046423916e-23,0.01671144126187308
-0.6830786657498931,0.4966285900681249,5.976965633092946e-23,0.01674081886308218
-0.7304622722914241,0.5376686349048201,7.23740484916093e-23,0.01679365157090431
-0.8271825168366351,0.5202102452783136,8.487296651421475e-23,0.017244074230956814
-0.768070897486689,0.4545528730274276,7.196359073930049e-23,0.016650939475605565
-0.829942282696553,0.401840057879434,7.518053304173367e-23,0.016389912620552685
-0.718762880471475,0.39776899098706864,1.4279793661305115e-22,0.015950339229585907
-0.6866588300657233,0.40676488731945976,7.314245032584662e-23,0.01601400039587745
-0.6711042928311526,0.333076691665835,7.832338237664755e-23,0.01619704887911355
-0.7164059644447861,0.3633534494218097,9.612390750127082e-23,0.016009288055115797
-0.8173061432039332,0.3555362014922939,4.4221303515913083e-23,0.016007424736650924
-0.7551786432368395,0.2896829338818683,3.354840660119483e-23,0.01573267159369214
-0.8150203622722172,0.2349449910473748,2.1755869899835158e-23,0.014851441799471756
-0.7076198295134752,0.22692172053759216,1.9022325214407937e-23,0.014801200603386595
-0.669261490493912,0.24085851389927257,5.087574362812246e-23,0.015066263062735815
-0.6191778059635057,0.21336508361624362,2.3998272366130782e-23,0.014733539477053349
-0.6414118150912635,0.2525450704439359,7.735222683189598e-23,0.015094383663016405
-0.6436752376583148,0.35002560827937856,8.730551952284624e-23,0.016099030779558203
-0.5763133322816114,0.28829735730271794,3.710395469981428e-23,0.015087509306038003
-0.5167976785084524,0.3376553403959952,4.1376710715049224e-23,0.015357345055753315
-0.497678452585422,0.2416877957754193,1.7927843754596756e-05,0.014744054534095344
-0.5184115071402557,0.20400866546488103,8.396155199081158e-05,0.014527929648895556
-0.4930883729190041,0.1633143382104838,0.00029281141677089056,0.013727640729377488
-0.5294386857047411,0.17810054006628706,0.00010327581611975438,0.014730407729182252
-0.6398872625776848,0.18589771755787854,2.8190915008556543e-24,0.014470273950004947
-0.5701577478431901,0.1300089053172246,1.6297302663826164e-24,0.013164080952442451
-0.6259187972678237,0.07542968680971474,1.2648138998593349e-24,0.012628430760597522
-0.5209613652097643,0.05243720200362385,3.698309514989315e-24,0.013217939315309233
-0.47830671490572335,0.08079386342483189,0.0004278987013699773,0.013310632922342058
-0.5049406540489005,0.027864692178834277,3.6332293645933114e-05,0.0138000749044981
-0.49592453528036,0.003336879763028544,1.926092636528207e-24,0.013516162145896769
-0.5040952578578681,-0.07828214853967488,3.266189182065786e-24,0.013641299927051724
-0.5930848720274832,-0.038043677193495315,2.116340201164144e-24,0.013222935069450732
-0.6093977817219735,-0.031009344331176414,7.2293558621143165e-25,0.013409631592414335
-0.5786628124241984,0.00035083714387296183,1.2630270136482747e-24,0.012813376929891245
-0.6562464308751754,0.04447229260544702,8.104573489905129e-25,0.012478157716926489
-0.7226907097185729,-0.0050783817664193515,4.660196075476556e-24,0.012977625032837956
-0.6830329743808086,-0.0448357569422681,6.456963528475901e-25,0.01270179520264137
-0.707912104949243,-0.03047906111793021,2.0169641286374785e-24,0.012716605701122275
-0.8057861394080079,-0.08144424320783407,6.932593389607167e-25,0.012633801990519136
-0.7780856195322653,0.008338201074900173,1.4281791280733951e-24,0.012792256219903922
-0.7737464972946533,0.031571674670306776,1.009838481461775e-23,0.013082474675479187
-0.820543397219781,0.11024960793417099,3.953426665030963e-24,0.013126543235083573
-0.7595240845711796,0.06281295749591691,2.190906467162606e-24,0.012878793907075761
-0.6597701906719747,0.08282616351762931,1.1219937408831437e-24,0.012756373319219382
-0.7177598572943198,0.1403729217285532,1.4148237363432402e-24,0.014020845649638276
-0.6619178628937811,0.19732346887153043,3.120390497311803e-23,0.015224480471247179
-0.7785209644926092,0.175506798298076,1.3608592747205962e-23,0.015065024381486054
-0.8078687140597516,0.16975951528423938,4.7941071323331605e-23,0.014774391418024547
-0.8372806307919831,0.1639076628137276,9.31155972261338e-24,0.01415815552991528
-0.8958322215161892,0.21093188429846615,2.2414591605513547e-23,0.015006277539326741
-0.9916722643234441,0.18658374064293923,1.849482430106385e-23,0.014945352735301119
-0.9381744118333465,0.13058863039260615,3.686170854483141e-24,0.01328625016868329
-0.9988140009109445,0.07258471139645321,5.878713171759933e-24,0.01313434221280941
-0.8795530006264524,0.0873522869014405,4.882509180449185e-24,0.013224591073353857
-0.8498648210117044,0.09353678027453224,6.5992518031243e-24,0.013036343084916534
-0.8774695958553793,0.04894718689383348,4.8426661141333636e-24,0.01387137915446212
-0.8332214629739397,0.003339662952515976,8.268270003967689e-25,0.012799274306740003
-0.8923548507740031,-0.08223130877613748,2.1046152547606165e-24,0.012664844936766588
-0.9530613649895356,-0.062431247229047256,0.0005787294252555904,0.013218061874828218
-0.9829826988077749,-0.04286105098304979,3.407878564349172e-05,0.012604703439645868
-0.9232323411804708,0.01613320541076088,1.9839734171339504e-24,0.012105793047154572
-1.02829260956442,0.037373854455091324,7.852012048302132e-05,0.012091063369743263
-1.080246281929011,-0.016463211412546988,1.0621047958698994e-23,0.012612109350721802
-1.042687803776064,-0.0701624909406296,1.9634202859421923e-24,0.012703445723427204
-1.081106354610786,-0.04347380055004489,5.7296542104506e-24,0.012552670786312227
-1.1622576998013774,-0.0709171351693715,2.550480921868922e-24,0.015146464487631264
-1.1094521358352387,0.010754212499652527,3.45840893137821e-23,0.012781461343074068
-1.1487292603145753,0.09450594229157841,1.2898141972265505e-23,0.014217285550090225
-1.1185323632657207,0.07370017741836986,0.00010530766724343235,0.012889445862500671
-1.014113785404665,0.09295791732849207,5.287559520499137e-24,0.01243416394809516
-1.075139296012299,0.15595740924465568,9.922586729949768e-24,0.01418546146931278
-1.0193041064532768,0.21495354792570667,7.345266153063856e-23,0.015765422938844975
-1.1353654183863422,0.18100163650628837,1.5922366518817285e-23,0.017826309295471503
-1.1222052512839809,0.2480795420403456,6.918564699753463e-23,0.018950452333552463
-1.0910321766483642,0.3431994068898525,2.5678523932222784e-22,0.01900693935159771
-1.0472987563160139,0.31346180212765196,9.239957492961146e-23,0.017644598497953544
-1.0785480606981643,0.2764395031066135,1.2766835975517154e-22,0.018028577883571442
-1.0028855408292208,0.23144888510938527,5.065988078922987e-23,0.01547110592589998
-0.946040902864045,0.2920399709577909,1.0245197735115806e-22,0.016563805482590017
-0.8962820987648329,0.2520906236552719,8.364781624997243e-23,0.015578004969980654
-0.8866879676669512,0.2824330002985521,2.2207449719541174e-22,0.01660054482618375
-0.8836577261608076,0.30682411127915327,9.692492837377767e-23,0.016546129507205527
-0.9163530927357805,0.35016838515945015,1.0921889816831325e-22,0.016469355738057575
-0.9520472119390454,0.32376980722175025,1.6503284276339502e-22,0.016781687247931696
-1.0093631332648485,0.39417456503877096,1.3969332823410013e-22,0.01762036532400745
-0.9537870326553751,0.4557376032913796,5.771749877774879e-22,0.018084922993683427
-0.9103296876108463,0.42027755805474937,2.125679619895317e-22,0.017566173002135577
-0.8956690208726061,0.4568159537548764,2.782255550393353e-22,0.018215657596463562
-0.8968408709553538,0.4780495894973914,5.240784394265124e-22,0.018286693053776296
-0.9194477398527215,0.5205966231508883,2.913073865999151e-22,0.018470999705124985
-0.9556738259627378,0.49257468318735764,4.833941641350196e-22,0.018528738328797766
-1.022869354540883,0.5485470932197898,4.223911151925216e-22,0.022349185769979088
-1.0254818034558881,0.4265370133152863,2.2996391766173693e-22,0.0180504238293018
-0.8759528402249566,0.7513979873451815,2.6301472001673545e-22,0.02283024752248091
-0.8921774832354508,0.6498783909094972,2.1215904692977064e-22,0.020046077589031333
-0.955935300084255,0.6384364771498857,7.595379111698197e-22,0.02242385064249572
-0.9457903535980894,0.579738866834337,2.719160581088994e-22,0.0197475161492859
-0.9052961886978093,0.6285275898777215,3.9781505218642864e-22,0.020482522892045444
-0.8295574236744556,0.5589741245020661,6.363974861129353e-23,0.017303523205044354
-0.7764975677509578,0.6210172758345691,7.884624613091483e-23,0.017857533820622037
-0.822419565567401,0.6753379114713562,1.0365438748261679e-22,0.018522660837124116
-0.7894775717398264,0.7313004356449978,2.214342469851242e-22,0.01910267669850973
-0.7364010926667182,0.655456792736976,1.138978523958795e-22,0.017488352991521426
-0.7126295873990336,0.720272758125987,1.486211780554155e-22,0.01779494651411452
-0.6915817402133447,0.592694329040111,1.2479620284327705e-22,0.016925429795818177
-0.7205044376503006,0.5513669138757419,1.2301129498052727e-22,0.01730064957416709
-0.6627618462171092,0.5760503596794067,8.527054392654207e-23,0.016804367839461574
-0.6062365132908845,0.5911609613409208,6.259953532926346e-23,0.01638172677763809
-0.5632463654026264,0.5705734012915217,8.640969479417577e-23,0.015945976028581863
-0.5307550068194155,0.6237930987681568,1.1010084152119964e-22,0.016524732053871328
-0.5838879872012581,0.6605451778867044,7.825452801166609e-23,0.01653790606015632
-0.5339633449570702,0.7236046032951852,1.078473929627761e-22,0.016414664253876176
-0.6420012105203599,0.7029913646731328,1.276990167266051e-22,0.017328748460554124
-0.6764054561293502,0.649957410462778,8.849958917071263e-23,0.01696096076855199
-0.6603700234789042,0.7709652048822465,2.647393047619877e-22,0.017750197074407194
-0.6302307665009317,0.779939919100899,2.502816219392295e-22,0.017600473036978558
-0.5724013883578525,0.7457901680250172,1.2777152091391415e-22,0.016707687011538516
-0.6040488166003091,0.7930523931189508,1.6286053535925774e-22,0.01722716237339199
-0.5562633222563345,0.8547336359397248,9.357189607428969e-23,0.01645171182392773
-0.6256789666131324,0.9153246753860449,1.6249771870702493e-22,0.0184354840165499
-0.6793422864569506,0.8531924762025566,1.1670882682637433e-22,0.018082487958413957
-0.7084634975387594,0.8774518162360959,3.5189490182797397e-22,0.01972281358609562
-0.766757206375296,0.833959944617571,2.865116400540176e-22,0.020050611115696323
-0.7029487271478249,0.7866924690214179,2.797974174613289e-22,0.018328573108626
-0.7514127771336763,0.7584507965971612,4.460437052313729e-22,0.01902536100972499
-0.7843969596191163,0.7470413880477684,3.585003686276341e-22,0.018859005597823116
-0.8238805436339875,0.8374762942815814,3.3317443738214717e-22,0.02326748467692629
-0.6841388701219547,0.9350843441171577,2.219006292715643e-22,0.018666208573455752
-0.6569260454904542,0.9407561383784641,7.295341451204831e-22,0.019333443571977915
-0.5610621693336367,0.9416093493660704,9.073319566566583e-23,0.01728877881655885
-0.6198586768528014,1.013884859034961,1.7795697088153625e-22,0.02156027654013013
-0.6318804513149455,1.0192424831024087,4.0806664762256527e-22,0.02135667880990088
0.0796436008073826,1.2762821372476123,0.0,0.015533469999907066
0.32601270412395317,1.2534395898289572,0.0,0.01685664749690444
0.5515416748513012,1.178362795634514,0.0,0.018147115568829652
0.7458639653790129,1.0606968548956461,0.0,0.01641577711498696
0.907948517555702,0.907237071775777,0.0,0.015620239012544996
1.040785928487422,0.7146146879585948,0.0,0.017079979279415028
1.1375627405767572,0.48149057994846883,0.0,0.01581684927625165
1.1863692267904125,0.21792605210226113,0.0,0.016897580949635723
1.1799168616659614,-0.0596068762518202,0.0,0.01785357224782479
1.1174989178219599,-0.3340460546739688,0.0,0.01810191274089528
1.0031699338192208,-0.5907222151283139,0.0,0.017104004321231228
0.8434896848241551,-0.8180541218254609,0.0,0.01886479971531183
0.6461402943620971,-1.00693803629209,0.0,0.02051320187390044
0.41965722011073847,-1.1498762095304456,0.0,0.016697442821905634
0.17392979038064268,-1.240652608038076,0.0,0.014387679445678325
-0.07916916020985308,-1.2749972852198246,0.0,0.019285954206334503
-0.32582160153880885,-1.2522117392126002,0.0,0.021136033669384695
-0.5518422497130444,-1.1769618474092178,0.0,0.017562400191754094
-0.7467393850366596,-1.0587736096808484,0.0,0.01820306110565354
-0.9090722984232851,-0.9046834987618985,0.0,0.020424595185959196
-1.0416492171328078,-0.7118099177057577,0.0,0.017748521564050244
-1.1380090082246994,-0.4788060940881249,0.0,0.016300583222102857
-1.1864883203997951,-0.2155009981110242,0.0,0.017132220721581402
-1.1798326401091803,0.06177573919588326,0.0,0.015184748990139465
-1.117293196599104,0.3360194436325108,0.0,0.019804874166169405
-1.0028745968095647,0.5925656710497395,0.0,0.022795136066231583
-0.8431049223544004,0.8198084062933579,0.0,0.02427802833365291
-0.6456609747188553,1.0086088064869891,0.0,0.02134495371521402
-0.4190993783199869,1.151439961122585,0.0,0.019101739847364838
-0.17335359464731995,1.2420778144412572,0.0,0.014691118911701622
