y,x,reconstruction,noise_map
-0.6199340026836664,-1.1484622845568857,2.366936292844817e-16,0.014490622958581178
-0.6505584784838261,-1.0611833125409886,1.4897568673709542e-16,0.011352266019107347
-0.6407816806538336,-1.0296758829641586,1.5680398589926882e-16,0.011444307913297374
-0.6795251239736206,-1.0596994665199055,1.4296655018086112e-16,0.011821787795608512
-0.837942944832688,-0.9032302268329946,0.0008817830773194817,0.013446781926261501
-0.8249871183091368,-0.9107741440020395,0.0016098260565483439,0.012893139677689349
-0.7797221092093122,-0.8659484071605448,0.0022054524043987407,0.011566006759442365
-0.7328424477202631,-0.914017440001343,0.0047895220175851036,0.011209265916135578
-0.7822172722819994,-1.002109851092417,0.0035524764043015694,0.014712976100491494
-0.715852471694266,-0.9803896758284729,0.000708294332103138,0.011717409513889417
-0.693247567746397,-0.9844534712269445,1.065232048260309e-15,0.011207665119196892
-0.6017157002664744,-0.980052291356591,8.280965756349529e-17,0.010168034601458391
-0.6448714714545078,-0.9271875834627923,0.0010407466422059902,0.010894531453643469
-0.5964817577827088,-0.8606020469801229,9.597287195735286e-17,0.010414120027699106
-0.6679291274101649,-0.8459721789823078,7.466120044867821e-16,0.010971256988406827
-0.7157449614916531,-0.896144450866671,0.004357105874076653,0.011966817171804523
-0.6898161652644166,-0.8028781060008896,1.968825947886323e-16,0.01077880729099591
-0.6671512821888641,-0.8059225500303121,8.615437278128087e-17,0.010626392785178022
-0.5770325635508611,-0.8046748904764782,1.1445170954100175e-16,0.010752870970066471
-0.6149536937881152,-0.7526214151670625,6.763599983793733e-17,0.010663872375763965
-0.5646103362422468,-0.6877804121654838,2.0798526169492e-15,0.011079092611665637
-0.6365755816637815,-0.6771119213308215,3.567636266952941e-16,0.011213504188977699
-0.6895183760123604,-0.7297512214268043,1.8028001440205489e-16,0.010796465738943918
-0.7298121096348932,-0.7079515785301108,8.058196143592523e-17,0.010623823544429936
-0.727509915526351,-0.734191008226867,1.2668172717489243e-16,0.010845652251541613
-0.7243659426279185,-0.8424727453126822,0.0007654630722347133,0.011710253228631253
-0.7715009613300299,-0.7958035291335299,5.645438134628644e-16,0.010887802928308129
-0.8292427307830234,-0.8532927023983374,4.296364481560953e-05,0.01196268853358951
-0.8419664704458966,-0.7657933620570166,8.363209953776681e-17,0.011014261736908127
-0.7901282696317177,-0.7045776122192023,4.9873870519740086e-17,0.01033569939607081
-0.8658312435986136,-0.7546673231019003,1.932722938023316e-16,0.011506069577017514
-0.8909640697601374,-0.7508168353614446,3.31306374674296e-16,0.01145198746896474
-0.9290098857511667,-0.8017203575501479,9.065175804697943e-16,0.014944770679233372
-0.8839291047501305,-0.8644654490635117,1.5378955849879034e-16,0.013164993759745865
-1.0064466667428702,-0.6226916928829385,0.0006786887653545339,0.013013486308170431
-0.9454466310503122,-0.6547130955662209,0.0014298241574629098,0.011930107980726702
-0.9095388302298149,-0.6896971844365998,8.417588674890335e-16,0.011206535292573375
-0.8617454876046033,-0.6345653848496183,0.001739760486169812,0.011414069676166483
-0.8657467364281737,-0.608386842655297,0.0027038659448034704,0.011675650134281741
-0.8699467371063521,-0.5822404178213444,0.004014348893730997,0.01228472958068167
-0.9222181435851182,-0.6280607362869807,0.002317493955526899,0.011393188264780574
-0.9787883592117319,-0.5792549134201339,0.0016094389807910603,0.011776641118430875
-0.9299630269054169,-0.4882294364593406,0.001758737758823371,0.011275600059670019
-0.8924478697406143,-0.5301322320305409,0.004372685180921502,0.011346407139874542
-0.8409550187252848,-0.47349215164301023,0.002111222800996541,0.011422950274980534
-0.8459686697635844,-0.44758588452652065,0.0012549534957181398,0.011512308063540743
-0.8512206731296776,-0.4216223790154535,0.00018265943621026306,0.011036478440032253
-0.903698962664421,-0.4654789688123737,0.0015183916893529595,0.011322637576110507
-0.9635164088581296,-0.41566028790337584,8.823638808760094e-17,0.011039889340809123
-1.0486145391516657,-0.44763649399645905,1.0947119316414788e-16,0.012097722787262837
-0.9993304438525574,-0.48792799214519766,9.236473070178571e-16,0.011928497642811155
-1.0296026613584055,-0.5236064625134279,0.00019850977922608267,0.012051403659841094
-1.0630002295099445,-0.3241110467149925,1.965992426840931e-16,0.011892323493624611
-1.006699142580636,-0.3695386943218707,1.4836191622530487e-16,0.011739793296656743
-1.0058338602384929,-0.34948164894390543,9.988622697019622e-16,0.011869334712714048
-0.9825393501772706,-0.30775029123012354,2.584484665137135e-16,0.010954524281713196
-1.0313268157480913,-0.2532598639859407,1.074485596298503e-16,0.011339940254880316
-1.0984977428840326,-0.31123982955753426,3.238623003209514e-16,0.012711062611698926
-1.0714985034484794,-0.1991903865950908,2.463671562844791e-16,0.011573538936417566
-1.1018449376151502,-0.11970801052167453,4.731568051420653e-16,0.01223827361514228
-1.0874543169812871,-0.1321589258015349,2.361243605194576e-16,0.011631784661849557
-1.030033723006051,-0.08370599639035678,1.4496235095530914e-16,0.011089443465789087
-0.972467698460472,-0.14680328981434798,6.652771091073003e-16,0.010795905052220094
-1.0305456738342196,-0.21010671811698517,1.4486110715454243e-16,0.01124976943089543
-0.9535152013643974,-0.19767883466071892,1.3635149063191285e-16,0.010852177510565525
-0.9279082723536083,-0.15633584297278458,0.00010386341708731005,0.011340451926387388
-0.9498168175167819,-0.11524519799885174,1.4673232958377397e-15,0.010756955120858955
-0.9148791166450547,-0.12847155041998795,0.00015864005916658476,0.0108130687312216
-0.8573631915882058,-0.08127303124583567,1.0909359145470087e-15,0.011730052511349426
-0.8000043868192308,-0.14219791492207645,2.1715723968312213e-16,0.010894889973680271
-0.8584442879853289,-0.2037768769133635,1.4493029841030026e-16,0.010865709942959701
-0.8308063592119416,-0.23689308770070572,1.1136610929472683e-16,0.011168481508236499
-0.874684917000897,-0.26813196934073064,1.6407775236991928e-16,0.011291511458041007
-0.9168280182788452,-0.2487680824203463,1.800338996343943e-16,0.011482070574437061
-0.9074337958072531,-0.27803523910867856,1.687672552402122e-16,0.010932662759809565
-0.9588952916522251,-0.3340915710716688,8.933087255674173e-16,0.011291258509420971
-0.8975340935413437,-0.3848976028862125,6.820599069143206e-17,0.01107299542054634
-0.8302798892053342,-0.32793042618530704,5.154823514721103e-17,0.011013965692379862
-0.7703042229932628,-0.3761363916917576,1.2140042698388086e-16,0.011168946027756314
-0.723791054384541,-0.3392246761905782,1.4953991050380062e-16,0.011193766817261672
-0.6831713257942098,-0.3558795633559874,2.1730249767091623e-16,0.011435160104866811
-0.6881814578468308,-0.3311684444361196,1.5476888737696871e-16,0.010957586485222827
-0.6352877030348356,-0.2770187126724067,1.7076429846322333e-16,0.011306987090099948
-0.6961294572800942,-0.23027351402862745,5.3111412026298813e-17,0.010923781455920486
-0.7633270888814621,-0.2850624562817235,5.3491560545558025e-17,0.01101168776432478
-0.7867803679900365,-0.19928635620228763,7.377253573695463e-17,0.011003173423784466
-0.7451677680902471,-0.15413252766589286,2.123622591808595e-16,0.011106535654937978
-0.7710219154850595,-0.11091476565600637,5.719891979586327e-16,0.011474157887151783
-0.742305240968985,-0.1178699214944546,3.195589582127626e-15,0.01131216652713611
-0.6878986399692755,-0.07529360657802087,1.777914756899644e-16,0.011066830778751778
-0.6275472814834941,-0.13048236312353548,1.2995305260825103e-16,0.011459630470346096
-0.6886276196121376,-0.19163380741615543,1.0588706642608862e-16,0.010859796898775765
-0.6154991977050096,-0.19656863963261662,8.910076924278858e-17,0.011244223025991422
-0.5696872017005497,-0.15020557370032966,6.405769751569298e-05,0.011417190348791746
-0.5984798890543908,-0.10672385470131383,1.1685693742111374e-16,0.01128570837086512
-0.5698285729072188,-0.1131176082615773,1.0455310882566421e-15,0.011532143401973
-0.5187081659147764,-0.07576086926004158,0.000517655193238263,0.011559574270182666
-0.4553745213510038,-0.1236738977500608,0.002421829279962906,0.012016009983859982
-0.521030519445213,-0.18449490403429805,0.0014806257035741605,0.011579717391405623
-0.47819424376139913,-0.21657562516241566,0.0009667391934292616,0.01184461257977083
-0.5362440799239261,-0.2604604663832945,3.1754720404376457e-16,0.011547478158782253
-0.5866609475528182,-0.2366999227153361,2.35896256322789e-16,0.011482674057265657
-0.58118604981797,-0.26058864977230983,2.6200517846188583e-16,0.011272430975777773
-0.6236278340691261,-0.3043810205805832,1.840321490861089e-16,0.011305723014115955
-0.5754125141254107,-0.35414227387066444,9.319486469811691e-17,0.011086969261387747
-0.4995334972264158,-0.2919195954217996,1.3843142946850423e-16,0.011476303803334798
-0.48813265980096104,-0.3657408085466841,1.3040817136886075e-16,0.011368091379837736
-0.5426410233162426,-0.42222185663031164,8.798986682532473e-17,0.011343178580396256
-0.5207761046239165,-0.46497516858536553,9.477947764060024e-17,0.01138302888816487
-0.5441559518290024,-0.4638237227291232,1.6093670986125587e-16,0.011349088080578754
-0.5890425880440356,-0.5030831656042228,2.3496688434566726e-16,0.012707799935145188
-0.6389450513812589,-0.4624785153101052,5.018173947434704e-17,0.010996641761581724
-0.5696941811125965,-0.3911852063635871,8.198708203062478e-17,0.011198465728707349
-0.6596424330317525,-0.38267339806840034,5.549641047461671e-17,0.010895185876637683
-0.7195798643346794,-0.4328544392239023,3.368460458640764e-16,0.011026297826403656
-0.7711779392352052,-0.40546022354680483,4.251216797236609e-13,0.011818434103933718
-0.7696022245920401,-0.427733865696686,0.0002944954940115611,0.011177119534345345
-0.8022707953381975,-0.46981826382881753,0.0024332105122033764,0.011699143257520818
-0.7571631032806856,-0.5211009569255489,0.005717549788698836,0.011630503306814033
-0.6840990184849756,-0.45636619558369357,6.99717992682216e-16,0.01131885709464651
-0.6819529086298837,-0.5389790628394355,0.002876193124529939,0.011581228462977993
-0.7411041204613718,-0.5924874774656317,0.0021501199540720525,0.0114547837939771
-0.7893050897001508,-0.5661858481674662,0.0047089023261881555,0.01132821895856742
-0.7914778300304793,-0.5859975570436563,0.003796510191924881,0.012100152233038718
-0.8179441330024655,-0.6289760965400384,0.001026132807478895,0.011307342572968032
-0.7790453353039521,-0.6776781134705016,7.324641574049783e-17,0.010825999848926392
-0.710912185296734,-0.6130468434521144,6.688247949874998e-05,0.010885963572996067
-0.6672455510605793,-0.6570837134103391,1.396506647027852e-16,0.011242493175562843
-0.6147428599917413,-0.5953142908792388,1.4022896945437069e-15,0.01123527255246969
-0.636799852188178,-0.5491922825425399,0.0010680738102989875,0.011577287939960844
-0.618264413420941,-0.5457404546021801,0.00046235018359347044,0.011597466067338406
-0.5799808127150736,-0.5217966677604001,0.00017594142885983633,0.01341899830991844
-0.5404909325904522,-0.5556691396535803,9.24239631763558e-16,0.011494598228967985
-0.5999935498103817,-0.622762667044766,1.2347278314310642e-14,0.011348965958555194
-0.522513313967091,-0.6260632757008051,0.0013289675152280494,0.011395413575892927
-0.4707231656139895,-0.5607417402077657,0.0013576157496050934,0.01164498103650444
-0.4871904456843985,-0.5162664293519422,6.167852689770604e-16,0.012206511437224902
-0.4702925586390501,-0.5117074972858564,4.538577099995033e-16,0.011916897979063675
-0.43789238881139575,-0.4895495167480846,0.00033258594067563454,0.012274626915677388
-0.4060687339743121,-0.5213971636595985,0.0035263360068867435,0.01178701318094114
-0.4611218221626997,-0.585311903670574,0.0020054297762991395,0.011521471807825128
-0.39596462413911143,-0.5907339367311601,0.005027477827947862,0.011853693942086905
-0.341382510099645,-0.5237895159178747,0.0017198377997525182,0.011523014483942457
-0.31345931951893,-0.5529366729923941,0.000701376947693208,0.011243648296404968
-0.3064874174867428,-0.5271371714175286,0.00043741693448852046,0.011576769303363724
-0.29177912396342104,-0.49080027270539195,5.328852901482503e-16,0.011469904735227642
-0.31021934346906843,-0.446142422577922,3.273293132874163e-16,0.011203978047354613
-0.3567101367225774,-0.5118538677036911,0.0022650785378330275,0.011535184734718162
-0.3574801409771887,-0.42948121737306155,0.0011247569553415704,0.011470659553506601
-0.2950925123837806,-0.36143839240464004,0.0031515870785048692,0.01200016404993941
-0.27471157579313005,-0.38414010353231126,0.002115982524553661,0.012233674515924466
-0.2621513518348303,-0.35696519751828787,0.0025746335827871933,0.013172743331095617
-0.24744055632857093,-0.3282724017910616,0.001581039701341894,0.012437467356358861
-0.2608375009566937,-0.2981659225373191,0.0015346427778360726,0.011571632348578019
-0.3094300713165953,-0.3542050349398675,0.0032111378174000766,0.012308113033658042
-0.34717641062311777,-0.32364049448395604,0.0017070267481197681,0.011795672139044045
-0.41037835235875386,-0.3893019836944377,3.9896409006473925e-05,0.01169097201429736
-0.3882539932339852,-0.42113299908880475,0.0005809144307160378,0.012862605055351448
-0.4126547421749705,-0.43481296927501933,8.483011724354987e-16,0.01138693548095447
-0.43744365106832284,-0.44818871767244595,1.506756290911013e-16,0.01149047288982958
-0.4736267407208229,-0.41943849109625986,7.532092077455021e-17,0.011479521415671387
-0.4237282012555742,-0.37391352432642966,4.594323187490858e-16,0.011472881292503994
-0.46673562699442334,-0.32843068609158366,1.7380884688657643e-16,0.011672545524424772
-0.39773502248918213,-0.2723376951566378,1.1122388513951535e-16,0.01178746168614429
-0.36026489850859833,-0.2952460214454332,0.0002947207513157192,0.012482759563466384
-0.34736992905956293,-0.27221560627913394,1.1858470387494427e-15,0.0119738538026627
-0.3346519287019785,-0.24970538782358648,8.37424610714647e-16,0.011870811048797114
-0.3674388275411088,-0.21886920115219582,0.0009132896269791292,0.012110861704109284
-0.41388179056069546,-0.2557142941610648,2.269845998456421e-16,0.011721467918886794
-0.4366970374471223,-0.20157607416773735,0.001409856446330558,0.01200153991766432
-0.37162789775236527,-0.14960323492300304,0.0033646826115033756,0.012369299149589525
-0.4120253553094676,-0.11237571019976393,0.002256078492610636,0.012042973837438922
-0.3831406360935627,-0.10553618630246989,0.0027620353099092514,0.012659613783519624
-0.3542540900669675,-0.09885623978926339,0.003838516846184799,0.013023377064464239
-0.3073968129521495,-0.12703603294324417,0.004281118759526292,0.0126256800692487
-0.34474788201655754,-0.1602503692019613,0.0035513934968260984,0.01227884836757255
-0.27438952970796054,-0.18115358029134593,0.0018267649249279578,0.012340499054764798
-0.20381504397302092,-0.13464031827182532,0.005185772247034015,0.013084029447963665
-0.24067647869208497,-0.10738888086551686,0.006643871929403786,0.013384070700181093
-0.21171020922358258,-0.10057181548087024,0.008351140879446778,0.014177283915525498
-0.18272566759339703,-0.09398392850597964,0.009748582325714275,0.014077253784111487
-0.14212977193397502,-0.11005306667764526,0.003907917615960472,0.01379442623597732
-0.17823364482889292,-0.13591271299023505,0.004884623348758287,0.013469396096174948
-0.1445957681777691,-0.1551586452528645,0.000618118067586518,0.012850353674391132
-0.21222251463520908,-0.21164689957330957,2.2194442352209755e-16,0.012065805065020394
-0.24102735343021398,-0.19989016213239796,9.42923054218158e-16,0.012776327081301124
-0.2572388443227962,-0.2223209734055489,4.566328459278324e-05,0.01281280417401964
-0.26892444023923295,-0.24161001847047667,0.00022174456529500594,0.012560973956565568
-0.2548165546314092,-0.2616295733797297,0.0007024819663231042,0.012363529366159101
-0.21775097287002965,-0.22999700032324896,7.41335631056776e-16,0.012689878883020278
-0.19570144812991216,-0.2458059615232273,0.0003308951675647133,0.011860900231605001
-0.13541466225640536,-0.17447065496799566,0.0009261757415899267,0.012769951895483087
-0.13230614015032674,-0.18048428872028202,0.001601718154870894,0.012448562167338736
-0.11092064152087394,-0.14752074099844908,4.0536441624331774e-16,0.012988548785199738
-0.09807652403852596,-0.13002462638866213,5.380755353825808e-17,0.01312285441746239
-0.08513197257585364,-0.11968908822387586,4.941195803550215e-17,0.013636818195341065
-0.11986993962495687,-0.15422031770826955,1.8975936841075704e-05,0.012753907931554686
-0.12800388305254579,-0.14309095113041645,5.569920581450521e-16,0.012962633597843273
-0.05538281057953587,-0.09705849968042723,8.664344811452565e-17,0.013991970773843732
-0.07376682884722924,-0.09285555791748068,8.689330554173905e-17,0.01383671181780599
-0.03452439371493171,-0.07990887289046177,3.666436046335512e-17,0.013797354993967916
-0.014679180615196574,-0.07527706402692881,4.7090019044295785e-17,0.014122895098044656
0.015444865846483996,-0.06362339178733693,2.0980596636200242e-14,0.022287475709686366
-0.02443064258220548,-0.08104593097899028,1.3400743788425425e-16,0.0138742406964996
-0.027960383839971265,-0.0520819325404252,2.1381033937076434e-16,0.01651062650704261
0.028854900338434103,0.021443228698575012,3.266635226167156e-16,0.01650053317709464
0.06478159764252936,-0.018110816652919567,4.0152580287761993e-16,0.01564010020660357
0.1007959031774906,0.013357042340819594,1.0371006638090471e-15,0.013857789497396649
0.10000941304510277,0.04436023743036001,0.0005745872825784324,0.01373346956619753
0.026928883576580215,0.12245520836458589,1.7762767324240283e-16,0.013206668383380674
0.013255993025570012,0.06241702411691066,0.0010781079235014316,0.02772156287393758
-0.027823680514833887,0.06378474648002996,0.09354093743760857,0.08716033768243907
-0.054581335960986806,0.07781095672464314,0.11824286148203647,0.08135270033801122
-0.0564660604589202,0.06626961127209224,0.23471942376179197,0.20685866365703318
-0.05181641801013055,0.05498715198526441,0.756819818345424,0.24920996291074757
-0.05494311906413025,0.04722134697338701,0.3836646222203267,0.21872482660181522
-0.057125498081551054,0.04851907228254185,0.8645673908630183,0.3998440958185089
-0.05902008533740032,0.047656043810730214,0.6122052725458701,0.2816913078614945
-0.06005013308721639,0.038932814628885426,0.15794218173131874,0.15127817148432776
-0.06122488374576723,0.027925216114818352,5.7268183085372954e-15,0.1981574188834394
-0.06092518327570677,0.01530016888402208,2.2396139259191076e-15,0.11667306824149967
-0.055619704527456376,0.029072544937451372,2.3106553806267224e-16,0.07595390512353091
-0.06944720068855353,-0.049569935037377,3.143748718198167e-17,0.016315468562503484
-0.04724590269418348,-0.014085452864597864,8.31644851655465e-17,0.026056639607324086
-0.07884137309775399,-0.08972008550663071,2.3736978657086305e-16,0.013877830968151312
-0.09029750458811404,-0.1126282073465526,1.3284643238035828e-16,0.012965043967758445
-0.09881265527642785,-0.13788574363409306,7.120427048615857e-05,0.013441413269600863
-0.07659851783311603,-0.0778164448593826,5.2397044790883254e-17,0.013737556131445785
-0.07183787608758185,-0.1325214014318502,1.5718281396494262e-15,0.013749702196065835
-0.1005245062077767,-0.2201651533649122,0.003501931188345199,0.01255132195180501
-0.07955550642547339,-0.27101031926317953,0.0021048601837561913,0.011858382571695048
-0.11093835001271934,-0.3312716432525285,0.00033061137930006143,0.011317399104880811
-0.12627926296967038,-0.3213155205487397,0.00024181358374847521,0.012192578814024758
-0.13804761109129615,-0.32025514259688237,5.703565792008814e-16,0.011674216266248639
-0.11199881395172574,-0.2548772730368631,0.002777870375960613,0.012061384500982117
-0.12084265335844023,-0.1980620151625817,0.003394974856307743,0.012363189513892913
-0.1667328088050213,-0.28086435458554926,4.707260598153952e-16,0.01206574912524871
-0.1728777439096685,-0.24430162275688472,0.0008063397288407825,0.011968976015168742
-0.21912808772042752,-0.3124770575318987,0.000380286377531471,0.011612422768001078
-0.22189633555169627,-0.3412401779584431,0.0006010988573505305,0.011764452663460769
-0.2277148729930957,-0.361743846734917,0.0008056848159584943,0.011777621364198269
-0.18715598808454809,-0.3098802403244753,2.321395596860128e-16,0.01169339856948184
-0.1692010742673753,-0.3494643592744409,3.392771913898941e-16,0.011305401222757755
-0.1994232165572455,-0.46304744594936026,7.734484561684943e-17,0.011194893367481125
-0.22418778423323643,-0.41219198245039745,7.779668514852446e-16,0.011334792029419572
-0.265846695257434,-0.48220060820866484,1.5310869219835944e-16,0.011312958008380638
-0.2616194663215323,-0.5204011837228499,1.7561514212964666e-16,0.01143926724725314
-0.2651294962581927,-0.5428969915746655,1.06069334305029e-16,0.011201172896721538
-0.22342517169428888,-0.4944508639650148,2.757405499631088e-16,0.012357529659890848
-0.19391914995443996,-0.5423566129058682,7.424666572200114e-17,0.011097319741678291
-0.12882735683053348,-0.5096925605213259,5.996378520178591e-17,0.01090405573742794
-0.15920400336217383,-0.438857893555249,1.3422932644456388e-16,0.011019847285938609
-0.12155593802285655,-0.37599074936515403,2.270857146619503e-15,0.01146227903849948
-0.09865243011311858,-0.39875900669879416,3.463974278237721e-16,0.011442750330061112
-0.08645797573614963,-0.3981499153733134,3.852059438213425e-16,0.011458816863406295
-0.11001541598081838,-0.4654758847867446,1.141681477112492e-16,0.011347100062384204
-0.07948109212022847,-0.5307763133308174,6.125431315423604e-17,0.010579791378311883
-0.09520606915221239,-0.6471494154371507,0.0027540501703677504,0.010627918079713307
-0.14090682635886528,-0.5776643742961053,0.0009735726409773931,0.011304099108604262
-0.18064149160638932,-0.6514390264760358,0.00016216006442144334,0.010838842569399739
-0.16283930200823238,-0.6992743110335069,6.29722021784084e-05,0.0109020221578837
-0.16625829492904912,-0.7274477825875394,1.494750653490331e-16,0.010315530629161343
-0.12443682381369145,-0.6836888943295816,0.0018087101224940544,0.011625869447454482
-0.08370297032833433,-0.7405122371233077,0.00042065521314702155,0.010036421197629165
-0.12537274927911685,-0.7969504513853811,7.632189911759499e-17,0.009987539679688557
-0.07747592593140731,-0.8796325177377564,1.8750637498633042e-16,0.00948632775364133
-0.12776912056727344,-0.9462350476150776,1.0391669596977016e-15,0.009880869781287847
-0.1603887406312707,-0.9058125148446932,0.0005995624003016061,0.009920100292419909
-0.1817364661805838,-0.9144456917645003,0.00043026393530633906,0.009658864507276372
-0.15282526402573293,-0.8473458141782741,0.00041295403616518347,0.010473254607189866
-0.18752870344151926,-0.7829376429980985,5.307338142657471e-16,0.010136585711275771
-0.2487004640452713,-0.8039778867706893,0.0006044792168745297,0.01040987251949879
-0.2052509784291008,-0.8825438393961393,0.0015810330398767047,0.009730332060450805
-0.2569990280963562,-0.9512084438781382,6.151219595215323e-05,0.010178834606592909
-0.2900923303314236,-0.9094370362861611,2.4795394902990268e-05,0.010053646407385267
-0.31221204598879926,-0.9201492265295184,1.3286179201327139e-15,0.010078914573431757
-0.2830603986104581,-0.8557871723077062,0.00036872444454418945,0.010259743438795925
-0.31352367072877374,-0.7971302765122178,3.507888762398983e-16,0.010153596969196934
-0.28333432970616773,-0.6897752771097343,7.530700346183325e-17,0.010596502591505009
-0.23916552070983704,-0.7544915587427725,1.3692546362406971e-16,0.010107176755211193
-0.19406741067459876,-0.6771065154182738,1.0737569362305446e-16,0.010470247448062743
-0.2190468392117762,-0.6234965471553355,8.032873855191451e-16,0.011635668205892348
-0.21120136873939854,-0.5904809319688805,1.224647166855515e-16,0.011050122863068373
-0.24838174151740872,-0.6297263812390601,8.045518539294958e-17,0.011019319103130415
-0.27737093593483086,-0.5874654234983183,8.494456437633077e-17,0.011484273620341719
-0.3452577247869209,-0.6330960552663826,0.001260721424265617,0.01092103969275336
-0.3135432383855042,-0.6972361142240673,5.954039854580854e-17,0.010428497890951665
-0.36477842247961156,-0.7720912164481905,1.1698522042682993e-16,0.01063731306057556
-0.39729128292412624,-0.7299292285455605,0.0008292006705844101,0.011181417041104976
-0.4193722783339199,-0.7424842809768202,0.0011331391525099801,0.010936386835429508
-0.3923260959388276,-0.6878457732078034,0.002993645656927086,0.011758652685034088
-0.4132780666458189,-0.6446159056896502,0.005384565542079058,0.011779610659616625
-0.4505512717625447,-0.6874949992633324,0.003945460309715193,0.011334175757266128
-0.48864004926522514,-0.6427529844181299,0.0029595946246503773,0.011585769698133661
-0.5500722385907237,-0.7114610346286121,3.797129894424283e-05,0.010916401860054574
-0.5215502623633335,-0.759988303185878,2.682996227597539e-16,0.010465600345775459
-0.532278363583149,-0.7905833978656491,6.960232511886846e-16,0.011382676529402315
-0.4944069791794803,-0.7593282839282246,2.6544554254814873e-15,0.010655970534928984
-0.46611328396649837,-0.7913152416161497,0.0002636676337206266,0.010543552543724494
-0.47481058175897095,-0.8672970447937443,3.0215268453451364e-16,0.00995117834096599
-0.5163159910913404,-0.8160124291098755,4.1939451747604227e-16,0.010535711896420451
-0.5756856932373227,-0.8855935789280474,1.3385212453610587e-16,0.010121961520355657
-0.5445718287447436,-0.9393016317798945,1.7816261346802736e-16,0.01018741238171177
-0.556295266105908,-0.9736226711091507,5.859394628511287e-16,0.010933191421348139
-0.5198181319342031,-0.9445612958424947,2.5564466542849396e-16,0.010179936601512903
-0.49026193301129156,-0.9752969577897929,1.1354129700511665e-16,0.00996832384379373
-0.41089316986769964,-0.9429408154271117,9.970811268286973e-17,0.010065051058807638
-0.4472578429717198,-0.8778971679425472,6.36270023469661e-17,0.009838907987470768
-0.3961941048206905,-0.8000362021301132,2.091661562654186e-16,0.0105806878283464
-0.35963171859175347,-0.8479204797511429,1.2127424402410007e-16,0.010304943124562363
-0.3329590805827716,-0.8295984304234202,2.3947396909026633e-16,0.01034461019715563
-0.3533974590298028,-0.8797008437358912,9.373553052420559e-17,0.009826337231050529
-0.33753468164082073,-0.9256698541554104,1.4513305342828026e-16,0.009907912802765406
-0.3826343757645513,-0.9978560986800524,1.4654473815976906e-16,0.0101250854317577
-0.3426970280464596,-1.067326949581024,2.696724313367129e-05,0.011394566618397554
-0.39189913076606053,-1.1446616409886927,0.001192054756769617,0.011423589948284503
-0.4337619052875959,-1.0927122336720412,0.0024553858404513006,0.010924039842366888
-0.46501170280082194,-1.114615967171741,0.002911954970487903,0.01085596649889319
-0.4427684614911175,-1.0629735488855847,0.002125952320167252,0.010561137156991958
-0.4550991481602494,-1.0185831988409295,0.0005641196148167974,0.010510922565840013
-0.48667305420516227,-1.054296265669798,0.000898912878196034,0.010640630791568956
-0.5313697748642787,-0.9978899651837772,3.8738132689483887e-16,0.010177613926473211
-0.5895820249088104,-1.0675057192292288,9.99099590161903e-17,0.01061403583836309
-0.5558166485147877,-1.1249148349578248,5.319649956139275e-16,0.011680315057562084
-0.5837214640385477,-1.1439161912048776,7.865596384559824e-16,0.012600669560987515
-0.5353309509390968,-1.096535170071032,2.347641669821447e-05,0.010853210948445354
-0.49212513499289545,-1.1492119790164121,0.0018869613367293783,0.011444081442483657
-0.5628881097182811,-1.1884209005807989,9.832594637252073e-16,0.0156053909167125
-0.41744957095662677,-1.194836013164918,0.0007605576044204366,0.01252001045749479
-0.39571260904116784,-1.2181554013578415,0.0006068498914918131,0.012966264483781466
-0.37303157840247414,-1.2254046523119593,0.0004333026139832968,0.012968264708703605
-0.31862753114158354,-1.2824462263312464,6.663354954305627e-05,0.014262606102277272
-0.22376701994840018,-1.2890242336656668,1.0840250989617936e-12,0.01469731981502838
-0.26886409971721104,-1.2154039392706557,3.901750446439666e-05,0.012740070325817768
-0.2386652302546003,-1.1640633585850448,6.915259096236768e-15,0.0122928526699241
-0.2911710251922665,-1.1990598460413264,8.68719221220121e-05,0.012971943836040115
-0.3141714063081382,-1.1909320723245496,0.0001684084955294229,0.012790864422715351
-0.27902368405347455,-1.1327675534615946,9.393527340422087e-06,0.011867277529064146
-0.32760705097725124,-1.0702376873746826,5.447070738746529e-05,0.011364098589090411
-0.29235738236225006,-0.986300912262965,2.844520029302314e-16,0.010023897582128708
-0.24461607696438417,-1.0489515384777284,1.3630602207406736e-15,0.011289796500018935
-0.20657623135007125,-1.0019736608313,1.8253854746186042e-16,0.01025516098231114
-0.23349886054110602,-1.0814072074902035,3.759811960476913e-15,0.011439098950287399
-0.2282493659780923,-1.114199017379551,4.019258886647362e-15,0.011702297287560932
-0.1405791280804992,-1.1312510628282921,1.901148851028022e-15,0.011056463429353415
-0.18992289585755892,-1.0634492395345836,4.3351685099301837e-16,0.010927048078816106
-0.16164869934964843,-0.9788405659644581,1.2973547968786035e-16,0.009828351546431883
-0.11196105914386621,-1.0457068655410908,1.273974796354745e-15,0.01074686748899476
-0.07191700441646363,-0.9960469889170703,5.388710626370336e-15,0.009694185293473847
-0.09970800328001789,-1.0789118352726201,1.4737891676442018e-15,0.010602912884519432
-0.09346787153729863,-1.1121495014916245,5.1106347259658885e-16,0.01090037563357313
-0.07759947740110992,-1.2451574864892543,0.0003237449539833014,0.011688866275681215
-0.12919505616849855,-1.1760809527427176,3.097654654552419e-15,0.011377957090071895
-0.19126937888103573,-1.212463036019346,9.524427474386533e-15,0.01224541398948868
-0.14124690044175853,-1.2819944416938502,0.00013470756801250674,0.012889935893156
-0.17691001419272914,-1.3156572708379801,6.896648213790479e-05,0.016237629699013423
-0.10222686333474346,-1.261628616603514,0.0002607847741134394,0.012094610521951408
-0.02384939190414341,-1.3123311079089333,0.0009001119665114386,0.012820398145610234
-0.058079730684233374,-1.2890120397147466,0.00046373739685028173,0.012365577311270746
-0.03654725077851763,-1.1792087781981988,3.205754156454513e-16,0.010261181400254504
0.012976420071137765,-1.23928514647616,0.0008588245216821139,0.010339360211049227
0.0591841645222157,-1.16543558645886,9.286258519736489e-17,0.01003709156242379
0.05610560239109316,-1.2976855796469715,0.0005138238852435576,0.011017275702492604
0.06349015984003321,-1.3144987827239465,0.0003758940538096257,0.013205131557641745
0.1301801367482153,-1.283801205485135,4.291534527549414e-16,0.01106648483123915
0.18385412772143567,-1.2718425124418649,5.740036268919909e-16,0.011375304334230615
0.18297614540430027,-1.2476675997638775,4.1086458952012974e-16,0.010626537166823631
0.16658302131431013,-1.2028683976905552,4.622032415041098e-16,0.009890301108189939
0.13372274798315206,-1.2386321357849601,3.467628052139449e-16,0.00996921345547698
0.08300514455917879,-1.161455567802927,2.2769725195496834e-16,0.009995099730028462
0.12619123764143256,-1.0853609277656961,1.483756677348349e-16,0.010516532653150753
0.15803489286975608,-1.1200028864274543,8.482308302776471e-05,0.010222508603536986
0.17730268900191454,-1.0717188580040418,0.0008069751847684985,0.0107012705945742
0.17480660086539945,-1.0456905239501546,0.000926943737158507,0.010887993461404502
0.16143863382640566,-1.0050286863614668,0.000750625767098377,0.010104204348099515
0.12684208422850038,-1.0441818800108567,1.5726185148615106e-16,0.01054651671171068
0.07641871829250813,-0.9672736319070461,2.2545898154384275e-16,0.009927244867966225
0.020328330606937936,-1.0240920922434418,5.036839527279409e-16,0.0098158138639265
0.04477068082115719,-1.0670127492949801,5.920799369853451e-17,0.009724722784882407
0.01036601434707747,-1.1031101452702878,1.5934557574492424e-16,0.010434103021221035
-0.011038880335621601,-1.0966760884392508,3.219096415947695e-16,0.010166626456130316
-0.03665222025220526,-1.0841837996328914,1.9583391065165258e-16,0.009801563127157919
-0.005697609123327119,-1.0303994376894248,3.3857386326969276e-16,0.009817816292717576
-0.05850462193448213,-0.9628883416974169,0.00039709559231431433,0.009612986466080825
-0.024494720529582528,-0.8804807941391336,8.89999728556102e-05,0.00988993383747325
0.00631217479034317,-0.9168135616132539,1.4877938248601134e-15,0.009682620106363178
0.03432882664597742,-0.866034247662143,1.3552698871600888e-16,0.010046323507899612
0.027229348809824166,-0.8326051900101423,1.6980124236514523e-16,0.010097177651796335
0.020193069356526414,-0.7991733919658033,6.048656582285583e-17,0.009451911875963675
-0.017659807451501017,-0.8472266878631435,9.12945158616866e-17,0.009957603352272838
-0.062364145859117176,-0.7709089157081979,5.826759281409583e-17,0.009638812003965855
-0.020893492989067217,-0.6965497053820715,2.5392800588873186e-16,0.010092559940238813
-0.046641221818281814,-0.6474289712690694,0.001315689351499472,0.010572497848935842
-0.013014331076157362,-0.6015726001744619,1.920082068461277e-16,0.010812321170019913
0.00803338723695085,-0.611631409367676,3.820591727366372e-16,0.011007376044623167
0.02949470639366951,-0.6219196034721568,2.1359194066870652e-16,0.010951165691528354
-0.00015213567630996405,-0.6785511364126693,2.2489050836032007e-16,0.010382857744111674
0.04935072350019905,-0.7511816492112098,1.1211432640799483e-16,0.010052055157615838
0.11236604156845181,-0.706689793766611,7.184447732872894e-17,0.010188676870393125
0.07847578566692787,-0.6547672382430685,7.789203956932168e-17,0.010205243169077479
0.11527764462207565,-0.6082381880916572,6.116968244177892e-16,0.010428554981100317
0.13841741485176381,-0.6194025544895605,3.0856079205070495e-16,0.010538331876660678
0.16191538523267468,-0.6306324227157041,1.4117318426007239e-16,0.010289180839725793
0.13180524766393015,-0.6845634560329001,1.651623706668168e-16,0.010167000152551377
0.18379863064850072,-0.7618873060527586,1.251802780660806e-16,0.009535892123117187
0.16489370463353853,-0.8479849544630258,1.313027845757769e-16,0.009619141791441006
0.12690013578385326,-0.791833184152207,1.0050134227531354e-16,0.009813157718512076
0.091737484327814,-0.8526753846084262,1.3833080156828408e-16,0.009656541402379978
0.09938174662405191,-0.886072580476623,4.0868356448465824e-16,0.009851460703853062
0.10704914793278508,-0.9194659257839156,0.00024722917999382194,0.00996613956784288
0.1461674581428348,-0.8727912399017177,3.055256234149929e-16,0.009975844778753391
0.2036436419300446,-0.9423934220997181,0.0006311192373767382,0.010169498444113079
0.2506245509089572,-0.886973658381146,0.001713785368984845,0.01077681759641855
0.29229227925361234,-0.9493361918025527,0.001472820628676835,0.010132484321763112
0.3308657116325462,-0.8881970839573208,0.0001294594566389895,0.01056283411808228
0.3215604266938211,-0.8548367601672746,0.0009170124317820546,0.010555640705289873
0.31295894420676784,-0.8224642789262835,0.0014776933818708969,0.010379709191096405
0.2729781638231705,-0.8669165065216391,0.0018971833981940014,0.010558596336496296
0.2138275032455511,-0.7970029289291002,2.5026615828947797e-16,0.009540762773240131
0.2614250584115795,-0.7215140431236653,1.2530507031570784e-16,0.010044681164531801
0.21068644469171177,-0.6626926700602438,4.2351049991681093e-16,0.010118612957290829
0.2534446841500397,-0.6129575551685373,1.2569629026144766e-16,0.010554788980202024
0.2821005306648592,-0.6291074649540164,2.550820133940532e-16,0.010535407928038757
0.3036505134421001,-0.6358832191721562,1.7329537390105047e-16,0.010346134615599923
0.274715415670719,-0.6912167804789746,1.3968185524520444e-16,0.010091220490028184
0.3270801266479779,-0.7656112870258416,9.779615884216964e-05,0.009904207251244166
0.41191410823502084,-0.7395986474459073,1.0348344548757966e-16,0.010115532145024352
0.3563592718465041,-0.6755674567685371,5.465558239048156e-17,0.009931068640820875
0.4017589444101445,-0.6271866050065726,1.0581371713574145e-16,0.010106086478971592
0.4354083153072238,-0.6471851657066751,1.3250322076905315e-16,0.010523929051937709
0.45459443113879483,-0.6497187456447617,2.4300527404809736e-16,0.010540817400172497
0.42733061600615135,-0.7081478712538978,8.779446117353881e-17,0.010114146862889835
0.478513860022984,-0.7773565497973485,3.4459791644147537e-16,0.010578358871608223
0.4660603506326232,-0.8847087572419524,8.201155590615471e-16,0.010651263699253117
0.40774934146309977,-0.8158695377308487,0.0002527092482767761,0.010017367835015412
0.3689567170537179,-0.8756821319649876,6.934439523172256e-05,0.010898996589234766
0.3883323907246696,-0.92145472894549,1.49939280583144e-15,0.010907594907865518
0.3899566265892794,-0.9450234745883371,2.7621406708387204e-16,0.010117617487891273
0.4378016410924145,-0.9087821900856546,5.488298646186175e-16,0.010576377500373355
0.49299086691440164,-0.9687692280720744,9.03712066419134e-17,0.01043911992955906
0.44626427956011877,-1.03277165947205,3.0406251818614687e-15,0.010342920796137939
0.5032149303307047,-1.111265358174052,0.001479330670667036,0.011077105941242888
0.4542871834026244,-1.164537338113194,0.002004340818266182,0.01240916480727951
0.41459309809278133,-1.1368331042907032,0.0003084416585764963,0.01094399759009771
0.3960062182086943,-1.1354753572432146,6.934965186236602e-16,0.011197395718148984
0.42440286085621814,-1.0729596979134313,5.405874613175665e-16,0.010633068925364012
0.3765146121038481,-1.0046750870462327,2.3644007077940314e-16,0.010218684473768065
0.3332000746447129,-1.0659777671434465,0.00028107987172085896,0.010524091832147028
0.26905287584944226,-0.9910979657370617,0.001687154492318883,0.010235919862287486
0.22656774861774293,-1.0584186319470632,0.0015557975344671533,0.010403241294878674
0.25372030594120143,-1.1092949047649479,0.0009707786812191478,0.010492581200836583
0.25212368637089866,-1.1370470922937332,0.0007998424140109866,0.010332413803225537
0.29961888817196447,-1.0987588850988972,0.0009229677981484142,0.011208203344681134
0.35271394106358456,-1.158844713839102,0.0002791956084700066,0.01045875049181612
0.3320297734587293,-1.2466066888115945,5.231349547327025e-16,0.013278274242934412
0.2923165428134403,-1.2008631840997803,2.123434774768016e-15,0.010669385783955883
0.25729157743362063,-1.2570695767358508,2.26698244912387e-16,0.01189179541989908
0.24041847214943107,-1.2890295768066353,1.8696906949054767e-16,0.013419184997421745
0.43076707989472096,-1.1865925667037365,0.0009852980919541079,0.012805413230207603
0.5714539336612455,-1.100541110159958,0.0005136012662002097,0.013086265860273253
0.5361147117812051,-1.03591135410722,3.8250638679743874e-16,0.010604803548999026
0.5626900571991248,-1.046636782136579,0.0001823257314230789,0.011291472873936193
0.601711470997117,-1.007453378927069,0.0006073375857075388,0.011454686149951186
0.677395058138129,-1.0305143877489196,0.0036229722169918085,0.015327229631256153
0.9250367227892953,-0.6883118239637118,1.359143787239021e-16,0.013644548735256194
0.9128866578643527,-0.7387614852516396,1.7070891451663656e-16,0.01408267657430834
0.8380408803996986,-0.8136962300554795,0.0002001094939649505,0.012671764750853994
0.8284645367564214,-0.7002833422376955,3.7256919070983455e-16,0.011366311885111084
0.8409010653461111,-0.6621527259916871,1.9441156344375417e-16,0.011547921390139205
0.800975480574299,-0.6828271059375074,3.1076929319920637e-16,0.011141051455750608
0.7588041328358401,-0.6565373707535248,1.0838881423179003e-16,0.010818474274945512
0.6645661261383821,-0.6561749166420127,7.01826443626295e-17,0.010475803002538853
0.7240656808589261,-0.730756698692146,3.686267208353821e-15,0.011333328480363277
0.6741343140472831,-0.7944568939537584,4.048376504654742e-16,0.011303256174464165
0.7701532700051115,-0.808226707107338,0.0011498759200108586,0.011832839176810815
0.8068540133800907,-0.7903814483490719,0.0009574162580766579,0.01160971802986257
0.785836572025289,-0.8392926300496284,0.0010502747360268021,0.011882228111500725
0.805812592650675,-0.8830719865909055,9.892354201481503e-05,0.013464790309602423
0.713511290331913,-0.9503782837525456,0.002744527568030532,0.01221406127616586
0.6925771607502629,-0.9676110946744156,0.002876291635895759,0.012399316454353515
0.7220065465496307,-0.907373254832924,0.002315352344325701,0.012063442094317433
0.6711778958541492,-0.8407018203259102,2.2508865649315353e-16,0.011010981502688224
0.5883797210513009,-0.8488456716439252,9.751559915539813e-17,0.010703230894969266
0.653098500370427,-0.9328854643121429,0.0013101921867160098,0.01101588778960286
0.5979344353163689,-0.9910758260821408,0.0004698869938825573,0.01157863875753225
0.5559956741857354,-0.9489606083240903,3.6868589548703595e-16,0.010785680418226466
0.5316322809093702,-0.9539544075989909,1.7069663365901967e-16,0.01077811203828725
0.5600426233723055,-0.8933068943929316,2.578223296389603e-16,0.01084486251999049
0.5101397665240325,-0.8258617756392164,1.922630379816376e-16,0.010286213737759882
0.5254389516944146,-0.723133925646598,7.058704591748827e-17,0.009954004333260354
0.5968176227145925,-0.7992284687314966,8.253164254761193e-17,0.010695841961133275
0.6442687706817316,-0.7335947501103666,9.570043430119233e-17,0.010607572589380014
0.6042795733925463,-0.6803156090489002,2.660606840977379e-16,0.010963692446135253
0.6088139667636343,-0.6502852480520787,2.264452455327363e-16,0.010629030941008706
0.5609340086801458,-0.681840451758448,1.5622921960436747e-16,0.010781353503817464
0.5047395127812534,-0.6242912021971585,2.196033441401837e-16,0.010343012986291084
0.5088931226960404,-0.5423585415854169,0.0008218126725284215,0.010272226053532525
0.5814381546056486,-0.617203303521968,4.3822712400168247e-16,0.010737483216469555
0.6291054071374946,-0.553859304144172,1.0482964945700415e-16,0.010349039565271381
0.5847976858867673,-0.49780431149202686,7.713216617099021e-06,0.011076549514798
0.5892782809467375,-0.46877357592373187,2.665694280513412e-16,0.011249127833112459
0.5437910466681659,-0.4955427182860245,0.0005946680457552733,0.010828951784778468
0.48999172628108917,-0.44328069960224864,0.001699301252157315,0.012053646216685287
0.5241848431190184,-0.40350905110337754,1.036236327796308e-16,0.010974438616667172
0.4600088334026356,-0.3281743708786903,1.52325353364971e-16,0.011489144368538946
0.5119591768448699,-0.2744052094096202,1.7416887634504172e-16,0.011764094281401858
0.5674774713298432,-0.3246400671455499,1.627191259359544e-16,0.011338393345003894
0.59436004898458,-0.31961717777314186,5.760401573486217e-16,0.011835870881044482
0.5727472154913993,-0.3654352176695216,2.322060760354821e-16,0.011548925985405002
0.6170736072158601,-0.4194245644017721,1.6980352156962977e-16,0.010904982437967572
0.68531547735361,-0.4198224070539297,1.1905414358349328e-16,0.01081240694784847
0.6243954359621949,-0.3488022260244883,1.1023620938316133e-16,0.011118065749220434
0.6753357245030995,-0.2892432264911036,8.402169698587498e-17,0.011607727542957146
0.7344508756282195,-0.34268972287448607,9.441632484011543e-17,0.011013163262445015
0.7619024297985973,-0.33704414618535594,3.454660546097715e-16,0.011221251441193281
0.7420906124371403,-0.38058111542793566,2.641257795470589e-16,0.011289583229500492
0.7826197549583043,-0.4303100428703832,1.058639173582861e-16,0.01075578940615127
0.7663091811234812,-0.529489785820993,6.401408897857298e-17,0.010656351645019237
0.6990571763388682,-0.46453127707623976,1.0817837555228593e-16,0.010789978444285512
0.6420649502221798,-0.518329240295083,3.398034918260835e-16,0.010744324517312111
0.6942537922819637,-0.5829284158340075,1.0285477953508764e-16,0.0102697858323119
0.6879357299850516,-0.6142826884105294,8.955956265586283e-17,0.01055067708766384
0.726862710545127,-0.5946619528606661,1.2042491655958762e-16,0.010653853900412942
0.7706546432402515,-0.6340782809503008,8.984853670832276e-17,0.010767277584533544
0.8653285271626097,-0.6200432915444629,7.442045276136028e-17,0.011397823359817734
0.8050953552215216,-0.5472157725058473,6.748876260222733e-17,0.010727530650165152
0.8557637113138082,-0.4836965611022242,1.5302255724136715e-16,0.011005526148351569
0.9150820559855716,-0.5395330627883419,3.5770214885383474e-16,0.011628364969700804
0.9472478207135084,-0.5283111702979989,3.2607506992197304e-16,0.011818095767345023
0.9287237965997515,-0.5719230963921416,9.646732452275248e-16,0.012524713028288996
0.9578801633601708,-0.6191464103784627,2.06730197389463e-16,0.013551544296473818
1.010636087643166,-0.5063007107330959,4.778186310509335e-16,0.013511645919273802
0.9844597736324143,-0.4860676776643198,1.2716926349982652e-15,0.012611996102148196
0.9908183470232788,-0.4076694174897303,0.0009222220699371062,0.01271179678586796
1.049403591130212,-0.4475957642745101,0.003123911434351948,0.016322776520593486
1.0524129593841836,-0.3422191418630552,4.188349198279127e-16,0.013708292787131217
1.0169856940969075,-0.37074122789482117,0.0007382276124366608,0.013226278687200667
0.9504017426841359,-0.3075098615465871,3.000272731393205e-16,0.011207636715878686
0.8895844840145055,-0.362068177059065,3.412633294060155e-16,0.011002930904178598
0.9201361529209289,-0.4011984477074585,4.325052162822013e-16,0.011438652608490096
0.8803869139282624,-0.41998979464465347,2.4317479895226176e-16,0.01091257841793996
0.8598550810575544,-0.41856007563145825,2.4588441301768224e-16,0.010977878683637012
0.8220643792592056,-0.3990159491269592,3.4754286019552307e-16,0.01121325432692579
0.8517495257925152,-0.35957827970977096,1.6630646193117297e-16,0.010928040191759946
0.7869406615186023,-0.2942459784760931,1.5352447727008857e-16,0.011417451228974708
0.8395899808927478,-0.23276933787659965,1.8942988311092154e-16,0.011263434877604159
0.8091292893736055,-0.19512791257767376,1.2514215012137981e-16,0.011254672707529922
0.8505288412113491,-0.17091983420529014,9.078615438771988e-06,0.01120711868701083
0.8738956183380309,-0.17437779678884646,0.00019410042363016277,0.011699405061580946
0.9083743987206185,-0.18890521621074113,2.578920144982734e-15,0.011254824954817626
0.8741757570255719,-0.2312744997313994,3.660038000645755e-16,0.011117011987122467
0.9417808268921529,-0.2925217776195884,3.196049658862657e-16,0.01136779991317777
1.003499606261549,-0.23774163491056333,0.0002658343469437276,0.012469702567030339
1.0410274654324112,-0.26852431839392854,2.9958607717492346e-16,0.012746607722242679
1.0453856363538776,-0.2541745704278759,6.2689059690142e-05,0.012696886264112217
1.1089956308380757,-0.20758087349273005,2.01530582446223e-16,0.015272856621800357
1.039696311079347,-0.13836782788960947,2.6939570866751353e-16,0.011752586453896137
0.9769746730271622,-0.19331718030272416,2.817522821034745e-16,0.011700116699299443
0.9733122557461743,-0.12173370213375502,1.2370163111888002e-16,0.011367516328349443
1.0188256228190573,-0.08446968762862493,1.3950514744187967e-16,0.011705683343711104
1.0653322372404865,-0.11051325005812482,3.8385541729280566e-16,0.012386651027310529
1.0847625453145797,-0.053760756673162755,4.986156622179896e-16,0.012864754872661676
1.0747323807822207,-0.023384995324053873,4.248412699112671e-16,0.012569141079782502
1.096430678163126,0.031524788202847404,8.77875074423216e-05,0.012179205975629435
0.9881467164056981,-0.008474535388278026,1.4951432929205566e-16,0.011439778557889994
0.9665477028982571,-0.008575344880861382,2.4050033182990033e-16,0.011466193487138792
0.8717652045759272,0.03481411098682792,1.185597144298824e-16,0.01138302593034479
0.9227285937259927,-0.02158100548340887,2.1920219928942217e-16,0.011242106876578154
0.9038146631111728,-0.11915323090373134,0.0006924400766469241,0.011611693585343487
0.8366748515195984,-0.060837919561050086,1.0688216155973447e-16,0.011332641490426553
0.7763795429274203,-0.11131394375404965,1.034388495974026e-16,0.011601566258684715
0.811512733703351,-0.005100656018342406,2.113037365915588e-16,0.012126644950353364
0.81501448626939,0.018620514304649602,1.1311547620175657e-16,0.011789751606188172
0.7583403723527306,-0.014506412772849114,7.919416740573567e-17,0.01150460267904319
0.6996520908050078,0.03324322483830072,1.479898390199118e-16,0.011894272053645957
0.6014215760639845,0.013568310268236503,2.1314568063219353e-16,0.01198571103007755
0.6590881985527499,-0.046261127022196216,1.9883901103523659e-16,0.011855365202847848
0.6050961016750998,-0.10419140687499562,3.0629038096734746e-16,0.012261338369732337
0.7176755136693879,-0.07726221109383416,3.537944419346509e-16,0.011787370020775961
0.7458325914004974,-0.07129174141955621,2.5799819196423583e-16,0.011651805161330742
0.7121702601022677,-0.1244858640161708,9.569128706155725e-17,0.011565643644851482
0.7646344617619908,-0.18278665142286038,9.22320695522221e-17,0.011514427258039783
0.743514202164197,-0.2748223423796672,9.824539881752899e-17,0.011200177913753167
0.6812117059988361,-0.21940170191497055,8.485336342199665e-17,0.011422761125711157
0.6218357873996563,-0.2707474808744834,1.1614919356980923e-16,0.011438658135766439
0.6404751216735726,-0.16134794896530072,2.1964422866380862e-16,0.011942863442025869
0.6463006296598783,-0.13444441769026147,1.3022521953521309e-16,0.011721165420140695
0.5447992026012607,-0.1144617786621508,2.1455381865623336e-15,0.011922354421899735
0.5955264717065264,-0.1697373296369788,4.441071148049497e-16,0.011631002942389038
0.5750284840290443,-0.258005626653678,1.9208339115750375e-16,0.011608123371515976
0.5148681673300671,-0.2048151614233628,2.3074728095759973e-16,0.011740495408241297
0.45911706484561216,-0.25485702766185814,2.3146012289255976e-16,0.012211897364739484
0.4677676094926117,-0.14796271633121916,3.937041113654765e-16,0.012416219429057237
0.47285663663879113,-0.12215184277641503,5.1327468047345935e-05,0.012327739133127185
0.4315373271130961,-0.054145463480052905,1.616919005148006e-15,0.012049232149036027
0.4858058104302519,-0.09713366354604791,8.481664110780319e-16,0.012471163172331618
0.5769856833217948,-0.07681671424022458,4.2363876044509745e-16,0.012220788057325743
0.5245760073359963,-0.02226626927032853,3.6027602153832017e-16,0.0119954824887371
0.5846811069888667,0.029603178792548417,9.83154977470328e-17,0.012021812581633316
0.47001129199602726,0.020564478132159288,8.69858105001256e-16,0.012288036599566201
0.44154039264879114,0.014974111285706672,0.00014120642059864925,0.012599158073412355
0.3711680508671735,0.044286704476914476,0.0013101726579641175,0.012558119825405145
0.41347223573423425,0.003121269604039259,0.0005498396634018538,0.012343139443124028
0.39273930329059353,-0.07697101516425905,3.3257978292791447e-13,0.012056829344710793
0.3304835293006512,-0.028461312367146233,0.001988541127989225,0.01262761729203299
0.2807081158279338,-0.07732291559017741,0.0008306914127742619,0.012602994280984206
0.2772586329624948,0.014463732032342067,0.0058212699539856305,0.013190791628330333
0.28349266131809325,0.035939562679737636,0.005594602590461223,0.013055275747031676
0.24102257635494712,0.02123647302143372,0.00771054560615499,0.013554833673053839
0.19437982658524783,0.04972295838451689,0.00818808006860245,0.014462275795414255
0.0973198909101543,0.04100164843027755,0.0004223231753832572,0.014364613696404098
0.15808755502193456,-0.006074883006706874,0.0036371830558145643,0.013583191363151968
0.1063485517905367,-0.03773120832490445,0.00413493624964046,0.015112524781144592
0.20946931955647846,-0.053406470948906035,0.005504448002675438,0.013534452149097384
0.23843831284783923,-0.04898398775865087,0.005763935197673873,0.014242317110742225
0.2596218427448818,-0.11532776209271986,0.0008923369010755504,0.0127588092007211
0.21444291747890293,-0.08167939064518895,0.004219957063605145,0.013449350254846336
0.12578869730911296,-0.07940912787384558,5.863311202023317e-17,0.013444964352618279
0.18904683535117783,-0.14782579514709052,8.461910451992749e-16,0.013376373248503041
0.14489169834207188,-0.19055545358725473,9.418258997285691e-17,0.01472895085826252
0.23710870941693768,-0.20931108006491128,0.0003576771894012616,0.01244961860316552
0.2663704082049282,-0.20148022704691917,0.00013377940149736665,0.012445230767007123
0.31850211890539715,-0.23653648165097438,1.6693949981330687e-16,0.011888782816210551
0.28954331797794014,-0.19205386623843818,2.00604746066571e-16,0.012161714709374412
0.28663673850583166,-0.10267538399079242,0.00030309765216365056,0.01232134222503774
0.35585273494981196,-0.16217678799215102,8.680472274198777e-17,0.01196943083682085
0.40888537069353914,-0.11328890380113638,3.279372825623239e-16,0.012165208244437788
0.42257684192098044,-0.20986975399939856,1.6716105024584137e-16,0.011662175252222552
0.41032273288370635,-0.24474140384230997,2.114998018329427e-16,0.011673090936716236
0.440919831040084,-0.2942919909320375,2.1480490127844999e-16,0.011736491152796324
0.4001069250399549,-0.26988183211816374,4.96574749888335e-16,0.011779046605792074
0.30722779039602366,-0.2620708717995665,0.00013902823000014892,0.01165584436150734
0.3690116184471862,-0.3336088846951415,0.0003272344362821592,0.011463599125071241
0.325855086191966,-0.3925288574478765,0.0028890722829873904,0.011665634537947894
0.417137559111925,-0.41188134539088206,0.0025391641642810757,0.01144348447781136
0.4533078015707759,-0.3952637918969283,0.0008412589831117311,0.011280235533853713
0.433471088655599,-0.4421081435580595,0.003478435073999702,0.011364951993594039
0.4527828095700119,-0.48302225375848096,0.0029893751768655,0.011386391634570498
0.46210558894123105,-0.5938829885081782,3.364179777104805e-16,0.010589362315190032
0.4008578264309297,-0.5213415950039162,0.0026844392144810096,0.010937939367667094
0.3497144348176109,-0.5755654482730381,0.0006846114719270002,0.011082670161307484
0.32616761597884314,-0.46640707779493484,0.004058000042349777,0.011294115594735796
0.34440957951131845,-0.42450977242772425,0.0035194789374886908,0.011557836439405195
0.2807686541738697,-0.42439649113541583,0.0023210210830330435,0.011248186726416606
0.29637225145829954,-0.46213186009730134,0.0031965762977323496,0.012168483652558097
0.3102871247345459,-0.5790893923319717,0.0008837905859413214,0.010643045564930082
0.25396675328541773,-0.5017317569716774,0.000654166371377647,0.011719260490073501
0.2068054286302473,-0.5569077007603052,5.564360322029359e-17,0.010453008246596514
0.17845712933446273,-0.4440614845411109,0.0002886431752542142,0.011160436224556883
0.20007967150910133,-0.4020047949605994,0.0018435707351810672,0.01224908592234353
0.17600094745374265,-0.35294572590432194,0.0012719439234399235,0.011895110242393127
0.20230561072169356,-0.36755661111346605,0.0018837681941005124,0.011969439781016496
0.298090969273831,-0.38832614426374323,0.0027422051392557516,0.011252514930834292
0.23365210901353653,-0.31973754205425864,0.0015385556265538822,0.011608449808512094
0.2710164319508524,-0.2661311143542786,0.0003284427772856411,0.011651087379779504
0.1821651132518519,-0.22576956972466172,1.3324708552046972e-16,0.012382193242276306
0.15121410726139728,-0.2558725533926409,1.4688832644744328e-15,0.012154001616376085
0.12706165330041502,-0.24286854363580798,1.493532342884439e-15,0.013310318607296028
0.10353543882991895,-0.2296682668500331,0.0004476943035281764,0.014644127726117128
0.02204651980377645,-0.1991870372061979,2.7580800775310693e-15,0.015898162981555986
0.07519670642397813,-0.2728154440384901,0.00014221572442589872,0.011846848183145837
0.04852125931277318,-0.32923686040380323,3.044221957021918e-16,0.011204753406193884
0.12054538547249716,-0.37291204599471317,6.729767765379351e-16,0.01174438053450266
0.15263401663573073,-0.33529469458395256,0.0004948224858069544,0.011403460283702727
0.13619460992373392,-0.40637563764307105,2.9379037222081623e-16,0.011415601554354253
0.1458278346803382,-0.4388755385087768,2.408523171956012e-16,0.011104843045770365
0.17117180142097474,-0.568050820200573,9.299884454216396e-17,0.010399931002771408
0.11673427245375498,-0.4933746031241636,7.861435259937126e-17,0.01104710183512772
0.07798864939961508,-0.544147937763379,9.956646470564552e-17,0.010511237647912513
0.04885044049535131,-0.4350225128746828,4.455102698951788e-17,0.010746987104967562
0.07529049316914374,-0.38050829944825015,1.2574401202357225e-16,0.01124138923812567
0.010156636127594307,-0.3868206069503718,1.601645983959494e-16,0.011401279693615252
0.017596361194467586,-0.42026273820925686,8.833145347855976e-17,0.011128905101963368
0.04194824494218839,-0.5533893331722475,1.2668518483326079e-16,0.010686380877175918
-0.00737102556005019,-0.48330515887339454,4.0534660537672224e-17,0.010748096576025316
-0.04464563093483771,-0.5387112996772581,7.079962046393065e-17,0.010680563341972303
-0.06469717187782492,-0.4296780715868864,5.711717900955733e-17,0.010763317410647944
-0.03637036099743782,-0.3658044610445834,2.0194171771548443e-16,0.011449259757976959
-0.05763008807080952,-0.30100718728213294,0.0004940566205044314,0.012259213828339888
-0.041533783951018116,-0.3108014656697337,0.00019226461317799624,0.011831858086447386
0.0319525749887164,-0.35384608799709705,2.5720330288299825e-16,0.011244191740859031
-0.01097062504631352,-0.2740661378541034,3.7281084766107646e-16,0.011514823598276132
0.012942622005935822,-0.21244949469307195,4.278649859073804e-16,0.013729051274420225
-0.04164835815084694,-0.1703920375756844,0.00037792225175478726,0.012728255560446553
-0.06550137670249506,-0.22538919981999989,0.0020870161329842813,0.012838894727050415
-0.05029707321271189,-0.13231722043073707,6.462113557073219e-16,0.013934147674794842
-0.05470888456016769,-0.10012831090700405,5.621795154406395e-17,0.01354939450681278
-0.06397984711688828,-9.061733505488778e-05,1.4206581608288512e-16,0.07262216214879093
-0.0642949276655293,0.0029441660155386518,0.0031242539417058474,0.09717589385627913
-0.06414385958066823,0.010805383577230876,0.15025465113032654,0.2695811303854294
-0.06398892552644989,0.01817569180191042,0.5920466408191014,0.4767599776460291
-0.063882565035945,0.02288745230934522,1.7070582112845285e-15,0.12707157058335006
-0.06377009525216501,0.027598906287223002,2.7329485643520046e-15,0.29331544724626085
-0.063651137394061,0.03231002821950582,0.015090270796899286,0.15316872867431158
-0.06399894265817203,0.03409414696515278,0.026910500508374017,0.20590260798313492
-0.0645815866355309,0.034116631212683685,9.86966041362849e-16,0.2735338117921396
-0.0651146452690206,0.03406414830087656,0.06004150878941793,0.35794084489987216
-0.06559596894602111,0.03393853466971394,0.07398757875220595,0.19530233059368282
-0.06557559491589166,0.029588929338145525,0.10458035626499264,0.18361376174959948
-0.06527044214046128,0.022575567826339266,0.020810313288276358,0.10944247596493754
-0.06514685183996353,0.01715279480552309,21.234191068212763,1.5429882200390257
-0.06534106408466978,0.016407789095410574,0.0015110528035347749,0.040258770165039426
-0.06575528359189899,0.020347949337190863,2.179583492960202e-16,0.04469879703384821
-0.06637985675202643,0.026366307401761158,0.481534097371018,0.46942385255616176
-0.06703307917610524,0.03237998294311478,3.3277719913948017e-16,0.1325530816578137
-0.06736391334807884,0.03120440081140677,0.25895294709303285,0.28339430404041044
-0.06622087780894953,0.0234140392052182,0.04412055760668511,0.13716251343473232
-0.06330406580976057,0.01129156209741125,0.1405872228668977,0.24978558780712648
-0.061633120868456945,0.010959610277230053,0.01831713396007011,0.10963138825842146
-0.038689377572797015,-0.05946469504322782,5.029055601318753e-17,0.015068228439746909
-0.029033855685908494,-0.01581057439452585,0.0024039039527903126,0.020209742177825098
-0.023959407375448785,-0.10658417064501036,0.00014624071102157943,0.013563604568055797
-0.020087332419511786,-0.12966446672698245,3.8634078148465585e-15,0.013805935732795564
0.0034217629291207197,-0.10293180738200797,0.003653701699987401,0.014672162622216819
0.051861482779090556,-0.16697043168281653,1.2240264324734364e-16,0.013922241743137194
0.12307064151211267,-0.16634597572284443,5.55191984957432e-17,0.014664876738714484
0.06284939238519366,-0.09231516883337507,0.042350675615358525,0.023916811448180354
0.08994093774484502,-0.054839412266340454,0.022312223385994912,0.027686525575154355
0.017263151083473316,-0.06358452337179663,3.648019980180358e-17,0.022203148650486917
0.003310186554128264,-0.05750309030279502,1.320825959283823e-16,0.01600642559934434
-0.050645103067430725,0.04059062787447271,0.10929032485880806,0.11781018326035077
-0.014076266222878164,0.015450876683060777,1.2070057039811198e-16,0.024255805458294515
0.09032418000345227,-0.044324351287360925,0.012655147754190542,0.020878462648423312
0.02746295709717178,0.013020725133213146,1.7256348322950672e-16,0.014944447799840804
0.06968229136171267,0.04007318706917276,2.7193687263061568e-17,0.013354211562379648
-0.014480137682113259,0.06252797478340852,0.12016176274107636,0.09285916970605522
-0.031823103643704304,0.06230220888235062,0.3145386203132639,0.1532210249161767
-0.03930926919373853,0.06535606642469598,0.5059641737663352,0.19478972415978238
-0.04696134698919602,0.06593477575459278,0.47644837452810473,0.16824661131951368
-0.04508985570476237,0.06371841603507755,0.9461373943259666,0.19155323032965885
-0.04222040107202385,0.06024409795044614,0.8892572241839257,0.19699000600409128
-0.026797773822514914,0.05199262815906115,0.07129543510521207,0.04382136229603609
-0.030379289553952665,0.04830466940995755,0.05196027484401285,0.0586993295019033
-0.055059994934597484,0.05743253050969553,0.5526004991550654,0.26984280275634603
-0.07165692657351472,0.06852630377273718,0.03893552231639964,0.09028641091571668
-0.055178869158681754,0.06069109439263297,0.09664339831196268,0.2407476270189745
-0.054973965735614555,0.06307094746137203,0.6827013716070799,0.2588752699420207
-0.05866115785439677,0.06634837490695687,2.463504024644975,0.40037612270082246
-0.06804770716778386,0.06945271300454753,0.18894732165351275,0.10254629693857628
-0.12964621740572024,0.0858229182670638,1.0803777845570417e-16,0.015695428640022237
-0.0965272922078895,0.07965208878104225,2.0580075544548167e-17,0.026195777963349754
-0.06462885975409263,0.04268607628353152,1.5615689642079986,0.28349061063630926
-0.06398928187792018,0.029733970420850575,0.017927206907181463,0.20188860203863415
-0.10007635568194397,0.10543375522335492,6.29717217940681e-17,0.02453483312878614
-0.0749556974521214,0.05605309491076357,8.522435236789899e-17,0.07010372188274305
-0.07010786548846737,0.04161746814632877,0.9010242422832558,0.2221431378704309
-0.07432062482445945,0.060200503330334304,0.07469346012808761,0.14338937881619052
-0.07256983353820079,0.05750603475066188,0.42032719451764905,0.2712941482198357
-0.07070540107936057,0.04849716692150011,0.506548965447918,0.221324793872125
-0.07008229207603894,0.0470905733981567,0.7919480679294634,0.22219694030643117
-0.06970722867663079,0.04796729128759564,0.7809915962500553,0.2501934936709397
-0.06920832921704641,0.048735315077214264,0.9814000668743129,0.32958150740492187
-0.06984328997278398,0.055362594835269424,0.44430578323166825,0.1655401798702526
-0.07121674029829032,0.06512123493983926,0.15313760761373793,0.17707787590043075
-0.07004270759957207,0.06611701735406955,0.22948766358462752,0.23357459569427047
-0.06863097387598974,0.06672862148983943,0.2904999527267476,0.23040722577477396
-0.06743792058735476,0.06612441124492036,0.104587477965975,0.13376551838212838
-0.06724114660309535,0.06271885773360308,0.19582668867333272,0.12468452875102297
-0.06704981023955278,0.05931295273314777,0.43011380509678004,0.18438267926055965
-0.06686364664912164,0.05590671901215366,0.4048093130894149,0.2648354259537751
-0.06668240789783927,0.052500177525554775,0.920291553101319,0.29368528134284916
-0.06629913035025332,0.050535405522968174,0.8708087184852992,0.23701370675846906
-0.06557244824633908,0.05066841776118583,0.9304580895719367,0.4314997063297503
-0.06479457119780556,0.050729831827889316,0.6673023187375631,0.26363783450206957
-0.06396757329494901,0.05071783873822111,0.45236287916294854,0.2530845632442745
-0.06311295056774699,0.05080390507870841,0.22871514571036183,0.26807400115444274
-0.06290589502623942,0.056933599442225924,0.46169079655176265,0.21506131241472232
-0.06268235906697228,0.06306233011026033,0.366063701156653,0.1606539508035358
-0.062172620729622534,0.07546640372160324,0.3065476417073188,0.09967220087424342
-0.0688737455041153,0.08828664161881172,5.395499180941376e-17,0.03201283545010241
-0.05728634206051928,0.14105694841686978,3.655955412120881e-17,0.017183171277167855
-0.16683708628408722,0.1466706942349663,0.00033510789003363546,0.01310016012350797
0.057233513862045074,-0.23331476941778984,0.00011118244228174377,0.013714303124753859
-0.0021405790342949246,-0.1684957904675001,2.6876691024305977e-16,0.013201614556318452
0.06685652869602866,-0.1337729579154308,2.692713248458241e-16,0.016412280618452187
0.007086666511350426,-0.07320621358804064,1.1897445670955408e-16,0.017139434396454486
-0.030315132361951144,-0.04115493909952758,1.307982217603087e-16,0.016091694508927872
-0.0427222432724251,-0.010686347633542564,0.0029805990634618157,0.03286310353123721
-0.11207654362640143,-0.036779208652283985,0.002551780687425125,0.015005486802166563
-0.1211698449294579,0.0705203466719084,8.90158124488622e-17,0.016272246703604634
-0.06640638614714975,0.0695112571478493,1.0658177424448309e-15,0.1973886173420541
-0.07476634545976746,0.06376512554285482,1.2956022347538336e-16,0.09258655480110488
-0.04350728569353085,0.06858257685755823,0.47274166754699987,0.1089779982225534
-0.04726573243910437,0.06939526310295169,0.4058813586143498,0.1556823802834822
-0.04923903885858111,0.06919772206212667,0.5691618366382142,0.1630716245136379
-0.046244933595914,0.0680715565475761,0.451477073323777,0.12674682498419004
-0.020423741144988128,0.06852312789575124,0.038585071262975786,0.07074177768650947
0.05766168336983174,0.07526583599424741,1.1836144306687086e-16,0.01469121693769686
0.01685163896181585,0.08578864020563454,5.3323359160815096e-17,0.018029019590358387
0.08787474034987575,0.12208527877250541,1.1057131621905858e-16,0.013687996004036392
-0.010853021489620612,0.06570118541817546,0.024676845826978346,0.044331993063046915
-0.05457620216034614,0.05160691116439102,0.5735846158497971,0.20566230257029958
0.010204984164502745,0.05441353038624737,1.719305834303892e-16,0.028535500392382528
0.06018106932555456,0.1044665085263684,6.158494464465309e-17,0.013388398390561215
0.07357837991952704,0.12096352354019735,7.484333852320978e-17,0.01372975063364709
0.08283570205979057,0.12849521077195242,1.0689373948452141e-16,0.013348613499564243
0.1354545642829711,0.17602951204689893,1.0950153954367712e-16,0.012543954650117905
0.13407698854403743,0.18959757242022926,4.100399849266536e-16,0.013194999642309316
0.07842271306682733,0.10777492583397213,6.912883508859328e-17,0.01370538075072476
0.09110377117291617,0.12477757684719037,5.791500053368067e-17,0.01281783633194176
0.06423812658411246,0.05348220946437504,2.9894035171860865e-17,0.013875162268793716
0.03184211471700549,0.027946936784526172,3.852372083157871e-17,0.014454328485327402
0.04079104350781683,0.01383035202494623,2.988993761306732e-17,0.014106841276389401
0.033368655041394274,-0.050876235845263934,0.07110425741929984,0.025451066699812702
0.06417408134741084,-0.0007373365656041242,1.0007575248543064e-16,0.014114541996401853
0.07336067997622345,0.08655335622649271,6.06175783705704e-17,0.013804725008402878
0.065065109146713,0.1325088152354846,1.6459601287957702e-16,0.012940386558941577
0.08676033034768815,0.19283795281332072,4.456481391166878e-16,0.012386431731711741
0.09857617338010478,0.16262993270395612,3.83613606113205e-17,0.01263894538213438
0.10245820637904991,0.1920624375391794,1.7078044968413564e-16,0.012597532785821219
0.1250153205553446,0.2481619683880842,9.388343375044037e-16,0.012770369241500388
0.10862720636701732,0.31263987793849934,2.6409647718213755e-15,0.011939975818318864
0.07163813367368574,0.23505547581061384,1.894025087490597e-15,0.012231315724654194
0.05897136851425099,0.3481323668369166,1.132310524462884e-16,0.012024685778103486
0.08794537982881845,0.4148245327511456,6.100898186215186e-17,0.011671800297691668
0.0660108789654393,0.48095158335168786,1.320858954783335e-16,0.011695529971696485
0.08239589082211998,0.475365337120521,1.2294808718890548e-16,0.011593963876156107
0.1102613656407247,0.5130764735000906,1.3426563213086514e-16,0.011472850518433653
0.14570752721023925,0.4530534685213692,1.1927356892717208e-16,0.01166878265340438
0.10470109401888164,0.36730221872487445,4.2461728874216827e-16,0.011980916170371997
0.15234882013263784,0.3599674006378972,8.87473891566141e-17,0.01176001710011263
0.18818131589861897,0.4306934281449019,3.226151732737374e-16,0.011903775250189217
0.17432891114378912,0.48966803443300105,6.835127540012563e-05,0.012079921608331774
0.18769514586820135,0.49062585249713,0.0002756894952275198,0.012274213491707788
0.21723556153018486,0.5237132700309429,0.0006279293151022157,0.011973146615074608
0.24540362458240844,0.477164586422939,0.00122471294525302,0.012002500784981267
0.19743242536519442,0.39401150019110054,4.523844780106644e-16,0.012291662308424699
0.2145241514097706,0.348903493176699,4.194125082418517e-16,0.011809302733271122
0.17079715469755602,0.2838273880508216,0.00045346753031024644,0.012429422113398071
0.15339990460369413,0.3063931564397654,3.406376198149703e-16,0.012108550647966322
0.14876878384108816,0.2841447756574329,1.3959903149480361e-15,0.012531907602721203
0.13049556110795596,0.23632581796377772,1.5658549762701185e-16,0.012419137181064016
0.13051051529176105,0.19626500655246548,2.5412085739630346e-16,0.012769905816860884
0.17936741788375532,0.27136189641810043,0.0006934193170450659,0.012637275457571302
0.19235245803888584,0.24908135209190263,0.00042801989645799857,0.012066422303520289
0.2469022757267146,0.30853560563386545,3.0580346894963124e-16,0.01230892158737823
0.2754570048459235,0.29964089087843093,2.9320161042432006e-16,0.012049635856653779
0.28199542348537415,0.3154517755841126,1.0879475575617425e-16,0.011734378873147409
0.30561250492439973,0.3498609753083546,2.0285781609941686e-16,0.012538195948190499
0.2884206517051481,0.38283058377209755,3.6428568508749916e-16,0.01168450746790337
0.23428967628595296,0.3155697451467836,3.94005270907187e-05,0.011888820069709363
0.24899990106303485,0.39573757000964427,4.049281813714592e-16,0.011830232680415225
0.29735280392395935,0.4685390639236442,3.277097714348126e-16,0.01184090867768637
0.2847919370966092,0.5154802608534251,0.0004991258722075266,0.011882529384458588
0.3003024663136402,0.5226747132322661,5.918800054192953e-15,0.012015356210226563
0.32539906754075687,0.5430441487720514,1.5438087656243324e-16,0.011556543922517811
0.35306680311755356,0.5070067281289174,8.357248944985722e-17,0.011617967543363287
0.30230717830746756,0.4456283458427498,2.3848516659774166e-16,0.011625818277101078
0.36193848011641755,0.4400301423427258,1.0861561116000725e-16,0.01149125880447033
0.4202053793544082,0.511637513791462,2.539182029787252e-15,0.011619481107657986
0.4009318474152159,0.5498401563085661,1.7879046724811867e-16,0.011612756963897715
0.42190462128286593,0.5614474101126177,1.3528911366235006e-15,0.011601211065105919
0.4468684766435448,0.5772597730903183,3.2494877419279002e-15,0.011532187432255836
0.48052130668171666,0.5437378066679038,8.091029511222559e-16,0.011638018216014087
0.42790337762193603,0.49030776615661753,2.783863598634089e-16,0.011734171200589944
0.4635147590675989,0.4426980594919193,1.1345460246329747e-16,0.011022909567657035
0.3962261928267694,0.3806241519560487,1.4921043630969755e-16,0.01151092001996332
0.3663266885904481,0.40316701807797295,5.735757007129908e-16,0.011697992397660267
0.3527288847982184,0.37752330688266833,2.356832658701145e-16,0.011636018810342581
0.3389621542481902,0.3524958007458739,3.130298196635506e-16,0.012606344771282333
0.3653944266775311,0.3207578259260526,7.174540161119955e-17,0.01156999364728047
0.4133599199847721,0.3691538864249807,8.759248174922942e-17,0.011373667032267736
0.42333474979671976,0.3119561659889828,8.479005998641325e-17,0.011519637348789667
0.35942561697921027,0.2526330960019944,0.00029485386210744146,0.012070363807986078
0.39298804982543456,0.22079345968655442,0.0019371136058174766,0.01234527409115314
0.364472534222096,0.2115997706231371,0.002481587163798466,0.012175767315081753
0.3359769705782716,0.2023482909755106,0.0020281325680411473,0.012281218880635795
0.29343074588167317,0.22570446514245432,6.873054163564343e-16,0.012031059728356112
0.34063460873697504,0.2645940613158701,1.3412411615766804e-16,0.011910825013534
0.2825402782136386,0.2696269669654491,1.2303961490073765e-16,0.011742985657645083
0.2140065393904167,0.21193184480926783,0.0008470888104700306,0.012555418178569713
0.18962785638934912,0.22157818792510364,0.00041888058784122947,0.012387132079477496
0.17316135234724275,0.2008568625177768,0.0002617109777411217,0.012486565676636772
0.15657967169162768,0.1814698988690431,0.00013584854601296573,0.013667295892683737
0.1754699650119741,0.16768738956751061,0.0008721965786747609,0.012624575725681458
0.22245199502183832,0.19960097523259046,0.0011460006697043047,0.01308047105000579
0.24694815675003917,0.1579285476147884,0.0019398652091000973,0.012669970408719363
0.1825937328304506,0.11210587110958453,0.0037093032323676635,0.01317900580780959
0.13935454048160179,0.12850094690943517,0.000728580959998913,0.012829372820964299
0.12712716375154737,0.11309408921145706,0.002094572336588333,0.01390916426574811
0.11605414215651066,0.09821616438250963,0.0038593603783643863,0.014100612401955044
0.15226124492556814,0.07534087496146119,0.006384552315049273,0.013598406088882402
0.19293803668629456,0.09569077021699621,0.004719822621723831,0.013225802185236713
0.2576397513742609,0.05786548888346814,0.006431522571120533,0.013438682229097809
0.32302045222214054,0.09989284617112662,0.002301600011469815,0.012594356802136596
0.28457846367360523,0.13287284745657196,0.0018212998268493086,0.01261344789544867
0.31471819912518906,0.14122495469362073,0.0023457802982739494,0.01239400378594111
0.34238482657325814,0.14786280222298637,0.0023804803386008513,0.012517800848891267
0.3834084223621684,0.12345688707929031,0.0019688256376013636,0.012086975979686276
0.35383085860753916,0.09471462483182871,0.0021377413098492264,0.012660626912696383
0.4258779566215111,0.05562512211955256,0.0003993946638420748,0.012365298039851317
0.48337088469177625,0.10952301808410488,1.4259631267003967e-16,0.011852690947413614
0.5283764035746774,0.07805432514976078,2.624079637831372e-16,0.011948801992154883
0.5408144464230569,0.10673413696875565,1.234357776905971e-16,0.01198941572359245
0.5441953539660308,0.12738478670708672,1.6586955838921185e-16,0.01189315766529115
0.5172516501908944,0.16299695254671365,1.6924209827198728e-16,0.011730188226431196
0.4799840656031607,0.13793124118213107,1.0543794520721237e-15,0.011987133942482325
0.43072199781397613,0.19090337145248207,0.0013996587673115988,0.012073719232325197
0.49692014918912547,0.24409715507195304,1.4440519118823485e-16,0.011825550385990941
0.4685792097405254,0.27414110095637995,1.3027507452639448e-16,0.011532256686175106
0.5056205251271226,0.29125928018514785,2.6180613997707266e-16,0.011579695171828537
0.5257463633464445,0.2935935202616494,1.5005327125884165e-16,0.011204742271069178
0.5648468308491352,0.27967439461431626,3.9200061906507725e-16,0.01135276405817071
0.5338117629955613,0.2467690937343686,1.4189448754330494e-16,0.011552006246224388
0.5951202878507003,0.20277767619642836,1.3665543745630292e-16,0.011321871676854587
0.6624694910584417,0.25607344760431533,3.350157369256408e-16,0.011556010990604548
0.6350269291257853,0.2874426987329829,4.3690196356579215e-16,0.011572407516034021
0.6758411024527429,0.3072466930292407,1.8617294948364342e-16,0.011341837901912347
0.6963988737948897,0.3087143536577887,1.9599014155314443e-16,0.01132693294067541
0.7337523917966211,0.29492581053664746,6.965450773430507e-17,0.011225025004118514
0.7005266118365302,0.2581114456996919,1.0533805414722691e-16,0.01149063959096261
0.7579789668866594,0.2042407934216249,6.052870200403423e-17,0.011324310893790488
0.7010515703016228,0.14238184408128182,1.6150460912964182e-16,0.011666238273136637
0.6651722647220021,0.16748580409045197,1.723932433261527e-16,0.011521297344171797
0.640940027288389,0.1287784508527693,1.7989443578195346e-16,0.01182367467966044
0.6414732715426573,0.10944978241486347,8.759542095587157e-17,0.011760464645513342
0.65623000236318,0.07739658692692342,1.3850552660764979e-16,0.012264983170307935
0.6989943906630534,0.10904515393824132,1.2564255076246721e-16,0.011571766578093804
0.7583249279985426,0.05002024361804107,6.16976200457504e-17,0.011643204579258543
0.8284681387146535,0.09834191520309682,9.329553163292262e-17,0.011600783491602871
0.7997559754180925,0.13236544208979928,1.3656274562012197e-16,0.0112835109884913
0.8431184643710317,0.16113261767772336,0.001232322591089905,0.01155816350636071
0.868284653939814,0.15744973774255072,0.001601640518723413,0.011604719959046725
0.9004655655403196,0.14707190763599232,0.0004788268251702564,0.011710319972092256
0.8618191508382551,0.10321132867764148,5.95731360377113e-16,0.011675138047984602
0.9275528195049803,0.04782555467352598,6.707737715482278e-17,0.01104985152970651
0.9923769063492676,0.10281120990290843,2.3540374791064845e-16,0.012417898457723538
1.0300892584907455,0.07364370358274634,1.8374366280286575e-15,0.011577042425912338
1.094165169808163,0.10236122371168706,4.3904284478453084e-16,0.012331097800918907
1.0298487632945879,0.14460069314996118,1.741053646487673e-16,0.011655825698458931
1.0874995732923214,0.18031081788587744,0.00018371272698996795,0.012618136913609267
1.0013629450085986,0.18711568494349176,1.9454776564862647e-16,0.011229253856686805
0.9435570601102001,0.1389862373546915,1.0940428791193798e-16,0.011467959234771875
0.971678528844716,0.25436346438730095,2.1531635029512473e-16,0.011763133926843392
0.9926220594676645,0.2548353868964511,1.109179080176422e-16,0.011375021892142024
1.0878371536054579,0.2179099041222696,0.0007451109159160608,0.01269985984743717
1.0488506693262758,0.2559871899897456,3.679460195074185e-16,0.011939203991365452
1.1038287701828824,0.3086841717910457,8.76432502417857e-16,0.013755268022079568
1.0078041192813194,0.35130535144965713,7.388026708584199e-17,0.0108532307455865
0.9466180719752849,0.2996077739034929,9.356279099535899e-17,0.010958233682035337
0.8925126186564956,0.33290186003036737,0.00028174158359294666,0.011002786400337338
0.8902378617432072,0.3119717597077215,0.0004545285547306042,0.011996511204929472
0.9302573068546999,0.22642078717243241,9.403179056850232e-16,0.011283701974103581
0.8743965821213845,0.2716696513163962,0.0010613882476431568,0.0112215106961468
0.8145614027979653,0.21017085221507098,0.0008924904127948482,0.011623656420374164
0.7902861076735853,0.2961266827673364,5.745894128246432e-17,0.011110236687450363
0.8484026912949034,0.3572368095220021,6.028771594868133e-05,0.011237402636219284
0.8201517272459267,0.39491234095924665,0.0004159050553230824,0.011040356862458639
0.8266971750296086,0.41897446207006717,0.0006924503927560771,0.011759572444140255
0.7927581325875395,0.4934886660892686,0.0002070147724463343,0.011348755877615977
0.8433789469952706,0.4529141560827362,0.001060164318545091,0.010958000750833394
0.9040946179489713,0.5182657192563789,0.0007483821217780422,0.010646224416172934
0.9254604357006686,0.43731103410741307,0.001125374177116089,0.010934142975936183
0.865245758415916,0.3729723270758462,0.00042491518191088636,0.011351774363656836
0.9799403759525765,0.41041545154123654,3.200894328252914e-15,0.010807238002545645
1.0085872715054227,0.4192073574287756,3.5943968824227087e-16,0.01088866304066266
1.0847127980171272,0.3817681633680831,2.7855327446731947e-16,0.014565128288308795
1.0415643918695863,0.504234075553731,4.024065950211572e-16,0.012175968280580637
0.988825988914818,0.4595427321834245,0.0004780496387881221,0.01085124789864693
0.9756556925410643,0.5522067717151987,0.00026735043498631457,0.011518798862739052
1.0233765443398049,0.5710244230955481,0.0007123353427660484,0.01239622360486743
0.974461095868427,0.6622532094931094,5.053797664126393e-16,0.011758765439794832
0.9112642001250375,0.6825355258498702,8.200378243556818e-17,0.01088813207842923
0.9521974704506515,0.632873857843047,4.183189529958855e-05,0.011143395873288595
0.9195713531764864,0.538280421362183,0.00042627152829158006,0.01082072193019857
0.8654409464113956,0.5835980173387663,1.6072608865002641e-16,0.010416476700336737
0.797928825890286,0.5234802457830856,6.51388736286523e-05,0.010930457372754936
0.8412632360407807,0.6338778040034848,4.2111432150768567e-16,0.011642114713687802
0.8517746743175036,0.6618319974754721,1.6126323026558449e-16,0.011366932581727229
0.7952962736212821,0.6215651853058584,7.602309338090253e-17,0.01072094945910411
0.7498181430902696,0.6602998577347343,3.386832694899927e-16,0.010910798251494004
0.662175980694649,0.6194809437132485,0.0002175276433334955,0.011082503909843097
0.6985443869749899,0.5734813569897519,6.498550619082062e-16,0.010549954092144789
0.6369866071325422,0.5063516588765172,4.7079903631995925e-05,0.011260422673095499
0.7458922436689259,0.5450992412383417,0.0003712705883373786,0.011961487856093815
0.773525593019658,0.5556511256948943,3.117090738771596e-16,0.010953306213534473
0.7372879264196162,0.5033952918376117,0.0009289720118248454,0.011153599999280128
0.7755283844243441,0.45915524268600955,0.0005712282797898363,0.010842981160989217
0.7395977769091522,0.3717628663508135,7.027854379382164e-16,0.011163304425530747
0.6888502925737997,0.41088843666797414,0.0004192919338660315,0.010856000505496713
0.6225373847032765,0.35214195925267894,2.6559989303511224e-16,0.011352509476593083
0.6535479853731508,0.4545575481606978,0.0004963354435562254,0.011926257150688431
0.6644627923325769,0.48100438386274696,0.0004886242459725636,0.011221250105694247
0.5822624769324481,0.4799590475056077,1.8807050389505136e-16,0.010969377747253272
0.6136582360279339,0.4422871287367597,3.2491588656736536e-16,0.010857149511506629
0.5745403499411353,0.3578406362494733,1.7125231326323106e-16,0.01139314191623514
0.5279598094158314,0.3918098067208855,6.533697834046496e-17,0.010918923917922357
0.46346112115167293,0.3305311981179257,9.273289073944745e-17,0.011353628451668357
0.4941802339637824,0.4269781246047148,1.2544756940971357e-16,0.011049667772756584
0.5063652308927915,0.4528049153469815,3.061197569440412e-16,0.011267223527025035
0.4932147725563527,0.5055262890300072,1.9750613717860504e-16,0.011102510740773704
0.5251798522104523,0.48047467528646154,2.317310723858052e-16,0.011225227149940124
0.6144012132269983,0.520370237696296,2.0789638590905434e-15,0.01099611198890107
0.5791387432083965,0.5650755102362442,1.2384570639053162e-16,0.010806789029643922
0.645167414947575,0.6290733266616033,1.4696859852723084e-15,0.011147621882642149
0.5484577413551515,0.6027268394711464,9.890771043228314e-16,0.011670213546174552
0.5231268194735679,0.5894356704794135,2.946688332578881e-16,0.011201037682908135
0.5276901148265087,0.6612609470969238,1.189074561900783e-16,0.011017638807578998
0.5557410541397788,0.6354561269389098,1.8501148479696431e-16,0.010888167018678748
0.6428733217185668,0.6749401944510993,1.3511908637566567e-16,0.01101966543960706
0.6075236771140612,0.7258698483760722,1.5388498255155094e-16,0.010762669687872055
0.6709535992680355,0.7928867392124792,2.430861866425772e-16,0.010616879361111253
0.5808997539603782,0.7718209050631871,2.6493586612304213e-16,0.010954493801006887
0.5530764231782812,0.7546198131776308,1.9909287330031893e-16,0.010897103557437565
0.5778147514635641,0.8016087889410219,2.142597080009865e-16,0.01146551402816381
0.5613366965509521,0.8407342725739945,2.141541650364766e-16,0.011145631774698222
0.5889577616187576,0.9478397975359385,0.0008684366037467142,0.011428072156454342
0.6328118274830152,0.8974546591517069,0.00011163026796568427,0.010864448835216756
0.690134273278787,0.9712445226909423,2.981036378260865e-16,0.011303229585843698
0.6751078321464401,0.8628349879989068,1.8238958509128012e-05,0.011558649218041455
0.6570363235601354,0.8243709045081887,1.3003952644245655e-16,0.010703553017977731
0.7160295559672627,0.8287715675534751,0.00012213786265687752,0.010882334715127229
0.7035448290437213,0.868082886920061,0.00012104070974247888,0.010679514115883137
0.7260345438139,0.9713310890174677,2.5971573688580516e-16,0.011442123451523695
0.7726461135248816,0.9222165254525053,1.0771050020596183e-14,0.01180651041085218
0.8384698346888271,0.9304330521008913,1.0130910341158378e-14,0.012974270044386173
0.7797245011365954,0.8577245352948919,2.6248053648492744e-16,0.010938030444330364
0.7994064971717526,0.8260816221874827,6.614020780099028e-16,0.011541718573587241
0.7578313668587955,0.7922265534625026,0.0006171673307784035,0.010975272742614823
0.7241943921086138,0.8072085083355142,0.00029684576303705054,0.011013422190919563
0.7295713006049047,0.7766933575760735,0.00021014699185220042,0.010659281493971148
0.6778956688552632,0.7136112643050337,1.7757266928603627e-16,0.011141995544731002
0.7254700762924259,0.669585698452263,1.841217581506471e-16,0.010608530000848377
0.7916003011343484,0.7333694160545612,0.00023288338048927908,0.0106957735512005
0.8204003244155864,0.7109583550815273,1.6227043419469617e-16,0.010586764299174276
0.857906643849942,0.7567049661024813,1.3272155628175654e-16,0.010856532271391162
0.8437037718175213,0.7953711979783635,1.226397851505709e-14,0.011213275539020654
0.8692812361441831,0.790746058393525,5.507086426495606e-16,0.011491010317775434
0.9423316805426911,0.7561842303238783,1.7159209505888318e-16,0.011885425913633953
0.9480906784136331,0.7275220434183638,1.581291673803729e-16,0.012248578901124445
0.8692676055848545,0.8847850280916806,1.009553285416073e-16,0.012530541169199456
0.7254896922687637,1.0439875899225082,1.732263456455271e-16,0.012067239771682958
0.6973131233005296,1.0543556108483005,4.584656179634038e-16,0.012661368794849623
0.6751593074234679,1.0336051832938096,5.417501051821443e-16,0.011665276241255886
0.6075634073149896,0.9806225884084512,0.0009197265553636815,0.011230221036435213
0.6000685315822294,1.0850656369088374,1.7672065774238345e-16,0.011739537323577054
0.6210416464877581,1.1185772227346262,1.3319369502714125e-16,0.011793917323532957
0.5511507506028065,1.156233848568791,1.4800345636509994e-16,0.012155876810122859
0.5133583996056273,1.1836125744917,1.2660557028413836e-16,0.01224879829922171
0.4651369116135982,1.2269698110156628,2.1272047797150379e-16,0.013729843156671917
0.339729570031308,1.2738566903261959,0.0021812816009405354,0.012890437251072591
0.3830150486473499,1.2369850677439316,0.0009766223135987027,0.011908274628462778
0.32804047685340404,1.1683264195448257,0.0012330686315602402,0.010573268014585488
0.3932697060122896,1.1403952463417186,4.664860822076294e-16,0.011634636782661382
0.4167861839922945,1.1949662381327113,4.3851409245431766e-16,0.011326039146924757
0.4453042746519166,1.1086273599027805,1.5566314386868947e-16,0.010895464946299551
0.3951875812700406,1.0310788310014378,4.014008828970194e-16,0.010609910902176438
0.36074673907198157,1.0730718356654227,1.5237848600397359e-16,0.010461807882120462
0.35147390166064335,1.0381369057592706,1.6967874069021702e-15,0.01104812258929492
0.34491909945360516,1.0071156312667786,1.1412486618037675e-15,0.010502610111498589
0.3677596467849234,0.9613127208405471,0.0003647949801558561,0.010641469186681456
0.3980715226384679,0.9965407060430271,5.90969993088138e-16,0.01053561939435123
0.44230590223434074,0.9393765316401335,1.2745204236527213e-16,0.010649977675150189
0.4989011829973093,1.009360549680749,9.168552528424469e-17,0.010667948744194295
0.4745981221019736,1.0546462724371042,8.332245447798819e-17,0.010753621143127648
0.5032707245009647,1.12943453008711,4.795375716481252e-17,0.011233140744204709
0.5410128805040414,1.0488998311616544,6.43653806224969e-17,0.01086045519497623
0.5707668409271704,1.123027240036649,1.1186040373097475e-16,0.01176544338313663
0.5710868046419431,1.016026393003696,2.0056614067413043e-16,0.01079260442572482
0.5282110523697254,0.952604150208388,1.300040321216059e-16,0.010984893866762598
0.5458959456874826,0.9007856149445856,4.8836598558521125e-05,0.011003131763401551
0.5246256021110105,0.9049572271683335,1.3723442863151953e-16,0.010920308856600945
0.439679010489588,0.9172862275192124,2.315858154698164e-16,0.011017148348754788
0.4750186726496737,0.8542279104076671,5.90595196036226e-17,0.010778438221221579
0.42879466072491035,0.7849564980833461,1.045512454555492e-16,0.011126797803769448
0.4945632469204637,0.7696699811210277,1.728092681955006e-16,0.011148056470458502
0.5466549448387357,0.8299133251901687,1.5947762576702954e-16,0.01092474543376957
0.5014197643670957,0.7429737274378605,3.400283062576584e-16,0.011292275765784511
0.5022003165968484,0.7154225994380594,2.0789093098579936e-16,0.011671994635087108
0.4962335254645458,0.6206519928142596,1.916119301079702e-16,0.011080992497139518
0.4368008244320837,0.6579951364035372,1.2805561419949292e-16,0.011502496359110532
0.4210030096187498,0.6433364380586417,1.8353542898673872e-16,0.011437223094450624
0.45201008776723506,0.6894377717128681,1.0005484919113523e-16,0.011216828467845594
0.4139995893640688,0.7376466655487963,1.150337386463957e-16,0.010929025943484461
0.3570178297502469,0.668592625741293,5.294365743541172e-16,0.011199433776075787
0.37084596180502805,0.6354175441619032,2.6073183080859935e-16,0.011608216734336358
0.3615886832205318,0.6372898018042179,5.120649979023349e-05,0.011427440935816411
0.2890985941656722,0.5618495245750378,1.355939969927199e-16,0.011254782315885194
0.30897416179135134,0.6708228426762611,2.3866571676975326e-16,0.011035180805556408
0.3181481852778782,0.7031517772734474,1.4685786206708775e-16,0.011251605179625512
0.30073783555024375,0.7793494188946994,1.268679100169358e-16,0.01081996904746536
0.3326677286133602,0.73650665828249,3.581095754882193e-16,0.011113115376595846
0.40411444974160377,0.7801453299646877,2.990603600920796e-16,0.01084545682939424
0.37490185312940827,0.8362282394844467,2.4580590871916564e-16,0.010628289371662467
0.42815978072004257,0.9096073528464366,2.160623937971253e-16,0.010974280141893448
0.3406161790273267,0.8825678754664155,0.0008424300748829242,0.010907912326576018
0.3186332920383697,0.8714098477392915,0.0007506972781738972,0.011241693448379653
0.29678730830384265,0.8603845394837881,0.00021741035735037886,0.010872044876520331
0.26377129641077546,0.9029633714727899,1.4946406544512389e-16,0.010455621782012184
0.19134652508055638,0.8671958689199895,1.210260323499042e-16,0.010359477567399572
0.2261234687121307,0.8022398151842828,4.421145319025002e-17,0.010516854320515816
0.1763893541037101,0.733124341527061,8.945797166133753e-17,0.010572697033352943
0.257780197514563,0.7489829588518709,1.1823930096844e-16,0.011161863157369195
0.2788309446248404,0.7602059871858642,1.1326759463228953e-16,0.011187835322034422
0.25873314038422096,0.7090987616315194,7.812217794070613e-17,0.011367993641222741
0.2793467332059418,0.6633897284597406,8.51732573759647e-17,0.011262284484579454
0.23200777803135625,0.5478921366658269,8.97021987944541e-16,0.011489293583408205
0.19525983305190364,0.5695609706270539,2.547932177284868e-15,0.011907913917551756
0.17843040750062517,0.5908743232423843,4.054348674018913e-16,0.011298531932376865
0.22140333114072078,0.6604587355391378,5.997858536652395e-17,0.010842233054620032
0.15416291003848068,0.6856902483287298,1.1956051046256064e-16,0.0108205030864449
0.11601322566997121,0.6145532805540488,2.3273671668896975e-16,0.01119267386101152
0.13917724326354325,0.5520040688046868,4.151414832791059e-16,0.011377587557292242
0.11761392196713723,0.5815473353180691,1.4824634829487987e-16,0.011100244090717219
0.05415335248959849,0.5467481526916047,1.1347168593840038e-16,0.01148972177208398
0.0784482743068605,0.630439924813271,2.183469342940081e-16,0.011206674212001118
0.07299527870670942,0.6636742920757738,1.793811944992161e-16,0.010962306650391902
0.057296383925966865,0.7967504022293395,0.0007734184146189775,0.010777628769475611
0.10426963784175447,0.7286657312158287,1.2542633409541891e-16,0.010437479751344313
0.16047972434567054,0.7651332884083801,1.4068020106338202e-16,0.010699866718663709
0.11577365598332068,0.8328042741083295,8.448407914390454e-05,0.010179850210438966
0.1521779058239583,0.897026744127103,0.0001262020728077292,0.010471532794267071
0.0942994554652043,0.850445359778849,1.4995440587958434e-13,0.010534453637797743
0.07250472807062218,0.8594117724755561,3.494707528957801e-16,0.010387806079703634
0.10542410990087292,0.9181360604897673,1.280972745150003e-16,0.010194789097709378
0.060477412197860736,0.9936774325795399,7.596678430241545e-17,0.00980774568625349
0.07562278800176238,1.112254336207176,3.799691274478167e-16,0.010255015993403596
0.09435041730051247,1.0279028309599114,1.546756454177031e-16,0.010166554232520735
0.1340925480226446,1.1122493467865757,5.014614334078673e-16,0.010237555040863
0.16184937686179424,1.0131945160690505,2.9691246638030654e-16,0.010185241685495753
0.12183841198430452,0.9627853898803207,4.0856630893099893e-16,0.010298325965716927
0.183182706362058,0.931092449657076,2.0048544679660227e-16,0.010480948294323366
0.20578123080418545,0.9878696001360939,1.555890469172938e-16,0.010370828782258923
0.24852037082566908,0.918133596937944,9.844918169978087e-17,0.010427917714131462
0.29937552616490704,0.954607033787044,1.2927225389912496e-15,0.010558942672102374
0.258217109044678,0.9841842972657394,8.403008391983648e-17,0.01037963989258459
0.30849035408827785,1.0652118113504274,1.518328834213737e-16,0.01028282915178413
0.26268114417156235,1.1321384263598964,0.0024830034294266276,0.010535179645849706
0.2087577702518361,1.0310776870812708,1.33154864260882e-16,0.010030279474116275
0.19314903717654813,1.1132199108534366,0.0010727492518229492,0.010341947312262876
0.22139008964122936,1.2297168502615408,0.0012834891393981506,0.01108129617910125
0.2619708930066109,1.1650247375464355,0.003120105831268883,0.0106238738028166
0.30381781196328594,1.2326231887279484,0.0027366653327962286,0.011590683763499142
0.29320297612908763,1.2730002330042383,0.002027966206113773,0.012583286565356386
0.23494891364948078,1.3127393862661092,6.0349996086286215e-05,0.013741910418501285
0.1882247876357832,1.2885291176814757,0.0005539711562828302,0.011978839762971689
0.15132266642328107,1.2783299424425987,0.0009478966011351333,0.011222182613433239
0.11740720548959022,1.2173531829293107,0.0009658718201819046,0.010956992114518463
0.1638390976384308,1.182267937547697,0.0004388390811382285,0.010314856781501534
0.1405087400680822,1.1577482036993763,4.2849409964773846e-14,0.01070811091733104
0.09099008864903843,1.1287768204199229,6.460822734223253e-05,0.010258465565616258
0.04653922152760828,1.2423892532344003,0.0017214881461096983,0.010583123595801736
0.09787492487238639,1.2782629353111339,0.0016442278703448184,0.011982521769963022
0.05643606485663206,1.3118377224189082,0.0005662729407003224,0.01285525909329972
0.017920866527044645,1.2293863453285647,0.0014844433223133303,0.01048496012579525
-0.014099228392084759,1.3297308063500557,0.0009034423749834945,0.013620516466751026
-0.09337036437382261,1.3290153241232796,4.040979922205855e-16,0.01472051338574293
-0.07327494678024372,1.265095573367349,7.816739980825098e-16,0.01074001061366589
-0.05977337078527137,1.1912083742699089,0.00020822609928747824,0.010434943913310079
-0.04550133330795163,1.1481108424775455,2.230235404626622e-15,0.010340743477211851
-0.0198456789616311,1.197080927848878,0.0006778699111205532,0.010831952032664979
0.01239688297100107,1.14346113603103,0.0011973295008569505,0.01054920167676856
-0.021702881709482702,1.0856772264083747,4.316325273038326e-05,0.010422173007034798
0.02895907505451048,1.013232428850784,9.258022465508822e-17,0.009816633140387263
-0.018762402708670883,0.961341051227398,1.6965327030222386e-16,0.010023176025404751
-0.038093015767415445,0.9655499859492911,9.397477875243664e-17,0.00976864003172113
-0.0900865721827787,1.0153112518737912,1.0670813207912748e-16,0.010090554803743282
-0.040362279236984086,1.081622668310906,8.744973346580764e-17,0.009895442698311115
-0.11493521155384087,1.0683256567516832,1.1363704838723575e-16,0.009978462610545802
-0.12598399283341116,1.0272747416277204,1.562420522571041e-16,0.010104576434492474
-0.10007052449289049,0.9683485331892879,8.487834884001904e-17,0.009730611432323236
-0.17229754555871815,0.9967895395682892,1.174396997790433e-16,0.009814598956727432
-0.2173549304251014,0.9598553127119258,9.172629575261313e-16,0.010172545523569247
-0.19009130746934755,1.0233530082837938,1.4627404440025267e-16,0.009689077891663535
-0.23543664560722669,1.09184242327545,6.973883567423989e-16,0.011324625914965037
-0.2348063668333496,1.223023699461202,2.0713964124384798e-16,0.010609357053061689
-0.1993515125465069,1.122395517983226,1.0160026096841366e-16,0.009936967762828834
-0.1202055353142008,1.1181138321918214,2.1470232542523517e-16,0.009903061922752292
-0.13218066378889382,1.196193361460149,3.304442196387397e-16,0.010249962537640761
-0.14483403889279434,1.2679234337175929,4.913873506631272e-16,0.011087498160905991
-0.16771126361259406,1.313889602594206,2.3101709981279333e-15,0.015785174130936136
-0.23205972870981967,1.2721988152331938,5.844289353755434e-16,0.011774218860061157
-0.30007278579600527,1.226888938311817,1.8737435041458073e-15,0.01190115221641587
-0.27988203622340824,1.2092738803430332,7.646870332306988e-05,0.012232423946706561
-0.2921040001384987,1.2023025820205466,5.372588635973731e-05,0.011552253212237917
-0.36524769763805787,1.1496698619084602,8.19184556750957e-15,0.012542786431639488
-0.36113367985980616,1.230777292524903,1.874742714161252e-15,0.01509407453261488
-0.48086210670280966,1.1581060063536253,1.105640984957393e-14,0.01806741943837722
-0.43474929441950166,1.2032700712251052,1.6845136283760138e-14,0.018335028848856818
-0.41247662345648006,1.107963677767937,5.717058473269457e-15,0.012790722101153456
-0.460034314516298,1.055915021971685,9.828475107887029e-15,0.013310092825670758
-0.5140991943805566,1.1009146624632846,1.0083127037009569e-14,0.014933248940065352
-0.5126026427490056,1.0773487323848403,3.752710582246265e-14,0.014557031036972517
-0.5272251111221972,1.0334289609866578,1.5334173261834956e-14,0.014271620819616674
-0.4781620933504508,0.9655309627080191,1.0031378858767123e-14,0.013103961979679751
-0.4271603085732017,1.0251604643523384,5.695182915782312e-15,0.012551281406592896
-0.3651790550001439,0.9552192688377095,1.075581878724533e-14,0.012215310195786947
-0.3256885318493228,1.0169570770368805,1.39860708114965e-05,0.011470393694400253
-0.3612986598953487,1.0844815393628093,8.711882370039831e-15,0.012155985305132243
-0.32534029895784167,1.1211460723689275,4.9354463108259e-06,0.012176226342290996
-0.2850830466319026,1.064513421065207,2.6795992275576003e-05,0.010996205996614017
-0.2555642576045626,1.1258845963610324,1.3664661249421357e-14,0.010543893328915314
-0.25813321285030555,0.9792353577281601,0.00015521904659220606,0.010580300431503008
-0.26582870023626604,0.9429541343776517,7.772817547668797e-05,0.010333087227209447
-0.26731495858221005,0.9150930507516911,4.843765003806493e-05,0.01040677913556647
-0.23909127586163187,0.8641358658654916,7.174192166261635e-16,0.010643455820800576
-0.24483872760983127,0.7520073797855571,0.00014999339361389602,0.010563212392952753
-0.30488162946535835,0.8219759815885348,1.4158181580641682e-15,0.01124246038621297
-0.3503855814536946,0.756529675875947,2.128430214026346e-05,0.012159644063235012
-0.3602348374314389,0.8751768099395372,5.283885118294024e-15,0.012047820639550701
-0.34997305605468243,0.9144721421539137,2.1408751205207197e-12,0.012168970978784615
-0.3858280795406033,0.8931530349530212,1.7797748084037733e-14,0.012579161581695017
-0.42560462452765424,0.921999211940236,7.920733715122987e-15,0.01240569918884833
-0.5146418135135967,0.919649144232374,1.6261629499587285e-14,0.013274466903611355
-0.4576731725422656,0.8427261653514991,4.291719688789051e-15,0.01229977938454267
-0.5058868478798682,0.7790646895009726,1.506324459965407e-14,0.013401455575032516
-0.41344676834466865,0.7650316801292056,3.181805279889102e-14,0.012334338791725281
-0.38032016238241567,0.781928229784524,1.252773948842933e-14,0.012197308590624224
-0.3732753839363401,0.7027099984770124,5.3795300581445736e-05,0.012207680214802381
-0.4102270727391443,0.7273204829357496,1.1202873317920725e-05,0.01229049045242707
-0.5016217458011056,0.7320594967728876,8.5760048713788e-15,0.01305564039798306
-0.441912327506343,0.6578975147765578,6.711533903267075e-15,0.012436548302396936
-0.48714549574636534,0.5938078314813832,5.583613859030454e-15,0.012662687697641575
-0.39573170356663,0.5738105447167953,2.8407961277106374e-06,0.012720513746273792
-0.3601508474009639,0.5928312805959738,4.2017286101866944e-05,0.012216927265000597
-0.32019395546566143,0.564162468500323,1.6839996166082524e-05,0.011705031384197331
-0.3375881390840223,0.6053952991395788,9.510756249113537e-05,0.012459467997126033
-0.3474274539988082,0.721580745539617,7.267228677246561e-05,0.012089968110328392
-0.2900214099712048,0.6461766584231978,0.00051973931825723,0.011371308611331444
-0.24074350137378045,0.703677113785897,0.000756114936211425,0.010615959489749019
-0.21792204857068537,0.5901833155162086,0.0009864521148313825,0.010626661950863711
-0.23714268586545778,0.545891668812646,0.0003894614146029895,0.01130836430198436
-0.19383194058410766,0.5713399197844006,0.0010132867030364376,0.011133679364031106
-0.1660922167556939,0.5545685321623675,0.0012964735957407647,0.01125566596352944
-0.08125679856163628,0.541327817026474,0.0017250732681107109,0.01101613673961537
-0.13628970063887305,0.6120548899814151,0.0017474758045587144,0.010479585770234105
-0.09748888602515332,0.6801175080072771,0.0007864703430925875,0.010497575226070761
-0.17893609640053554,0.7131691705763259,0.0003749499253291534,0.00998515647160094
-0.21127622959162617,0.6767893915543147,0.0011094287350906155,0.010542118039961348
-0.19315701863381057,0.745955361551303,4.632255751790846e-16,0.009943796892110786
-0.20246179095268715,0.7799959574737558,1.64718455287278e-16,0.009836157687076432
-0.21713920825103566,0.9109736794028553,2.884427074076182e-05,0.010244279413238726
-0.18911600935627218,0.8653646076374025,1.5824595049606561e-16,0.009963917351859496
-0.1435042131136922,0.8923718693358249,1.5443847014729397e-16,0.00967290025191384
-0.11609325098187538,0.8707718629115868,2.666073456514381e-16,0.009791636522993325
-0.14213665012449855,0.8071936698174118,2.483174729588827e-16,0.010081608888944152
-0.09874627278392278,0.7383344034338907,0.0007935707163064789,0.010290799264372196
-0.023910929070565454,0.7555094261892125,0.0015867666311952708,0.01047350332139514
-0.07292532404974535,0.8350926638098667,0.0008242526209818636,0.009916894876114824
-0.05731858488157253,0.8837215430704523,7.941004366061269e-16,0.009726182264539314
-0.015272116648065465,0.8314061665433128,0.0006534615727206318,0.010183274531098756
0.005621837864482587,0.8893975335548328,1.1329810990263586e-16,0.009899695141001879
0.04007674596257878,0.7970645095003863,0.0009355999110900448,0.011121398255395196
-0.0075661789048380446,0.7323731179964241,0.001048133344755938,0.01032284738099439
0.021301272370299967,0.6796445648509072,1.5646729151381498e-16,0.010653178690384598
-0.0031295759219269192,0.6659482202639226,2.5758282885932155e-16,0.011059049049820288
-0.04559289563892793,0.7015458653191469,0.0008558964247630623,0.011010499337909999
-0.022958895174735386,0.650595191933429,3.6832784957301085e-16,0.010944204589190784
-0.0589628136888789,0.5836185659894213,0.0010017488083163958,0.010764280649638644
-0.005936579853639337,0.5175342973223747,1.464206407603345e-16,0.01104518895047072
0.0337295365622,0.586836545643532,7.794169180476456e-17,0.010892226132223012
0.03797042617311172,0.46511180509441485,1.1139526824809394e-16,0.011544770099242286
0.028836806482414337,0.4225795411285624,8.310954485244318e-17,0.011557880927415921
0.04763680661021281,0.3651472703647025,8.909609571162675e-17,0.012018166942470583
0.021097279115228004,0.3913656256891731,8.716010744674504e-17,0.011845254902972373
-0.011546573607297175,0.33860197588637214,4.308740821126536e-17,0.011446317108594355
-0.05687786093810143,0.41835095879823314,7.222485315113872e-17,0.011142438396521695
-0.02122705497038886,0.4860613405448431,1.1327824789094872e-16,0.011247386835329047
-0.0953223394880641,0.5008858557757009,0.0017196141136310693,0.0114453526010915
-0.12418392385001029,0.4829809964784393,0.001343747506600382,0.011651472646696692
-0.16226188465875208,0.515105526096352,0.0010628173473391429,0.011168997537476643
-0.14391680081280211,0.47020230794320167,0.0008166092342478171,0.01126252737346715
-0.17585654866565095,0.4137367142215387,4.444393040787138e-16,0.010929380849558554
-0.11687682064860597,0.3424606958346009,7.755140993861118e-05,0.011487487457187728
-0.0765245796177221,0.3968378381463078,1.971758455625101e-16,0.011107701817374931
-0.07494830851115564,0.3130550074035472,2.8051988979606816e-16,0.01162855888575788
-0.10249648350347829,0.2933752501545863,8.906706043394006e-16,0.011683880204032467
-0.1388992920010336,0.32376766628088616,1.742545060816861e-15,0.012207035726911484
-0.1221357346114503,0.2842565533905421,2.64191734159855e-16,0.011665085052221351
-0.1512356585475409,0.2341964578290618,1.227576227076973e-15,0.011635728577827038
-0.08822475395723761,0.16441405320481273,8.305025287193928e-17,0.013392744192603596
-0.05295245403169682,0.2093340186351618,8.283412191395732e-17,0.01208565499748667
-0.023340279028365718,0.1718208370352856,6.056161474582413e-17,0.012837535680790407
-0.011828158261112831,0.21276480432707823,1.5998502952276451e-16,0.012460537461096466
-0.032277019980207766,0.26367058158088696,1.1064577111960439e-16,0.011859262816013115
-0.010770295185967255,0.24719419969775755,2.0296468564066534e-16,0.012358051545900077
0.0178974027033854,0.2972573233839729,8.164499714982416e-17,0.011609673461079132
0.052274539772940734,0.2186500006155706,2.4654473819263003e-16,0.01226073579008866
0.03147258137436107,0.1488810836799882,1.8128871992757864e-16,0.012853972595397509
0.048572765826836964,0.10202408627034953,5.118347235254295e-17,0.013661312365916561
0.03832898630372465,0.06835417400532437,1.5364317698141308e-16,0.016374907127954433
0.012803270013506979,0.10234362306430003,1.4926499617977496e-16,0.013760689828670486
0.023836304221171917,0.07046577063841908,0.000327104189004076,0.02278363492474601
0.013526179931569765,0.030428156750028357,5.3144747770568605e-17,0.017593891491585488
0.07115801949008262,-0.04356929124108622,0.05203739932378965,0.024681451512437013
0.06472549951382264,-0.011361902883796127,0.002335597477606941,0.014766215228144364
0.08519673953646649,-0.12388003667082416,2.6036909320236504e-17,0.015202206165053845
0.14192090906910873,-0.12800969735638018,3.591279549917042e-17,0.013941544824337213
0.208281662210815,-0.1206556689817089,0.002002387331346766,0.013551595999465444
0.14073253127962748,-0.0957175156706619,5.415072596087628e-17,0.013867305556959217
0.08805687656121056,-0.06337804694166448,0.04915506334114606,0.026100601446566035
0.09558898526049969,-0.06979987249475407,0.004564177786664568,0.01677066120368885
0.052238120703459484,-0.04178188081613678,0.13910657703299334,0.025911378798712418
-0.012479794245818299,-0.013404163485519621,0.0001401302739628138,0.017990565724954888
0.057100359445666354,-0.05628725636238928,0.25550606113318364,0.0314128768204436
0.005643045506741884,-0.05692925801788431,1.2492958745865503e-16,0.0167643166793421
-0.022867530761007948,-0.0583467710665432,7.730739655746239e-17,0.014757378240845782
-0.08540921681058744,-0.02226814135113528,1.0757299731323419e-16,0.021868700318729076
-0.04441626343187294,0.006995158634153287,0.00387592792472666,0.03562279591310518
-0.09349482337496245,0.05492759125464178,7.100745313697355e-17,0.02894574691198163
-0.0718985375911736,0.052997004015284094,0.29811600931833016,0.17574871417710144
0.009573467334563185,-0.0031221675641755764,3.940546609678961e-17,0.015385247250087102
-0.04691687236396666,0.05570313139873595,0.5219535726610635,0.1285246260477331
-0.015444007326648773,0.08885301821832037,4.2159795629477436e-17,0.024080252478716563
-0.08604575395057135,0.13803304409486483,5.946344140604791e-17,0.015448957674342822
-0.12720670865085304,0.10065362344671541,4.129532014784348e-17,0.01626423351013962
-0.17418596511931306,0.14261615630583988,0.0011210051745241662,0.014512543913050869
-0.1984304217160765,0.1408387038446295,0.0026155332234324958,0.012511825277316596
-0.27661815112109844,0.19182233322910797,0.00289716613595316,0.01178865761320611
-0.22204429931845415,0.1319213354961344,0.0035006929974755285,0.01269097989102736
-0.27526779520417655,0.09140469662544677,0.005180918406877489,0.012131611814917325
-0.19429670541669386,0.05697340843343371,0.00633558290032665,0.013404678644577086
-0.14376970541761053,0.09285254319109212,3.6910559461921546e-16,0.01606541278351607
-0.14798944024414523,0.008222966664340761,0.0038141487131104997,0.015343931347035569
-0.15222097667789003,-0.010668470813306116,0.003603111723143592,0.014459570896588857
-0.10918145260209033,-0.05835826459904821,0.003139934489655523,0.014528192208537443
-0.20733793548979207,-0.035782711830018354,0.0036560615571141378,0.014287910761132252
-0.23882649131959333,-0.051756106769964796,0.003334731752212568,0.013495271624123392
-0.20052672362534207,-0.016302579956980867,0.003777976767647724,0.014000481885131469
-0.2603308877245861,0.035716338193733516,0.004383872483213366,0.012479202862197442
-0.3572035017156905,0.017083417980545496,0.0013272172162168915,0.012084343744294006
-0.29724368811063795,-0.02750920008496932,0.0013779023625485538,0.012665490465284323
-0.32536656115928014,-0.042753762988457115,0.0016473069710695692,0.012728953967698705
-0.3899955435510148,-0.06420737847578409,0.0018397655589116571,0.012191422950000088
-0.4422049667687335,0.020592770907576774,2.9664457381512973e-16,0.011695007340313993
-0.41110607212113043,0.055761932464698835,0.0005687995419895529,0.012549540329781003
-0.4361051027581541,0.09530076552420572,0.0004616315866080124,0.011446059348587844
-0.4052674965678426,0.08440398402363444,0.0003693615260982618,0.011554445789098353
-0.2950917804373904,0.06986873012505952,0.004289296958762087,0.012219843333383846
-0.3644370196515972,0.1266514798046221,0.0010741724827142655,0.01119612263013846
-0.3204353279431247,0.17594467118802679,0.0013786167744913303,0.011901343204822449
-0.41624419377238325,0.21080344351355554,0.00017827467370278493,0.011670983111380387
-0.456408978344293,0.1797401183256693,0.0002759575290951541,0.011702513431989857
-0.43411981024468727,0.23985503929516586,0.00016503440862586778,0.011728879321044182
-0.44461944799854053,0.2684366899675402,9.018909494194126e-05,0.012261517779869089
-0.4658410891296345,0.3835163923014332,5.360506836535885e-15,0.012922049956768718
-0.40432253895133075,0.3120747605355464,2.258181228963653e-15,0.011785375705778185
-0.35751225764708067,0.35501505648362724,0.00017789154339562926,0.01202806796856262
-0.3191221219717928,0.25762271951320265,0.0006895582448442263,0.011449656353859586
-0.35105136762519884,0.21599487209436477,0.00013623239228287873,0.011185048180471752
-0.29074178145725527,0.23863497579292414,0.001509620615121147,0.01132114393873751
-0.26361645230697256,0.2269280821044341,0.0020941560374282252,0.011336947339048786
-0.16056025268089896,0.19210156696110056,0.0004143533125676605,0.012109266731613251
-0.2234416763404931,0.26285471673206307,0.0015919979139333493,0.0113416510650294
-0.19078578732792334,0.31290047374016683,1.5997326252279155e-15,0.011398617259453358
-0.2747862925515956,0.3566372650933279,0.0004974814128002062,0.011440425704130328
-0.3149934901715927,0.3184045291674411,0.0005178465319571606,0.01156736421846874
-0.31537319130743907,0.4153572173359309,0.00011366369178391813,0.012047250710003565
-0.2892823345299695,0.40350302413800954,0.00015914551053487514,0.012428659547217148
-0.1891731475636355,0.3632631026049127,2.564005893245649e-16,0.011160264201643962
-0.24599921165652516,0.4402961030248005,1.1313357528399852e-15,0.011022677683257502
-0.21202756692892294,0.49594291348930597,0.00039897891472824923,0.010806103551287515
-0.29413563215334526,0.5383046812120061,9.932140864934144e-05,0.011616606491550666
-0.33704034223371915,0.4930221116021421,9.417060233559516e-15,0.012060176393164297
-0.3897658184837749,0.5357661528172338,6.888290289765933e-15,0.012430686586216896
-0.3796027801641576,0.5044154248954925,1.1719067092567419e-14,0.012133030519367738
-0.3388495737032182,0.3810041141766247,0.00017512321802356143,0.012171730118263153
-0.4045932681453725,0.4483836082984066,9.05420993468936e-15,0.01241513662361441
-0.45406131832337293,0.40088222948201235,2.9611648051938946e-15,0.012705089306006273
-0.48907945900601113,0.5030582118915802,3.3636459260639983e-15,0.012591014431831441
-0.44985150783633154,0.558214590198598,7.950260833174113e-15,0.012898175153131066
-0.5485725796114538,0.5531151457855383,2.127884864007869e-14,0.013211863216677068
-0.53977104860905,0.5235968225632075,6.706069528228884e-15,0.013054549752285885
-0.4936883320997619,0.4013263140645762,6.719211519203541e-15,0.012789798032158932
-0.5605604570200163,0.46677512047277014,3.689884692146704e-15,0.012846395596291013
-0.6159735490133693,0.41500958571194396,8.821198778486134e-15,0.013132418710326095
-0.6469598218541552,0.5197140502527376,6.998408232177575e-15,0.013338125994617126
-0.6054452302455429,0.5752422022892332,6.677561212526233e-15,0.013348499080954668
-0.6853882538114943,0.5381638016985963,8.89306589152825e-15,0.013345379467718925
-0.7085394006444832,0.5434015142516051,1.3805948674542541e-14,0.013496135691989875
-0.8182876439561885,0.5943915174321694,1.1620821713951656e-14,0.014499860954342893
-0.761732146276115,0.5257797944497149,7.336700011266465e-15,0.013738441549126158
-0.8121456674402987,0.4627619569322552,1.1260009970611587e-14,0.013761399654905476
-0.7131665089207093,0.4322373017372202,5.885018564073333e-15,0.013055664206270592
-0.6623299640126004,0.4784256939058422,8.46721984563348e-15,0.01317224525693043
-0.6739243687093077,0.36166934997044364,8.009592596812181e-14,0.013836921503321565
-0.6942784177410731,0.3633864340898846,7.242984259011485e-15,0.013121070657407271
-0.8018790161808022,0.41537531984942444,8.415672648312589e-15,0.013515501018099124
-0.7485478888139511,0.3527014933096133,4.0895091129482405e-15,0.013101187377971392
-0.8003137398682268,0.29126658483990353,3.65041412024442e-15,0.012738142709699517
-0.7000461980154729,0.26254226899616256,1.7536840278553834e-15,0.01233365761481526
-0.6477667889856977,0.30734339846660064,3.5028292864503672e-15,0.012582612419645266
-0.5889231348896509,0.26661809345298865,1.4228571479592315e-14,0.013136735897469519
-0.5907446729864769,0.28723591867052445,9.11669601213887e-15,0.012739207396446099
-0.6411448270866789,0.3913454589265045,9.181051033525702e-15,0.013014004553140942
-0.5814748162015728,0.33613110091903775,5.207652026065234e-15,0.012929318783101733
-0.5280862633263059,0.3906345540717246,4.299100505377141e-15,0.012737906765583671
-0.49523818234921513,0.28970789324076063,1.2127353215733622e-14,0.011981343629372736
-0.5391103587179114,0.23705742645411604,3.778698108640396e-15,0.012015040852074312
-0.4979089218695544,0.17971992131104325,9.060226623366512e-05,0.011803384583858155
-0.5190835444410407,0.1808885874999317,7.120373882793021e-15,0.011745999092781467
-0.61391742981754,0.2296912564641012,8.33622232455588e-16,0.012302920152640702
-0.5607413494162841,0.17082904712904737,2.6225441130397136e-16,0.012041640982387285
-0.6197888161540748,0.11969722029715787,1.0623130746232942e-16,0.010950843762196388
-0.52368884551743,0.08864236595986963,1.766538359985124e-16,0.011164553913903027
-0.46584855770114936,0.13428947807624403,0.0003100807176024743,0.01159238718017571
-0.49673544794984986,0.03576239933960848,5.845087448665605e-06,0.01185019138453447
-0.4998330886162017,0.013733104016847714,2.1128836062010436e-16,0.011382578785466524
-0.4545417277470622,-0.061229242313479,4.1953362091528457e-16,0.011896084482720826
-0.5559918432624844,-0.021434751251240947,1.2493932868861453e-16,0.011429790675531163
-0.5843596452961863,-0.03947736602587817,1.1363948490626072e-16,0.011454665959890059
-0.5424586428598712,0.004515458647391293,4.3315566562654017e-16,0.011303659616773876
-0.6024841675725732,0.06578821989771988,9.027039719773055e-17,0.010987069215027423
-0.6945757185971185,0.030544819212898616,1.34035596688919e-16,0.01097092654415222
-0.6425316674212427,-0.010595709137639256,9.840367926545792e-17,0.011397727209759493
-0.6708711758955702,-0.029175379298357597,1.5182258913954669e-16,0.011135259678355072
-0.7434321420375949,-0.0617611459748767,9.867274857893506e-17,0.01104430431357959
-0.7786644558030562,0.033105205918232364,9.956756945543793e-17,0.010945882903951536
-0.7600721250753506,0.07139986430705203,2.843878522045386e-15,0.011506422610517255
-0.7860356852749256,0.11573630406740314,4.498976968168894e-16,0.011333465246047385
-0.7468461788904966,0.09722551532221131,4.756394191102039e-16,0.011256151376083705
-0.6433878936718813,0.09539925184013887,1.483161132311755e-16,0.011209546079516002
-0.707211327410268,0.1572888766471225,1.3856032347302634e-16,0.011411625535763303
-0.6546246877387729,0.21659306847530316,5.44202308341344e-16,0.012389521235086038
-0.7544031687548639,0.23451148762517124,2.8843795324839686e-15,0.013204098088097695
-0.7955180618391018,0.21266261221014238,1.3572283872559748e-15,0.012510432960542347
-0.8177518745479055,0.21524666012144086,2.0202002632006926e-15,0.012725503901790124
-0.8532692759480004,0.23108890706699503,3.763694860834389e-15,0.012554945512704283
-0.9599216323516827,0.2368414957078428,1.6850147020462546e-15,0.012677915807882434
-0.8931868226038674,0.17582246604831747,5.365524070127342e-16,0.011917411451547911
-0.9478739646579059,0.11376676235548852,3.6934713758449775e-16,0.010640224650141066
-0.8468081924845539,0.09216100054658874,3.4402326101813955e-16,0.010842199318160963
-0.8050758592579099,0.12123001825630773,7.292846343898868e-16,0.011213552152577336
-0.8315049188845105,0.06492226505412382,4.659409598965407e-16,0.011003302338915378
-0.8199660557546515,0.034271538795573694,1.5926203514503955e-16,0.010882025119442978
-0.8326652967215615,-0.06099982065358269,1.2020373823710264e-16,0.011093224230627379
-0.9156699309271202,-0.016189053806957926,0.0002203280728693148,0.010828002875650191
-0.9352627049672334,-0.0045905596282740935,8.429982231491248e-05,0.011186053959120366
-0.9023935243204328,0.034840703438136375,7.841910248621362e-16,0.01085791578451399
-0.9815246353641066,0.08073683104804699,7.125470210615239e-15,0.010396396518256336
-1.045316132544088,0.025664215165932133,7.029605352722537e-05,0.011312598949188209
-1.0018661226362835,-0.02439610685158706,2.3498622017108504e-16,0.010927859512995538
-1.0309807097750583,-0.003348491561364658,6.635632730718597e-16,0.010969807147999722
-1.1167533472553886,-0.04223940799673267,2.8492993256245544e-16,0.013327711355441266
-1.0747216746730552,0.027764554299012173,1.6327284816775114e-15,0.011546550331486076
-1.1054357393947434,0.10776656704563914,2.312808104244535e-15,0.012500607533924334
-1.0882377341956695,0.0980500905871844,6.598410942485244e-05,0.011685365855045989
-0.9910638624219776,0.11957958584505074,6.590786025788748e-16,0.010608928775293505
-1.0470012999845362,0.18297655435339674,1.229560285670835e-15,0.012237761093992447
-0.9845566192403363,0.23800784548544537,3.714932996830661e-15,0.013051821907379413
-1.0956456641894308,0.2381470687639275,1.7440237442365254e-15,0.016125636855509422
-1.0690663559029905,0.2834922705243513,8.117875375089448e-15,0.01557177852269871
-1.046211079989192,0.39588622559697195,1.809430756549272e-13,0.015859657531562977
-1.0166457530091464,0.3716208410653026,1.2355022023844407e-14,0.014993560597576948
-1.0502288882793123,0.32846039747173145,3.3186551270059625e-14,0.015461419362443772
-0.9827761440699176,0.26682297039114355,9.806304857372297e-15,0.013094897539961823
-0.9213421455298256,0.32147807135796846,1.0358043959921177e-14,0.013353753187655838
-0.8837153126300296,0.29037656390378264,7.917189692445124e-15,0.013230540326942175
-0.8538347636074339,0.33183058104693,8.707137185234391e-15,0.013138693973459258
-0.8608750802112252,0.3589836419477497,5.6799342573573766e-14,0.013640147361686769
-0.8726837720451853,0.3911987622639679,1.345902976177304e-14,0.013485692946876368
-0.9168165455035049,0.35364899310875375,2.0535558946595835e-14,0.013559422119966842
-0.9772572362614671,0.42386270618066135,1.616262852744621e-14,0.014596471388072128
-0.9355235715653452,0.49860809799567984,1.274593893363576e-13,0.014849329162267926
-0.895669795749522,0.4638959045544302,2.3082373922625616e-14,0.01443990120049918
-0.8622029260034649,0.5082476608857032,1.717602450644273e-14,0.014243338746301543
-0.8717520539330227,0.5387094995894639,2.0826874337505695e-13,0.014962041362773104
-0.8812939492988557,0.5693006053852058,2.1725411767293005e-14,0.014606592691050017
-0.9275785578026542,0.5278289873103188,8.000355867711627e-14,0.01509498225020718
-0.9879964604442489,0.5998149874750823,1.333448497011469e-13,0.01776163047886528
-0.9950158630100316,0.4867115601284001,2.6820653403089194e-14,0.014930669199874841
-0.8512593977212425,0.8161111935900164,4.738349325678042e-14,0.018656065739921138
-0.8716455874564387,0.7175578334704531,1.0369911402560811e-13,0.016125697598619405
-0.925205542211282,0.6982283138009696,1.1667300045438483e-12,0.018607772642935297
-0.9215919014858945,0.6443426501980581,4.146916735016424e-13,0.016787473051378232
-0.8858656439581877,0.6751289304737488,1.753418606022018e-14,0.016287046887466572
-0.8189573844843243,0.609468210445052,8.752294584268046e-15,0.014615683131344112
-0.761307693304203,0.6650493281956088,1.00049360528126e-14,0.014638292761458288
-0.8036609542745049,0.7196562280941059,1.0001611010999523e-14,0.014848445765301225
-0.7815559149533274,0.7873022411259081,2.4827376566677104e-14,0.015429166160030983
-0.7209806550530462,0.698472899152688,1.45411197419622e-14,0.01404644964581671
-0.6994398787634715,0.765993010063073,1.6452994317168847e-14,0.014307027157059926
-0.6768086097725028,0.649861858300069,1.890521874582944e-14,0.013887985023663675
-0.7126082049519411,0.6004232556032568,5.797532733535631e-15,0.013540255480973562
-0.6484703711086144,0.6309499437704579,9.246520059378592e-15,0.013645888090406413
-0.5967865192244676,0.6480542918857262,1.1626896037230603e-14,0.013457396184363793
-0.5589450741910278,0.6156314909795295,1.0761379226626787e-14,0.013602646753024571
-0.5309893594319888,0.673558583414767,7.417457804633401e-15,0.01314293851404592
-0.5793161568161944,0.709124934339032,1.0340275030001923e-14,0.013327222287927064
-0.5287452639931418,0.7698825047089344,3.9785286697318094e-14,0.013816123845281247
-0.6328418938893313,0.7634900522452039,1.7461431032739192e-14,0.013993066601830154
-0.6588150357197359,0.7014841661999488,1.270697916198074e-14,0.013733123320525419
-0.6506327760963271,0.8219235780158194,7.230238800012353e-14,0.014520710099550542
-0.6176400212824821,0.8364323169049981,2.7293632400610732e-14,0.01411427074336538
-0.5702988335781183,0.8017307491966935,9.254776429236842e-15,0.013349912575467103
-0.5934346219677518,0.8498027555343951,3.188891886659007e-14,0.014268954059553212
-0.552585908376044,0.9091323374485609,9.093309720699968e-15,0.013431022743320753
-0.6168336551877402,0.9774722445246338,2.70845716250292e-14,0.015186876221873896
-0.6709677015897129,0.9177136663989718,1.3565280190797387e-14,0.014880437036561368
-0.6992283124316433,0.9430129485755347,7.194088219676263e-14,0.016240446518767163
-0.7512839281758895,0.8947252801600044,3.396538566243396e-14,0.016167894922630054
-0.6923225462997776,0.8476758506817363,2.7631383195830982e-14,0.014832146488034636
-0.7401164372544184,0.8162559845081739,6.976734589067153e-14,0.015432734706199037
-0.7695057799250329,0.8067229887709308,1.32940818414924e-13,0.015347493870229184
-0.8036393612458774,0.8952715629794205,3.7227720893041557e-13,0.01889044268740083
-0.6767848578303256,1.0005598028972504,2.453542788367152e-14,0.01680961814809341
-0.650809120728109,1.0057382587746981,2.3226909403060493e-13,0.01606597183761012
-0.5584024304894771,1.0042036101353202,1.4261051551721338e-14,0.014076985490552786
-0.6164613071646304,1.0798890038499154,2.0643666785128215e-14,0.018208625930315154
-0.6239334811443721,1.0787921104512888,5.055763712065967e-13,0.01876552047070197
0.05040213252407803,1.3419504996465137,0.0,0.014003938332007112
0.28891629191974083,1.3156198957782679,0.0,0.015233348523168374
0.5099077171305617,1.2326924664037218,0.0,0.013538957405533295
0.7023785706177506,1.1024777290416508,0.0,0.01370712848441065
0.863020204545356,0.9330659658712511,0.0,0.013236916748702669
0.9931437247530919,0.7235948458530614,0.0,0.013220199906033858
1.0870395108204207,0.4741749417603848,0.0,0.01419869277068361
1.1345469661096526,0.1961123726059399,0.0,0.013871608470087587
1.1298052310803652,-0.09316074622795095,0.0,0.014537420932674041
1.0729130227983854,-0.3765735703165012,0.0,0.01665846568263116
0.9678653889116158,-0.6401647349393729,0.0,0.014847562402891278
0.8203957648953185,-0.8731622338042025,0.0,0.013873445510257888
0.6369066915556812,-1.0669047214499547,0.0,0.016983592046659026
0.4245180896844081,-1.213783957741255,0.0,0.013881318763527632
0.19179995806424888,-1.3069617256238286,0.0,0.013962500308372714
-0.050449403499843545,-1.3412261481846361,0.0,0.014250854629219755
-0.289152394610834,-1.3148827621199137,0.0,0.01572109393034752
-0.5104183388934921,-1.2317950236059516,0.0,0.015043145584893024
-0.7031650767784976,-1.1012328887583023,0.0,0.01534388195713993
-0.863876298274044,-0.9314586534914898,0.0,0.015188070074799933
-0.9937964862058188,-0.7219027768971285,0.0,0.014756246317430506
-1.0874360195378017,-0.4726331114593502,0.0,0.013775382333505323
-1.1347684645636988,-0.19477286252748388,0.0,0.014452922318019897
-1.129930723775679,0.09433717818491594,0.0,0.013249499229733135
-1.0729839192280692,0.3776451123073354,0.0,0.01644170121709791
-0.9678933057914209,0.6411750652890771,0.0,0.018165184931765128
-0.8203801068752077,0.8741297993180522,0.0,0.019654241423122658
-0.6368510775251388,1.067825279962048,0.0,0.018603762947447165
-0.4244428492230221,1.2146412546617917,0.0,0.019040448378271842
-0.1917500812354298,1.3077443971539675,0.0,0.01596323606391601
