galaxies.source.pixelization.regularization.signal_scale,galaxies.source.pixelization.regularization.inner_coefficient,galaxies.source.pixelization.regularization.outer_coefficient,    log_likelihood,         log_prior,     log_posterior,                weight
                                     0.04345068769145578,                                         0.019407124394302033,                                            31.27809504565268,7477.4637659255095, 51.55944022526127,  7529.02320615077, 6.520784403446677e-10
                                     0.03555452773596608,                                          0.01505444176255219,                                            39.70985754863187,7487.4118733140685, 66.45076095993133,    7553.862634274, 7.455221222432336e-06
                                     0.08288357162687059,                                          0.00399717695924118,                                           19.318077945001242, 7480.816868435339,250.22832964395482, 7731.045198079293,1.0192631144560144e-08
                                     0.05791153067778062,                                        0.0003801018634686096,                                            25.03918191480266, 7482.677251541332,2630.9136481395394,10113.590899680872, 6.549986806686094e-08
                                     0.05123477329070565,                                        0.0022444653893225583,                                            34.69028744890906, 7482.329786738317,445.56922323990005, 7927.899009978217, 4.627414238958303e-08
                                     0.05401605354719102,                                        0.0026630335218279346,                                            31.72095635507479,7486.5096162374575, 375.5431329234395, 7862.052749160897,3.0242331207344035e-06
                                      0.0510078727856704,                                         0.013286336550582197,                                            31.18572203048612,   7489.3400599902, 75.29735794954401,7564.6374179397435,  4.77503422575448e-05
                                     0.06089283141200106,                                       0.00025730293131592867,                                             27.1939991902936,  7487.85267666501,3886.5062929507285, 11374.35896961574,1.0789817975732688e-05
                                    0.030783207242816222,                                         0.008296636110463653,                                            45.21738637672478, 7488.337815161352, 120.5528927630282, 7608.890707924381,  1.75269799606906e-05
                                     0.03309782179886649,                                        0.0016884156544018636,                                            52.72588844791125,7487.4561040712415, 592.2901863114862, 8079.746290382727, 7.257462977579803e-06
                                     0.03528460199761474,                                       0.00044706687565926074,                                           39.596572998993345,  7487.63954516184,2236.8270721690205, 9724.466617330861, 8.718711003010298e-06
                                      0.0397005074099435,                                        0.0013281719792794344,                                             38.1441839783074,  7493.65656113216, 752.9407602165535, 8246.597321348714, 0.0008671437681421046
                                    0.039629693370332855,                                       0.00010802520887773848,                                            42.44380924039497,7491.4332506022365, 9257.122069223891,16748.555319826126, 9.386844264398042e-05
                                     0.04500551224857233,                                        0.0035657353660047374,                                            34.65583684991332, 7492.543887360172,280.47591513056454, 7773.019802490737, 0.0002850119227447094
                                     0.03538596107294132,                                         0.000830000218396687,                                           47.154498745175836, 7492.838394045941,1204.8401669705004,  8697.67856101644, 0.0003826182283964555
                                     0.02504001299670906,                                         0.007078553935465834,                                            66.23395178122954, 7494.150214040618,141.28689010542945, 7635.437104146048, 0.0014206328126415528
                                     0.03248063287871007,                                         0.009806484785823931,                                            46.65310000857313, 7494.908380384687,101.99477406151745, 7596.903154446204, 0.0009263597606003898
                                     0.03886215273980073,                                        0.0005597222477613356,                                            41.01045636274813, 7494.698526048109,1786.6247987837335, 9281.323324831843, 0.0007510020135995044
                                     0.02456442023477446,                                          0.02473129309365131,                                            63.86816547730081, 7494.850170992253, 40.45025952807567,7535.3004305203285, 0.0008739763162088147
                                     0.02770475812649336,                                        0.0012459650626258103,                                           59.266938089513644, 7495.619446865017, 802.6075954559905, 8298.227042321008,  0.001886218197737491
                                    0.029477705375825874,                                        0.0001935059338652704,                                            49.03899140450852, 7494.226402742195,5167.8205726599535,12662.046975402149, 0.0004683823863120879
                                    0.028717513516933385,                                       0.00011105474632732168,                                           57.355036849038065, 7495.370937083613, 9004.585299947646, 16499.95623703126,  0.001471178954927605
                                    0.027592694558831475,                                          0.01538820997889844,                                           53.874262135446585, 7494.976598740954,  65.0033781259223, 7559.979976866876, 0.0009917598842615813
                                     0.03286609180528935,                                       0.00040775427917267074,                                             48.8442409717332, 7496.011564150797,2452.4778748645554, 9948.489439015353, 0.0027918128635128184
                                     0.03161373056894551,                                       0.00019603593253366704,                                            51.75255457680002, 7495.276605076017, 5101.124957156692, 12596.40156223271, 0.0013387442957745795
                                     0.03586742182549735,                                        0.0005462700438500957,                                            41.58664444415445,   7494.2640044763, 1830.620490665303, 9324.884495141603, 0.0004863296864897896
                                    0.021849663568242222,                                        0.0028445603672890445,                                            75.37388698819088, 7496.178394167857, 351.5614401560457, 7847.739834323903, 0.0032986759930949917
                                     0.03299593612571156,                                        0.0039384687790323895,                                            45.44902917993253, 7495.125282735655,253.92778588315866, 7749.053068618813, 0.0011507452103969437
                                     0.01865296068208079,                                         0.009634788558218588,                                            76.33053698255108, 7495.920235073096,103.80365054387846, 7599.723885616974,  0.002548135917205849
                                    0.025902662940808823,                                        0.0009863058353058042,                                             55.6917821935382, 7495.337907665249,1013.9022545359471, 8509.240162201197, 0.0014233804928068387
                                     0.03760919639541827,                                       0.00011579104018250431,                                            40.39991190870415, 7494.686079585804, 8636.271550414856, 16130.95763000066, 0.0007417126252784392
                                     0.03426937892455428,                                        0.0011377050562939646,                                            47.22295226571511, 7495.183923609729, 878.9836053491294, 8374.167528958858, 0.0012202437277337894
                                     0.03318999637839601,                                        0.0021828557514221906,                                            45.54879343571001, 7495.669394550727, 458.1374297444107, 7953.806824295138,  0.001982822940051103
                                    0.026501796563671586,                                         0.021422233303014678,                                            58.32442330311048, 7495.192958932779, 46.69761925551435, 7541.890578188293, 0.0012313189829217946
                                    0.025407131718992473,                                          0.01002057047627997,                                            63.63304968347683, 7495.671963050188, 99.81043261715351, 7595.482395667342,  0.001987922365837839
                                    0.026269089426533762,                                        0.0063706778252327016,                                            62.54193405354669,7494.9313183228705,156.98515761382924,7651.9164759366995, 0.0009478541192315152
                                     0.03092637500065192,                                        0.0002734351222869284,                                            49.20762449764856,  7496.91062916708, 3657.194980657807,11154.105609824886, 0.0010331642074240706
                                     0.02816932352634242,                                        0.0001414531532061628,                                            54.72063820705413, 7498.010816538476, 7069.496595442295,14567.507411980772, 0.0031043784263316914
                                     0.02536193353611903,                                        0.0006838590502012181,                                           58.087885631460786, 7497.222628226726,1462.3068489625457, 8959.529477189271,  0.001411460803369099
                                    0.024659327624672548,                                         0.008420596365896187,                                           62.224793558547326, 7497.756712857208,118.77250517211453, 7616.529218029323, 0.0024077912399641807
                                    0.025598362916243504,                                         0.006904667827286336,                                            58.55862469299006, 7497.190107127455,144.84663641542022, 7642.036743542875, 0.0013662969165458329
                                     0.02716296702093901,                                       0.00015721723757790738,                                           60.071988429816415, 7496.399998085876, 6360.642335110869,13857.042333196745, 0.0006200191328332697
                                     0.02892042198853184,                                        0.0003077122438426039,                                           52.485473340645235, 7497.471869949389, 3249.808490946278,10747.280360895667, 0.0018109778019858248
                                     0.02266637256192866,                                       0.00038581891216251746,                                            71.27625374037925,7497.9868215877505,2591.9035627431767,10089.890384330927, 0.0030307755984865827
                                    0.020356235115380435,                                        0.0014836742418476152,                                            79.89644928951644, 7497.784810373921, 674.0149163197482, 8171.799726693669, 0.0024764035991303225
                                    0.022936497656722434,                                         0.006052589650514592,                                            70.34124589845682,7497.0286264988945,165.23275223386875, 7662.261378732764, 0.0011625588385531067
                                    0.029391914288308972,                                        0.0001279519894919071,                                           53.302641348067624, 7497.617269907401, 7815.450189185757, 15313.06745909316,  0.002094399504341518
                                    0.020859708636072165,                                         0.004138125489375386,                                            69.57842402685483, 7497.378111614447,241.66968276593894, 7739.047794380386, 0.0016489003093925834
                                    0.025113356637693464,                                        0.0007036020932015704,                                            64.98935485252726, 7496.704458535534,1421.2732396379615, 8917.977698173496, 0.0008406797465101276
                                     0.02116094182094471,                                        0.0012718767359635255,                                              76.817105157487, 7497.702607322086, 786.2527310476729, 8283.955338369758, 0.0022809779905018455
                                    0.027043817389326482,                                        0.0037335648242142016,                                            55.49882921346096, 7497.205370180967, 267.8585534048936, 7765.063923585861, 0.0013873107390974743
                                    0.025365853349883213,                                       0.00032185605257875605,                                            63.33107507307424, 7497.744992568321, 3106.994801268152,10604.739793836474, 0.0023797359601951803
                                    0.027664571530007724,                                        0.0013158343755205334,                                            57.96215549593679, 7497.143516295315, 759.9913182208702, 8257.134834516186, 0.0013041001561624643
                                    0.015028126171680756,                                        0.0018816819500956988,                                            91.53757141418751, 7494.339090093722, 531.4503635103705, 8025.789453604092, 7.895217937501213e-05
                                    0.030602413529119573,                                        0.0006760178796504777,                                           51.830710960495615, 7496.951569749563,1479.2701094274205, 8976.221679176982, 0.0010763403495079827
                                    0.019899137120420476,                                          0.01983577542291731,                                            75.56666634449407, 7497.227396287464, 50.42719391575788, 7547.654590203222, 0.0014182068040997666
                                    0.027569062757058622,                                          0.00075320852068394,                                           54.326837392296774, 7497.352091640546,1327.6720017493287, 8825.024093389875, 0.0016065493413293308
                                    0.016691286515995392,                                         0.002297720063698637,                                            85.27914112228952, 7497.524221198993, 435.2257523956764, 7932.749973594669, 0.0019083102623593197
                                     0.02651451363667792,                                        0.0005529640935623294,                                            60.63876279349106,  7497.40066020221,1808.4521773281206,  9305.85283753033, 0.0016865030336850545
                                    0.015924305680360296,                                         0.004730578453508712,                                             89.1494448166702, 7497.290178588535,211.40185567017693, 7708.692034258712,  0.001510099527110298
                                    0.015223217143349047,                                        0.0004844023104971937,                                            89.42443980450622, 7492.908937905808,2064.4109146859855, 9557.319852591794,1.8891085741312094e-05
                                    0.026905099863358234,                                         0.007023607839745889,                                            55.23802581094238, 7496.346490831549,142.39507308785537, 7638.741563919404, 0.0005877155560523404
                                      0.0273536574479596,                                        0.0012758046902493928,                                            54.07750359823923, 7496.691887706185, 783.8375260688372, 8280.529413775022, 0.0008301778519389626
                                    0.023219175764262193,                                        0.0002873811264183199,                                            69.95046476791448, 7497.523540061448,3479.7139283819533,10977.237468443402, 0.0019070108831717913
                                     0.03204985285753225,                                        0.0017736658400871622,                                            48.07469894724748, 7496.602243267646, 563.8248599900386, 8060.427103257685, 0.0007589952496965248
                                    0.015674087165336317,                                         0.001950737458349363,                                            90.78203753396791, 7497.931505640484,  512.637661138559, 8010.569166779043, 0.0028676779126048744
                                    0.023568971755839614,                                         0.005366007792003581,                                            66.83582796044522, 7498.169334340916,186.37324528058602, 7684.542579621502,  0.003637626152621333
                                     0.02800043989531011,                                        0.0016426587415159484,                                           54.881040596213026, 7497.807758823251, 608.7873920409996,  8106.59515086425, 0.0025338903142945682
                                    0.028003328233107402,                                        0.0007729112998946213,                                           57.185790073793974, 7497.216182856981,1293.8270095537735, 8791.043192410754, 0.0014023926717343154
                                    0.023986063578595455,                                       0.00017873219169409159,                                            61.64240696432627, 7497.997102993937, 5594.979225746203, 13092.97632874014, 0.0030620969714460705
                                     0.02596517386544331,                                       0.00026964601437708466,                                            56.23621402040187, 7496.428638600824,3708.5836302539283,11205.012268854753, 0.0006380335396323249
                                     0.02636280742796478,                                        0.0006070858302041944,                                           60.613428381361274,  7497.72998727299,1647.2300388929384, 9144.960026165929, 0.0023442938936452835
                                     0.02147292584030434,                                        0.0016766156780656904,                                            75.48289813879641,  7497.78351896516, 596.4528573508337, 8094.236376315994, 0.0024732076139322933
                                    0.016037859839294993,                                        0.0071886323932267215,                                            88.72563814082153, 7497.175363567456, 139.1197888846531, 7636.295152452109, 0.0013463006065971281
                                     0.03265114069015451,                                       0.00048149773373553923,                                            47.53382442157667, 7496.681798929229, 2076.874011063241, 9573.555809992471, 0.0008218444802045565
                                    0.025864679304992103,                                        0.0028299087182855885,                                            62.39317115205741, 7496.942255797701, 353.3843157565581, 7850.326571554259, 0.0010663619087999939
                                    0.015881645074107234,                                        0.0023098065589864875,                                             88.5555966064807, 7496.622045057327, 432.9479796620952, 7929.570024719423, 0.0007741745062298413
                                    0.030385783197565668,                                         0.000585072945590323,                                            51.24812693885688,7497.3207446896995,1709.2080979162931, 9206.528842605992, 0.0015569700575599013
                                    0.018398936958618117,                                       0.00026303142660520586,                                            76.06039777065139, 7495.238182200602, 3801.840225322266,11297.078407522868, 0.0001940148013355724
                                     0.01533193590028917,                                        0.0003236657009845657,                                            88.26919345295804, 7491.983626666625,3089.6188992549633, 10581.60252592159, 7.488577935248782e-06
                                    0.028691670488515814,                                       0.00014209386688709196,                                            53.89239265796559, 7497.874869736978, 7037.619979872749,14535.494849609728,  0.002709777990176011
                                     0.01928167080199037,                                        0.0002374237025386387,                                            73.27217332584225, 7495.964041597409, 4211.893040188819,11707.857081786227, 0.0004009328065305751
                                    0.024536123422022715,                                       0.00041652128296253274,                                            66.70559366382544, 7496.650887166248,2400.8526936742246, 9897.503580840472, 0.0007968284550910992
                                    0.026560512140981814,                                         0.005967253511418621,                                             59.6439843657202, 7497.137032027847, 167.5980492457502, 7664.735081273598, 0.0012956713787022028
                                    0.023562669775795964,                                         0.006359454692056041,                                           63.679548653589514, 7497.967471005796,157.26189035763005,7655.2293613634265, 0.0029726921139085222
                                    0.027562800032376267,                                       0.00013094187774702728,                                           57.213441390896776, 7497.977378364832, 7636.993648340741,15134.971026705573,  0.003002290018416101
                                    0.022557415984906546,                                         0.014991884023586154,                                            69.01003680407756, 7497.176536461848, 66.71724784607879, 7563.893784307927, 0.0013478806014307686
                                    0.021865520465390503,                                         0.009296405255111948,                                            66.21600954439106, 7496.170327794721,107.58356242912741, 7603.753890223848, 0.0004927884851710539
                                      0.0219303644882229,                                       0.00031666097209981744,                                            74.28502083574091, 7497.552243703062, 3157.964987451715,10655.517231154778, 0.0019625422030369604
                                    0.024279951438792073,                                        0.0023772341074178673,                                            61.40530722295856, 7498.030131628766, 420.6732145988795, 7918.703346227646, 0.0031649226017670703
                                    0.022341769078718172,                                       0.00036651260446762265,                                            72.22153791244409, 7498.139462747946, 2728.432972422731,10226.572435170678, 0.0035305713736085336
                                     0.03177403539678573,                                       0.00020134323874120764,                                            49.88305022284049, 7496.747639924417, 4966.663110008925,12463.410749933342, 0.0008777766493015711
                                    0.021946186400390245,                                        0.0003366027046162072,                                            74.97362834529284, 7496.704431650549, 2970.874790667263,10467.579222317812, 0.0008406571451512823
                                     0.01817050685277554,                                       0.00015757779131531194,                                            79.16632000044856, 7498.157189340943, 6346.084572692298,13844.241762033242, 0.0035937143771023953
                                     0.03016441707077398,                                       0.00040025689954047817,                                            52.55260484927761, 7497.125620444413,2498.4144369716037, 9995.540057416016,    0.0012809697605728
                                    0.022277637675727272,                                        0.0037859849550771893,                                            66.04822597023758, 7497.836701653635, 264.1471990485982, 7761.983900702233, 0.0026082998894716375
                                    0.021208823927388744,                                        0.0020381041059343834,                                            75.79353823042665,  7498.32961465704,490.66526449630095, 7988.994879153341, 0.0012990578428463241
                                    0.023622022116320078,                                        0.0002584852554882246,                                            66.87559728779028, 7498.902059569264, 3868.707572030608,11367.609631599871, 0.0023027042143806496
                                    0.023833365720594538,                                          0.00422686443545517,                                           63.571430119273856, 7498.462264269763,236.59772043127862, 7735.059984701042, 0.0014833289881522925
                                    0.021822971284394043,                                         0.005912200452696715,                                            71.32065653224889, 7498.833518320816,169.15578286765097, 7667.989301188468,  0.002150161443291463
                                    0.016505612289781965,                                        0.0004003330638997234,                                            87.02615253051388, 7498.639054548072, 2497.931573289017, 9996.570627837089, 0.0017701763182920267
                                      0.0195061789905691,                                         0.008345238799795731,                                            80.66564698594122, 7498.713037470002,119.84120271139125, 7618.554240181393, 0.0019061053535866816
                                     0.02652393915077925,                                       0.00024609077400612257,                                            59.40143089239845, 7498.249221262578,4063.5580382125445,11561.807259475123, 0.0011987098710409183
                                    0.026386881075749765,                                       0.00045946019704329327,                                             59.5865798742324,7498.3015967850315, 2176.483876590776, 9674.785473375807, 0.0012631661586674976
                                    0.021889350416811535,                                         0.003473519342403859,                                             67.8368150703435, 7498.499452990484, 287.9071930985915, 7786.406646089075, 0.0015395306525336511
                                    0.018980917248878033,                                        0.0003902511429314816,                                            76.48560300793552, 7498.558084276396, 2562.465531223146,10061.023615499542, 0.0016324939640615878
                                    0.022800901056690696,                                       0.00024225569646455753,                                            64.52576882574547, 7498.108604896702, 4127.885407840666,11625.994012737367,  0.001041466176159833
                                    0.018633346807854965,                                       0.00023741236991636517,                                            77.56034308735647, 7498.357254982941, 4212.093335129661,11710.450590112603, 0.0013354650608129938
                                    0.022934555800228493,                                       0.00027195987698800116,                                            64.69371020132273, 7498.537238390143, 3677.028445821809,11175.565684211952,  0.001598815429605786
                                    0.022273650714890274,                                        0.0006802923144665501,                                            66.92174937291755, 7498.925831673028,1469.9712817912193, 8968.897113464247,  0.002358100168364615
                                    0.022012995251890474,                                        0.0032180184360352452,                                            68.22595125701201,  7498.94287994837, 310.7648967683638, 7809.707776716734,  0.002398646348504132
                                    0.027121124439330485,                                        0.0007390063331554471,                                             57.5161124943906, 7498.194149598894,1353.1857628522957,  8851.37991245119,  0.001134479785730874
                                    0.015854366381745894,                                        0.0003968737241264181,                                            90.65362767444137, 7498.927668277033, 2519.704170676676,10018.631838953708,  0.002362435044084324
                                     0.02455872868601168,                                        0.0003283749475949683,                                             63.1644007816423, 7499.016556694767, 3045.315137645393, 10544.33169434016, 0.0025820439221293377
                                     0.02165813334214276,                                        0.0005044798045113231,                                            67.86105574885796, 7498.416873636987,1982.2546414503831,  9480.67151508737, 0.0014175049453455295
                                    0.018997858682089006,                                       0.00038685240187383426,                                            76.40922477921778, 7498.544470483746, 2584.978296781878,10083.522767265624,  0.001610420124988569
                                    0.025541616480205264,                                       0.00036028904165422257,                                             61.4070167275631, 7498.591130412507, 2775.565592108484,10274.156722520991, 0.0016873428625056952
                                      0.0209688382546316,                                       0.00020060481176596923,                                            70.49700600524089, 7499.028750906124, 4984.939477652202,12483.968228558326, 0.0026137226675578217
                                    0.022560343708749774,                                        0.0012205480885022035,                                            66.00821217991506, 7498.713742376165, 819.3192060783683, 8318.032948454533, 0.0019074494526744653
                                    0.026398925846956238,                                        0.0001334156832604656,                                           59.489160511867496,  7498.37620670786, 7495.387485567682,14993.763692275541,  0.001361015777616434
                                    0.025277280843197903,                                        0.0009403481089848406,                                            61.86598999625317,7498.6248798763045,1063.4521303372435, 8562.077010213548, 0.0017452616458183384
                                     0.02507287832846655,                                        0.0001152979121187675,                                            61.37637920231342,7498.9116340487435, 8673.200235479933,16172.111869528677, 0.0023248572914884953
                                    0.022684747314327083,                                         0.002983807765415977,                                            68.68444573601475, 7499.053762184847,335.15679322716835, 7834.210555412015, 0.0026799195978060857
                                     0.02273822616202972,                                        0.0004746753306870784,                                            65.51431313465739, 7498.769473910392, 2106.718383533576, 9605.487857443968, 0.0020167726158883802
                                     0.02406614320731267,                                       0.00034759222605361265,                                            64.32480530617974, 7499.162628571711,2876.9498531593854,10376.112481731096, 0.0029881461551630366
                                    0.023642261908604613,                                         0.004966221522293539,                                             64.6400702091676, 7498.549693921187, 201.3757993575675, 7699.925493278754, 0.0016188540616588023
                                     0.02173875229552329,                                          0.00034167866501905,                                            67.89036904668119, 7498.655556975034,2926.7412196909527,10425.396776665988, 0.0017996308912207703
                                      0.0241951920514826,                                       0.00011385611845999821,                                            64.53494672844762, 7499.070238104551, 8783.030528188832,16282.100766293384, 0.0027244394838525795
                                    0.020596505817815487,                                        0.0006780204771427061,                                            78.12195338329805, 7498.637356802179, 1474.894509402971,  8973.53186620515,  0.001767173558401228
                                     0.02557265941815354,                                       0.00038837012851812564,                                           58.743583894109015, 7498.193812440976,2574.8803469850986,10073.074159426074, 0.0011340973513625596
                                    0.016018425818301735,                                        0.0005966861429602642,                                            89.17049026134967, 7498.314870760327,1675.9341629069193, 9174.249033667245,  0.001280045173024061
                                    0.022350474188795447,                                         0.005324261932553663,                                            70.22723306497576, 7498.592778432763,187.83369928912836, 7686.426477721891,  0.001690125930369236
                                    0.018667342074097225,                                         0.012175755216303869,                                            81.75119339908798,7498.8960152208765, 82.14266129367351,  7581.03867651455,  0.002288827846922753
                                    0.020782129396585813,                                          0.01008036032538233,                                            72.70937168613466, 7498.487791713198, 99.21655643208057, 7597.704348145278, 0.0015216820298351388
                                    0.018688416426661063,                                          0.01062074018542838,                                            79.36975443116359, 7498.533634195146, 94.16799544876584,7592.7016296439115, 0.0015930633590519137
                                    0.020110296523568646,                                           0.0044270057143471,                                            72.89848283334307, 7498.293112643374,225.90003105813727, 7724.193143701511, 0.0012524946115114349
                                    0.025533680210588914,                                        0.0006299289616765334,                                           59.050445453931886, 7498.304179915375,1587.4975250854548,  9085.80170500083, 0.0012664332994096444
                                    0.025075603718694203,                                        0.0005459739186644021,                                            63.16242650305811,7498.4062632846435, 1831.605155083421, 9330.011418368065, 0.0014025442280240915
                                    0.025626231634196125,                                       0.00016318161196328637,                                           61.792899608063685,   7498.3408139982, 6128.157632169687,13626.498446167887, 0.0013136882071177346
                                     0.02494497929549837,                                          0.00367662510342803,                                            61.21475905051592, 7498.344382235067,272.00490475810403,7770.3492869931715, 0.0013183841309119108
                                    0.027551002498177837,                                       0.00010805953682557049,                                           56.631276808880166, 7498.172507099898,  9254.17540646023, 16752.34791356013, 0.0011101905955704058
                                      0.0240396061543495,                                         0.001421988806223397,                                            63.71473297140169, 7498.985144134796, 703.2561112131506, 8202.241255347946,  0.002502195992235223
                                    0.021398485594902757,                                        0.0003368219441448707,                                            69.51532506052486,7499.1725038131435, 2968.942085496626, 10468.11458930977, 0.0030178010032772553
                                    0.024085994669053826,                                        0.0002673847732391291,                                            63.48023116506934, 7499.126142035635, 3739.944500133564,  11239.0706421692,   0.00288108409168129
                                    0.020319767365139102,                                        0.0006434725900207431,                                            79.37686193734037, 7498.544870718764,1554.0803478807013, 9052.625218599465, 0.0016110648005183404
                                    0.024864733690266497,                                        0.0009475827408373684,                                            61.48601502354842, 7498.789856135179,1055.3330788509854, 8554.122934986164, 0.0020583007084744947
                                    0.025206785885665925,                                        0.0011742046259621245,                                            62.13973289074236, 7498.577059927722, 851.6564098676306, 8350.233469795352, 0.0016637673786282154
                                    0.018746948382526184,                                         0.009800301361155192,                                            82.04778992507426, 7499.208547204414, 102.0498665704928, 7601.258413774906,  0.003128556802701735
                                     0.02226654825272561,                                        0.0007532713968288989,                                            71.35517733882722, 7498.923922319718,1327.5567887703012,  8826.48071109002,  0.002353602017648603
                                    0.016528539458610995,                                        0.0016174920962132558,                                            87.22703944011442, 7498.783382400083, 618.2525069596277,  8117.03588935971, 0.0020450188529316147
                                     0.02532264934723035,                                        0.0010262139073307372,                                            60.37882423279599, 7498.642228437993, 974.4722704609953, 8473.114498898989,  0.001775803588512204
                                    0.015899452719642156,                                         0.005516752078821442,                                            90.74422451193651, 7498.588262363995,  181.277095696356, 7679.865358060351, 0.0016825104144813435
                                    0.021605414682887923,                                         0.006643235197029409,                                            71.29039008467304, 7498.898556384631, 150.5430947275584, 7649.441651112189, 0.0022946515296191363
                                     0.02753094989404285,                                          0.00055141893256681,                                             56.4871096444209, 7498.136580884469, 1813.520905419964, 9311.657486304433, 0.0010710136032973457
                                    0.025552799701988795,                                         0.002838302393997695,                                           60.130877666970704, 7498.351058499295,352.33990718998797, 7850.690965689282,  0.001327215459060187
                                    0.023296066108410823,                                       0.00011184203051527305,                                            63.71906577017927, 7498.458661988896, 8941.198140174583, 16439.65680216348, 0.0014779952331281032
                                     0.02744795129190474,                                       0.00012046589148334044,                                           55.386088870745475, 7498.008111485689,  8301.12293784854, 15799.13104933423, 0.0009418927108993612
                                    0.023771013175998258,                                         0.004172672914121554,                                            64.13004454508149, 7498.600673746436,239.67013144489877, 7738.270805191335,  0.001703522821472215
                                    0.017359746357625203,                                        0.0014323613249232379,                                            83.33680313297172, 7498.761727751378, 698.1598638694327,  8196.92159162081, 0.0020012107247663687
                                    0.022007839609285176,                                         0.006036607194044968,                                            71.48177427229548,  7498.48998354003,165.66995622737602, 7664.159939767406, 0.0015250209511700793
                                    0.024805032618321014,                                       0.00032575230113402387,                                            61.74364888572616, 7498.922323187091,3069.8333439312023,10568.755667118294,  0.002349841303612331
                                     0.02433398581573411,                                         0.002156736514872916,                                           62.198789301907865, 7498.581959273953,463.67957699012464, 7962.261536264077, 0.0016719387519114842
                                    0.023172195703276378,                                         0.007596814876314694,                                            65.57984298366247, 7498.225713873882,131.64936318476487, 7629.875077058648, 0.0011708599540510912
                                     0.01803340648408636,                                        0.0008292101634563741,                                            80.93740519575292, 7499.219468755458,1205.9792428391634, 8705.198711594621,  0.003162912764213996
                                    0.025275492174347963,                                        0.0025948663799366632,                                           60.028859176439354, 7498.282821490293, 385.3929569220531, 7883.675778412346, 0.0012396710952909274
                                    0.024784330978190917,                                        0.0007577908018201537,                                             61.3438214245899, 7498.747716048338,1319.6417147983989, 8818.389430846737, 0.0019733658867285403
                                    0.020864563867050667,                                         0.003165777173822504,                                             76.3917053907708, 7498.691066785144,315.89129192113097, 7814.582358706275,  0.001864683611789616
                                     0.02499596061740423,                                        0.0005591869521613003,                                            61.17725910809683, 7498.811380910414,1788.3270283275094, 9287.138409237923,  0.002103085430013083
                                    0.022206061537691637,                                        0.0077971827608299665,                                            69.35968508848337, 7498.552029984858,128.26586823953227,  7626.81789822439, 0.0016226402284617125
                                    0.026041055139451603,                                        0.0003086852782128029,                                           59.378299256386605,7498.6136532365545, 3239.562328371526,10738.175981608081, 0.0017257777957746846
                                    0.023573885688128474,                                        0.0016012555356668989,                                            63.47646037579882, 7498.530504476056, 624.5256948057645,  8123.05619928182,  0.001588085312253131
                                     0.02797586400791945,                                       0.00014296707132653805,                                             55.0515412235062, 7498.060749960587, 6994.635811512356,14492.696561472942, 0.0009928006096642356
                                    0.018468598404402105,                                        0.0010000758980407043,                                            78.84834399773024, 7498.887387090572, 999.9367902939098, 8498.824177384482, 0.0022691644929902018
                                    0.018120645735193498,                                       0.00020435158780334592,                                            79.71837340474471, 7498.515259342079, 4893.539483438068,12392.054742780147, 0.0015640583513679856
                                     0.01765072184874893,                                          0.01243812666871103,                                            85.72261607103877, 7499.103135742025, 80.40962469791253, 7579.512760439938,  0.002815557675319004
                                    0.018043610844402612,                                        0.0006206631634635379,                                            80.47656223266357, 7498.889358439853,1611.1923039969895, 9110.081662436842, 0.0022736422209149467
                                    0.017749275625504064,                                        0.0015234191172155737,                                            81.66762903681597, 7498.755066185605, 656.4304219311636, 8155.185488116768, 0.0019879238327848185
                                    0.026345535528220748,                                        0.0001583968872537383,                                           59.532719249917946,7498.4124748292215,  6313.27217350887, 13811.68464833809, 0.0014112833075115188
                                    0.026310984275801485,                                         0.001193287631488016,                                            58.97146417389069,  7498.39044122123, 838.0378783897229, 8336.428319610952, 0.0013805277169198695
                                     0.02464667382605866,                                        0.0005992515749284608,                                             62.1518853610724, 7498.929889215665,1668.7643112951478, 9167.694200510812,  0.002367687698090342
                                    0.025193347852788484,                                       0.00015359704801545796,                                             59.9532525272262, 7498.537884622936, 6510.558470148697,14009.096354771633, 0.0015998489704841636
                                    0.021747268138091073,                                         0.003262569849485956,                                            70.31364282312775, 7499.369863556774, 306.5210697011789, 7805.890933257953, 0.0015996989026458286
                                     0.01917939464092416,                                        0.0003245623010272504,                                            77.28125886461686, 7499.754182227987, 3081.085500655119,10580.839682883106, 0.0023493391994787506
                                    0.020164778717656043,                                         0.000900638489589284,                                            78.01962398434043, 7499.786376556049,1110.3362284672623,  8610.12260502331,  0.002426205283322805
                                    0.020811858529769633,                                        0.0003282389559738886,                                            75.78574615149049, 7499.633369092263,3046.5741891502876, 10546.20755824255,  0.002081983325299566
                                    0.022454068070699374,                                       0.00023265439688757012,                                            68.48172166942466,7499.6491956976715, 4298.235540351013,11797.884736048683, 0.0021151961839967967
                                     0.02324129387828117,                                        0.0006348979343238552,                                            65.72248425206512, 7499.309589634659,1575.0715291743086, 9074.381118808968, 0.0015061270729009718
                                    0.020520354777263855,                                         0.003179495564576473,                                            74.31769898427939, 7499.720371505625,314.52875532300925, 7814.249126828634,  0.002271234178101568
                                     0.02187261198492368,                                        0.0027665551788655382,                                            69.27825642491206, 7499.282908166563,  361.474783369734, 7860.757691536297,  0.001466472761545968
                                     0.02308622895607542,                                        0.0010230860002809054,                                            66.77822984727355, 7499.347285090794, 977.4499117152651,  8476.79719680606, 0.0015639848567785884
                                    0.022391591407915384,                                       0.00011283291786188816,                                            70.16807087069928, 7499.402325389021, 8862.676131994993,16362.078457384014, 0.0016524801126011858
                                    0.022581922391427506,                                        0.0005705935285757114,                                              69.096837163933,7499.4371400387245, 1752.575533722199, 9252.012673760924, 0.0017110238048470465
                                    0.021667595100302774,                                        0.0009786302335898684,                                            71.30219956584546, 7499.743299693496,1021.8504301032089, 8521.593729796705, 0.0023239110469351516
                                    0.021935915508516993,                                       0.00016742250473459968,                                            69.51893859599846,7499.7495469152145, 5972.927055928729,13472.676602843943, 0.0023384744776253014
                                     0.02350074674057454,                                        0.0005790393098260101,                                            64.89704779921449, 7499.222241745461,1727.0138753267279, 9226.236117072189, 0.0013801519673539626
                                    0.016320504783386786,                                        0.0020469235810917905,                                            89.13723805958784, 7499.462342366489, 488.5492418812617, 7988.011584247751,  0.001754693566000259
                                    0.021716076034837384,                                        0.0012216136984131401,                                            71.71668229326244, 7499.597823358473, 818.6033237706199, 8318.201147129093, 0.0020092775455556335
                                     0.01798070725166265,                                        0.0008508568108306856,                                            81.74048137235751, 7499.657485912694,1175.2981189280124, 8674.955604840707,  0.002132804502702923
                                     0.02235771123594959,                                       0.00012257367728502551,                                            67.66449838763384,  7499.48146261279,8158.3732628528105,  15657.8547254656, 0.0017885665369947684
                                    0.018086125588642622,                                         0.006653548295330899,                                             82.9602355395584,7499.6665964724325, 150.3077992772786, 7649.974395749711,  0.002152324328790429
                                    0.018905630967994896,                                       0.00018547144923900847,                                            77.93132522194362, 7499.560015615902, 5391.678255804426,12891.238271420327, 0.0019347294252989077
                                     0.01797191649342146,                                        0.0005052176970070965,                                            81.36087295715224, 7499.399867983216,1979.3570484851207, 9478.756916468337, 0.0016484242838291018
                                    0.019760236002868126,                                        0.0007621175351348691,                                            80.35265820777158, 7499.537721303004,1312.1460123361248, 8811.683733639129, 0.0018920732242583076
                                    0.023300939800429132,                                        0.0002724808837019436,                                            66.02515513779997, 7499.400196266813, 3669.997371335503,11169.397567602315, 0.0016489655233173773
                                    0.021080732789501226,                                        0.0015773522026760955,                                              71.764472218516, 7499.666753642796, 633.9877535739065, 8133.654507216703,  0.002152662636972457
                                    0.017849468614981056,                                         0.010061862600298501,                                            84.56474766528318, 7499.364246727328, 99.39700270767318,7598.7612494350005, 0.0015907388538329628
                                     0.02355662214543838,                                       0.00016522132548666828,                                            65.51152091488407, 7499.344685819397, 6052.502720661639,13551.847406481036,  0.001559924914406523
                                     0.01911342865206914,                                        0.0004299495856014517,                                            76.98412522627896,7499.3855190585955,2325.8670746556804, 9825.252593714276, 0.0016249400576662382
                                    0.022082881661839762,                                        0.0008262800320732237,                                            70.37525958881001, 7499.596987381575, 1210.257663554153, 8709.854650935727,  0.002007598537849311
                                    0.018156492639907273,                                         0.003209843622094313,                                            81.51795654001538, 7499.637428414351,  311.553924005901, 7811.191352420252, 0.0020904519429940207
                                    0.019751367385476167,                                         0.004328126477965919,                                            78.64450890913635, 7499.669198107372,231.05956795610157, 7730.728766063474, 0.0021579311812941243
                                    0.021293109370734385,                                        0.0016439208553629347,                                            72.05489562821666,  7499.76263360337, 608.3156689549959, 8108.078302558366, 0.0023692784854688767
                                    0.020578967647948705,                                         0.003157811803217281,                                            73.50382565620738, 7499.587963002246, 316.6885880187347, 7816.276551020981, 0.0019895627105801874
                                     0.02354362846661524,                                        0.0008929825025641413,                                            65.53969748069238, 7499.236219503887,1119.8580287871882, 8619.094248291076, 0.0013995788540109488
                                     0.01841345841529919,                                        0.0007909430103092457,                                            85.51822931611018, 7500.204515924727,1264.3252873965325,  8764.52980332126, 0.0036857270042916657
                                    0.020450008111967018,                                         0.005546591889689521,                                            76.18270113442942,7499.2332937362125,180.30401845632397, 7679.537312192537,  0.001395489995883556
                                    0.021491984150916386,                                         0.002319423681984537,                                             72.2050250080109, 7499.537473827181, 431.1554333576553, 7930.692907184836, 0.0018916050398144818
                                    0.020086428149924538,                                       0.00020530840343896485,                                            79.12494631102457, 7499.510757534608, 4870.733871514438,12370.244629049046, 0.0018417374705129903
                                    0.018796792814898655,                                        0.0011738449498425421,                                            84.32067898817076, 7499.773751778592, 851.9131264594313, 8351.686878238022,  0.002395767520820757
                                    0.018594607254156337,                                        0.0010704072293512498,                                            84.90510826006067, 7500.011909582729, 934.2356625398962, 8434.247572122626, 0.0030400119661513716
                                    0.022279554069185147,                                        0.0003763885985409948,                                             68.7319998764689,  7499.65809439581, 2656.843167017737,10156.501261413547, 0.0021341026731492175
                                     0.02233131937066286,                                        0.0006346066537881182,                                            70.25571330380089, 7499.372061089496,1575.7934885219988, 9075.165549611494, 0.0016032181587533412
                                     0.01851886225556318,                                        0.0006194940897199061,                                            79.31980635814757, 7499.468825011447,1614.2330115414802, 9113.701836552927,  0.001766105571422862
                                    0.022396420311236474,                                        0.0003134598208702934,                                            70.07371623773987, 7499.399131415541, 3190.215800258699, 10689.61493167424, 0.0016472105548390515
                                    0.019550739953546663,                                        0.0007480125649510946,                                            75.68322829731912, 7499.487529151106,1336.8891517627617, 8836.376680913869, 0.0017994499232841543
                                    0.020577263214827377,                                        0.0054348778784144396,                                            74.52625612615991, 7499.387106896771,184.01019269477882,  7683.39729959155, 0.0016275222490312042
                                    0.023055478057396387,                                        0.0001905386673620359,                                            65.44632522998833,  7499.18305747405, 5248.293825173959,12747.476882648009,  0.001327117560972934
                                    0.018942940237582438,                                         0.007435612005019456,                                            80.57520261419829, 7499.541604101447,134.50033177725285, 7634.041935878699,  0.001899434044269351
                                    0.019369832260932873,                                           0.0013457853624135,                                             81.8402918770621, 7499.605816108281,  743.072760317898, 8242.678576426179,  0.002025401550000373
                                      0.0218511180758223,                                        0.0010459014246357783,                                            71.18268460084508, 7499.611086350213,  956.127097301056, 8455.738183651269,  0.002036104083876645
                                     0.02111044490276504,                                         0.002557312842699273,                                            74.06561879876493, 7499.460173933235,  391.048960051767, 7890.509133985001,  0.001750892752515386
                                    0.019310431695275927,                                       0.00020097334671531912,                                            76.44509405555927, 7499.523634627136,4975.7972653258175,12475.320899952952, 0.0018656070498874384
                                     0.02077847507234286,                                       0.00016717509428289612,                                            71.79694435766437,  7499.52589273782,  5981.76619987907, 13481.29209261689,  0.001869824557106111
                                     0.02037458696113943,                                       0.00033625858143783855,                                            73.22515421214705,7499.6399407054005, 2973.915454714752,10473.555395420153,  0.002095710369282166
                                    0.021780664867597607,                                        0.0006036722909795423,                                            72.31746897152516, 7499.396506807034,1656.5417404002887, 9155.938247207323, 0.0016428929405058808
                                    0.022131190222783637,                                        0.0010733224948892134,                                            69.18351356773782, 7499.595500075673, 931.7008810479051, 8431.296381123579, 0.0020046148440783763
                                    0.021851523495685955,                                         0.001540448851074696,                                             70.7461581958652, 7499.604063131224, 649.1755786719826, 8148.779641803207,  0.002021854177692275
                                    0.022311711781475913,                                        0.0009118561077518055,                                            68.91291475161566,7499.5842674948035,1096.6787670827125, 8596.263034577516,  0.001982223835560865
                                    0.022669963603857847,                                        0.0003675123237242408,                                            68.26585379836189,  7499.54856042917,2721.0118382200208,10220.560398649191, 0.0019126931939968004
                                    0.020458612125637165,                                        0.0004046481869622933,                                             72.4547084737131, 7499.316194489778,2471.2963434985036, 9970.612537988281, 0.0015161077481834683
                                     0.01893934997446404,                                         0.006250407604473464,                                             78.9220405839539, 7499.347270547889, 160.0022367376317,  7659.34950728552, 0.0015639621120609945
                                    0.023713991622194425,                                       0.00013438968958142804,                                            64.39968179609754, 7499.241697673966,7441.0625541390355,14940.304251813002,  0.001407267024337732
                                      0.0209140761297501,                                        0.0023862703619024483,                                            71.72793109779171,  7499.37675618207,419.07794033821676, 7918.454696520286,  0.001610763114697432
                                     0.01902178521775725,                                         0.004054721131601363,                                            78.22867889598086,  7499.46486343516,246.63886841714185, 7746.103731852301, 0.0017591228498948753
                                    0.021744975149327845,                                        0.0009701855672882574,                                            69.17635987221412, 7499.397681000924,1030.7451054017695, 8530.142786402694, 0.0016448231483569284
                                     0.02072810396359679,                                        0.0005847677031789357,                                            76.72663158253425,  7499.26613141802,1710.0937962329751, 9209.359927650996, 0.0014420753436902955
                                    0.021961192814291704,                                         0.000716672152281255,                                            70.02420086952326, 7499.716134497059,1395.3524375853904,  8895.06857208245,  0.002261631297543874
                                     0.02233521634740833,                                       0.00029912020215007397,                                            70.53269450182592, 7499.307031048278, 3343.151795448822,  10842.4588264971, 0.0015022784423114346
                                     0.02324081214766488,                                        0.0007980904139618641,                                             67.0928402227942,  7499.24015315429,1253.0057720527498,  8752.24592520704, 0.0014050951504121362
                                     0.02178776286132659,                                       0.00010505549571712406,                                            68.62513078439116,  7499.29449583318, 9518.793129614518,17018.087625447697,  0.001483564594994699
                                    0.023045873164970757,                                         0.001132006422872329,                                            66.39343122742831, 7499.312625335958,  883.402275614998, 8382.714900950956, 0.0015107061716845536
                                    0.019413129599341605,                                         0.003971624269278197,                                            76.87506146782829,  7499.45904334929, 251.7991621462141, 7751.258205495505, 0.0017489143398726186
                                    0.020142078026230567,                                        0.0011376885064701809,                                            79.16932397372557, 7499.175042565494,    878.9878465262, 8378.162889091695,  0.001316523347617367
                                    0.022065137403315838,                                       0.00018455646107178717,                                            70.67000990327081, 7499.649569402192, 5418.410202043864,12918.059771446056, 0.0021159867900905236
                                     0.02005577435784445,                                         0.003593468867790723,                                            77.24183998464787, 7499.747043278618,278.29558543675086, 7778.042628715369, 0.0023326271102381015
                                      0.0222240913812429,                                        0.0003191261388882914,                                            67.86112521314271, 7499.414138072651,3133.5719039473047,10632.986042019957, 0.0016721160858144649
                                    0.019253159612558083,                                          0.00624750401924212,                                             78.1216866281118, 7499.424270748935,160.07672317823446,7659.5009939271695, 0.0016891452265053143
                                     0.02275247873607308,                                        0.0007416093512830134,                                             67.5266039256981,7499.4832006805245,1348.4336204048639, 8847.916821085388,  0.001791677889871586
                                    0.020827299395205702,                                       0.00029319385808234424,                                            76.14596180072955, 7499.422382080225,   3410.7257804089,10910.148162489126, 0.0016859580015238516
                                    0.022629331018817176,                                       0.00034642921871149855,                                            68.32185497895479, 7499.569465503506,2886.6071813082367,10386.176646811742, 0.0019530990597016816
                                    0.018908693531425325,                                          0.00846621112448326,                                             79.9921945622206, 7499.313508782743,118.12909260829397, 7617.442601391037, 0.0015120413899057984
                                    0.020303158364678733,                                        0.0005217717996096083,                                             78.1519622066549, 7499.483509758171,1916.5594559213787,  9416.04296567955, 0.0017922317430441358
                                    0.016693380997611522,                                        0.0046050945353190535,                                            87.45830742382579, 7499.220398032045,217.16224218007798, 7716.382640212122, 0.0013776097069745418
                                     0.02154603690660826,                                        0.0004726743852989995,                                            70.32364032536708, 7499.717484071782, 2115.635525251977, 9615.353009323759, 0.0022646855985148876
                                     0.02228169977029392,                                       0.00029860324895703645,                                            70.70967471948815,7499.3170032603075,3348.9395257432425,10848.256529003549, 0.0015173344274333588
                                    0.022814516522949756,                                        0.0010253751866015153,                                            68.53996171669465, 7499.262744658537, 975.2673687840098, 8474.530113442546, 0.0014371996424177682
                                    0.021529633190233828,                                        0.0004187014096042425,                                            71.56251901102493, 7499.883255605121, 2388.350810170535, 9888.234065775656,  0.001638612567541274
                                    0.019636889436647022,                                        0.0007310340953506423,                                            77.17845077852824,7500.2677336456845,1367.9382102114891, 8868.205943857174,  0.002406871879138988
                                    0.018792163100230446,                                        0.0006847789140393459,                                            79.52569712401066,7500.1705345724695,1460.3379138664393, 8960.508448438908,  0.002183936223422674
                                     0.02163510198350452,                                        0.0005995248666244157,                                            71.01913149154338, 7499.826139731224,1668.0016082869015, 9167.827748018126,  0.001547644371314616
                                     0.02081820148984144,                                        0.0012446527790144098,                                             73.8777273787862,  7499.95989480731, 803.4504597030244, 8303.410354510333, 0.0017691321056964404
                                    0.018607561157193777,                                        0.0008517623913876567,                                            79.62963276837249, 7499.859357062873,1174.0488975116207, 8673.908254574493, 0.0015999163492015865
                                    0.019603710637802696,                                        0.0029407713912456856,                                            77.67992697584764, 7500.010533217106,340.05970696082125, 7840.070240177927,  0.001861025165920813
                                    0.019455826981395453,                                       0.00048462001345571414,                                            77.32510165772995,  7500.19348157007,  2063.48528649159,  9563.67876806166, 0.0022346304180199043
                                    0.021183741188225007,                                        0.0017603202153532917,                                              72.212666906735, 7499.761596138793, 568.0923096647998, 8067.853905803593, 0.0014509092401014023
                                    0.015693616059187628,                                        0.0008057397958142302,                                            92.85935384569359, 7499.953240857845,1241.1062258388888, 8741.059466696734, 0.0017573994675480929
                                    0.017913840107226218,                                       0.00044024868030766796,                                            82.47905056083111, 7500.014827630918, 2271.455616866819, 9771.470444497738, 0.0018690343631931068
                                     0.01921706656417131,                                       0.00034207683727760854,                                            81.82978674399564,7500.1289022833425,2923.3320452347625,10423.460947518106, 0.0020948806161095175
                                     0.01988663171176531,                                       0.00025353496114702815,                                            78.46965898757199, 7500.193299921326, 3944.241955702605,11444.435255623932,  0.002234224537076569
                                    0.015436578928701443,                                        0.0018903923390086756,                                             95.0870387312968, 7500.323014340803, 529.0012343027907, 8029.324248643594, 0.0025436717906863584
                                    0.019510554527080552,                                        0.0036726013485213855,                                            77.70836019363571, 7499.877836780761,272.29943204811104, 7772.177268828872,  0.001629757228276042
                                    0.019525991331098617,                                        0.0034989102461153057,                                            78.90398532383479, 7499.963324908165, 285.8159465530493, 7785.779271461214, 0.0017752108265984801
                                     0.02026622029955808,                                       0.00011427677904774166,                                             75.4671325912114,  7500.27478043439, 8750.697408448586,16250.972188882977, 0.0024238924966266326
                                    0.017918464219099334,                                        0.0003664636054890481,                                            82.15434521727708, 7499.829639844967, 2728.796108791507,10228.625748636474,  0.001553070793654439
                                    0.020618765850895948,                                        0.0005417733837579876,                                             75.0220506839688, 7500.093750585281,1845.8035250558391,  9345.89727564112,  0.002022521233504692
                                    0.020026586314052557,                                        0.0009620094085746459,                                            76.19852003996841, 7500.203068179714,1039.5039966628326, 8539.707064842547,  0.002256155961171755
                                    0.019719235142093963,                                       0.00017475223611894855,                                              79.326878399686,  7500.18954327124, 5722.400039893332,13222.589583164572, 0.0022258470827118105
                                    0.021176297159867803,                                        0.0009559960540450996,                                            72.55515507558992, 7499.902505501029, 1046.043204778151,  8545.94571027918, 0.0016704612473074942
                                    0.018098970053172774,                                         0.006604434975015259,                                            84.83764487797852, 7499.900421805687,151.42519408739057, 7651.325615893078, 0.0016669841388633065
                                    0.019144830690453602,                                        0.0008692336730689806,                                            77.69731499867552, 7499.849112445702,1150.4515050647303, 8650.300617510433,  0.001583609490083551
                                    0.020147840924014646,                                        0.0023140479871324444,                                             77.2171003008363, 7499.858661502062,432.15610637183346, 7932.014767873896, 0.0015988038970228804
                                    0.020875724516132975,                                       0.00027694014382557167,                                            74.96410778996733, 7499.867010154717, 3610.901910028077,11110.768920182794,  0.001612207629120476
                                    0.021236147123132227,                                       0.00020001751478317502,                                            71.55634616926878, 7499.903081823608,  4999.57614376409,12499.479225587698, 0.0016714242493149677
                                    0.019332547645056364,                                        0.0025751043363858484,                                            77.66913756271046,  7499.88212324185,388.34665479946267,7888.2287780413135, 0.0016367581130111387
                                     0.01975874065077199,                                        0.0005815979528736333,                                             78.2710733159417, 7500.322880523826,1719.4136011305195, 9219.736481654345,  0.002543331426991052
                                    0.015868100137748406,                                       0.00039425064367953444,                                            92.21680548383915, 7500.204398079442, 2536.468338834066,10036.672736913508, 0.0022591584184124477
                                    0.020175626323307605,                                        0.0002011006501241642,                                            78.06305257027914, 7499.864874611028,  4972.64715710059, 12472.51203171162, 0.0016087683629524027
                                      0.0165100995528598,                                         0.004659512011418055,                                            89.84181619409473, 7500.078093939858, 214.6258795041771, 7714.703973444035,  0.001991101937894108
                                    0.018658006953972163,                                          0.00572085379792903,                                            82.53077320842368,  7499.85933958849,174.81120006742412, 7674.670539655914, 0.0015998883918952335
                                    0.020776096249528527,                                       0.00017143113615041873,                                            72.86762428067108, 7499.978680078044, 5833.259786369789,13333.238466447834,  0.001802679846422957
                                     0.02053504607767717,                                        0.0005727461026109878,                                            76.02784860453382, 7499.960465705886,1745.9874957048696, 9245.947961410755, 0.0017701423890542191
                                    0.017308654513336397,                                         0.003081424517142508,                                              86.184017584905, 7500.250477181376, 324.5368330296576, 7824.787310211033, 0.0023656940937927203
                                     0.02077120201296815,                                        0.0004350879730879907,                                            74.71161683202283,7500.0293752300095,2298.3991409088644, 9798.428516138874, 0.0018964230626795392
                                     0.01779912652484365,                                         0.005723950541081917,                                            86.87697956006151, 7500.043357697605,174.71602497637116, 7674.759382673976, 0.0019231259880399948
                                    0.019766770294043962,                                       0.00018766673445796899,                                            76.64875094707222, 7500.300784939595, 5328.607924507196, 12828.90870944679, 0.0024877513317911534
                                     0.01972555912851549,                                        0.0008841231721517608,                                            77.65817203054355, 7500.325762651821,1131.0769995673108, 8631.402762219132, 0.0025506722071493397
                                    0.021728984392722174,                                        0.0001699043029300429,                                            70.33014279389262,  7499.83481957653, 5885.680342200181,13385.515161776711, 0.0015611361536322138
                                    0.019590423561240713,                                        0.0016863922989580839,                                             78.0655368111759, 7500.235268836368, 592.9946447700115, 8093.229913606379, 0.0023299880053020096
                                    0.018439700890841872,                                        0.0012101362341838933,                                            80.97041265107792,  7500.17765742034, 826.3655918766123, 8326.543249296952, 0.0021995476016345213
                                    0.019983610471837457,                                        0.0026673021696904317,                                             76.7753228299526, 7499.975067965461,374.92367869822664, 7874.898746663687, 0.0017961801098235269
                                    0.020133907583177228,                                       0.00014833352570683858,                                            77.11740734758612, 7500.238370884979, 6741.577257813816,14241.815628698794,  0.002337226963353117
                                    0.017747417078054765,                                        0.0022544910496219133,                                            84.07430423495389, 7500.232280230997, 443.5709849576057, 7943.803265188603,  0.002323034985726573
                                    0.018252062986997303,                                         0.004555234991826796,                                            83.38613742111436, 7500.162905809954,  219.539635166821, 7719.702540976776, 0.0021673388817092924
                                     0.01881484655581481,                                        0.0037538363065553093,                                            81.88207926878516, 7500.119863951299,266.40635412686646, 7766.526218078165, 0.0020760316992096332
                                    0.019435640815974316,                                        0.0011243610210830352,                                            77.87845410368804,  7500.24810018969, 889.4068885624666, 8389.654988752158,  0.002360077536501552
                                     0.01832568195409466,                                         0.004419831012604078,                                            81.46546244457411, 7499.760446002949,226.26526923652548, 7726.025715239474, 0.0014492414566505813
                                     0.02060006274290917,                                       0.00019432213506877607,                                            75.34133797230798, 7500.109874328711, 5146.107410097055,12646.217284425766,  0.002055396168243809
                                    0.021202036535848845,                                        0.0002921556927349158,                                            72.30558039627697, 7499.989479525226,3422.8463296671966,10922.835809192422,  0.001822253293178337
                                    0.016587825651834746,                                       0.00012009668363730742,                                            88.70058306319977, 7500.295988984633, 8326.635870945238,15826.931859929871, 0.0024758487533766927
                                    0.020211829372604635,                                        0.0024506788071910783,                                            75.73653003926269, 7499.941804442911,408.06341288584616, 7908.005217328758, 0.0017374156076986258
                                     0.01605875473594309,                                        0.0013401357525890457,                                            91.22149675205995, 7500.075281819597, 746.2040237910209, 8246.279305610618,  0.001985510585254982
                                     0.02052832644928367,                                       0.00019377720385272814,                                            75.04613706260201, 7500.197561651638,5160.5790682563875,12660.776629908025, 0.0022437665177431456
                                    0.020481890455110324,                                        0.0002011395031319721,                                            75.44275732779639, 7500.192288161804, 4971.687065691207,12471.879353853012, 0.0022319651822813955
                                    0.018775629113919542,                                        0.0028762096175255045,                                            79.89001045343927, 7499.984489434182, 347.6923225709782,  7847.67681200516, 0.0018131827336222075
                                    0.015133903867097356,                                        0.0005299930026565592,                                               95.58989714542, 7499.689198503129, 1886.827824958667, 9386.517023461796, 0.0013495791274320261
                                     0.02134752111036719,                                         0.001205321262646788,                                             71.4483226211516, 7499.772695860913, 829.6683223167659, 8329.441018177678, 0.0014671036398892778
                                    0.019521828943633062,                                        0.0005498029634540975,                                            77.40878044732378, 7500.271305724509, 1818.846330527672, 9319.117636252182, 0.0024154847890503744
                                    0.018599324186805863,                                        0.0029528586189039815,                                            80.31748451014296, 7499.898077013043,338.66733694165947, 7838.565413954702, 0.0016630799857200902
                                    0.020849073786277518,                                       0.00011766058868494245,                                            74.95492450092902, 7499.933988143617, 8499.035921271527,15998.969909415144, 0.0017238883826005587
                                    0.019907463337874937,                                       0.00018190556259708077,                                            78.16532888608062, 7500.257668990307, 5497.370794563769,12997.628463554076, 0.0023827690399851127
                                    0.020585527438294244,                                        0.0019125756772236584,                                            75.11086734766947, 7499.890562164068, 522.8684413784572,8022.7590035425255, 0.0016506290329041712
                                    0.021080916889565916,                                        0.0001311091506146308,                                            74.01222352192657,7499.9051016229805,7627.2462048966445,15127.151306519625, 0.0016748036026241434
                                     0.01927328845394998,                                         0.004043139789605396,                                            78.34183545030601, 7499.823278912151,247.34529622746342, 7747.168575139614, 0.0015432231679254104
                                     0.02041413693367371,                                        0.0001613931075862507,                                            75.23463927990937, 7500.240557930882,  6196.06475240826,13696.305310339141, 0.0023423441797598156
                                     0.02055622622131757,                                        0.0016276058674807214,                                            73.57348303819711, 7499.815225308247, 614.4129498183236, 8114.228175126571,  0.001530844572852981
                                    0.020254651090797927,                                        0.0009314759189332618,                                              74.298764899149, 7499.887996410334, 1073.578518317078, 8573.466514727412, 0.0016463993537782313
                                    0.018456449997845837,                                        0.0029415540235269424,                                            81.09236364565376, 7500.010323930817, 339.9686920995717, 7839.979016030389, 0.0018606357196248983
                                    0.019036579089132907,                                        0.0002462769568183033,                                            77.83160212633997, 7499.794718576655,4060.4820570609045, 11560.27677563756, 0.0014997716450902122
                                    0.017521383158396037,                                        0.0006810965602736191,                                            84.57822992846815, 7500.250077293183, 1468.232422811335, 8968.482500104517,  0.002364748269780924
                                    0.021138997670810417,                                        0.0007820270108915354,                                            71.72534940238674, 7499.810006653317, 1278.742152316459, 8778.552158969776,  0.001522876432846128
                                    0.018023965025347193,                                         0.006242607101155445,                                            85.77735790551259, 7499.902284884074, 160.2011404303799, 7660.103425314454, 0.0016700927558833567
                                    0.020747938285414023,                                        0.0004405156482977486,                                            74.24975224697671,7500.0985123239425,2270.0803859175676,  9770.17889824151,  0.002032174916974587
                                     0.02034360959332092,                                        0.0006730542282382872,                                            73.73263580994009, 7499.799363440741,1485.7779453013327, 8985.577308742075, 0.0015067540842283898
                                     0.01892476496079585,                                        0.0035175678554021576,                                            79.79764575589495, 7500.010681341253, 284.2998691730498, 7784.310550514303, 0.0018613008491032569
                                      0.0174687196423548,                                         0.001804763882045668,                                            84.43111892375589, 7499.895279883886, 554.1009466808883, 8053.996226564775, 0.0016584346360526247
                                    0.020841141691339642,                                       0.00011649308417518681,                                            72.56423475429825, 7499.945028595705, 8584.214354518761,16084.159383114466, 0.0017430263411539729
                                    0.018709182185973207,                                        0.0034692617831738478,                                              80.073798216148, 7499.886123034363, 288.2582486728092, 7788.144371707172,  0.001643317916036075
                                     0.02005432400035018,                                        0.0005208719700527348,                                            77.83719676464037, 7500.098339859057,1919.8704274906913, 9419.968767349748, 0.0020318244683811037
                                    0.020193376097832533,                                        0.0002851225551628857,                                            75.98743901872918, 7500.282520596611,3507.2769029494593, 11007.55942354607, 0.0024427266132868043
                                    0.020001591226582273,                                        0.0012171375753972547,                                            77.12230363930999,7500.1799529421705, 821.6127758505562, 8321.792728792727,  0.002204602510777841
                                    0.020356498905391845,                                        0.0007038043121973394,                                            74.70670513826343, 7500.105554871561,1420.8628784565524, 8920.968433328113, 0.0020465371194838826
                                    0.016771447598517206,                                         0.006455659299572604,                                            89.45258620536937,7500.1061097039255,154.91402536839595, 7655.020135072322,  0.002047672919572674
                                    0.018174826040064013,                                        0.0007945598715814314,                                            86.37104707446429, 7500.370147201895,1258.5699770958854,  8758.94012429778, 0.0026664326293113086
                                      0.0191774736945755,                                        0.0007205888383044126,                                            81.59600179540617, 7500.229740507051, 1387.766196228286, 8887.995936735337,   0.00231714260382482
                                     0.02105670243576827,                                        0.0009888472489205907,                                            73.83865731606342, 7499.836822554748,1011.2920808455734, 8511.128903400322, 0.0015642662090133653
                                     0.01699869668666272,                                        0.0003544768878280764,                                            86.78498779549552, 7500.260834728926, 2821.069917050699,10321.330751779626, 0.0023903242165022242
                                     0.01744202849720042,                                         0.000886679258590985,                                            85.85578034200734, 7500.643346234074,1127.8151799017537, 8628.458526135828, 0.0021887698932042125
                                    0.016234054115429487,                                       0.00020517991510234378,                                            90.47198677828383, 7500.311272015966, 4873.782443006558,12374.093715022525, 0.0015702981021409217
                                    0.019232805552146046,                                        0.0007168925475706286,                                            79.67385389890723, 7500.490144152664,1394.9217371951431, 8895.411881347807, 0.0018778689788073238
                                    0.018406502805939723,                                        0.0010150639646229946,                                            81.51094729515604, 7500.371361825642, 985.1718590672795, 8485.543220892921,  0.001667549669195305
                                     0.01737912935322089,                                        0.0006496730136593909,                                            86.05866330314967, 7500.654619090478,1539.2474801363867, 9039.902099226865,  0.002213583177441344
                                    0.018022446366036067,                                        0.0014257561922450537,                                            86.17672790110093, 7500.591392567541, 701.3937936941643, 8201.985186261705, 0.0020779587192978903
                                    0.018393291393394188,                                        0.0016802400909032614,                                             83.9166452774734, 7500.544081089409, 595.1649577588346, 8095.709038848243, 0.0019819368006692793
                                    0.016962857213217553,                                         0.004852164828877826,                                             89.2346178694644, 7500.443352949685,206.10478222259707, 7706.548135172282, 0.0017920252574813236
                                     0.01893422655542728,                                        0.0001856911195282373,                                            79.40664702762622, 7500.385080351991, 5385.299744133715,12885.684824485706, 0.0016905836280106431
                                      0.0164585718088628,                                         0.002922188593873739,                                            90.51915048523371, 7500.504510727433,342.22030865565205, 7842.724819383085, 0.0019050422499385597
                                    0.017624405987530376,                                       0.00021989236798385087,                                            84.20566162152733,7500.3467005023995, 4547.691311624629,12048.038012127028, 0.0016269286307829163
                                     0.01878356895286808,                                       0.00025651134621042487,                                             80.4895419540498, 7500.552374257424, 3898.475454064456, 11399.02782832188,  0.001998441679825303
                                     0.01662931298703125,                                         0.005202163049817255,                                            90.90645397191916,7500.4723942989785, 192.2387314424099, 7692.711125741388, 0.0018448311548605188
                                    0.016819651691890137,                                        0.0009083179037535931,                                             88.2525306720821, 7500.523540837013,1100.9474635769027, 8601.471004413916, 0.0019416425621400202
                                    0.018612865628787726,                                        0.0005413331635422974,                                            82.89947179986268,7500.6604115682185,1847.3032826062795, 9347.963694174498, 0.0022264425164848214
                                    0.019580679802189797,                                        0.0002871594664119784,                                            78.42188656136135, 7500.459244022591,3482.3983838004356,10982.857627823027,  0.001820729931476675
                                    0.018273755985703945,                                        0.0009053031500669255,                                            81.92262169859787,7500.3656639850105,1104.6145709713473, 8604.980234956358, 0.0016580752544197034
                                    0.016545682151668146,                                       0.00023405620978067605,                                            89.54025344517778, 7500.629279495489, 4272.489138034751, 11773.11841753024,  0.002158196576853199
                                    0.018475592308510005,                                         0.001177836107876154,                                             83.0946619628418, 7500.634988903948, 849.0265903237059, 8349.661579227653,  0.002170553845425495
                                    0.018929299388534115,                                       0.00028739592294363555,                                             80.2711349810867, 7500.582582171219,3479.5329386450685,10980.115520816287,  0.002059731491891867
                                      0.0183336168213397,                                          0.00109490442507521,                                             82.5267921587633, 7500.578466306363, 913.3338439028673,  8413.91231020923, 0.0020512713378011828
                                     0.01905949430858616,                                       0.00010006283055765185,                                            78.78930028631756, 7500.324120572657,   9993.7335815137,17494.057702086357, 0.0015906043398971695
                                    0.016654095259256072,                                       0.00011035161935325702,                                            89.84077427236417,  7500.97272742434, 9061.953364734834,16562.926092159174, 0.0030426257728728397
                                    0.018468324782198786,                                       0.00022726713672694204,                                            80.93891243732952, 7500.345892473766, 4400.120590625574,11900.466483099339, 0.0016256145568409278
                                     0.01893782875110065,                                         0.001272620373880613,                                            79.68033420059272, 7500.315066285103, 785.7928350815972,   8286.1079013667,  0.001576267553456561
                                    0.018007820112484745,                                        0.0013423315766107964,                                            86.62425536670395, 7500.511391516591,  744.983961823593, 8245.495353340184, 0.0019181956449714442
                                    0.015210000330366196,                                        0.0010734972675509854,                                            96.13869922694542, 7500.302405065844,   931.54514348409, 8431.847548549935, 0.0015564358957625812
                                    0.016435180607846957,                                        0.0002099170953639742,                                            89.77603646457855, 7500.480267658129, 4763.796566910956,12264.276834569086, 0.0018594135038210561
                                    0.016898665464506357,                                       0.00012950934755746345,                                            87.98705456565881, 7500.672973859149, 7721.461738273051,  15222.1347121322, 0.0022545881518071546
                                    0.018190584020616008,                                       0.00018651121834123245,                                            85.60932136435578, 7500.688706317703, 5361.619464640318,12862.308170958022, 0.0022903388522815503
                                    0.016951291616695768,                                       0.00015507108341425503,                                            87.68560082057823, 7500.639690519469, 6448.666936944812, 13949.30662746428, 0.0021807829829658208
                                    0.018612138744625792,                                        0.0006415825162995626,                                            81.30470032432079, 7500.562503779078, 1558.658264030266, 9059.220767809344, 0.0020187878124186326
                                     0.01761552072852354,                                       0.00022407857153958956,                                            84.50735391159405, 7500.472945213587, 4462.732177895794,11963.205123109381, 0.0018458477793049349
                                     0.01808724071554085,                                        0.0016789648695937167,                                            84.01399189377616, 7500.629555093405, 595.6169795203708, 8096.246534613775, 0.0021587914533012305
                                     0.01808184370292267,                                          0.00424802200791616,                                            85.26547354745448, 7500.240695889918, 235.4154049257907, 7735.656100815709, 0.0014632929617596853
                                    0.019209782154993776,                                        0.0001464994560585983,                                            80.86239446098267,7500.4784116652645,6825.9762774345645,14326.454689099828, 0.0018559656462144084
                                     0.01837518802883404,                                        0.0027267679994165293,                                            83.89161213846943, 7500.400941253649,366.74645722629793, 7867.147398479947, 0.0017176115859584972
                                    0.019166093272610207,                                        0.0004903142406154872,                                            78.67546275387734, 7500.343253652383,2039.5210852044656, 9539.864338856849,  0.001621330505297528
                                    0.018734740418791113,                                        0.0001861727217257293,                                             83.2607328612947, 7500.507929294965, 5371.368193745931,12871.876123040896, 0.0019115659099545599
                                    0.016348384658749004,                                          0.00215975310892147,                                            91.10520006843949, 7500.634488585376,  463.026862660553, 7963.661351245929,  0.002169468148643908
                                     0.01669371207836177,                                        0.0005605531775332278,                                             88.9132725521836, 7500.611810935374,1783.9633144074814, 9284.575125342855,  0.002120823368644046
                                    0.018014567300659923,                                        0.0025722704624054804,                                            86.21111477622236, 7500.411816669118, 388.7732069753728, 7889.185023644491, 0.0017363932697612736
                                     0.01804462790866166,                                         0.000957104227690928,                                             83.7439697480712, 7500.661042504975,1044.8302285172088, 8545.491271022183,  0.002227847704150035
                                     0.01931074826671685,                                        0.0003217119373138563,                                            79.43208364705671,7500.5285096432735, 3108.383414369447, 10608.91192401272,  0.001951314216248266
                                    0.019279083274744185,                                        0.0010085191474671121,                                            79.43840312513153, 7500.431088575793, 991.5654037145134, 8491.996492290307, 0.0017701814140348923
                                    0.018617874183734312,                                        0.0011673745124907045,                                            83.27188244504504, 7500.505273402536, 856.6351313411502, 8357.140404743686, 0.0019064957324298137
                                    0.018388687217616682,                                        0.0014125045312727278,                                             81.6443684832928, 7500.341966154956, 707.9745788826307, 8208.316545037587, 0.0016192443896656506
                                    0.019131911074939233,                                        0.0007238937413180966,                                            79.65449389903293, 7500.490303914927,1381.4307692453021, 8881.921073160229, 0.0018781690153718768
                                     0.01819498005403795,                                        0.0013000722143120002,                                            82.64740455417301,7500.4590566007855, 769.2001408356689, 8269.659197436455, 0.0018203887189626598
                                    0.018557158431904724,                                         0.000427834728289703,                                            83.80882537266085, 7500.581554837765,2337.3630955259687, 9837.944650363734,   0.00205761654738714
                                     0.01572866266601085,                                         0.003421314069875926,                                            93.96290751427733, 7500.350902960443,292.29599823391806, 7792.646901194361,  0.001633780116550712
                                    0.016415900775280264,                                         0.002897740609024332,                                            90.98395314880543,7500.6061448723885, 345.1074419170712, 7845.713586789459, 0.0021088406293924477
                                     0.01876878592220078,                                        0.0012175443086098262,                                             82.2294058646524, 7500.515527593665,  821.337506656726, 8321.853034250391, 0.0019261458800603705
                                     0.01795577925236964,                                        0.0009694195146193149,                                            84.03206846929295, 7500.661271197458,1031.5570516413832,  8532.21832283884, 0.0022283572544356885
                                     0.01957399965919106,                                       0.00018865037285823819,                                            77.27560682871238, 7500.330089436642, 5300.824091231706,12801.154180668349, 0.0016001268318135788
                                      0.0185718208428702,                                        0.0007255211352966361,                                            81.23762449897248, 7500.505651155188,1378.3319081977197, 8878.837559352909, 0.0019072160522927881
                                    0.017666907923855984,                                         0.002275003968830139,                                            84.66847995577467, 7500.338046189538, 439.5714835013645, 7939.909529690902,  0.001612909432173366
                                    0.018677524401895247,                                        0.0017264045421419064,                                            81.01974247268375, 7500.385076881808, 579.2508557710494, 8079.635932652858, 0.0016905777613871159
                                     0.01684625865436097,                                         0.003851591344123375,                                            88.68129838462923, 7500.340223705534, 259.6442203970729, 7759.984444102607, 0.0016164253949063738
                                    0.017385212486090488,                                        0.0030352036667560807,                                            86.48734392604314, 7500.461309954293,329.47874475364955, 7829.940054707942, 0.0018244953233456243
                                    0.018443490418726897,                                       0.00010008968025608345,                                            81.37044250890771,7500.5009600191515, 9991.052299208639, 17491.55325922779, 0.0018982899953828875
                                     0.01662467507442246,                                        0.0013435689137834906,                                            89.47488668185709, 7500.609799976568, 744.2975242264259, 8244.907324202994, 0.0021165627655996516
                                    0.017332443671311697,                                         0.004878787173782981,                                            86.96084857426378, 7500.265042637583, 204.9804731460424, 7705.245515783626, 0.0014993566212487288
                                     0.01921606278129223,                                        0.0005384531200841138,                                             80.1270687251597, 7500.513780299115,  1857.18437258573, 9357.698152884845, 0.0019227832744481603
                                    0.017310599718528875,                                        0.0001413411653867852,                                            86.20015641325598, 7500.673441737648, 7075.091230139343, 14575.76467187699, 0.0022556432719421744
                                    0.017988114282984434,                                        0.0005865203632286815,                                            83.04625283069359, 7500.429206639414,1704.9826830731718, 9205.411889712585, 0.0017668531779800496
                                     0.01910636920532002,                                       0.00017836777805526152,                                             79.2421212352123, 7500.490534353648,  5606.40639146985,13106.896925823497, 0.0018786018681100178
                                    0.019591980407519152,                                        0.0002920365256418193,                                             79.0234235509869, 7500.401929189793, 3424.241859374947, 10924.64378856474,   0.00171930931501175
                                     0.01620514483797724,                                        0.0020535040152568624,                                            91.22702638986605,7500.3991277538025, 486.9834694215109, 7987.382597175313, 0.0017144995203295008
                                    0.018324987296593088,                                        0.0007170802876995949,                                            82.20497613202329,  7500.54615777332,1394.5561469615202,  8895.10230473484, 0.0019860569335631365
                                    0.016948477560090814,                                        0.0006596176151824936,                                            88.07183879837163, 7500.726917023423,1516.0412131564494, 9016.768130179873, 0.0017890700118646284
                                     0.01543611560388344,                                        0.0006804270611842167,                                            95.50204546917254, 7500.702799163262, 1469.675710718614, 8970.378509881877, 0.0017464376387883425
                                     0.01742490686896692,                                       0.00010984649304432922,                                            86.35932735326446, 7500.891852951623, 9103.624924708962,16604.516777660585, 0.0021098816726388037
                                    0.016414779306463446,                                        0.0011959948238512725,                                            93.78207127041983, 7501.184677277988, 836.1346830041024,  8337.31936028209, 0.0028276788844890186
                                      0.0166182702052474,                                        0.0019888175154587294,                                            90.02272045052607, 7500.719418603675, 502.8224483252912, 8003.541866928967, 0.0017757049848701812
                                    0.016457283885054685,                                        0.0015030331498136105,                                            91.07785980154736, 7500.888010232172, 665.3323001239463, 8166.220310356118, 0.0021017895471371097
                                    0.016223206275902517,                                         0.003288347674756791,                                              94.066807071212, 7500.947783683245,304.11472766522854, 7805.062511348473, 0.0022312514094212413
                                     0.01789823055942927,                                         0.000662924426364608,                                            84.92866617100611, 7500.835549086024,1508.4793468020048, 9009.314895888028,  0.001994369581186481
                                    0.018377097339693355,                                       0.00011555806952145556,                                            82.75127569391023, 7500.781715070817,  8653.66997382162,16154.451688892437,  0.001889843432685484
                                     0.01781918371194538,                                        0.0003562361167932773,                                              86.294142458911, 7500.938929937797, 2807.138527004937,10308.077456942734, 0.0022115836724583083
                                     0.01855043331728277,                                       0.00021354407802460178,                                             83.4348029898624, 7500.698502429328, 4682.885934665425,12183.584437094753, 0.0017389497591552832
                                    0.017047525717035324,                                         0.001355131642432039,                                            88.69860325542102,7500.9191154213295, 737.9469614789193, 8238.866076900249, 0.0021681935085460695
                                    0.017696429790737274,                                        0.0019122781282092888,                                            85.76528414601779, 7500.696541247313, 522.9481433131533, 8023.644684560466,  0.001735542704181627
                                    0.017190046902928913,                                         0.001296344936543774,                                            90.01921162324709, 7500.896217891852,  771.410735343925, 8272.306953235777,   0.00211911130878042
                                      0.0183584548157757,                                        0.0002140521242511598,                                            84.03018042763583,  7500.78351879119, 4671.771190418009,12172.554709209198, 0.0018932552578504376
                                    0.016671440555947884,                                        0.0004036221372490996,                                            89.75220625758378, 7500.929667517196, 2477.575942408918, 9978.505609926115,  0.002191193630637444
                                    0.017841692581390386,                                       0.00029765380162549075,                                            84.79801384175208, 7500.842026788643,3359.6194797096446,10860.461506498288,  0.002007330447243554
                                    0.017449750892581536,                                        0.0014547684274273914,                                            87.82308114052968, 7500.881350127805, 687.4060131551764,8188.2873632829815, 0.0020878379206105235
                                     0.01760452751269582,                                       0.00010820677436745831,                                            85.41780938985929, 7500.815340604771, 9241.577273139805,16742.392613744574, 0.0019544709045419225
                                    0.016592766662340566,                                        0.0016451776358316576,                                            90.36061005277824, 7500.830216794422, 607.8481648550808, 8108.678381649503,  0.001983763323976651
                                     0.01821796756557322,                                       0.00019672731507518754,                                            85.21819792185109, 7500.740636231495, 5083.189937964518,12583.930574196012, 0.0018137837746120978
                                     0.01813671523871558,                                        0.0005735011904870003,                                            84.22850594352828, 7500.819596221425,1743.6874159297058,  9244.50701215113, 0.0019628061066052456
                                    0.018039113152155662,                                       0.00013950094810626155,                                            83.82456085267462, 7500.796456703167, 7168.421991222824, 14669.21844792599, 0.0019179091688925644
                                    0.018027854778796256,                                       0.00030064533631036795,                                            84.35134118901257, 7500.860917299495, 3326.190176357994,10827.051093657488, 0.0020456103701425813
                                    0.017597398295077636,                                        0.0009292260492785212,                                            88.34311521206503,  7500.75885796641,1076.1757261882963, 8576.934584154706, 0.0018471370158501194
                                    0.017614548340727024,                                        0.0009871416557343438,                                            87.51649545354991, 7500.875722725255,1013.0372613529323, 8513.912984078188, 0.0020761218127199692
                                     0.01672045542180405,                                        0.0015299161702129107,                                            89.60831728647698, 7500.793896406305,  653.641743804317, 8154.435640210622, 0.0019130050327675172
                                     0.01757415103844936,                                        0.0003096346726118335,                                            85.77268751692263, 7500.853648500572,3229.6241293315816,10730.477777832153,  0.002030795149347992
                                    0.016993247666641335,                                       0.00022336107554502278,                                            88.06659000767979, 7500.860228758245, 4477.067160581698,11977.927389339944,  0.002044202367811855
                                    0.015769658314939584,                                        0.0034149209461309094,                                            94.88052868175896, 7500.788389072673, 292.8430870214844, 7793.631476094158, 0.0019024984340414196
                                    0.017944127023496584,                                        0.0007121536701507763,                                            84.90777272840083,7500.8363023693255,1404.2030944912244,  8905.03939686055, 0.0019958724724693797
                                     0.01805853559409045,                                         0.000227206507501929,                                             83.7973072480121, 7500.790364905742, 4401.294321965994,11902.084686871734, 0.0019062611694039063
                                     0.01798370719565948,                                         0.000584900966188934,                                            86.60518705512962, 7500.676471613167,1709.7026872155739, 9210.379158828742, 0.0017010582002478809
                                     0.01602740047222613,                                         0.001211197659628199,                                            92.53902541248891, 7500.708441563166, 825.6398784767576, 8326.348320039924, 0.0017563195910997916
                                    0.016489281322727183,                                        0.0024546328579332396,                                            90.88212900993743, 7500.741651980845,407.40390390348983,7908.1455558843345,  0.001815627060301456
                                    0.018101333604616993,                                       0.00017264679516778664,                                            85.16699391349663, 7500.869556854421,   5792.1841305209, 13293.05368737532,  0.002063360097760067
                                    0.018134582482711555,                                        0.0002516661044666842,                                            83.62561007190729,  7500.80031583241,3973.5307683064234,11474.331084138834,  0.001925324928235431
                                    0.015630294390943388,                                         0.002986564703128935,                                            95.42042612564761, 7500.796183865321, 334.8433395601751, 7835.639523425496, 0.0019173859620649617
                                    0.016799917743706577,                                        0.0010314185257838536,                                            89.26467391483729, 7500.864034855673, 969.5497313763804, 8470.413766232054,  0.002051997626531963
                                    0.017554563694737655,                                        0.0009253245530737195,                                            86.70248021632493, 7500.912057605569,1080.7134308602974, 8581.625488465867,  0.002152944673264191
                                    0.015975802967509386,                                        0.0025430759078008147,                                            93.86927283797239, 7500.905492164407,393.23525051228313, 7894.140742676691,  0.002138855941664091
                                    0.018102532724590368,                                        0.0008139088837822145,                                             84.0784807551211, 7500.770884156453,1228.6506515325846, 8729.421535689038, 0.0018694851487357604
                                    0.018181961566110686,                                        0.0007104566485702742,                                            84.79098161353845, 7500.761636317398,1407.5572111683741, 8908.318847485772, 0.0018522761466528992
                                    0.018246724301363145,                                       0.00030301812405440537,                                            83.53708566787374,  7500.81623902568,3300.1446051094103, 10800.96084413509,  0.001956227631090216
                                    0.017738305590113215,                                       0.00027280497996749574,                                            87.63988162682465,  7500.83163249547, 3665.633643909607,11166.465276405077,  0.001986573728670924
                                    0.015741199305836142,                                         0.002534197968972829,                                            94.69810701589046, 7500.808612771942,394.61272286256605, 7895.421335634508, 0.0019413656853202509
                                    0.017531942802684785,                                       0.00017726729903786735,                                             85.7997182352222, 7500.837305497011, 5641.210034150763,13142.047339647774, 0.0019978755919269234
                                     0.01674592583743389,                                        0.0025716651659053666,                                            91.75277313180868, 7500.892526506641, 388.8640097704619, 7889.756536277103,  0.002111303272735533
                                    0.016170520000378864,                                        0.0004084516437033536,                                            92.02121914005252, 7500.902266334677,2448.2810978581992, 9949.183364192875,  0.002131967473064879
                                    0.018071252112842887,                                        0.0001045278154409175,                                            84.45755249248818, 7500.901861532256, 9566.843365271628,17067.745226803883, 0.0021311046221238394
                                    0.015875003430101075,                                         0.000528710918753651,                                            93.57421777821267,  7500.91951586743,1891.4034393967559, 9392.322955264186,  0.002169061927047893
                                    0.016897380461085132,                                         0.003157903283576462,                                            89.58967800078081, 7500.716524338786, 316.6769716216157, 7817.393495960402, 0.0017705730544452008
                                      0.0183694677763206,                                       0.00010086698024807536,                                             83.0183087657848, 7500.812293513648, 9914.059214793337,17414.871508306984, 0.0019485245177899193
                                    0.017672061312781234,                                         0.000330900148917908,                                            87.64690194514446, 7500.903543129165,3022.0710950047715,10522.974638133936, 0.0021346912958943565
                                    0.017504677399398046,                                        0.0011288051673507748,                                            86.89415599052128,  7500.89313502173, 885.9039801556759, 8386.797115177405, 0.0021125884236115784
                                     0.01691637116974438,                                       0.00024925008785893347,                                             89.2950338878947, 7501.104457204659, 4012.045892941044,11513.150350145703, 0.0019396631182202122
                                    0.017301649238225764,                                        0.0009629684885597298,                                            88.83361886799077,  7500.98445584253,1038.4668366785631, 8539.451292521093, 0.0017203245165902021
                                    0.017991521766287398,                                       0.00010042789099532122,                                            85.27586996512183, 7500.935448467346, 9957.404937727768,17458.340386195116, 0.0016380484607009325
                                    0.016864014511845958,                                        0.0002597963214849462,                                            90.26229233147909, 7501.215662216586,3849.1802829299136,  11350.3959451465, 0.0021678140714981066
                                     0.01588423033760476,                                         0.000763150070462755,                                            95.21918825001597, 7501.359104815707, 1310.368764115371, 8811.727868931077, 0.0025021789159024293
                                      0.0157514699828069,                                         0.003235745076198831,                                            95.53345397695492, 7500.957014732855, 309.0582993198283, 7810.015314052684, 0.0016737587332596934
                                    0.015486691262610217,                                          0.00281506579899286,                                             97.2255912593326, 7501.110276164925, 355.2417688840318, 7856.352045048957, 0.0019509828434092957
                                    0.016877433648505274,                                         0.001069770832297752,                                            89.65152610571975, 7501.027097805528,  934.790800377934, 8435.817898183463, 0.0017952690664719728
                                     0.01626471964057042,                                        0.0007066164954776671,                                            91.97287454361455, 7501.006979276044,1415.2056869310968,  8916.21266620714, 0.0017595117908001006
                                    0.016315426282542962,                                        0.0007144927162920172,                                            93.05305819825742,7501.2872059562305,1399.6051401705813, 8900.892346126811, 0.0023285902910265225
                                    0.017631635339568862,                                       0.00025882330072568463,                                             86.1162686689065, 7500.965496425417, 3863.651389601086,11364.616886026502, 0.0016880154151868337
                                    0.016439506812536715,                                       0.00015364015984314995,                                            91.63586036139682, 7501.207583192077, 6508.725828317483, 14009.93341150956,  0.002150370805648767
                                     0.01761022382186035,                                       0.00032991880681426184,                                            86.47876456209056, 7500.990537484715,3031.0603529486307,10532.050890433346, 0.0017308187936151017
                                    0.016646859987253897,                                        0.0003522323177558288,                                            91.60477502909059, 7501.274047765431, 2839.046262142674,10340.320309908104, 0.0022981509581398054
                                    0.015727579106956532,                                        0.0026168188143974695,                                            95.60667703204096, 7501.036388326082, 382.1538446483305, 7883.190232974412, 0.0018120257693522222
                                    0.017211694711028982,                                       0.00012373141328798733,                                            88.82899501634519,7501.1590687120515,  8082.03322295715,15583.192291669202, 0.0020485368671486143
                                      0.0171629980313079,                                        0.0017746510229870447,                                            89.27230807457853, 7500.911980304335, 563.5022695296373,8064.4142498339725, 0.0016000540457513908
                                    0.017506104926998764,                                        0.0002460923993941726,                                            88.22962805996487,7500.9985594575155,4063.5256988354763,11564.524258292991, 0.0017447592149830216
                                    0.017294184832689182,                                        0.0002553265366905877,                                            88.12059651539035, 7501.102877575941, 3916.564687825684,11417.667565401625,  0.001936601589331521
                                    0.017445436361423712,                                       0.00026366829117528896,                                            86.94814142221922, 7501.003786606205,3792.6556432710704,11293.659429877276, 0.0017539032085134986
                                    0.016803061684737785,                                       0.00013634884322883805,                                            90.53169327737793,7501.2463843878595, 7334.140007416758,14835.386391804617,  0.002235447632019536
                                    0.017127732707954757,                                       0.00023553743654021808,                                            89.95781541281163,  7501.13083461299,4245.6207089573445,11746.751543570335,  0.001991507154048952
                                     0.01625648950383245,                                         0.001625759219384324,                                            93.98122708640122, 7501.203340180344, 615.1078750421112, 8116.311215222455, 0.0021412660864632118
                                    0.016059924276626995,                                        0.0009645409893755129,                                            93.23191530076485, 7501.063064117064, 1036.773301108706,  8537.83636522577, 0.0018610134780407813
                                     0.01692832382061583,                                        0.0008481308595669313,                                            89.50662212532293, 7501.061617325011,1179.0745075965872, 8680.136124921599, 0.0018583229253351047
                                     0.01659362344562755,                                        0.0007241148419699382,                                            92.40186286904328, 7501.234668665003,1381.0072361757182, 8882.241904840721,  0.002209410566439742
                                     0.01759718943394909,                                       0.00048720208924743074,                                            86.73129208404205, 7500.984155264367,2052.5478840177007, 9553.532039282067, 0.0017198075023115995
                                    0.016166075589403993,                                        0.0008836378583566689,                                            93.63855964840981, 7501.273170071567,1131.6960078505506, 8632.969177922118,  0.002296134770072878
                                    0.016209112619546887,                                        0.0002674015370729398,                                            93.19773346029244, 7501.316472177874, 3739.705014905009,11241.021487082882, 0.0023977463630546056
                                    0.017519877832605682,                                       0.00023708407496412812,                                            86.44378252837184,7500.9656492142485, 4217.924560264705,11718.890209478954, 0.0016882733447938173
                                    0.016330838750601064,                                       0.00017965483079521096,                                            91.58050031083788, 7501.053288125713, 5566.240313653418, 13067.29360177913,   0.00184290886583026
                                    0.016665502954127852,                                        0.0010274636359631135,                                            90.86758755198957, 7501.105061430715, 973.2814595669829, 8474.386520997698, 0.0019408354673617187
                                     0.01569205157367587,                                        0.0009361545530057994,                                             96.0360567229527, 7501.335245927573,1068.2100992169098, 8569.545345144483, 0.0024431862571012144
                                     0.01643435700899056,                                       0.00027073363969585217,                                            92.72679401049187,  7501.34543503768,3693.6781140866133,11195.023549124293,  0.002468207406036708
                                    0.016200457359490675,                                        0.0003041387767994131,                                             92.5354403488414, 7501.150529329202,3287.9835226898063,10789.134052019008,  0.002031118105146989
                                    0.016124931882986096,                                        0.0002239170339086799,                                            92.67128501831284, 7501.087049508669, 4465.950619273916,11967.037668782585, 0.0019061902404386884
                                    0.016475734634339642,                                       0.00022509640539302277,                                            91.06700903169255, 7501.093661852248, 4442.551936894465,11943.645598746712,  0.001918836389499388
                                    0.017398148438975043,                                        0.0003215530589644197,                                            88.41885108756576, 7501.057088337657, 3109.917970997055,10610.975059334713, 0.0018499256342723203
                                     0.01574736898889529,                                        0.0004806417034851614,                                            95.17398339025542, 7501.258165436526, 2080.562387504901, 9581.820552941426, 0.0022619392927311025
                                    0.016692039547853636,                                       0.00020804218337350345,                                            91.25875088853144, 7501.276962675316, 4806.728440743123, 12308.00540341844,  0.002304859633928558
                                    0.015928978688173896,                                       0.00037094809800481245,                                              94.267020128371,7501.2637098250125, 2695.805533056673,10197.069242881686,  0.002274515193527553
                                     0.01605187650542008,                                        0.0012489289381965073,                                            94.83555342571285, 7501.301007135005, 800.6966119793263, 8301.997619114332,  0.002360950371916614
                                     0.01764686814356431,                                       0.00011089080071213832,                                            86.45412618128069, 7501.024864367108, 9017.892162675556,16518.917027042666, 0.0017912639178571238
                                    0.017234328409343445,                                       0.00024946618362780274,                                            89.08042618549808, 7501.125904932888,4008.5705642257644,11509.696469158653,  0.001981713819694973
                                     0.01734303025047739,                                       0.00023021029675778296,                                            87.54928316690159, 7501.055784590699,  4343.86577654236,11844.921561133058, 0.0018475153708822957
                                    0.016370397782377952,                                        0.0003137454426367002,                                            92.84013955380279, 7501.343844372864,3187.3080641806687,10688.651908553533, 0.0024642844362496984
                                    0.016804337311711284,                                        0.0003188809368401472,                                            90.12365845116746, 7501.172876569246, 3135.977798388453,10637.150674957698,   0.00207701895746145
                                     0.01601772142174181,                                        0.0017064315927178802,                                              94.591701235872, 7501.201570798874, 586.0287891052965, 8087.230359904171,  0.002137480719794339
                                    0.016281967244570757,                                       0.00018915439745127165,                                            92.00271794297197, 7501.113158084356, 5286.697372303661,12787.810530388017, 0.0019566135284672446
                                    0.016020881210368987,                                        0.0017608843830877413,                                            94.29909492742867, 7501.156516267762, 567.9070602255473, 8069.063576493309,  0.002043314758325483
                                    0.017639132319951033,                                        0.0005415144407748666,                                            87.24591520792654, 7500.952618847208,1846.6842829322961, 9347.636901779504, 0.0016664172292960957
                                     0.01669035633618102,                                         0.001223371345231568,                                            90.41885877560041, 7501.013164386596, 817.4243527479437,  8318.43751713454, 0.0017704282908220694
                                    0.016404481205514937,                                        0.0005466693617098543,                                            93.43454674216082, 7501.317061673912,1829.2699771926834, 9330.587038866595, 0.0023991602417320766
                                    0.016487757294287336,                                        0.0006393523175528614,                                            91.08568583268529,7501.0513960968965,1564.0938365060804, 9065.145232602978,  0.001839425325668015
                                    0.015318936701583906,                                        0.0018765030724556733,                                            97.65733227247536,  7501.14324349788, 532.9163750687825, 8034.059618566662, 0.0020163734998150332
                                     0.01686571305248311,                                        0.0008203458237066845,                                            90.04996651142106,7501.1079962015765,1219.0092044077835,  8720.11720060936, 0.0019465397410120234
                                     0.01639447437286833,                                          0.00213517108074941,                                            92.60365847036086, 7501.052005919431,468.35734434033884,  7969.40935025977, 0.0018405473907783909
                                    0.017363466749636316,                                       0.00045587486029503063,                                            87.24644462108122, 7500.984696820089,2193.5959014991713,  9694.58059831926, 0.0017207391261464507
                                    0.017587183355621892,                                       0.00030262868136112626,                                            86.78135109602567, 7501.012040008054, 3304.390987520039,10805.403027528093,   0.00176843877793404
                                    0.017334893333105807,                                         0.000587976206677351,                                             88.6409026160103,  7501.04053143393,1700.7603741128653, 9201.800905546796, 0.0018195487610597613
                                    0.017295506552995485,                                        0.0008306522433318074,                                            87.45301830309846,  7500.92767083778,1203.8846656903297,  8704.81233652811, 0.0016253577423892835
                                      0.0166617221530652,                                       0.00019391377088773013,                                            91.22265163442546, 7501.272725830946, 5156.942290078436,12658.215015909382,   0.00229511496027463
                                     0.01738755989362224,                                          0.00039369938328684,                                             88.6980000724175,  7501.03132826426,2540.0203330302907, 10041.05166129455,  0.001802879965617569
                                     0.01715758708737556,                                       0.00033053553735721457,                                            90.08030490163453, 7501.073681610522,3025.4044008051515,10526.478082415673,  0.001880878045815845
                                    0.015504378529967715,                                        0.0015928708338827538,                                            96.22815711405629, 7501.039034918795, 627.8076864690148, 8128.846721387809, 0.0018168278152761721
                                     0.01598213237126705,                                        0.0002888941208064768,                                            94.32870253147709,7501.3469282963215, 3461.486373764137,10962.833302060459, 0.0024718958312767254
                                    0.017581424266442422,                                       0.00023006834967353863,                                            86.78694087679676, 7501.024950178188, 4346.545938956147,11847.570889134335, 0.0017914176347432812
                                    0.015899857892695494,                                       0.00026750042533698525,                                            93.92060520934042,7501.1279339529065,3738.3224602169144, 11239.45039416982, 0.0019857388387466996
                                     0.01663546577874919,                                        0.0002027496530430992,                                            92.03495810618604,7501.3110719232145, 4932.201796423897,12433.512868347112,  0.002384832821674232
                                     0.01754405392913816,                                       0.00045007045226838556,                                            87.25642289749153, 7501.010097911094, 2221.885824720993, 9722.895922632088, 0.0017650076312473526
