galaxies.lens.mass.ell_comps.ell_comps_0,galaxies.lens.mass.ell_comps.ell_comps_1,galaxies.lens.mass.einstein_radius,galaxies.lens.mass.centre.centre_0,galaxies.lens.mass.centre.centre_1,galaxies.lens.mass.slope,galaxies.lens.shear.gamma_1,galaxies.lens.shear.gamma_2,     log_likelihood,         log_prior,      log_posterior,                weight
                      0.3038603445482713,                    0.023254214054944482,                0.2479045811296578,            -0.0018782190354207859,             0.0023108519707073856,      1.7304373657715348,        -0.0325822160254686,        0.04893714263043917,-1824.1606521273939,3.7747006431816676,-1820.3859514842122, 1.310730223036781e-09
                      0.3179052080303185,                    0.001905211666637237,                0.2514183912310928,            -0.0028646537500259927,            -0.0022683539334794134,      1.7586055176163977,       -0.05124727559763519,        0.04058699933253731,-1816.6451265954233,3.4392971797442673, -1813.205829415679,1.3512916923013845e-06
                       0.315219143662901,                    0.021987040424361854,               0.25094099598890135,              -0.00106071040948233,              0.001418612555580308,      1.7504107892646266,       -0.03531535284247406,        0.04753090855584511, -1812.406776020694,3.6890700044866245,-1808.7177060162073,  1.74832733052517e-05
                      0.3111251874248256,                    0.027445800689075473,                0.2462295170820169,            -0.0011268885620842716,              0.002485803483404439,       1.703531825220668,      -0.027741497055632218,       0.062056382465482084,-1814.8300304341087,3.3643979425938286, -1811.465632491515,1.5495897202927921e-06
                     0.30947766215145167,                   0.0044060428421608495,               0.25038016694772797,             -0.003594893073455692,             -0.001956479493843923,      1.7546960592143388,       -0.04762266653280813,       0.037144859310631696,-1822.3405989293774,3.6876441597948597,-1818.6529547695825,1.2672194261012286e-10
                      0.3242437731525691,                  -0.0005550272419484653,                0.2520270112780977,            -0.0021520299173904303,            -0.0026559807334660614,       1.756153479266596,      -0.051870625210024404,       0.046244462561236564,-1809.5450049553542, 3.225194876060798,-1806.3198100792933,4.5699103194209157e-05
                     0.30074451308387556,                    0.031066122746355045,               0.24616210657926807,              -0.00127487471160171,             0.0023748152900447943,      1.7198862109056425,      -0.025279118004573088,        0.05040429351850872,  -1805.90447874546,3.8753005948375647,-1802.0291781506223,  0.001741679025016087
                     0.33748857081030037,                   0.0040799419557879645,                 0.252402546744109,            -0.0005352545512546504,             -0.002590285211325452,       1.748172189898463,       -0.04822332234648684,        0.05712858379621932,-1805.7153833044545, 2.900016368395283,-1802.8153669360593,  0.002104220407628114
                      0.2990189446081751,                     0.03750775117841975,               0.24393808953912796,              -0.00129395625923516,              0.003030178524659481,      1.6952537636423897,       -0.01902327334707279,        0.05785724361376887,-1821.1592888465298,3.7163404913759206, -1817.442948355154,4.1294125401004615e-10
                      0.3180073922646942,                    0.017086817555639008,               0.25248468927669376,            -0.0017603914082580303,             0.0013793253165551534,       1.755796255151761,      -0.040748057467701375,        0.04690202308264656, -1815.678145802493, 3.563320111883832,-1812.1148256906092,2.8375684936221405e-07
                      0.3159921458805044,                     0.01837520375968331,                0.2520387846737431,            -0.0020365986596387544,             0.0020217425608187543,      1.7449374991196247,        -0.0380951482688812,         0.0483941946207022,-1817.1029723867573, 3.597061251298359, -1813.505911135459, 6.825775970826253e-08
                      0.3094406687192844,                    0.017128397574304524,               0.24917264111737786,             -0.002335782981981131,             0.0020511939180151116,      1.7294370661077791,       -0.03800207086039501,        0.05156706502411899,-1807.9157763550834,3.5413529185183035,-1804.3744234365652, 0.0006669612015634207
                      0.3122725567207092,                     0.01734591988057636,                 0.251027422812536,              -0.00229781244617552,              0.001998545047959576,      1.7396262774471958,      -0.038471761247693304,       0.049206693264568016, -1813.804311620605,3.5869198218306515,-1810.2173917987743, 1.848171200943243e-06
                      0.3025865319431975,                    0.031635038079739185,               0.24218551806551858,            -0.0011947489605229227,             0.0022211454390397805,      1.6839369050153872,       -0.02295723041024676,        0.06470753967808618,-1807.5999943335069, 3.384268214764357,-1804.2157261187424, 0.0009146247731963631
                      0.3205634665074744,                    0.014588574694995263,               0.25457729621906383,            -0.0024013360181060236,            -0.0026375570458823734,      1.7910855112176063,       -0.04385800875152803,       0.029773585763407346,-1806.4393427061073,3.8777165993678064,-1802.5616261067394,0.00016636008629888416
                      0.3230671169376611,                    0.011289480772252685,               0.25514853459946785,            -0.0022865239780422196,            -0.0029238958553120826,      1.7960182710096237,      -0.046387125153105675,        0.02952505162889465,  -1807.10727759265, 3.796135731971926,-1803.3111418606782, 8.530386354473814e-05
                     0.31549178976237513,                    0.016176591665484682,               0.25264091910094016,             -0.002401462591586428,            -0.0023379635732266963,        1.77806832787006,      -0.041221046240827126,        0.03153498258833451,-1810.4154390044446,3.9451594688764775,-1806.4702795355681, 3.120703119621839e-06
                      0.3136530678273318,                    0.012721493826631415,                0.2534380778732607,             -0.003087569361702431,             -0.002446162323255816,       1.788007963521973,       -0.04518366228132285,       0.027801372094183555, -1804.878048099405,3.9206621686471346, -1800.957385930758, 0.0007927034882693156
                     0.31542322373969045,                    0.007445435380013266,                0.2534635677116008,             -0.003245935724211328,            -0.0024569112336095223,       1.782993137246256,       -0.04847943004178944,       0.030342308179634254,-1803.3297410331375, 3.768291298409972,-1799.5614497347274, 0.0002556098081142264
                     0.32142758492473983,                   0.0059473806992824925,               0.25453173895246684,            -0.0029822450759137884,            -0.0029255857053001443,      1.7879052099639237,       -0.05026819109412225,        0.03197976325452676,-1803.3371084343994,3.6438095639388246,-1799.6932988704605, 0.0002537335481580674
                      0.3166042798190767,                    0.011123201156937107,                0.2534345124151933,            -0.0030753947617839874,            -0.0024900742723779666,      1.7782035130277003,       -0.04558981647325982,        0.03208090547639649, -1804.857052802297, 3.811091245934814, -1801.045961556362, 5.549763046471618e-05
                      0.3097759739985417,                    0.009960314600500692,               0.25094298129934695,            -0.0034087845483292698,            -0.0020447531895423973,      1.7603597307438887,       -0.04464286625254136,         0.0352882420365041,-1801.2804686573413, 3.812783205532976,-1797.4676854518084,  0.001984107501235037
                     0.31700754413112653,                   0.0038622003138936785,               0.25377568814804524,            -0.0033799976312555886,              -0.00269721751391308,       1.784962550117761,       -0.05140559462282217,        0.03076990476582303,-1802.3235314219942,3.6597172561367692,-1798.6638141658575, 0.0006991474790985708
                      0.3202735127612586,                    0.006732373709144217,                0.2535108381139941,             -0.002904100972743706,             -0.002886189046459571,      1.7767337796425724,       -0.04887864858584417,        0.03512142016315106, -1806.563514717836,3.6280626871565116,-1802.9354520306795,1.0073199779911101e-05
                     0.31240455184654764,                    0.013314227066963493,               0.25286790561381806,             -0.003229320924543211,            -0.0025272178931515055,      1.7812493563834835,       -0.04483401912299446,        0.02944805151683246,-1806.7330570136323, 3.908865209955416, -1802.824191803677, 8.502294890518555e-06
                     0.30867059846768496,                    0.006258158965992366,                0.2512913144259198,             -0.003656641415244976,            -0.0022940908341012546,      1.7691796450462016,       -0.04797384363941349,        0.03225475162951047, -1801.604519675459,3.7883154891197766,-1797.8162041863393, 0.0014349330217267031
                     0.32184844875153623,                    0.010167504869245258,                0.2531578613157979,             -0.002391323808170283,             -0.002974768531977581,       1.773996287949699,       -0.04597957961669929,        0.03711318007384285,-1807.6074340854243,3.6580389724179914,-1803.9493951130064, 3.546492342136515e-06
                      0.3226121138320944,                     0.00881408252587603,               0.25456390582162336,             -0.002699448851078063,            -0.0028159301873783623,       1.784490902545619,      -0.047694920569482095,       0.033443425795598176,-1801.6168464446432,3.6842622341914906,-1797.9325842104518, 0.0014173535054914578
                       0.321843342307878,                    0.014869148634088319,               0.25467611288414604,             -0.002517239279700153,             -0.002879134106218866,      1.7890312776821502,       -0.04433111272983739,        0.03144287892146056, -1803.230765340863,3.8249228824575288,-1799.4058424584055,0.00028220331517153874
                     0.31608585100670583,                    0.012161368468181286,                0.2525044442321357,             -0.002599967141288475,            -0.0025826394733830024,      1.7756572387167537,      -0.044013102189507186,        0.03341262136569533,-1803.2476017374815,3.8305398899108094,-1799.4170618475707,0.00027749180197756795
                     0.31575040811359545,                    0.008290706690739853,               0.25327973150712785,             -0.002994840975039532,             -0.002284633967105981,      1.7804621102562215,       -0.04697892868599422,       0.030977200220309732,-1803.1353867833327,3.7982385839683634,-1799.3371481993643, 0.0003104448734774347
                      0.3113801701920707,                    0.009946389689897276,                 0.252609127460368,            -0.0032267034734362408,             -0.002131334490118802,      1.7797728499361036,      -0.045877677096093486,       0.029178945207320065,-1802.5542749682413,3.8909230224056737,-1798.6633519458355, 0.0005550832816783771
                      0.3149968907926306,                    0.004304945458546549,                0.2522617815235751,            -0.0033035040172724587,            -0.0022875600692553065,      1.7657919970084204,      -0.048624831254928884,        0.03567847755893939,-1803.8043612235692, 3.656719614663543,-1800.1476416089056,0.00015902030591754797
                      0.3209313902988651,                    0.012870798728012113,                0.2534794964322072,            -0.0022164149215039624,             -0.003016107468901153,       1.782814384841989,      -0.044602775908002955,        0.03360675147712619,-1801.6041402111337,3.7795992661851256,-1797.8245409449485, 0.0014354776309410007
                     0.31908184626220326,                    0.012439819054132668,               0.25292199787201697,            -0.0024308275724075575,            -0.0027546933096043195,       1.775161898494358,       -0.04415062808427727,        0.03502771268592583,    -1802.673662408, 3.773359120148476,-1798.9003032878516, 0.0004926163714005921
                     0.32162054204384904,                    0.014227700419853695,                0.2547838512577388,             -0.002462003213590499,            -0.0027717123848711067,      1.7898672429498208,      -0.044705804855773225,         0.0304289455674123,-1802.7231936891508,3.8355256462709457,-1798.8876680428798, 0.0004688108764712939
                     0.31488937097288205,                     0.01204305509819429,               0.25488789817805924,            -0.0031709946995245337,            -0.0025457973239097435,       1.801221601252705,       -0.04687566082909253,        0.02343156403775407,-1802.7226321798894, 3.934642830575007,-1798.7879893493143, 0.0004690741920404188
                     0.31707310393357346,                    0.009081982013078749,                0.2540678758428113,            -0.0029100249595028754,            -0.0024806276836263543,      1.7872446363623007,       -0.04730691946016041,       0.028934453433965265,-1804.4766779343104, 3.818503527386623,-1800.6581744069238, 8.118375726679706e-05
                      0.3110740665571517,                    0.007699499977392364,               0.25341300134338074,             -0.003711995108956147,            -0.0021802697882346996,      1.7843077436546713,       -0.04827283152794517,        0.02704550198654109,-1804.6121465319197,3.8609266803086864, -1800.751219851611,  7.08983099308051e-05
                     0.30969994303814424,                   0.0058333470270907515,                0.2514765029956285,             -0.003673329865445815,            -0.0021916165369407557,      1.7674147554192414,      -0.048164962817339126,        0.03304745036629743, -1802.780148120231,3.7600937514430157, -1799.020054368788, 0.0004428561535860762
                      0.3109840699090471,                    0.007528976473204167,                0.2515868806654011,            -0.0037063911738254257,             -0.002446371098614606,      1.7664487364561592,       -0.04755663241777102,        0.03423927576378739,-1806.5694347504937, 3.745419461203535,-1802.8240152892902, 1.001374227707478e-05
                      0.3190831537102788,                    0.010074870712395196,                0.2544068485980568,            -0.0029686913530446524,             -0.002772082065851102,      1.7888101745756035,       -0.04741800420078663,       0.030041902733344058,-1802.0208203852849, 3.782362945436483,-1798.2384574398484, 0.0009463123956737851
                      0.3166106355702429,                    0.005980577050675535,                0.2535378352800704,             -0.003386364257880098,            -0.0026447320039199307,      1.7810024396770063,       -0.04978825933871797,       0.031832828304440244,-1801.6066931409946,3.6922984733167956,-1797.9143946676777, 0.0014318176310815485
                     0.32015213128547215,                     0.01743947539453823,               0.25317398636272326,            -0.0023708103025418203,            -0.0029327114716779182,      1.7773624635135856,       -0.04190874913659588,        0.03503560469712149,-1800.2045769066167,3.8253906976041674,-1796.3791862090125,0.00023173974874750037
                     0.32095602482629815,                   0.0074390975701220195,                0.2556376730742615,             -0.002964298061958879,             -0.002918188483629235,      1.7997685261139043,      -0.050034071300399496,        0.02699416139787937, -1804.191152383804,  3.74579394437299, -1800.445358439431, 4.301825606200665e-06
                      0.3169431428879792,                    0.009571923683136595,               0.25424935047313624,              -0.00314839595450789,            -0.0027599054506483507,      1.7903356571354496,          -0.04804414584523,       0.028410631578655487,-1800.4647400374456,3.8072283846937225, -1796.657511652752,0.00017865415438791417
                     0.31958574662371997,                     0.00938765212743754,               0.25369807672579425,            -0.0032109104191662694,             -0.002740443590948526,       1.774191088873139,       -0.04732402753664859,        0.03547154162999165,-1813.0351965992418,  3.67121087321446,-1809.3639857260273, 6.204877328752894e-10
                      0.3197772909365882,                    0.008924516146298104,               0.25509081074853424,            -0.0029834956983048506,            -0.0028884718020777502,      1.7959603841962788,       -0.04898497309432649,       0.027678810890653716,-1800.7303849194818,  3.77376677704732,-1796.9566181424345,0.00013697616827554503
                      0.3222752594461229,                    0.008544894705284698,               0.25525938335670534,            -0.0026940870834990206,             -0.003058849855832116,        1.79696014576905,       -0.04923118212416815,       0.028876139232159686,-1802.4315213801942, 3.729148367561839,-1798.7023730126323,2.4994867300030098e-05
                     0.32109609330798594,                     0.01264058806254048,                0.2553419185280926,             -0.002612871909047849,             -0.003038201745710535,      1.8007049851756152,      -0.046733277038350084,         0.0271303216937136, -1802.339289904397,3.8411375067876365,-1798.4981523976094, 2.740983721998649e-05
                     0.31176150909826694,                    0.012959633868326778,                0.2527951911423504,            -0.0033536660895645575,            -0.0021787095062582485,      1.7766573272781319,      -0.044013763677790044,        0.03014452675224324,-1804.5476463804357,3.9225611307095845,-1800.6250852497262, 3.011822856271802e-06
                      0.3148543893152097,                    0.016636245491753833,                0.2546792727008413,            -0.0029239341008339614,            -0.0022732298617715798,      1.7959650967800687,       -0.04304698142344849,       0.024511826753267588,-1801.0630922059331, 4.024399730535965, -1797.038692475397, 9.820917767954934e-05
                      0.3158877527546168,                    0.014070123542183717,               0.25352056257742966,             -0.002835769448838139,             -0.002201118732441044,      1.7814265972738794,      -0.043404051437282404,        0.03042101623008434,-1799.6780924498812,3.9074877182839023,-1795.7706047315974, 0.0003923284713772108
                      0.3131280032500789,                    0.016194668223371362,                0.2538344466375033,            -0.0032404876857462478,             -0.002434353379301304,      1.7887474057831347,      -0.043599621971154294,        0.02689949340224322,-1806.7966823269212,3.9824682198179655,-1802.8142141071032, 3.177499739370124e-07
                      0.3194043674634154,                    0.006611713256380322,               0.25329513909402235,            -0.0030759143907710235,            -0.0026675788191435896,      1.7717597257793705,       -0.04822167471384295,       0.036417658708473515,-1801.5408428876758,3.6244888057216373, -1797.916354081954, 6.090705345627319e-05
                     0.31594118121199843,                    0.014219476421467578,               0.25322283674861856,             -0.002960310934573102,            -0.0024268560327143415,      1.7756381751826986,        -0.0433129036989663,        0.03242426736925756, -1802.298731155996,3.8705937566456803,-1798.4281373993504,2.8544398579539192e-05
                     0.31067097218655904,                    0.008673561500204704,               0.25142658498111503,             -0.003589857102350064,            -0.0021442897769874208,      1.7622082480825911,       -0.04582547881725617,        0.03511320568831799,-1800.0680720358637,3.7782892447009666,-1796.2897827911627,0.00026563411121135013
                      0.3165492739186868,                      0.0163246989004968,                 0.254020918629432,             -0.002985505561623924,             -0.002561623570397695,        1.78690191457097,      -0.043424843604849335,       0.029239339452505692,-1800.4185218580674,3.9246634219981162,-1796.4938584360693,0.00018710501147281658
                      0.3198395288479971,                    0.012405412427339333,                0.2530858495421675,            -0.0028110199334917723,              -0.00279329420468857,      1.7708675048793623,       -0.04471953353888866,        0.03708358336533007,-1801.5669687994564, 3.706899552530065,-1797.8600692469263,5.9336407763995105e-05
                     0.31779745171757995,                     0.01776795962991794,               0.25435966420288014,            -0.0025678823488935543,             -0.002440971216128529,      1.7882363242670498,       -0.04170699998322913,       0.028920782560782895, -1804.835381392873, 3.967263648226731,-1800.8681177446463, 2.258747560975567e-06
                      0.3203177149958986,                    0.016887865523723154,                0.2531789023851331,            -0.0023695726548225117,            -0.0028394926803451746,      1.7743226062784803,       -0.04163392512487775,        0.03613103023836092,-1804.8728941621025, 3.807234560257083,-1801.0656596018455,2.1755852610471515e-06
                     0.31151645430227004,                    0.003254125621209256,                0.2521492002372632,            -0.0037606761152934372,            -0.0022560106047892115,      1.7695339602550815,       -0.05008470837024971,        0.03295314446592616,-1799.1942647833298,3.6923703253655553,-1795.5018944579642, 0.0006364635134654998
                      0.3220397757260461,                    0.005610723352704896,                0.2533756398013238,            -0.0026370538287069185,            -0.0029328092966897368,      1.7741487088633092,      -0.048804024045375524,        0.03701523074810847,-1802.0552727343888,3.5763392164224985,-1798.4789335179664,3.6412755591546785e-05
                      0.3206566421625916,                    0.016761079343886674,               0.25562416677770594,             -0.002643015580940944,             -0.002854623695188083,       1.800598308149064,       -0.04429171193835146,        0.02615137877669146, -1803.794245658261,3.9282926642322473,-1799.8659529940287, 6.397749051028736e-06
                     0.31553237580936133,                    0.004591008918376831,                0.2531844427162175,             -0.003367586473240826,            -0.0025816459021412654,      1.7794940428764332,       -0.05000632734205322,        0.03196807365720631,-1801.4534130196257,3.6895871264280085,-1797.7638258931977, 6.647187037950467e-05
                     0.31863445645050353,                    0.015180294527711649,               0.25347782034992494,             -0.002639405956246991,            -0.0026427156401601522,      1.7804440766100487,      -0.043378227194060814,       0.032827522608771136,-1800.4977538858325, 3.843301833981455, -1796.654452051851, 0.0001728523894577433
                      0.3133244468974619,                     0.01916525696773886,               0.25383386438250244,             -0.002992277844278333,             -0.002342704481429551,      1.7891678155291193,       -0.04147494376388017,       0.026290106053172415,-1802.8712000728078, 4.046433745198233,-1798.8247663276095, 1.610277799174598e-05
                     0.31538285315582054,                    0.004289011931575889,               0.25293735667962797,             -0.003633445692592385,            -0.0026126575463061848,      1.7732770011001366,       -0.05050552600406594,        0.03381751358770085,-1799.1823226688334,3.6372492162540424,-1795.5450734525793, 0.0006441097991535219
                      0.3147547595716383,                    0.014720174064176486,                0.2532790278362634,             -0.002790866359663413,            -0.0024763849945749223,      1.7849508279263757,      -0.043400103033514784,        0.02932137404363989,-1803.6348755337362,3.9352036555891967, -1799.699671878147, 7.503100553517982e-06
                       0.318775579155748,                     0.00985167205043372,               0.25238197552821057,            -0.0026421006684588396,             -0.002698768616031781,      1.7673207897549288,      -0.045313465675922815,       0.037885383825969836,-1802.7957424645324,3.6783886394826535,-1799.1173538250498,1.7364873674540803e-05
                     0.30798166487262923,                    0.011950490763566506,               0.25214834217690485,             -0.003580646672385482,            -0.0021414313355034775,      1.7783116238354695,      -0.045056235333200204,       0.028164363172601136,-1801.1388237180486, 3.953293172216638,-1797.1855305458319, 9.104629905322844e-05
                     0.31537068046181743,                     0.01172044966033427,               0.25208190851875545,            -0.0031720548852811684,            -0.0023932557252074834,       1.763964896746184,       -0.04420205949906119,       0.036945090222667905,-1802.5802795834666,3.7526994134083953,-1798.8275801700581,2.1540013371826203e-05
                     0.31015204588485773,                    0.012047491890641453,               0.25077336233757974,            -0.0033157759716411226,            -0.0020696357789592836,      1.7566377248568403,      -0.043022580840262156,        0.03648039746483522,-1800.9424714202346,  3.82757347633588,-1797.1148979438988,0.00011079929990546226
                      0.3200169067270601,                    0.008426691345604097,                0.2543228322614201,             -0.002774853384304578,            -0.0026909716002896846,      1.7860741403559341,       -0.04769048410745682,       0.031147551581446633,-1802.2017765383548,  3.74721851676032,-1798.4545580215945,3.1450514352721566e-05
                      0.3179294370428654,                    0.015210012897518714,               0.25464411507844453,             -0.002803520258922866,            -0.0025851194763898263,      1.7912492562583058,       -0.04409706298845411,       0.027805573194834756,-1802.0314085090881,3.9233488292631047, -1798.108059679825,3.7292169323311504e-05
                     0.32105638113341506,                    0.008578352002887249,               0.25485936551409843,            -0.0027332194626057075,             -0.002902175917932687,      1.7928035242780378,       -0.04830479168526479,       0.029757047467705255,-1800.8990624943676,3.7488386257619624,-1797.1502238686057,0.00011571489703519643
                      0.3117446892818558,                   0.0071143937094549055,               0.25229071688322935,            -0.0032963353973645758,             -0.002338885116654611,      1.7764596561861252,       -0.04769779888132792,       0.030742246290419876,-1803.0565067396797,3.8069352447931686,-1799.2495714948866,1.3378984250436629e-05
                     0.31623001453055505,                    0.017749437520042988,                0.2540418305445229,             -0.002863718235581338,            -0.0024967544262487393,      1.7885136392670256,       -0.04251953756529912,       0.028367279753483073,-1799.7777912075758, 3.965984358933026,-1795.8118068486428,0.00035510043622650003
                      0.3189999149528777,                    0.011104295660983796,               0.25330463743261544,            -0.0025692528724815555,            -0.0024656210452587463,      1.7758879600981665,       -0.04464645598321324,       0.034122751723740005,-1804.5383970886928,3.7798196275811335,-1800.7585774611116, 3.039809312478093e-06
                      0.3170198581822829,                   0.0051397445708643305,               0.25384500390737674,             -0.003313565519129039,            -0.0024395588845142306,      1.7816186947564483,      -0.049814807748543556,       0.031161792701302517,-1800.9119953061495, 3.701907234332607, -1797.210088071817,0.00011422801356781962
                      0.3121593154339319,                    0.010408149926048398,               0.25353562590474993,            -0.0032825508987232663,            -0.0023274063687351416,      1.7893511483304665,      -0.046596728175851275,       0.026145539464030254,-1802.2724405622544, 3.917944379797664,-1798.3544961824566,2.9304799665911345e-05
                     0.30945211084156876,                    0.008678265435861409,                0.2525068373094711,             -0.003755011371199336,            -0.0021717516027602657,      1.7778578968920837,       -0.04735109531315336,        0.02897060399383689,-1801.9771194101927, 3.864610377398362,-1798.1125090327944,3.9372691458135515e-05
                      0.3183224985446826,                    0.009349998040112169,               0.25359683870035094,             -0.003039666657415718,             -0.002418441093814985,      1.7763200610689611,       -0.04651479926734868,        0.03371900188776075,-1801.4116512229643, 3.740254225287957,-1797.6713969976763, 6.930663557262547e-05
                     0.31375054198298197,                     0.01734533743723692,                0.2529059802540727,            -0.0029983552699688327,            -0.0023887701157394355,      1.7774864080022121,       -0.04187393685975778,        0.03088646069548319,-1806.9697619744488,3.9519833653844714,-1803.0177786090644,  2.67250168531434e-07
                     0.31367738025419534,                   0.0063442998766764305,                0.2515212647933319,             -0.003416887444347104,            -0.0022571078455023447,       1.758968614220404,      -0.046990423149322176,        0.03793167420380376, -1798.487995213793,3.6618279102213958,-1794.8261673035718, 0.0012897409486529884
                      0.3112496232747174,                    0.015679472851757255,               0.25164015830034087,            -0.0031460877976830282,            -0.0020215750115505702,      1.7648820182898186,       -0.04146564136407564,        0.03385681700971127,-1808.1961940386223,3.9183585796576637,-1804.2778354589645, 7.839444861325675e-08
                      0.3157946340029377,                    0.007332841540105528,                 0.253830987160546,             -0.003370041273005918,            -0.0027350434931131765,      1.7869087517635052,      -0.049399394499898275,        0.02934472402956924, -1802.371486251273, 3.756913355449756,-1798.6145728958231,2.6541395929455883e-05
                      0.3199581567357154,                    0.011703021822690785,                0.2540089728615174,            -0.0029861962314889374,            -0.0027211679960647784,       1.778294260611568,       -0.04587779845399232,       0.033873647272613855,-1814.7327310963824, 3.744825893686688,-1810.9879052026956,1.1363270233954752e-10
                     0.31472234330294435,                    0.008525712118503139,                0.2524033539242742,            -0.0029606415222640124,            -0.0025828117457644666,      1.7744793223294604,      -0.046684226651884916,        0.03305926840277171, -1803.176881432691, 3.771811497172914,-1799.4050699355182,1.1861649244392427e-05
                     0.31418485427338905,                    0.004911816968044088,                0.2539908219949112,            -0.0038077122017072954,             -0.002554861269688822,      1.7871384956524943,       -0.05106901206102921,       0.028299959540812415,-1802.8549274610164, 3.734060299354371, -1799.120867161662,1.6366955849176088e-05
                     0.31622181867294935,                    0.009834349079463584,                0.2531239463423192,             -0.003063866679190393,            -0.0022654763774703052,      1.7737356058382154,      -0.045589373034007626,        0.03360421227142121,-1802.1667995478388,3.7822650114053644,-1798.3845345364334, 3.257002308751822e-05
                     0.31742740303248024,                    0.005233056517016903,                0.2530766105658713,             -0.003426685671152921,            -0.0025655346695043378,       1.770309516169139,       -0.04954379034521905,        0.03548081296510158,-1795.7658866200677, 3.618090392879357,-1792.1477962271883,  0.019620010257299456
                     0.31580745461715604,                    0.009998522521198058,               0.25261756412117314,            -0.0032429683384723393,            -0.0023804571852842973,      1.7675048094003003,       -0.04574928374691769,       0.035632047208950655,-1802.3264558592796,3.7367128822566507, -1798.589742977023,2.7763883370015183e-05
                       0.317452078367095,                    0.013937217868318842,               0.25327707132163196,             -0.002983797855513245,            -0.0027628148243717824,       1.776047420120687,       -0.04425764959460794,        0.03391427389522846,-1807.2576633659633, 3.804854357641669,-1803.4528090083215,2.0039367142649317e-07
                     0.31976594707372474,                    0.005532658341222598,                 0.254322218523662,            -0.0028842456436582093,              -0.00280059128482662,      1.7879185820325292,        -0.0498097362026338,       0.030864253897044183,-1800.2991808838601,3.6903663306934433,-1796.6088145531667,0.00021082132886545102
                     0.31735112759930934,                    0.018523974837389434,               0.25448706347257516,             -0.002639151642024962,            -0.0025404449789434725,      1.7923093482494368,       -0.04206010253246428,       0.027216507056192683,-1802.1947854115156,3.9906205077912107,-1798.2041649037244, 3.167115926732964e-05
                      0.3179766053542161,                    0.015229943370290417,               0.25393604657211694,            -0.0027690310608926836,             -0.002742946014880994,      1.7866931543875184,      -0.043925446516178974,       0.030404129701871587, -1799.697781606104,3.8806278721705025,-1795.8171537339335,0.00038467940376063096
                      0.3161502671016775,                    0.010568425182382364,               0.25268889242350956,            -0.0033689329297694444,            -0.0026231096460115574,      1.7682648938412868,       -0.04614039780473136,        0.03584390069309527, -1805.776320830501, 3.718903777831188,-1802.0574170526697, 8.815011658976485e-07
                      0.3161407926952067,                    0.018838477664587645,                0.2540332637519622,            -0.0028730919415827757,             -0.002489199562434166,      1.7870903891067835,       -0.04178148401806706,       0.028777064587833516,-1807.4558244600908, 3.978276846695055,-1803.4775476133957,1.6437044555146078e-07
                      0.3150890357567123,                    0.012067772475025957,                0.2519146002019216,            -0.0032099693199996986,             -0.002592731870237392,      1.7639872845393247,       -0.04471067387874572,       0.037006344877173455,-1805.6988306493427, 3.739071306162578,-1801.9597593431802, 9.525251450209567e-07
                      0.3128083980392066,                    0.004541851146881186,                0.2535351503068112,             -0.003882610839553484,            -0.0025868548565971708,      1.7854214592534436,      -0.051451671257430415,        0.02834237555176681, -1802.259217544985, 3.729756363118693,-1798.5294611818663,2.9694870813142245e-05
                      0.3172150747547566,                   0.0054053312728833906,                0.2535039758111373,            -0.0034655621015664204,            -0.0025279094192059686,      1.7751376033095294,      -0.049675919956023974,        0.03372746215591719,-1800.3959280922104,3.6532423555751605,-1796.7426857366352,0.00019138053651995005
                     0.31760721836966604,                    0.014176459244979508,                0.2545820963221237,            -0.0028180187142326472,             -0.002692083561407528,        1.79390540525272,       -0.04484804657874083,       0.027439667788028636,-1800.2994763407492,3.9112437276510548,-1796.3882326130981,0.00021075904945237617
                      0.3119886271092469,                   0.0067289990299828585,               0.25242430748233446,            -0.0036305011914306916,            -0.0024137711576051944,      1.7739135494991882,         -0.048457905331036,        0.03185180263577489,-1799.8515533029372,3.7614755134633073, -1796.090077789474,0.00032985018715001225
                      0.3185107577912336,                    0.013751511571274619,                0.2534110217227956,             -0.002863099617950433,            -0.0024856494637251385,      1.7743472045420656,       -0.04369311628757064,        0.03454268970529448, -1804.706607218725, 3.799895781168385,-1800.9067114375566,  2.56917454156017e-06
                      0.3202933243370465,                     0.01288319959921937,               0.25357120758826585,             -0.002610790434471462,            -0.0027980470480780542,      1.7790997154158932,       -0.04471331447603969,       0.034456676841462565,-1802.3524324475698,3.7626011825053545,-1798.5898312650645, 2.705195911641393e-05
                      0.3202975109695428,                     0.02006290740130266,               0.25437341292788584,            -0.0024349784952806875,             -0.002723638707806829,      1.7859683936293549,      -0.040867063527716956,        0.03108712927145868,-1803.9901227346768,3.9318590520052883,-1800.0582636826714, 5.259674492650697e-06
                     0.31953804787682916,                     0.01607575180061207,                0.2547599826929642,             -0.002769675141311958,            -0.0027120814082826268,      1.7896025340905473,       -0.04369479785141273,       0.029368224275003536,-1804.6301885314092, 3.896166863644656,-1800.7340216677646,2.7732040391400585e-06
                      0.3186766527773811,                    0.012076603576830117,                 0.252879760475206,            -0.0030246939849609745,            -0.0026800458053964065,      1.7688924386231442,      -0.045040913105471085,        0.03712150642108511, -1803.419225332987, 3.704543816946056, -1799.714681516041,  9.30885914531765e-06
                       0.308450504109066,                    0.016695740920999985,                0.2523087431385319,            -0.0032425514820495433,             -0.002001934024736587,      1.7789815037822887,        -0.0415150716752184,       0.027653042073932693, -1801.355790626821, 4.053239179337562,-1797.3025514474834, 7.328831986258738e-05
                      0.3179687708300349,                    0.009395753812601673,               0.25212152666358856,              -0.00266487006416974,             -0.002569852100872151,      1.7655169812052356,       -0.04532058297021969,        0.03774757981664287, -1799.981502180492,3.6864929715291077, -1796.295009208963, 0.0002896547497052708
                       0.317729867130057,                    0.011794352096870601,                 0.253619219399854,             -0.002937758036662046,            -0.0024218051900611335,       1.777920916971655,       -0.04514703885334475,        0.03256558362575312,-1801.6001948810003,3.8064185010193805, -1797.793776379981, 5.739728456547016e-05
                      0.3188919726530955,                     0.01587557568107289,                0.2526314141902491,            -0.0025270616567015756,             -0.002591613455318534,       1.770093755142487,       -0.04199436303330955,        0.03665230937736538,-1804.2646660486457, 3.795172066149669, -1800.469493982496, 3.996927045863566e-06
                     0.31107934629072936,                    0.008119429921670052,               0.25297105176115825,            -0.0034419264479630244,            -0.0022226226503503795,       1.784293340415742,       -0.04773775365019874,       0.027580317543228802, -1801.879635649078,   3.8674040151431,-1798.0122316339348, 4.340420070703345e-05
                      0.3165502879733842,                    0.010172112674027184,                0.2532880203352547,             -0.002964020859773908,            -0.0023780725186074037,       1.778720323332474,       -0.04604952490035981,        0.03216865443180633,-1801.3051310601873,3.7964587114527797,-1797.5086723487345, 7.709672603563383e-05
                       0.314916876487307,                   0.0022390793725693735,               0.25399719211674254,             -0.003721214381714188,             -0.002478904599921369,      1.7859712692073983,       -0.05239823565285375,       0.028973266074548767,-1801.8729956308594, 3.674464804790945,-1798.1985308260685, 4.369336435400329e-05
                      0.3145907754978811,                    0.008153961656667099,                0.2523076879739741,            -0.0032356555771090156,            -0.0021613682998106293,      1.7663413750743249,       -0.04626356429947185,        0.03521264267943917,-1802.1538475325383, 3.738907879040754,-1798.4149396534976, 3.299461424488751e-05
                     0.31686543811773193,                   0.0076638199154657706,               0.25256643387469596,             -0.002807305583505568,            -0.0025060025974178984,      1.7712940380840603,        -0.0465917435925512,       0.035045082366689545,-1802.6106612837043, 3.718758292205873,-1798.8919029914985, 2.089543245535354e-05
                      0.3179167702937638,                    0.018615499401188288,               0.25304849920726113,               -0.0025432147340339,             -0.002542113559257785,      1.7748596973610715,       -0.04051131921195036,         0.0343432706962334,-1801.0802088973728,3.8898037288173395,-1797.1904051685556, 9.654246647210247e-05
                     0.32041042635436295,                    0.007994467401323814,                0.2533904234064518,             -0.002604430125043097,            -0.0027967333956643373,         1.7781445192743,       -0.04732098488837183,        0.03488490591922968,-1801.1948142724227,3.6785822412962537,-1797.5162320311265, 8.608865209016558e-05
                     0.31418500844353714,                    0.006111723266743561,               0.25259247467613233,            -0.0033468867718230906,            -0.0027956694371868793,      1.7781652197394475,      -0.049356394570139406,        0.03205571312564642, -1799.399982810553,3.7164361375684933,-1795.6835466729844, 0.0005181211345648992
                      0.3156637161097031,                    0.019825020830087203,               0.25396461060095066,            -0.0026512767411943955,             -0.002390608445231235,      1.7885107169985086,      -0.040664719584701116,       0.027762448515992442, -1808.352048211062, 4.027235455879306,-1804.3248127551828, 6.708087251188734e-08
                      0.3160522545000595,                    0.008331176800662489,               0.25447702131547145,            -0.0034892998798403056,             -0.002600117020584695,      1.7898165863997741,      -0.049049991714658604,        0.02784404754593913, -1800.849047218267,3.7927397261462508,-1797.0563074921208,0.00012164958499032991
                      0.3170915191165024,                     0.01443842531696252,               0.25234012945112416,             -0.002590913681906136,             -0.002600936669986365,      1.7702442749750467,       -0.04243281696759493,        0.03577322702858619,-1801.3221830905964,3.8153149149938588,-1797.5068681756024, 7.579321565334936e-05
                       0.317833291062778,                    0.007691815752338836,               0.25401238467596626,             -0.003467005493076733,             -0.002646086363851355,        1.78000748636011,        -0.0490088882168218,        0.03225080383261911,-1814.3887444048128, 3.700210017493571,-1810.6885343873191,1.6028572904950956e-10
                     0.31223645569793107,                   0.0077745636131921125,                0.2532961361495337,             -0.003491587729264419,            -0.0023882681135147326,       1.785640982520267,       -0.04841405634748891,        0.02781748113912177,-1802.5354033692824,3.8361294715466348,-1798.6992738977358,2.2528665187925726e-05
                      0.3115505062948394,                    0.012286340077610182,                0.2523463357453083,            -0.0032017068188182384,            -0.0024643496534450336,      1.7782377410610106,       -0.04494932741228618,       0.030231717772560535, -1799.776170617221, 3.896439340592062, -1795.879731276629,0.00035567637512290613
                      0.3161291797094823,                     0.01495893399255302,                0.2530430599739648,            -0.0027155492133782476,            -0.0026685581189188827,      1.7803532547497944,        -0.0431646892146945,        0.03169857914263534,-1802.4257975441883,3.8877225218855873,-1798.5380750223028,2.5138344048415803e-05
                      0.3177532849203467,                    0.008737645914794439,                0.2522725068041493,            -0.0030873122416074077,            -0.0027925690624818937,      1.7654752136887721,       -0.04687554775985138,        0.03820848586789096, -1799.767376131353,3.6329479345523117,-1796.1344281968009,0.00035881816092329515
                      0.3195364736178311,                   0.0034269451830974966,               0.25339490383964824,            -0.0033107456612676473,            -0.0027647933413143602,      1.7733308851780987,       -0.05086054020254592,        0.03615075820501243,-1799.5850942756501,3.5487214575845307,-1796.0363728180655, 0.0004305646988803407
                     0.31344654203523814,                    0.013546130964763661,               0.25462052399130347,            -0.0030160847277443752,             -0.002419266337948994,      1.8013921429194202,      -0.045514240492637796,       0.022443879018387927,-1808.9277990602427,3.9963657512308473, -1804.931433309012, 3.771840209994849e-08
                      0.3195366296258207,                    0.020138490254846576,                0.2539823026406636,            -0.0022923794941614797,            -0.0029190149160661263,      1.7874282709509877,      -0.040945006160808595,       0.030717459233120685, -1811.206799316094,3.9418700618325753,-1807.2649292542615,3.8618557757888375e-09
                      0.3102880563504026,                    0.013973074635201156,               0.25309304515627706,            -0.0031789232168997605,             -0.002317043665406361,      1.7886875440963428,       -0.04425484625546038,       0.025505120613297908,-1801.8754338650801, 4.005271736349148, -1797.870162128731, 4.358695947054259e-05
                      0.3114426171729856,                    0.011833947913186703,                0.2534325677677831,             -0.003392568013082865,            -0.0022592044895958624,      1.7872248368984236,        -0.0458900197771972,       0.026520444341756117,-1803.9035181075628,3.9363847805913883,-1799.9671333269714,  5.73549333353496e-06
                     0.31590375058160647,                    0.014311960388687796,               0.25226109218557125,             -0.002686238739569299,             -0.002500684287776547,        1.77017179070877,       -0.04244314543885066,        0.03494276043109001,-1801.7615490164794, 3.840853162532892,-1797.9206958539464,4.8844552601422746e-05
                     0.31189337770561715,                    0.008811097909035816,               0.25201642108565425,            -0.0031755446097033718,              -0.00226484548863232,       1.772955793037496,        -0.0461587983116705,       0.032100303436878586,-1800.1163656891326,3.8239972666992488,-1796.2923684224334, 0.0002531105087533269
                      0.3154262984450404,                    0.017048312523098737,               0.25274442824388116,            -0.0026126030130283664,             -0.002403097044374177,      1.7749331202036234,      -0.041133710273298506,        0.03266697357591104,-1808.9980689728577, 3.925091411403933,-1805.0729775614539, 3.515891389949996e-08
                      0.3124830888143608,                   0.0028593785910226736,                 0.254036145406824,            -0.0037448821751433835,             -0.002408853583082466,      1.7925178939940365,      -0.052223596009325746,       0.025357677733620708,-1805.1630465280546, 3.756578203892778,-1801.4064683241618,1.6276631696596462e-06
                      0.3185666423938426,                   0.0034940938608639628,                0.2532620868942111,            -0.0032641887485570197,            -0.0027971477315360993,      1.7759305607493054,       -0.05090517655747612,        0.03497861714912719, -1802.257501319465,3.5794385114996468,-1798.6780628079655, 2.974587766535243e-05
                     0.31640998602706005,                    0.008939143672615248,                0.2524783297297738,             -0.002962599156600085,             -0.002384847941309862,      1.7683054091648416,      -0.045914585515674455,        0.03555266384327397,-1801.8615567887086, 3.729835799797977,-1798.1317209889107, 4.419603535794071e-05
                     0.31639477302646685,                     0.01679154237192282,                0.2531717818889078,            -0.0027255989046262334,            -0.0025128321987433607,      1.7787964401991814,       -0.04178597364380881,        0.03217764785360143,-1803.9051655497547, 3.912376234384306,-1799.9927893153704, 5.726052218807053e-06
                     0.30860285934627874,                    0.014719171036764712,                0.2516574529415267,            -0.0031805209704938125,             -0.002119041310596892,      1.7733939174308495,      -0.042428928648290974,       0.029834952673539465,-1801.5531451102665,  3.98977000482252, -1797.563375105444, 6.016235146434274e-05
                     0.31703965813079543,                    0.009306203325061858,                0.2537457288344461,            -0.0029516396108073954,            -0.0026169946539410607,      1.7860167450958062,       -0.04740062484373609,       0.030190529253520972,-1801.0772950126716,3.7928788164374265,-1797.2844161962341, 9.682419034427839e-05
                      0.3204057812626228,                    0.006389125745277175,                0.2540189194133237,            -0.0028390257467687495,             -0.002671506191879044,      1.7801977856859228,       -0.04857678999796724,         0.0334094016810863, -1802.292196517527,3.6728142758338027, -1798.619382241693,2.8731536678559882e-05
                     0.31338250435473625,                    0.011412014339300156,                0.2537538690445013,            -0.0031399854483453397,             -0.002347710839793905,       1.789351093134036,      -0.045981131043482386,       0.026764391259341408,-1803.3896451258074,3.9175840718870374,-1799.4720610539205,  9.58833015509373e-06
                     0.31559741774017164,                    0.006044057518167224,                0.2531261787006352,            -0.0032599759660151524,             -0.002511843824098979,        1.77882722592063,      -0.049010973468680614,        0.03186542265338892,-1801.8207423639983, 3.721662144875116,-1798.0990802191232, 4.603718833710419e-05
                     0.31879826773275916,                     0.01412208608820868,                0.2524704175755452,             -0.002795830384686287,             -0.002685583668948916,      1.7651765436981839,       -0.04323163520271079,        0.03840819914256926,-1805.1741349738109,3.7225277613841943,-1801.4516072124266,1.6097146096136137e-06
                      0.3140723660898327,                     0.01260648900512128,                0.2526715865002489,            -0.0034136407645024842,            -0.0024599373074382725,      1.7707727413172263,         -0.044752008954385,       0.033515620589565635,-1801.6884807025003, 3.821166533760664,-1797.8673141687398,5.2547166378701584e-05
                      0.3156415933175682,                     0.01900100871010656,               0.25274955824519063,            -0.0024473285924626383,            -0.0025237071657933955,       1.777770139035947,      -0.040301197738382505,        0.03194766183455601,-1808.7127366594937, 3.958716388867509,-1804.7540202706261, 4.676852787828929e-08
                       0.316300916374717,                   0.0036518209092554397,               0.25329431189718954,            -0.0034590736057526343,            -0.0025128414162812526,      1.7765001664692164,       -0.05063380645701212,       0.032783647305652454,-1800.4195821253747,3.6486851400495723,-1796.7708969853252,0.00018690673527756602
                     0.31375579806986015,                    0.009102818094711826,                0.2524433635069139,             -0.003171773649876929,            -0.0027805713394747794,      1.7787319703469378,      -0.047366418217742894,        0.03171390693521493,-1803.7421649757257, 3.785363749282115,-1799.9568012264435,6.7397774174342416e-06
                     0.31849366777624466,                    0.008117021663191351,               0.25323975154463246,            -0.0030334341288741954,             -0.002489001880664423,      1.7713876143985139,       -0.04692991605759206,        0.03552389386224831,-1813.6978163883764, 3.688275033663019,-1810.0095413547133,3.1986084619401594e-10
                      0.3173292976452882,                    0.009693283717414573,                0.2541113983813798,             -0.003027354010331884,              -0.00274598607473414,      1.7893246002095606,      -0.047698804975343075,        0.02925144221171418,-1799.8478549223732,3.7998030092535826,-1796.0480519131197,0.00033107235730328046
                     0.31588262343430734,                    0.011107753380641449,               0.25305379592076677,            -0.0028766488330174765,            -0.0022706027220923933,      1.7751351053298254,      -0.044687454393916914,        0.03253236719172022,-1802.6013752286449,3.8314984786011537,-1798.7698767500437,2.1090372301881872e-05
                     0.31637971002242504,                   0.0030330766481406228,               0.25215057954336073,             -0.003387947581777575,             -0.002515592645407328,       1.763462471321114,      -0.049865905432612226,        0.03771914612769531,-1801.0966648428744, 3.563516306299075,-1797.5331485365753, 9.496676925683267e-05
                      0.3158353751387043,                     0.01686898971055039,                0.2542629975102437,            -0.0029099600377964063,            -0.0027339163612944734,      1.7944022142742835,       -0.04367417460810958,        0.02667276520013149,-1803.7581306251127, 3.967095385235931,-1799.7910352398767, 6.633026932216541e-06
                     0.31534162996116544,                    0.011183921582801928,                0.2531557284106119,            -0.0030301372095918743,             -0.002221992868225509,       1.775802283416418,      -0.044796523253756854,        0.03220429010527259,-1802.2315930005802, 3.838579173024222, -1798.393013827556, 3.052661345397046e-05
                      0.3225207893836562,                    0.013537905906984168,                0.2550261505274072,             -0.002335473879388533,              -0.00282954727785155,      1.7920355685081193,       -0.04477651968520769,        0.03031896891101861,-1801.7951947513097, 3.830041270072664,-1797.9651534812372, 4.722848114386216e-05
                     0.31224538897080023,                    0.012427813941214614,               0.25122696427562907,            -0.0033665402492085218,            -0.0020763511529911702,      1.7562766430941412,       -0.04278241299898117,        0.03806131231382012,-1805.5769066218113, 3.784300485714951,-1801.7926061360963,1.0760374373104222e-06
                      0.3136519157664772,                    0.013276669410456163,                0.2515741073190083,             -0.003117752302578357,             -0.002327741578522576,      1.7629140227861662,       -0.04284209026270941,        0.03665301891836745,-1803.2498409909845,3.8065733751844464,   -1799.4432676158,1.1027044926560125e-05
                      0.3127668907005698,                    0.008327018804463958,                0.2525052087455211,            -0.0035400112729069887,             -0.002258545460960756,      1.7715920150725744,       -0.04718049637492128,        0.03284195975982254,-1802.4089418086783,3.7743209569788734,-1798.6346208516993,2.5565660576812787e-05
                     0.31585535787813657,                    0.010477339031147935,               0.25270079555411173,            -0.0029603727377098907,            -0.0023085022994712547,       1.773055877852209,      -0.045277565436707815,       0.033676646507092095,-1801.2821168579235,3.7916695195056858,-1797.4904473384179, 7.889162049254974e-05
                       0.319893417487161,                     0.01622085583812364,                0.2536941364321039,             -0.002549144949155968,             -0.002886343758027131,       1.781750688465865,      -0.042908557216943484,       0.033380985701879896,-1802.4873705973228,3.8364285225106016, -1798.650942074812,2.3637189043115245e-05
                      0.3152704428972218,                    0.016058923666533276,               0.25459910417649934,             -0.002987779599531053,             -0.002277022769819712,      1.7928731920981087,       -0.04320656945382968,        0.02588462224594655,  -1804.62134041116,3.9961542259038603, -1800.625186185256,2.7978505588428617e-06
                     0.32075919404561226,                    0.015308458448201608,                0.2536830230580029,            -0.0026113884451332307,            -0.0029825803908979614,      1.7782002243835928,      -0.043563712073139145,        0.03481973344887609,-1801.4892968638628,3.7830440913956043,-1797.7062527724672, 6.412889305915245e-05
                      0.3180725134340949,                    0.005308647735063509,                0.2531494675413196,            -0.0030086386748462094,             -0.002603500491178864,      1.7751851843051458,      -0.048943129018074044,        0.03417251768302793,-1804.7946857059992,3.6604985329688207,-1801.1341871730303,2.3525648769832238e-06
                     0.31757992335823765,                    0.012830857405593327,               0.25340406547044686,            -0.0025603259180021036,            -0.0024532163510594175,        1.78136584126127,       -0.04409097625851352,        0.03153065967177693,-1802.4907747573257,3.8569027487906844, -1798.633872008535,2.3556861071799264e-05
                     0.31450917175413967,                    0.007046515045934942,               0.25164180764988736,            -0.0032587848733242816,             -0.002463504827097836,      1.7623651906976803,       -0.04707806185828789,        0.03709449378336667,-1801.7874661402298, 3.673610120420416,-1798.1138560198094, 4.759490585965979e-05
                      0.3117179965327624,                    0.009091440431447467,               0.25140559829267406,             -0.003161405710021107,             -0.002423308543987061,       1.767106678827523,        -0.0457500697522152,       0.034187689546502205,-1801.3399262941916,3.7936576600643224,-1797.5462686341273, 7.446026160441568e-05
                      0.3124771753167539,                    0.016317077738910234,                0.2521854195571781,            -0.0029422263526155184,             -0.002240499069679143,      1.7710316979791885,      -0.041455207902488134,        0.03256631654653832,-1807.7890575845845,3.9375909946571452,-1803.8514665899274, 1.177883736154383e-07
                      0.3180534136230034,                    0.013899356185535557,               0.25236999307638586,             -0.002601048145491541,            -0.0025315843185853243,      1.7667265192037926,      -0.042555037249838244,       0.037554811899610574,-1802.9600058399924, 3.765300071795791,-1799.1947057681966,1.4734416797339062e-05
                      0.3135657727356566,                    0.016334406872448925,                0.2544074703080569,             -0.003116426919616611,             -0.002429080381083194,      1.7954541602867362,       -0.04370953666189238,        0.02442017994825693,-1803.1747845627792, 4.016313675220537,-1799.1584708875587,1.1886547675059918e-05
                     0.32238867524739667,                    0.013071538971177842,               0.25391839978486286,             -0.002577324704392214,             -0.003011756351466888,      1.7789538968709016,       -0.04516066627777713,        0.03539722967707855,-1799.3176232908695,3.7163705039223665, -1795.601252786947, 0.0005625998250650688
                       0.314709754060323,                     0.00483992577559857,               0.25191770639574323,              -0.00342252412520082,            -0.0021995464598196543,      1.7610857662527104,       -0.04820135852044273,        0.03733835376978945,-1802.4377316125406,3.6334770726368677,-1798.8042545399037,2.4840124358770785e-05
                      0.3147338579966837,                    0.008044925010447956,               0.25314650844254083,             -0.002981097619511215,            -0.0024307907671748154,      1.7821295411961946,       -0.04720850282228341,       0.030090635898839983,-1802.0423775213972,3.8148914529447167,-1798.2274860684524, 3.688534636105782e-05
                     0.31766826921098573,                     0.01690013131566112,                0.2539064129319887,            -0.0025087241692167564,            -0.0025294886817148164,      1.7874639640690635,       -0.04231438519044391,        0.02953742472367648,-1801.3117214847439, 3.941186642392582,-1797.3705348423514, 7.659029650494761e-05
                      0.3165840311563499,                     0.00455872845957109,               0.25349849684138237,            -0.0033790027202466734,            -0.0025108975075290494,       1.778617125011249,       -0.04991636061042623,        0.03219608232361743,-1802.3863297367557, 3.681205190916625, -1798.705124545839,2.6150338611179937e-05
                     0.31469060685257566,                    0.012626128483923681,                0.2538074554414876,            -0.0029464567785448224,            -0.0024947630577510926,       1.790578803348919,      -0.045223751460799794,       0.027182787597250232,-1802.6529633424175,3.9236211954522813, -1798.729342146965,2.0029947599382294e-05
                     0.31684365833401196,                     0.01228177112843803,                0.2523428367646132,             -0.002833506641755821,            -0.0023764531987685348,      1.7651996893145554,      -0.043344000794659714,        0.03723567546357036,-1801.4846695378124,3.7596849691451393,-1797.7249845686672, 6.442632598543382e-05
                      0.3222741247536604,                    0.009080185762816379,               0.25572461675172165,             -0.002779898116767791,             -0.002968722242549312,      1.7997772306822126,      -0.048921058103354086,       0.027715407630667457,-1801.2943007710332, 3.759087382046622,-1797.5352133889867, 7.793624377543099e-05
                     0.31103637393573497,                    0.013961617200679005,                0.2532692975723476,              -0.00327533499272571,            -0.0021090160721737457,      1.7841426121980628,       -0.04385285675970626,        0.02681332448122231, -1802.391972260631,  3.99030286663341,-1798.4016693939977, 2.600320020757779e-05
                      0.3166768066323317,                     0.00927015837407216,               0.25414921719676353,            -0.0029483931193835223,             -0.002615360769082307,      1.7912274535418597,       -0.04755997471991926,        0.02767733419476462, -1803.152932012938, 3.835870096807038, -1799.317061916131,1.2149157952295446e-05
                      0.3179713542289986,                    0.013961638057573805,               0.25211820366939136,            -0.0025491346265919075,             -0.002704002718667693,      1.7675483671932346,       -0.04277924785063626,        0.03757530549755304,-1803.0132732396528,3.7594653097497597,-1799.2538079299031,1.3970090289287447e-05
                     0.31414015596110867,                    0.005745368573589882,                0.2518508891391854,            -0.0034640328178125765,            -0.0025256753985153017,      1.7649401754562146,       -0.04861317475837556,        0.03635507165715881,-1803.5948606585293,3.6474703691840773,-1799.9473902893453, 7.809424061885136e-06
                     0.31916162192200676,                    0.014496412422117513,                0.2527144940015945,             -0.002814340283680277,             -0.002752247297340703,       1.766763559858697,      -0.043139259122954486,       0.038149417007325694,-1810.0859123516316,  3.72891027492069,-1806.3570020767108,1.1846527697519269e-08
                      0.3156454788024055,                     0.01301265497507648,                0.2537521906482001,             -0.002884727672367815,             -0.002432787834235209,      1.7878954976763655,       -0.04475197356409964,       0.028679311231402122,-1804.9371822213357, 3.904586157455676,  -1801.03259606388,2.0401220911116207e-06
                      0.3165155405747088,                     0.01266008761218448,                0.2521248563364958,            -0.0026148116491956984,            -0.0023431351269131828,       1.766476046298275,       -0.04285105471946576,         0.0366075280723975, -1802.491601412819, 3.789147632190676,-1798.7024537806283,2.3537395709873057e-05
                     0.32165338483428024,                    0.005021567456927257,                0.2538754028460131,            -0.0029535124914243354,             -0.002872248012829285,      1.7782509090557217,       -0.04985540552449876,       0.035481068017012445,-1803.3687117683335, 3.581482456149898,-1799.7872293121836, 9.791161663273736e-06
                      0.3172105513940995,                    0.015772430575448696,                0.2541271024810123,            -0.0027294154309165505,              -0.00255685239676152,      1.7889282719477613,       -0.04319616314660837,       0.028921738191939068,-1804.9495408029293, 3.932364409289147,  -1801.01717639364, 2.015064234502944e-06
                      0.3156506176565968,                    0.011487547409237119,               0.25367926095966187,            -0.0033112495700458482,             -0.002613979544293733,      1.7836713178486783,       -0.04654487653151595,        0.03017485425392879,-1802.0085146475653, 3.826976672857725,-1798.1815379747077, 3.815577904446207e-05
                      0.3181617158227334,                     0.01540032480717283,               0.25363957791399516,             -0.002829555899981604,             -0.002948971989101722,      1.7828634406675468,      -0.044015164051050125,         0.0318978983185923,-1807.0043395954904, 3.848167293053122,-1803.1561723024372,2.5816723161030805e-07
                      0.3139606909484022,                    0.017285766849462095,               0.25442409164739865,            -0.0030087463773171355,             -0.002426930181418534,      1.7962056548688405,       -0.04312855237682727,         0.0244439872904472, -1802.419215428196, 4.028818728115175,-1798.3903967000808,2.5304353291494143e-05
                      0.3177240000760014,                     0.01773130085290417,                0.2542516049448448,             -0.002728831950161425,             -0.002765499615207342,       1.790487323050127,        -0.0426987613818109,       0.028719727146145044,-1808.9568718689966,3.9457080196636074, -1805.011163849333, 3.663760917747989e-08
                      0.3220343363341604,                    0.019160315165351896,               0.25399512108197325,             -0.002147603616465015,             -0.003023406637368926,      1.7837604660182802,      -0.041208109464981914,        0.03340239197049653,-1798.8778748238979,3.8658646814237123, -1795.012010142474, 0.0008733331097601777
                      0.3165338179604549,                    0.008611027708042592,                0.2523053429248026,            -0.0031981787352261732,            -0.0023691679411953536,      1.7628803705986824,       -0.04612509524480874,       0.037671389212059585,-1800.9903306479196, 3.674857392250094,-1797.3154732556695, 0.0001056214238502894
                      0.3101076620458012,                    0.010704555390313248,               0.25332238219806813,             -0.003479281993327091,            -0.0023477949463429513,      1.7910448072207845,       -0.04688564332617029,        0.02486937179800698,-1799.7191973753993,3.9426815579355887,-1795.7765158174636,0.00037652878578507226
                     0.31335809521520896,                    0.002757552746571375,               0.25262602092346964,             -0.003631673862979303,             -0.002756301676942858,      1.7782856906772455,       -0.05177578100382386,        0.03175709985154727, -1802.989583995824,3.6517018759019058,-1799.3378821199221,1.4304982171103214e-05
                     0.30820743836499687,                    0.011187523471102835,                0.2528210518539452,            -0.0035672050670810572,            -0.0021248543875544597,      1.7871650519529407,      -0.045956821247751745,        0.02524055101946282,-1802.2838072901136, 3.975241670535966,-1798.3085656195776,2.8973585957312804e-05
                      0.3212429935130289,                     0.02033419944068964,                0.2541277171527465,             -0.002019706223795939,             -0.003001030486978192,      1.7895472807033432,       -0.04069515414315014,         0.0311473101242361,-1803.8749036881823, 3.928918902407323, -1799.945984785775, 5.901981770414832e-06
                      0.3098296301628309,                    0.018145215508455836,                0.2530641001096171,             -0.003269406442260091,            -0.0019777999566564053,      1.7835617987047676,       -0.04121866031788833,        0.02636150075968153,-1801.1798048621044, 4.073798711782931,-1797.1060061503215, 8.739053782078978e-05
                      0.3144229453793306,                    0.008413176632706873,                0.2518365882607331,             -0.003051748549525899,             -0.002497596104181764,       1.767693787357071,       -0.04644758832948672,        0.03536456757844863,-1802.0762369894805,3.7313077926992237,-1798.3449291967813, 3.565733537287854e-05
                      0.3139063165663273,                    0.010990853314793398,               0.25179298155077645,            -0.0029136732533183844,             -0.002426362733293245,       1.768228113971205,       -0.04433936062601127,        0.03481503282217068,-1803.7304578620538,3.8056492416184815,-1799.9248086204352,  6.81914443062797e-06
                      0.3114317850331568,                    0.014112413111582383,               0.25370623834124617,            -0.0033332099266543264,             -0.002305600402458238,      1.7904613684851332,      -0.044678827409628745,       0.025099200106644914, -1800.969567615121,3.9930364305354997,-1796.9765311845854, 0.0001078373702134885
                     0.31891808131773747,                    0.006587831090980531,               0.25349938134643457,            -0.0030215677658273106,            -0.0026404058119673984,      1.7764093944161574,       -0.04833480024207381,        0.03458827560784152,-1800.3149448668914, 3.664641940471734,-1796.6503029264197,0.00020752400279341304
                     0.31974637824325214,                    0.005544036977900508,                0.2541619292307507,            -0.0028813429925944266,            -0.0025844699872986134,      1.7835689596313575,      -0.049137883537811615,       0.031937837341972454,-1802.8217745225497, 3.689957241242775, -1799.131817281307, 1.691866336023114e-05
                      0.3170732947024402,                    0.014371962345631437,                0.2550316684645359,            -0.0028497473708462354,            -0.0026293150853609055,      1.7992964044193764,       -0.04526682541881104,       0.024873584144351653,-1805.1432645458822,3.9446615084078456,-1801.1986030374744,1.6601821580328677e-06
                     0.31676047026369375,                    0.017158592793658042,               0.25498580111905705,            -0.0026334181370164626,             -0.002288039387970162,      1.7977369774509786,      -0.042465358063583016,       0.024880244571457363,-1803.4564867317554,4.0218814885311485,-1799.4346052432243, 8.968380775551214e-06
                     0.31940470025890305,                    0.014631178747961188,               0.25472777699730026,             -0.002450665267096128,             -0.002581865598753859,      1.7932958083087975,       -0.04385373837116352,         0.0279938785387444,-1804.3161266550173, 3.917263138294622,-1800.3988635167227,3.7964454496093193e-06
                      0.3151686536072582,                    0.005629102038092335,               0.25238462424578734,             -0.003748213598534226,            -0.0025444336032525872,      1.7654201055343592,      -0.049299292727719046,       0.036576907755075494,-1801.7030708660664,3.6154703330741143,-1798.0876005329922, 5.178606045776299e-05
                     0.31537123369660536,                    0.012469790215435258,                0.2541263407439686,            -0.0029094766262478342,            -0.0025229824654580115,      1.7930106582937735,       -0.04576474051645042,       0.026214347243040045,-1800.2108646144493,3.9201870778901604, -1796.290677536559,0.00023028720827477527
                     0.32183481189795604,                    0.017966581025304348,               0.25456118973921105,            -0.0024427939808082696,             -0.003061148848108718,      1.7883862073523331,      -0.042783086595341455,        0.03158926009401358,  -1805.85172850144,3.8633738542515257,-1801.9883546471885, 8.174736366679628e-07
                      0.3104462212284141,                     0.01037763254474267,               0.25125047287422536,             -0.003430589912302866,             -0.002084972002385809,      1.7615611032175031,        -0.0444255056053282,        0.03494382565893327, -1804.115686379127,3.8222657970782317,-1800.2934205820488, 4.639030947282299e-06
                      0.3151328240192413,                     0.01744861406216347,                0.2528497133207066,             -0.002999968766661724,            -0.0025516584916435658,      1.7744135106990495,      -0.041905356624226536,       0.032957725451764765,-1811.7948263083522,3.9013780935732187, -1807.893448214779,2.1449598765094114e-09
                     0.31465221002435173,                    0.016845909049375146,                0.2522915711329107,            -0.0029919071542108024,            -0.0021591684169483013,       1.766490008448958,      -0.040923157299739346,       0.035270172781970185,-1801.8132231525292,3.8803112172846905,-1797.9329119352444,4.6384656397456796e-05
                      0.3168886230261155,                    0.017434164213795195,               0.25324309282350727,            -0.0026287986660798587,            -0.0026162684463933773,      1.7809772699813107,       -0.04181843568023262,       0.031559364090341754,  -1799.89273621231,3.9205393410792597,-1795.9721968712306, 0.0003165419143668939
                     0.31463853128578606,                   0.0034124485311378266,                 0.252976674687825,            -0.0034451839672394406,            -0.0028338639404080945,      1.7822977193431024,      -0.051621498724832925,       0.030993737993987396, -1804.374698788179, 3.663497273595449,-1800.7112015145838,3.5804664592544024e-06
                      0.3138360747806982,                    0.008752622963938186,                0.2530725619298274,             -0.003409392142263065,             -0.002460321454407207,      1.7787885068443274,       -0.04757715557018083,       0.030864426663034787,-1800.7341811192023, 3.795264655273468,-1796.9389164639288,0.00013645716512691741
                     0.31668821104624856,                     0.00475673174154431,               0.25247023088382814,             -0.003379913734849493,             -0.002419813197402011,      1.7641533719063036,      -0.048793735909446155,       0.037286254740802376,  -1799.07375827035,3.6045521973317496,-1795.4692060730183, 0.0007179741787336413
                     0.30985456425755653,                    0.012795222632088562,                0.2510029060497033,             -0.003342792919944668,            -0.0021814968260540535,      1.7612553312167374,      -0.043270078013825826,        0.03489845915900622, -1798.172031296553,3.8579551588825263,-1794.3140761376706,  0.001768983876119981
                     0.32164468657203804,                    0.005304293714902041,               0.25488583042020163,             -0.002955197621400205,            -0.0028959573569787675,      1.7909222071558561,       -0.05075546541029555,       0.030697484308593342,-1802.4536160071343, 3.652167867222679,-1798.8014481399116,2.4448671250242304e-05
                      0.3154463334149645,                     0.00729297923841869,               0.25216004464049707,             -0.003359341948109145,            -0.0027369522873893193,      1.7677960360372902,       -0.04795442777468276,        0.03642872363254973,-1801.3200534553375,3.6574326367140895,-1797.6626208186235,  7.59547995541007e-05
                     0.30961306669902083,                    0.009928210043898643,                 0.251384905021229,             -0.003613117175120143,             -0.002192180055168247,       1.765368399469946,       -0.04564434466099985,         0.0335606486792039,-1802.3081565446305, 3.823111158524186,-1798.4850453861063,2.8276620468372165e-05
                      0.3133059326037412,                   0.0026320903436402835,                 0.252839928955921,            -0.0036146893866153516,            -0.0025752103660834284,      1.7791266079525483,       -0.05150174923299391,        0.03104155410463873, -1803.644733773364,3.6747001380739617,-1799.9700336352898, 7.429496589168579e-06
                     0.31730546313020236,                    0.018801470681811795,                 0.252606468171549,            -0.0025716803391622515,            -0.0027356572193894344,       1.772915642611521,      -0.040755860355745625,        0.03502930613902968,-1810.9439354888377, 3.872720757537488,-1807.0712147313002, 5.022921146358086e-09
                     0.31415778316791837,                    0.011779549601451698,               0.25250470944759806,             -0.003372573303490887,             -0.002456640390157375,      1.7692501794239088,      -0.044903050587276956,         0.0344661888739219,-1799.5271315509767,3.7963507934882523,-1795.7307807574884, 0.0004562588605119708
                      0.3166252671608841,                    0.008389924444445179,               0.25223736412430364,            -0.0034021621409898654,             -0.002409700989208413,      1.7612514158958825,      -0.046688616796126396,       0.038601416456822905,-1802.9292803852263, 3.636118686509625,-1799.2931616987166, 1.519416527633401e-05
                     0.31097874507816786,                    0.010627962677630885,               0.25311555521005163,            -0.0032967199575991476,            -0.0024123745087119963,       1.789402199476977,        -0.0466565422983435,       0.026085023996555688,-1801.2493105357776,3.9245083168023918,-1797.3248022189753, 8.152268623366433e-05
                     0.31661917153069447,                   0.0035167388470357694,                0.2537687601493595,            -0.0033793596789425877,            -0.0025600228718607575,       1.782966494839191,        -0.0511104651654918,        0.03090038099596218,-1802.5144185759123, 3.668968082593679,-1798.8454504933186,2.3006419831098807e-05
                      0.3196269051347498,                    0.012477385800444576,                0.2556985363943239,            -0.0027694339322019684,            -0.0027328665268764006,      1.8039551238342895,       -0.04671465005230077,        0.02463417152730223,-1801.9362583509123,3.8912140040358674,-1798.0450443468765,4.1014822471796714e-05
                      0.3159938424289986,                    0.006349541915919146,               0.25375933235217063,            -0.0033848345770530323,            -0.0024960027302486686,      1.7815715482126542,       -0.04907496045215672,       0.030824018562323797,-1798.4219812265778,  3.73774220088138,-1794.6842390256963, 0.0013777550103952253
                     0.31816045533675325,                    0.013772123701624103,                0.2533379794712438,            -0.0025079233726672564,             -0.002741756276721951,      1.7815861301957547,       -0.04390784426366486,       0.032105313807472155,-1801.5673115779932,3.8468653479046986,-1797.7204462300886,5.9316072002491235e-05
                     0.31725579035131196,                    0.005254505008004191,               0.25433256253216696,             -0.003471365281242827,             -0.002763953631804417,      1.7887118949286438,       -0.05113288316762883,       0.029234119941741663,-1801.5633553038538,3.6957713498976643, -1797.867583953956, 5.955120746769184e-05
                      0.3164031385758733,                    0.019305149776654387,                0.2533199461786651,             -0.002659585944379923,             -0.002691229467938286,      1.7820267215839267,       -0.04095649254852437,        0.03120947242614217,-1810.0713090066033,3.9521683917263872,-1806.1191406148769,1.2020795981821343e-08
                      0.3112671752286405,                    0.014409544343985687,               0.25341483317640245,             -0.003191601465725636,             -0.002184124787440063,      1.7878503595644282,       -0.04387659461811989,       0.026060226499657925,-1800.7287260204425, 4.000507633524444,-1796.7282183869181,0.00013720358648927682
                     0.31412465319036903,                   0.0030710221627761763,                0.2525963494614878,            -0.0038377234595981984,            -0.0026365208548741114,      1.7722340825864027,       -0.05147165248159251,        0.03395623864003653,-1802.3361586197848,3.6117642345398053, -1798.724394385245,2.7495799737813117e-05
                      0.3151555162379344,                    0.004897602600906709,               0.25293088745913245,            -0.0035284362698400095,            -0.0025112984136885785,      1.7751680631278905,       -0.04988866987532727,        0.03319566147758508,-1801.6373788240367,3.6707307933116216, -1797.966648030725, 5.530221997569051e-05
                      0.3195417844937393,                    0.009583647944973413,                0.2537635757869193,            -0.0028368038700140054,            -0.0029358753469559667,      1.7836137454365795,       -0.04744185952486696,       0.032659250204322414,-1802.6983250939961, 3.727607644763508,-1798.9707174492326,1.9141653690188546e-05
                      0.3156732793654158,                    0.016946081259859528,                0.2523106804856666,            -0.0027696496847311085,             -0.002221344330625238,      1.7672188875613442,      -0.040679452099975574,        0.03565936715497595,-1804.0431807924247,3.8713075456366406, -1800.171873246788, 4.987880567473979e-06
                      0.3129692738890633,                   0.0061152935096554974,               0.25265333689678016,            -0.0037070807584029713,            -0.0023761457003025023,      1.7725582464055503,       -0.04901170460355338,       0.032664294477145396,-1800.6475195510652,  3.72232754819751,-1796.9251920028678, 0.0001488102976914117
                      0.3149310485166851,                     0.01208316153559725,                0.2529835559346661,             -0.003047461925105585,            -0.0021940901091010026,       1.775749612459663,       -0.04442917243923493,       0.032065507046290326,-1803.1529481319335,3.8539549942031526,-1799.2989931377303,1.2148962121651168e-05
                       0.311608316017637,                    0.011350167381326857,                0.2529695099819566,            -0.0032087608919169224,            -0.0024808901753897807,      1.7859829205734497,       -0.04602575154820267,       0.027358617898984087,-1800.6795661131005, 3.917432184042566,-1796.7621339290579,0.00014411704225626875
                      0.3186315152522051,                    0.008024654344626533,                0.2548075747898466,            -0.0031334538739996552,              -0.00264277216369231,       1.792110927884771,        -0.0490479244063315,        0.02839258669920638,-1801.8752600770936, 3.766617959787825,-1798.1086421173056,4.3594535018720194e-05
                     0.31718213091024705,                    0.018992931049076903,               0.25329983713134335,            -0.0025130939771592195,             -0.002617858502048444,      1.7809693157999242,      -0.040663250125454235,        0.03185170051627486,-1804.7964506415296,  3.94200573217352, -1800.854444909356,2.3484164136062337e-06
                      0.3179081083076917,                    0.016423256506203385,                0.2541326860870662,            -0.0028743946657386692,             -0.002669911344910774,      1.7850747020332185,       -0.04325595678653131,         0.0303821485050469, -1801.873248493705, 3.899382108530162, -1797.973866385175,  4.36823173223085e-05
                      0.3106587662401945,                    0.003074348361588228,               0.25299932559941024,            -0.0038540877316461187,             -0.002248892860272488,      1.7810715103116845,      -0.051050360705841936,        0.02832212892285617,-1802.1176490331513, 3.755945798848601,-1798.3617032343027, 3.421084991846792e-05
                      0.3146902954523128,                    0.005292070450525059,                0.2526822546798615,            -0.0033425292819937256,             -0.002411541746531759,        1.77247507977787,       -0.04887938577465275,        0.03336435404115178,-1800.8546952558904, 3.700874169063828,-1797.1538210868266,0.00012096444024046176
                     0.31605397639472876,                    0.009968539578737775,                 0.252865728531016,            -0.0029625245923634177,             -0.002417301604687429,       1.774251979907548,       -0.04587101979646389,        0.03327908215872214, -1801.875655977396,  3.78205264074996, -1798.093603336646, 4.357727934510906e-05
                     0.31320436238323296,                    0.011618063668484101,                0.2516495004192725,             -0.003186250103667727,            -0.0020893191366427935,      1.7618124087704203,       -0.04370523021481217,       0.036346093628237215,-1801.2069734536421, 3.793284932734202, -1797.413688520908, 8.504822277133234e-05
                     0.31940070681880944,                     0.01072981222108477,               0.25458730331923934,            -0.0027037850125674716,            -0.0028434389882417365,      1.7929894321736055,       -0.04706755110121475,       0.028459480811217294,  -1802.64406120595,  3.81928255233417,-1798.8247786536158,2.0209052953690033e-05
                      0.3135316644908799,                     0.01788738539956506,                0.2540717267576659,            -0.0029552150674792676,            -0.0023527140241130146,      1.7931642145129694,      -0.042275782744778584,       0.025311544708469795,-1803.3387335319544, 4.040403945875693,-1799.2983295860788,1.0089127350259666e-05
                      0.3164152362999354,                    0.009147806031938136,               0.25389308234787367,              -0.00312961379664458,            -0.0025342035806864252,      1.7849657360112716,       -0.04738223421284278,        0.02965667678118168,-1802.2648747642047,3.8074744183050853,-1798.4574003458997, 2.952735470369398e-05
                     0.30968872582168544,                    0.013674288971215549,                 0.252180493680331,             -0.003252233113517309,             -0.002148982835919398,      1.7772771343791893,      -0.043602437762364686,       0.029095760087483095,-1799.2779435530606, 3.965613203415967,-1795.3123303496445, 0.0005853724567974506
                     0.31876601139289323,                     0.01726908217115832,                0.2537238528430984,              -0.00261511811863219,            -0.0024553006956743377,       1.778787598097966,       -0.04165745706843271,         0.0329128370048911,-1799.2956283304543,3.8855620687535373,-1795.4100662617006, 0.0005751112759875822
                      0.3109409729492081,                    0.012441219606028786,               0.25128759093851644,            -0.0032973940157979206,            -0.0021941031571798774,      1.7629311012380076,       -0.04334323666458981,       0.034849742758238336,-1803.1566080926837, 3.850414699099337,-1799.3061933935844,1.2104578667525001e-05
                      0.3162043026431864,                    0.010976431603191929,               0.25340439270883497,             -0.002932640834829781,             -0.002301907393765331,      1.7788162055609589,       -0.04532226766995548,       0.031466479645732265,-1802.9887214624237, 3.833073929760787, -1799.155647532663,1.4317326018741968e-05
                     0.31990696800238383,                    0.005138870507894846,               0.25364953819124664,             -0.003231188157365392,            -0.0026837706519293476,      1.7747662889761209,        -0.0497468841207958,        0.03557660447756466, -1799.704560075023,3.5939270785904456,-1796.1106329964325, 0.0003820806839994235
                      0.3139097680250922,                    0.007968364409892917,               0.25341196398887617,            -0.0032069801395431512,            -0.0024404244987908494,      1.7856905270487902,       -0.04784755790504306,       0.028471509609420055,-1802.3301053451855,3.8309570872770795,-1798.4991482579085,2.7662744134323354e-05
                     0.31095033140553874,                    0.006130735436528587,               0.25351289917634057,             -0.003773714917406338,            -0.0023480899724036795,      1.7877217358101254,       -0.04976497633338772,        0.02629096274401139,-1801.2046032641642, 3.829007347857615,-1797.3755959163066, 8.525004225478664e-05
                      0.3196077957077235,                    0.015255985958475526,                0.2526842141103476,            -0.0026532143656989057,            -0.0026285558969569656,      1.7665257717952356,       -0.04207305062598032,        0.03845200837341672,-1802.4884583583284,3.7467114196938294,-1798.7417469386346,2.3611491409565663e-05
                      0.3173945051682522,                     0.01886199776734166,                0.2544281660774781,            -0.0024458726204076636,            -0.0023989516798318747,      1.7918510761492086,       -0.04112677925609277,       0.027403147374250165,-1802.6034674752768, 4.010964295093993,-1798.5925031801828, 2.104629217079971e-05
                     0.31884322279879834,                    0.014863636097132529,                0.2534083799433813,             -0.002779097114306343,            -0.0026981225153607596,      1.7749037852897593,       -0.04320554083944678,        0.03476519307099984,-1801.5917709975342,3.8060355253797518,-1797.7857354721546, 5.788283484009451e-05
                      0.3138847125583998,                    0.014949511418110635,                0.2534159946639281,             -0.002924700829599462,             -0.002176659683832946,       1.783661562733256,       -0.04314221009024581,        0.02850876535286928, -1802.533014000945, 3.962072424442894,-1798.5709415765023,2.2582558827447084e-05
                     0.31901866469573587,                    0.012716051460045473,               0.25348479046657035,             -0.002712626273604259,            -0.0024739229033165135,      1.7764796935855078,       -0.04438381893683714,        0.03398320523110737,-1802.0260989392232, 3.789759010492988,  -1798.23633992873, 3.749070129502642e-05
                      0.3184482340039591,                    0.020228597580539014,               0.25495470861330755,            -0.0025028124673387216,            -0.0025135565698087255,        1.79483749641845,       -0.04102542992399255,       0.026845681164414773,-1813.6244970765115, 4.016040779359195,-1809.6084562971523, 3.441939674867756e-10
                     0.31756302542221143,                     0.01838290333095014,                 0.254548587734048,             -0.002771824978782773,             -0.002650788343953397,      1.7920672383825602,       -0.04240350950886219,        0.02788892975955059,-1804.8998085269109, 3.968957706044999,-1800.9308508208658,2.1178117221824406e-06
                      0.3122803623738513,                    0.015903043643510882,                0.2533619270862863,            -0.0031768341896623296,             -0.002132741110507878,      1.7822137822223656,       -0.04251321808687723,        0.02798901530354755,-1805.6083427843046, 3.997986459619686, -1801.610356324685, 1.042737109172037e-06
                      0.3189977921623356,                   0.0073783337725638765,                0.2535614443209545,            -0.0032782335983133695,             -0.002890107718968764,       1.776696570803204,       -0.04908980957939987,        0.03459219892474359,-1800.1901021086692, 3.641559053825403,-1796.5485430548438,0.00023511852937724983
                       0.312944545380776,                    0.011714900437455229,                0.2524540603976815,            -0.0031476937034620126,            -0.0023739905608363013,       1.775428344283063,       -0.04470580584794922,       0.031605573224036114,-1802.3587957207014,3.8680947508220793,-1798.4907009698793,2.6880366635719113e-05
                      0.3141998726565216,                    0.017320313729318984,                0.2542041250680194,             -0.003001973559914845,             -0.002506775203688619,      1.7937389541289657,       -0.04298044108584479,        0.02572748739666259, -1805.270010869171, 4.011255737485023, -1801.258755131686,1.4625492968650987e-06
                      0.3143445972569794,                    0.007304189333251392,               0.25340611722499007,             -0.003451277994281011,             -0.002395457105757573,      1.7814284876455064,       -0.04849620606383935,       0.030251555850644016,-1800.1718243233313,3.7764463120886163,-1796.3953780112427,0.00023945548966133683
                       0.315961678364642,                    0.007877756717851014,                0.2521813976649267,             -0.003107388882564195,            -0.0026249195705962303,      1.7670516225193753,      -0.046973376194239476,        0.03657479669988603,-1803.6181837501267,3.6794556385254764,-1799.9387281116012, 7.629391764932269e-06
                      0.3201361310915999,                    0.011079368400540477,                0.2533829401797449,            -0.0025863613545490678,             -0.002815393312726751,       1.776175225448503,       -0.04538202124142905,        0.03512912959127871, -1798.804982994879,3.7305662910403923,-1795.0744167038388, 0.0009393694770536742
                      0.3149482819548524,                     0.01594814378582819,               0.25275657284301817,            -0.0030868073720620027,            -0.0023629521630987855,      1.7712845256369258,       -0.04227320430485474,        0.03346228959855683,-1802.7540561295687,3.8827922652698805,-1798.8712638642987, 1.810405138076682e-05
                     0.31393687167531403,                    0.017575877029178597,                0.2540860308390352,            -0.0030230176680903624,            -0.0021730674482614374,       1.788815595808078,       -0.04197690112136794,       0.026756294439214387,-1804.9035112361958, 4.022281786652603, -1800.881229449543,2.1099845808121438e-06
                     0.31290344437828166,                    0.011427995500740503,               0.25379170405187734,            -0.0032754857462518674,             -0.002309528701492474,      1.7893175158704056,       -0.04616920067422778,       0.026100258496486305,-1801.5811427772137,3.9262377775391064,-1797.6549049996745, 5.850130716981658e-05
                     0.31460721590933055,                    0.003718528513382994,                0.2531348599348812,            -0.0035417524698944077,             -0.002827423841449742,      1.7824445087366185,       -0.05159870799580177,       0.030886585391469903,-1804.6029730837195,3.6666052054679117,-1800.9363678782515,2.8497144385645115e-06
                       0.311659642995786,                      0.0161065197328049,                0.2533653687704353,             -0.003143837320949335,            -0.0023113983370601533,      1.7883397790720126,       -0.04311178808095925,       0.026258550601597225,-1804.9900030352132,  4.01518336098772,-1800.9748196742255,1.9351577365800805e-06
                     0.31691967810475974,                    0.015819892973277842,                0.2534365073743888,             -0.002821396418049984,             -0.002355937882001569,      1.7788897229216285,      -0.042670003614372266,        0.03189747100372667, -1802.357555953376, 3.891637792795003, -1798.465918160581,2.6913712702379302e-05
                     0.31377064254303044,                    0.008874213478990419,                 0.254021442323961,            -0.0032633901217715994,             -0.002336192201723654,      1.7903552760114059,      -0.047669042664548716,        0.02644413652165741,-1802.7162655667312,3.8717628305126315,-1798.8445027362186, 1.880130550638419e-05
                     0.31558575014005313,                    0.004886724455067742,               0.25334093979887334,             -0.003489924139716911,             -0.002819992909479059,      1.7828361201141893,      -0.050876700407145536,       0.031273870351032663, -1801.452573533998, 3.675932308368445,-1797.7766412256296, 6.652769598845385e-05
                      0.3190659093658871,                     0.01277496092576577,               0.25390198124493035,            -0.0028670823123365737,             -0.002623787396030679,      1.7806072280149678,       -0.04500687828054588,        0.03252035883278488,-1801.3991886778817,3.8027680940253625,-1797.5964205838563, 7.017577725245521e-05
                      0.3123239144308304,                    0.009482094118187913,                0.2521370119648185,            -0.0032130284928251467,            -0.0023080858411478394,      1.7711285867768298,       -0.04568194347044936,        0.03277913242318957,-1800.9054789961642,3.8212318767953497, -1797.084247119369, 0.0001149747891814413
                       0.313470657284225,                    0.006193118861270571,                0.2518465059577407,            -0.0035106283958515256,             -0.002586326517712293,      1.7665121364826901,      -0.048536242543680275,        0.03562346358588264,-1802.5176330334648,3.6704864274711735,-1798.8471466059937, 2.293258540350871e-05
                      0.3122479379359963,                    0.016996891809323872,                0.2512401087030923,            -0.0028501292794046356,             -0.002322340131186349,      1.7636184329106164,       -0.04067331287080846,        0.03536306022769131,-1808.3951077657925,3.8994481179523763,  -1804.49565964784, 6.425370510873366e-08
                     0.31747265129958896,                    0.013548864335107871,               0.25233582398568777,             -0.002535923984932664,             -0.002610025466484223,       1.770823697227881,        -0.0430069016384953,       0.035848679520512745,-1802.3627680729392,3.7961084468258357,-1798.5666596261133, 2.677380015110086e-05
                      0.3180073582817448,                    0.010033978861613242,               0.25305095459188753,            -0.0027515302383665495,            -0.0025222711413678328,      1.7739488065130151,         -0.045632334981695,        0.03450376585486989,-1802.4687562527129,3.7505532796168417, -1798.718202973096,2.4081300423297247e-05
                     0.31259156462497045,                    0.015148950217727332,               0.25391101802163685,            -0.0031524208321508083,            -0.0021493024050408477,      1.7908509456874724,       -0.04371190625444977,       0.025328515322602205,-1801.9014945155482, 4.008309855483247, -1797.893184660065,4.2465728417094276e-05
                     0.31374219835631645,                    0.012231744731890083,                0.2538135252589027,             -0.003277603289435589,             -0.002691839818802932,      1.7910935978896867,       -0.04652494153405781,       0.026845446385740854,-1805.2794519956265, 3.898609777668585, -1801.380842217958, 1.448806161428498e-06
                     0.31322185343203623,                    0.012292631491566806,                0.2514397436331269,            -0.0031690379233202913,            -0.0024974295833720597,      1.7630728024942957,      -0.044118260071455674,        0.03635140874539893,-1797.9750205232208, 3.781913629388815, -1794.193106893832, 0.0021541927809595896
                     0.31342678093699516,                    0.006145679360529377,               0.25150737434818876,            -0.0031733816316184965,            -0.0023453275114747834,      1.7634437820191262,      -0.047165481474946945,        0.03628372463442096,-1802.5158143598624,3.6962336737998283,-1798.8195806860626, 2.297433023982727e-05
                     0.31108381552484005,                    0.016590169615259713,                0.2530558723074326,             -0.003287058625683197,            -0.0021318487376274817,        1.78191519533207,        -0.0423105905726387,        0.02782842322188015,-1803.3083114379692,4.0134467776147815,-1799.2948646603545, 1.040077620039677e-05
                      0.3202676959458704,                    0.017922067367290764,                0.2553922739671258,            -0.0026488909625277755,            -0.0027056163505027285,      1.7963319486802565,       -0.04306263978242596,       0.027241274723258296,-1804.1425802802682, 3.945563922344391,-1800.1970163579238, 4.515932032134626e-06
                      0.3144922208306375,                    0.016487241836380114,               0.25190738430416015,            -0.0026782602518396897,             -0.002445870521202459,       1.767747846583365,      -0.041183858898995326,        0.03500777683500555,-1809.7189180935206,3.8804053074047733,-1805.8385127861159, 1.709915524560524e-08
                     0.31340987224315975,                   0.0016112614582210036,               0.25349891006454234,            -0.0037698167153138035,            -0.0023389645993424474,      1.7823486197146508,       -0.05230399824790284,       0.029210376610294367,-1801.9364126572823, 3.682550823958633,-1798.2538618333238, 4.100849411169264e-05
                     0.31286639545892864,                     0.01122689129877621,               0.25118763700380703,             -0.003086931733185588,            -0.0022001088842100156,      1.7598567374371574,      -0.043831162457891225,        0.03705735293862199,-1800.7734946729656, 3.775673250382014,-1796.9978214225837,0.00013119663168127753
                     0.31032040249458115,                    0.010731667991155023,               0.25374510182230525,             -0.003458715762672126,              -0.00235513924527903,      1.7957200090793373,      -0.047246322870006845,        0.02316768974436428,-1803.5056328315272, 3.956285685068069,-1799.5493471464592, 8.538275407211837e-06
                     0.31606766991837004,                      0.0079800476261767,               0.25253614476361197,             -0.003129450534784797,             -0.002837075356521964,      1.7744140891108522,       -0.04780130375052109,       0.034612306566388515,-1803.1382347959411,3.6981739613928806,-1799.4400608345481,1.2329035373893893e-05
                      0.3178545405142715,                    0.014377934691656227,                0.2532575971275924,            -0.0029274658879045214,            -0.0026122731960469504,      1.7736680309288355,       -0.04351958377268171,        0.03460488906109261,-1801.7624619113162,3.8074351860852627, -1797.955026725231, 4.879998300831801e-05
                     0.31140010103667054,                    0.006225103585765267,               0.25199184063744073,            -0.0036054930774073787,             -0.002336547700743467,      1.7702339825453455,       -0.04834101658748594,         0.0329402312628477, -1802.561600194264,  3.74655181007084,-1798.8150483841932,2.1946149039138337e-05
                     0.31676738955951994,                    0.013611987184581016,               0.25394678857299385,             -0.003120974629620156,             -0.002678376571543344,      1.7837695456014004,       -0.04515890067975382,       0.030242830676037655,-1801.9361646501989, 3.857733018202573,-1798.0784316319962, 4.101866576998257e-05
                      0.3140433488037685,                     0.00374689767430776,                0.2535750086273107,             -0.003600659278151608,            -0.0025612041761130192,      1.7845141894362917,       -0.05119847562194581,         0.0292003008950051,-1802.7480915386045,3.7144220736769884,-1799.0336694649275, 1.821235732126998e-05
                     0.32022297556268997,                    0.016349999364571106,               0.25386842746595395,            -0.0027364290037204986,            -0.0027436858624270686,      1.7785302324786003,      -0.043012136523349336,         0.0341927431114775, -1804.398799579743,3.8144179766043105,-1800.5843816031386,3.4952059334113643e-06
                      0.3175537729703381,                    0.016431507448236213,                0.2547894908733018,            -0.0025856265605951278,             -0.002452402163453945,      1.7953331637906949,      -0.043026956355563355,        0.02633979525354199, -1804.014843769934,3.9788929321840043,  -1800.03595083775,5.1312439032187545e-06
                      0.3186073963950995,                    0.014752591582780734,               0.25427000645997255,             -0.002640721439598459,            -0.0024540892824598654,       1.785838137797558,       -0.04350188192904413,       0.029919996970765306,-1802.2724340205027, 3.897062973816002,-1798.3753710466867,2.9304991371259816e-05
                     0.31424038394966236,                    0.010370949652888211,                0.2524524427095057,            -0.0031568038364014894,             -0.002184852721291661,       1.768835996603212,       -0.04498767544872857,       0.033996803456110405, -1801.521312757432, 3.803277400375583,-1797.7180353570564, 6.210826789934242e-05
                      0.3157318939878636,                    0.017680896384942038,                0.2528558302237974,             -0.002996775750086597,            -0.0025025287178896518,       1.773724052975325,        -0.0417197452447467,        0.03357182913737209, -1803.374168562747, 3.889594386119835,-1799.4845741766271, 9.737878815994951e-06
                      0.3184515875554358,                     0.01515564469787976,                0.2531448704010769,             -0.002744009287640343,            -0.0024994406889494824,      1.7722350801331925,      -0.042712659015614975,        0.03523386583015196,-1799.6007792599435, 3.811150236463165,-1795.7896290234803,0.00042386398600376254
                      0.3164592887131482,                    0.015024143133346242,               0.25294558715032345,             -0.002968668980674603,             -0.002343193947786444,      1.7700698043556184,      -0.042442776799605134,        0.03470465595690033,-1803.8716851739314,3.8425360978623524, -1800.029149076069, 5.921007984497788e-06
                     0.31334235831549284,                    0.011128944188821913,               0.25347822348147103,             -0.003097644188611969,             -0.002359019162046108,      1.7876039399624877,      -0.045857484189773576,       0.027572394240335796,-1799.3961732490948,3.9076819353095513,-1795.4884913137853, 0.0005200987133320576
                     0.31707068802655675,                     0.00831276655327788,               0.25322255351694367,            -0.0033251072109779546,            -0.0028271582214157553,       1.777057443540735,       -0.04826086157614586,        0.03372357065605521,-1799.8893181595909,3.6972729298178235, -1796.192045229773,0.00031762572251952076
                     0.31639859090535233,                     0.01666871355274862,                0.2525423443714991,            -0.0024038300715976736,             -0.002557990715665979,      1.7763439369601357,       -0.04140342320091942,       0.033103382533315504, -1803.417501792113, 3.903168423290988, -1799.514333368822, 9.324917178909143e-06
                      0.3106313525120295,                    0.010134911427728576,               0.25144209306806486,            -0.0034683472607796566,            -0.0021168681874964134,       1.763745687230029,      -0.044834541668515034,       0.034551015926213145,-1803.2565796141002, 3.818379406061575,-1799.4382002080388,1.0952987629066685e-05
                     0.31895756085803106,                     0.01874502044382922,               0.25525457073192287,             -0.002584828996699254,            -0.0026987474785129155,      1.7994715362640852,       -0.04258486292483608,       0.025687408478833117,-1800.8659030629028,3.9919516395308365, -1796.873951423372,0.00011961626330490746
                     0.31835590888574794,                    0.011693904365026769,               0.25255941842958124,             -0.003042612299872226,            -0.0027870121191831305,      1.7666984881797103,      -0.045251086823362936,        0.03784750931802515,-1802.7951290443139,3.6838514051284754,-1799.1112776391853,1.7375528906878556e-05
                      0.3169875761505506,                    0.014130826705737344,               0.25270862541101646,            -0.0030535103000623527,            -0.0026523336800022782,       1.769499020817137,      -0.043482350630674765,       0.036269868877446626,-1807.8419468943825,3.7772693472472794,-1804.0646775471353,1.1172050492053841e-07
                     0.31393636339904185,                    0.005015551719049725,               0.25183739323525345,              -0.00343719529042408,            -0.0022511504589712195,      1.7619172004536368,       -0.04804961938804017,        0.03683653326616331, -1800.198850394287,3.6545240070475855,-1796.5443263872396,0.00023307061625363334
                     0.30854730079303605,                    0.010858519950249683,               0.25329298482437657,            -0.0035538400879276013,             -0.002236217019166614,       1.791877735395807,        -0.0467856127478522,       0.023556380364086717,-1812.2733815183406,3.9749831086633822,-1808.2983984096772,1.3291845536271357e-09
                      0.3094663949960148,                    0.013934467785982734,                0.2513639772017719,             -0.003363525994172544,              -0.00217698537210747,      1.7672031880985983,       -0.04286474487846588,        0.03279693342937285, -1800.172330253406,3.9154203954401368,-1796.2569098579659,0.00023933437256853292
                     0.31874008763718265,                     0.01233186756502967,                0.2542030222343873,            -0.0029378159782360476,            -0.0027572061149699436,      1.7860430567256451,        -0.0458777144062573,        0.03069657808317219,-1801.9326184088827,3.8164524544182648,-1798.1161659544643, 4.116438608425596e-05
                     0.31649518903333385,                   0.0066328274844656724,                0.2539157993162555,             -0.003223251254943123,            -0.0026232962829233018,      1.7859871974511705,      -0.049182395110830036,       0.029570302209385807,   -1801.8976449069,3.7548536870137332,-1798.1427912198862, 4.262951991676901e-05
                     0.32063537804994563,                    0.010316427823956614,                0.2541168044707298,             -0.002664403788556961,             -0.002775692622124858,      1.7833370173768275,       -0.04646606832106153,        0.03252205739270961,-1800.3092353652087,3.7516067485392526,-1796.5576286166695,0.00020871225035940034
                      0.3207861900751832,                    0.012911175127246944,                0.2535593143328446,             -0.002497641344748931,              -0.00260389572607587,      1.7759361501049709,      -0.043959734521624924,       0.035174016347885036,-1800.3510676943356, 3.764420973471868,-1796.5866467208637, 0.0002001614281328558
                     0.31119799774007645,                    0.010424787690837689,                0.2524063387231903,             -0.003280420103092022,             -0.002130952840553652,      1.7770604654854545,       -0.04540402336846638,       0.030160352587277905,-1802.9956059920746,3.8873289834624645, -1799.108277008612,1.4219096483297892e-05
                      0.3178809936532779,                    0.004500606966563441,                 0.253268661829532,              -0.00316254176300468,             -0.002666478832262025,      1.7772121467885833,      -0.049864519748314885,        0.03378034550077124,-1803.3382248211333, 3.641913829798246, -1799.696310991335,1.0094261104205809e-05
                     0.31609440501568015,                    0.006456057874618434,                0.2538664024376368,             -0.003382098380009033,             -0.002407062617866592,      1.7827675324342858,       -0.04904014772913339,       0.030473338449202192,-1800.2820816764283,3.7447948316489112,-1796.5372868447794,0.00021445720319491997
                     0.30856815374284047,                    0.008159655268203673,                0.2523121320962908,             -0.003784400043443455,             -0.002083862781312591,       1.776078976304483,       -0.04722273604609119,       0.029007154037185942,-1802.3818568562097, 3.873193077769666,  -1798.50866377844,2.6267567932954864e-05
                      0.3205294312146817,                    0.009741860390189228,                0.2543542195467004,            -0.0025735692950972027,            -0.0027805610691374666,      1.7887744329557507,       -0.04704708917662776,       0.030596999346477066,-1800.5168729858665,3.7732938443281494,-1796.7435791415382,0.00016957899918295326
                      0.3094227006728009,                   0.0026979538941898913,                0.2513425495702448,              -0.00421005189991724,            -0.0020885886632903126,      1.7583646880343666,       -0.05020581171454034,        0.03567087680232208,-1811.8910133023323,3.6437370831536753,-1808.2472762191787,1.9482545177891543e-09
                      0.3180632947670275,                    0.009701675314210513,                0.2535680281497068,             -0.002961015882840228,            -0.0026675432987147657,        1.77855856050034,      -0.046659277101040945,        0.03315186785019974, -1801.703007257704,3.7496209545041888,-1797.9533863031997,5.1789354589026003e-05
                     0.31424097708349147,                    0.003395180480741904,                0.2535181497698575,             -0.003709546805966985,             -0.002584340765522647,       1.783588844343425,      -0.051817195489340905,       0.029613205058781997,-1802.3262929067118,3.6858966208630575,-1798.6403962858487,2.7768407934735314e-05
                     0.31220375361948155,                    0.002408554882700052,                0.2519881763823955,             -0.003732856884911588,             -0.002495400975381954,      1.7709505802464167,       -0.05106083926415826,        0.03361634291341719,-1804.5512554876454, 3.643719487519263,-1800.9075360001261,3.0009724565924197e-06
                     0.31952793712401917,                    0.009967675332769554,                0.2531911369784889,             -0.002771514232776417,             -0.002895468211426005,      1.7771841910649475,       -0.04674712441777652,       0.034903983191888255,-1801.8822301436207,3.7005552122238337,-1798.1816749313969, 4.329173470446762e-05
                      0.3142380347763205,                    0.011907078552462756,               0.25129057687254996,            -0.0028601257596189453,            -0.0022735432507326194,      1.7600331556349338,      -0.042869988081206775,       0.037885324732430455,-1798.9731566653259,  3.77346976542638,-1795.1996868998995, 0.0007939616899574267
                     0.31529694619572196,                     0.01564341396688218,                0.2517698634221848,            -0.0027808560467318367,             -0.002642118315677771,      1.7668085607958846,      -0.042001380024827596,        0.03651938611930929,-1802.8225800002215,3.8209396716985875,-1799.0016403285229, 1.690504124155138e-05
                     0.31334414891476187,                    0.004990398136030399,                0.2525261162964644,             -0.003755353870347506,             -0.002379460670553921,       1.769243962227542,       -0.04945861157596909,        0.03374026898323696,-1799.8583821214029, 3.684127011868717,-1796.1742551095342,0.00032760537353689826
                      0.3144929042616478,                    0.018604574055522977,               0.25337917837861385,             -0.002968805763006406,            -0.0022139420970273284,      1.7797498746632086,       -0.04091838883292632,       0.030224405866155143,-1802.0130419757338, 3.984099664930575,-1798.0289423108031, 3.798342575554314e-05
                     0.31554590038478303,                    0.012349193298350651,               0.25313352066475164,            -0.0030366297308032416,            -0.0026676329764938576,      1.7800400917277668,       -0.04539448147459723,        0.03162398184382905, -1800.576864229573,3.8322009641358843, -1796.744663265437,0.00015970488548795178
                      0.3170582993605891,                     0.01522900801688737,               0.25308110959630903,            -0.0028673817911639508,            -0.0024211741168913468,      1.7736494583637277,      -0.042450049976617235,         0.0342651490938034,-1805.2121682709717,3.8479627482032375,-1801.3642055227685,1.5496414862957887e-06
                     0.32094648520204394,                     0.01235144295921666,               0.25533536188309264,             -0.002655791348772623,             -0.002917548297826695,      1.7987122325136875,       -0.04658178217715148,       0.027533132668072474,-1798.5082022338188,3.8395958614663255,-1794.6686063723525, 0.0012639406786608231
                     0.31546045814654866,                     0.00442814898836871,                0.2539664514967494,            -0.0035398061951739546,            -0.0026068683086941857,        1.78661892181444,       -0.05120009276577044,       0.028934291244828415,-1803.3478723387157,  3.71029760482143,-1799.6375747338943, 9.997344795321529e-06
                      0.3083197062739522,                    0.008641619909623727,                0.2524068172825871,            -0.0036830135470462635,            -0.0021663468874720073,      1.7799635186295923,       -0.04722381384041013,        0.02776531489817376,  -1802.56021597669,3.8965456679997175,-1798.6636703086901,2.1976548319075102e-05
                       0.318330526263753,                    0.011315878243133785,               0.25331012362776584,            -0.0029565727753186025,            -0.0025950138701911975,      1.7763884965165413,        -0.0457238221625407,        0.03417096536857642,-1801.4703778072858, 3.753090785769649, -1797.717287021516, 6.535370078569211e-05
                      0.3102922003975589,                    0.011985465274413317,               0.25137888946410036,            -0.0032749276355346726,            -0.0024056708172051425,       1.768238821171664,      -0.044266146195038866,        0.03322982831516411, -1799.344576910124, 3.863866492360283,-1795.4807104177637, 0.0005476382634885965
                     0.31904038642418237,                    0.014525184293461283,                0.2552825196904758,            -0.0027754565561009773,             -0.002893762563289714,      1.8001301848542497,       -0.04562605925155097,       0.025799220414420124,-1805.6393995501662, 3.907606481676509,-1801.7317930684897,1.0108507730383742e-06
                      0.3181649912232282,                    0.017283426751612867,               0.25477269644519296,             -0.002642355543169275,             -0.002740662473995725,      1.7959184091089555,      -0.043137574627639425,        0.02684342177953845, -1808.505884816132,3.9637815989996357,-1804.5421032171323,5.7515952196727394e-08
                      0.3151075226985739,                    0.013420908870251602,               0.25337213171939627,            -0.0033618352551675564,             -0.002528119640498876,       1.778564507404476,       -0.04495179830883059,        0.03144989072521515,-1803.4420681157858,3.8508596976304488,-1799.5912084181552, 9.098629158019396e-06
                      0.3101422467755474,                    0.018397289786605864,               0.25266012366304025,            -0.0029777843611331575,             -0.002068375912888492,      1.7815554648169705,       -0.04060904156857825,       0.027568662062973606, -1805.434892364839, 4.066746615633187,-1801.3681457492057,1.2402333050414102e-06
                      0.3139466620480379,                    0.014998329492844036,               0.25367941525020926,            -0.0032239782152780685,            -0.0023755857353055655,      1.7839261436164155,      -0.043886416580835565,       0.028628639155283634,-1801.2083002754257,  3.93984282164467,-1797.2684574537811,  8.49354537654376e-05
                      0.3142529337865453,                    0.016276903624677146,                0.2542718673348951,            -0.0030323021541977992,            -0.0024230149943058887,      1.7925687184782069,       -0.04351993335593409,       0.025758678780657566,-1806.5159533179908,3.9961415721862656,-1802.5198117458046, 4.207310683191571e-07
                      0.3143217055533486,                    0.012654706094717605,                0.2518153437792834,            -0.0032153540052889426,            -0.0024445836798776366,      1.7620288900393533,       -0.04372343957843884,        0.03728976353470051, -1813.518552792863, 3.764258281805637,-1809.7542945110572,3.8266106174121893e-10
                     0.31914560047732304,                    0.013264752347242408,                0.2536765687707116,            -0.0027237452788722027,             -0.002554896694510929,      1.7787767985295058,       -0.04423218658937021,        0.03316178617829447,-1801.1960580485434, 3.810346444216267, -1797.385711604327, 8.598164364150881e-05
                     0.31537979796433085,                    0.007490217271355093,               0.25165340582631085,             -0.003243941848967416,            -0.0022476048279037116,       1.757507225972437,       -0.04620557257887455,        0.03906370249040091, -1802.127483204023,3.6464754083217645,-1798.4810077957013, 3.387606344650929e-05
                      0.3138456179098236,                    0.014281084775439311,                0.2538071907804806,             -0.003240419354386906,             -0.002325100160655268,       1.786943346207989,       -0.04449529814770783,       0.027606437294230443,-1803.0299541402405,3.9417972938315735, -1799.088156846409,1.3738989445741537e-05
                     0.31862008308654105,                    0.016828005008424983,                0.2545603088188757,            -0.0024813666815885903,             -0.002582915109193419,      1.7920792181844427,      -0.042501016713470875,       0.028193250032977738,-1803.3855425374918,3.9545598825464787,-1799.4309826549454, 9.627747928515184e-06
                      0.3135343954201519,                    0.006963027974439572,               0.25233685955668084,            -0.0035379581052454585,             -0.002381134660474879,      1.7685908856526082,      -0.048036873045718895,       0.034096983638128714,-1801.4909526181996, 3.718155267280549, -1797.772797350919, 6.402279922326128e-05
                     0.30965983516201484,                    0.012391362343333014,               0.25201714295780797,            -0.0034879206202861157,             -0.002161798287123352,      1.7720566751173956,      -0.044128412188845625,       0.031000772318463963,-1802.9045657786332, 3.916252461926773,-1798.9883133167066, 1.557436194703428e-05
                      0.3147803540695912,                    0.016048393563898075,               0.25223833021839565,            -0.0030008321443969217,            -0.0023956386782001534,      1.7664028285681175,       -0.04174560588428675,        0.03562875969029694, -1813.986668564467,3.8508078566234913,-1810.1358607078434,2.3961509605210236e-10
                      0.3122095562870436,                     0.01656902852152611,                0.2524246074846003,             -0.003092238392781581,            -0.0020338550348278027,      1.7718511693819512,       -0.04140046919145265,       0.031710219283554275,-1807.1671672748857, 3.957777940151286,-1803.2093893347344, 2.193744045866359e-07
                     0.31747245163991716,                    0.013205816966572987,                0.2543023548978416,             -0.002761161729306589,            -0.0024554533061915485,       1.788958565276597,        -0.0444386046136113,        0.02871709869799548,-1801.1120573141056,3.9010511445710776,-1797.2110061695346, 9.351618864347033e-05
                     0.31655136200440703,                     0.01459023044520286,                0.2529692887991925,             -0.002960506673220266,            -0.0026743694197620274,      1.7740494485759417,       -0.04362107531794046,        0.03406096416781381,-1812.1734570629956,3.8245522069602726,-1808.3489048560352,1.4688651443219786e-09
                      0.3175392458653056,                    0.007908446576208891,                0.2533271618323401,            -0.0031829774147551556,             -0.002439654479697571,       1.775456533803166,      -0.047524773101964055,         0.0339485458940024,-1802.1561396052698,3.7110833929521876,-1798.4450562123177,3.2919074793319915e-05
                     0.31900158064203427,                      0.0111702977117927,                0.2543605485987609,            -0.0027641425193628637,            -0.0025018423667975756,       1.786681199570185,      -0.045656882307493214,        0.03032486045917993,-1803.2971676454968,3.8280135296591355,-1799.4691541158377,1.0517328503103833e-05
                     0.30949647633062666,                    0.012349340592923206,                0.2523082495038645,             -0.003318844687521772,             -0.002066635052798788,      1.7789020726480334,       -0.04432586275088953,       0.028587296915251765,-1801.3795120136497,3.9564350996048154, -1797.423076914045, 7.157027701829591e-05
                     0.31100139139211563,                    0.010775894111467711,               0.25215672624478247,             -0.003425469749812306,            -0.0023484292749001625,      1.7726858873086422,       -0.04550162090928363,       0.031414695006880676,-1800.9682870994234, 3.861944153140519, -1797.106342946283,0.00010797554610814907
                      0.3171437458470433,                    0.014871092482993052,                0.2527321351999149,             -0.002904075920614101,             -0.002562303957741206,      1.7714370096486056,      -0.042999633037331425,       0.035515110476057384,-1802.5077636776564, 3.805784354608961,-1798.7019793230475,2.3160035796676707e-05
                     0.32129458331548616,                     0.01494869953084992,                0.2539869222317093,             -0.002611133048731342,            -0.0029278342659943817,      1.7795921869604792,       -0.04376940906618344,        0.03448292967925388,-1814.4001702497949,  3.78137195702043,-1810.6187982927745,1.5846475206755958e-10
                      0.3177205430579252,                    0.017018332294656695,               0.25393163633637583,            -0.0027923957149354047,              -0.00277437716290639,      1.7863746029186356,       -0.04293446476597531,       0.030461756561128206,-1808.0079335511323, 3.907529460193326, -1804.100404090939, 9.463369568734082e-08
                     0.31716072616346963,                    0.008912667534488251,               0.25215238280041674,            -0.0028650574808576166,             -0.002511758611528381,      1.7644952796078408,        -0.0456168246970767,       0.037549179592402185,-1799.9061817086526,3.6880612829309283,-1796.2181204257217,0.00031231433584947676
                      0.3148803238173311,                    0.011035455510865273,               0.25366255079050193,            -0.0032102425257250753,             -0.002385904323448167,      1.7836089481615767,       -0.04600942608385141,        0.02939754937489107,-1801.5728108347043,3.8614719568092735, -1797.711338877895, 5.899077296670978e-05
                      0.3197639245355014,                    0.014186253444402068,                0.2530473891368097,             -0.002617943198507369,              -0.00296075892234348,      1.7746066061916592,       -0.04376252590373466,       0.035890748463613786,-1802.6287238547516,3.7605563754245592, -1798.868167479327,2.0521395426547093e-05
                      0.3157297475649961,                    0.012165677963781596,                0.2533051309457195,            -0.0030852432248604884,            -0.0024446232133488945,      1.7766099653419911,       -0.04485652184381937,       0.032069836962630174,-1802.8563179894877,3.8372285166362374,-1799.0190894728514,1.6344212947069556e-05
                      0.3101207099652732,                    0.008065032314162904,                0.2517970006777554,             -0.003551120726871762,             -0.002103713452669329,      1.7695785362216783,       -0.04669073569586796,       0.032331064570773727,-1802.5414719148798,3.8152954798610175,-1798.7261764350187,2.2392362952453088e-05
                      0.3161775291340456,                    0.015894741237741573,                0.2518967196472773,            -0.0026465580501636304,             -0.002573868853052723,      1.7654671103678932,      -0.041563764027596165,        0.03697444182617181,-1803.7070164780348,3.8161291721718635,-1799.8908873058629, 6.980882894441894e-06
                       0.314197225037075,                    0.005064406066061485,                0.2522360088386149,             -0.003682191642999811,            -0.0026984644110328673,      1.7684781979482893,      -0.049799013271925804,        0.03530812800777585,-1803.2672248425756, 3.634658239074721, -1799.632566603501,1.0837008978117779e-05
                       0.320193761444876,                    0.017736748192144127,               0.25379623882687097,            -0.0025117264396022194,             -0.002951905560951317,      1.7820861156330483,      -0.042384561458178024,         0.0332738061882745,-1809.9995051678902,3.8502592109238747,-1806.1492459569663,1.2915678837074117e-08
                      0.3121576999591761,                    0.005712026388812975,                0.2526124750231644,            -0.0037419543897473945,             -0.002348121051203695,       1.772702476955668,       -0.04906759197068903,        0.03200189747494915,-1800.0063444626971, 3.739083769869337, -1796.267260692828, 0.0002825477077410668
                      0.3174352596577918,                    0.008270017226339892,                0.2535284702716373,            -0.0032639377126789126,             -0.002922868505409421,       1.781236806345141,      -0.048643670984074704,        0.03247421886091734, -1798.512542187636, 3.709277331281271,-1794.8032648563546, 0.0012584671205737308
                     0.31567380040990894,                     0.00811035741761685,                0.2541187140233543,            -0.0031142843475085707,            -0.0025745337468051966,        1.79287523744542,       -0.04853724210242337,       0.026946567306063245,-1803.5108815155422,3.8256186294326833,-1799.6852628861095, 8.493578101196864e-06
                     0.31667658522480374,                    0.020449066252335894,               0.25311953741058313,            -0.0024022240520236516,            -0.0026650554708190256,      1.7822012126288633,       -0.04003335328236826,        0.03127922705923034,-1812.0467660147492,3.9717227897769445,-1808.0750432249722,1.6672592994257649e-09
                     0.31777881440783345,                    0.010962996282930085,               0.25224947750177384,             -0.002935895002079861,             -0.002844205893490479,      1.7667768769568668,       -0.04551869929016702,        0.03787164993570665,-1805.3771175653505,3.6794153520251154,-1801.6977022133253,1.3139978852134342e-06
                      0.3144665982293887,                    0.008232845031811835,               0.25235438852911773,            -0.0034000024222546653,            -0.0023367616140669762,      1.7686822983801425,       -0.04693330987625517,        0.03494948664736209,-1801.2794205666883,3.7263066983259927,-1797.5531138683623, 7.910462230583426e-05
                      0.3189626114262658,                     0.00849140091256646,                0.2528120938982931,            -0.0026055252112242864,             -0.002674224878527587,      1.7736900280025911,       -0.04650099410038536,        0.03541104964362447,-1802.5955479185736,3.6999946343345393, -1798.895553284239,2.1213631225990722e-05
                     0.31554064053315634,                    0.014790048473436653,               0.25185796431909074,            -0.0025906847636842124,            -0.0023706853969918066,       1.766874362262077,       -0.04182736543795745,        0.03599720009608708,-1801.4521603475573,3.8355934611001974,-1797.6165668864571, 6.655519001005526e-05
                      0.3126898965636555,                    0.010328996444234892,               0.25352290254925575,              -0.00337032845835974,             -0.002305433326959452,      1.7859140262433355,       -0.04657921168100936,       0.027415706569599383,-1802.1786520372257,3.8940327442257163,-1798.2846192929999,3.2186265965703007e-05
                      0.3125738938734353,                     0.01068031031257933,               0.25347457634399156,             -0.003238530449751942,             -0.002517643204109286,      1.7895553588584483,       -0.04675472637094472,       0.026656699416512955,-1798.3263994316626,3.9024129170977453,-1794.4239865145648, 0.0015159422083317145
                      0.3134881873923534,                    0.017443806165537788,                0.2536954206150683,            -0.0029115191400750856,             -0.002450363857496354,      1.7903673468239079,       -0.04234052237306251,        0.02647755637785373, -1805.698594835682, 4.020287784462017,  -1801.67830705122, 9.527497899485056e-07
                      0.3148883736299364,                    0.007723104351994735,               0.25175375222689456,             -0.003304586195171492,            -0.0022344247061431197,      1.7581253514968471,       -0.04605159911097707,        0.03858094288495457, -1803.796422873605, 3.665719847569675,-1800.1307030260355,6.3838349261466795e-06
                      0.3183499545187824,                    0.010349505761847793,               0.25387329656383695,             -0.002979202736836632,            -0.0028279202038451676,       1.783478537301889,      -0.046951702096249374,       0.031837938736853484, -1801.479272674423, 3.766019283720464,-1797.7132533907027, 6.477496600050432e-05
                     0.31024334673109333,                    0.013900141767681723,                0.2521766067069197,             -0.003272118585794372,             -0.002073289535551473,      1.7735078362402688,      -0.042958057298266954,       0.030334239417202608,-1804.5482958949283,3.9565476061181526,  -1800.59174828881, 3.009867268837512e-06
                      0.3129968244956547,                     0.00931338141143375,               0.25245227653800933,            -0.0035555781104698297,              -0.00250629519775838,      1.7715788713752647,      -0.047069804905303575,        0.03313083646566302, -1803.914691747977, 3.770290810649543,-1800.1444009373274, 5.671763702472214e-06
                     0.31751772804472456,                    0.011012798399928695,                 0.252774858828557,            -0.0028095860244113633,             -0.002396720666392845,      1.7716992233970317,       -0.04490139686388685,       0.034913237120518546,-1801.9125042866985,3.7651611391185478,  -1798.14734314758, 4.200075478891405e-05
                     0.31462310840965535,                    0.018791558690598432,                0.2525028603517297,             -0.002654999242402473,             -0.002420625081939117,      1.7745573096058136,      -0.040199259802224926,       0.032700817851548124,-1804.2181955854935,3.9525931000390795,-1800.2656024854543, 4.187049421355865e-06
                      0.3199687916829333,                    0.018025626145858113,                0.2536452443206152,             -0.002236779023314999,            -0.0028320884967760972,      1.7832403420149767,         -0.041398778762939,       0.032695893464150846, -1800.208880020989,3.8889038768351103, -1796.319976144154, 0.0002307446885683528
                      0.3174005348953779,                    0.008398246736835365,               0.25247738648617934,            -0.0033643737407781935,            -0.0026889602415075594,      1.7648486412061413,       -0.04744265384904315,        0.03800365679858345,-1801.3924193837997,3.6236252723044293,-1797.7687941114953, 7.065242920458232e-05
                      0.3202563301965794,                    0.017734140520771727,                0.2539750817320606,            -0.0021673201670890214,             -0.002869491459319421,      1.7879576280199205,       -0.04197752564722678,        0.03092181275264686,-1803.0170503335617,3.9073604936565816, -1799.109689839905,1.3917423472719477e-05
                       0.314797888016097,                    0.016444941271360793,               0.25240456283946844,            -0.0029291309584964023,              -0.00259147616254269,      1.7733321164353342,        -0.0423126480143862,       0.033762393632487064, -1807.570520097905, 3.876258340066456,-1803.6942617578386, 1.465588504078491e-07
                      0.3192500823819747,                    0.014202646792942872,               0.25461303551602227,            -0.0027720962839169745,            -0.0026822773629119794,       1.789407268633679,       -0.04461892064286653,       0.029457564959359903,-1801.9170418948593,3.8713679863337056,-1798.0456739085255, 4.181060356336991e-05
                     0.31416705285163066,                     0.01571401106761843,               0.25218232863472023,            -0.0031439728179102518,            -0.0023389607252364765,      1.7662127378743016,      -0.042115334329039945,        0.03529936716397328,-1804.0381976885242,3.8524564124753162, -1800.185741276049, 5.012797725417904e-06
                     0.31716941757329564,                    0.013405819552474113,               0.25398875514822994,            -0.0028750026172983515,               -0.0023918631171474,      1.7860483131306166,      -0.044622375252234864,       0.029653522741474425,-1802.8453033308756, 3.880768928092031,-1798.9645344027836, 1.652523398527411e-05
                       0.313531432815814,                    0.011402861837041837,                 0.251304656130234,            -0.0029844838138268423,            -0.0023356483359069716,      1.7608952522708208,       -0.04371793175500163,        0.03734467670241381,-1803.9971075836215,3.7679355536213435,-1800.2291720300002, 5.223064467413493e-06
                      0.3194485565831118,                    0.004355399326933111,                0.2548333814826507,            -0.0030822395539908624,            -0.0028272695700669835,      1.7933587257437071,      -0.051299608088673086,        0.02867639385959794,-1802.3638332476453,3.6863846777866187,-1798.6774485698586, 2.674529655974028e-05
                      0.3160160856138242,                    0.014965404743018234,                0.2539443979472638,             -0.002823069060928937,            -0.0024749295945432504,       1.788526928016766,       -0.04366069630961933,       0.028088689567486107,-1801.9815044231414,3.9423339414899505,-1798.0391704816514, 3.920041967930002e-05
                     0.31371159109395697,                    0.012532338367494128,                0.2541046034569484,            -0.0031789978157414286,            -0.0023275053993160122,      1.7911935223584374,         -0.045530078111757,        0.02582336249087429,-1801.0538051890567,3.9436747679855024, -1797.110130421071,   9.9125496317478e-05
                       0.315933032984224,                    0.016129253085873943,               0.25181067573269583,             -0.002686155761439922,            -0.0024045725101497282,       1.762679156281839,       -0.04097931144234738,        0.03768206364021168,-1804.2734470250057,3.8160219283371424,-1800.4574250966684,  3.96198376654262e-06
                     0.31629424849535454,                    0.013496190937012651,                0.2532597890312268,             -0.003069100923577206,            -0.0025947539223472814,      1.7763466771630523,       -0.04426002727260629,        0.03303335762834929,-1803.0971784002372, 3.830508151836961,-1799.2666702484003,1.2845755888653973e-05
                       0.311546351467193,                     0.00457578316771632,                0.2518953814389496,             -0.004006972763294997,             -0.002440814575182774,       1.764797794181547,      -0.049969693049675266,        0.03500365458085933,-1803.1611460817662, 3.652690894186864,-1799.5084551875793,1.2049772670244592e-05
                     0.32096912507140557,                    0.013833902499741237,                0.2536908169644149,            -0.0027380760103270507,            -0.0028744059410025944,      1.7761617237020428,       -0.04444333247839136,         0.0354451485794196,-1812.5138962232827, 3.744222555910907,-1808.7696736673718, 1.045035578955431e-09
                     0.31202702348886713,                    0.017545500482122396,                0.2521949855009003,            -0.0028099984584965773,             -0.002157689885685047,       1.774681716520251,       -0.04059484674272363,        0.03104214665503938,-1801.1382534007384, 3.992088822423272,-1797.1461645783152, 9.109823914335935e-05
                      0.3168702807843452,                    0.017247325595381485,               0.25466961156624235,              -0.00274498173827649,            -0.0025134608122389214,       1.793430542081326,         -0.042760196179851,       0.026674551301701706,-1806.2583599570357,3.9847403433855373,-1802.2736196136502, 5.443471561076133e-07
                     0.31254353237799537,                    0.011629877825059696,                0.2538740395349648,             -0.003266852326558821,            -0.0022813762057941624,       1.792546306294244,       -0.04613159943638246,       0.025210870623774424,-1803.1465223244736, 3.943723587294949,-1799.2027987371787,1.2227280372596594e-05
                     0.31777367502344744,                     0.01827211749999267,               0.25372388941244467,            -0.0027401131783875207,            -0.0025499721548578073,       1.781331744694321,       -0.04151246336019708,       0.031701584784365126,  -1800.16889907231,3.9199033443659292,-1796.2489957279442,0.00024015698259824322
                      0.3205116123570063,                      0.0115604692136589,               0.25433489463921505,            -0.0025304187282348275,              -0.00256070987049284,      1.7850803490642972,        -0.0453148136269129,         0.0315707577701472,-1802.6062681819635, 3.803826347348746,-1798.8024418346147,2.0987430145696613e-05
                      0.3138504425805127,                    0.017641634942337694,                0.2526977140150089,             -0.003031925154522207,            -0.0024726133468519693,       1.775528761386334,       -0.04164829232664337,        0.03192766128649308, -1803.101894698832,3.9368350719491234,-1799.1650596268828,1.2785314110979476e-05
                     0.31816403869836624,                    0.013237792950970674,                0.2530297866937108,             -0.002905217465157522,            -0.0026874841202044124,      1.7731555790723648,      -0.044253525612625334,       0.035464091007039296, -1801.458435156584, 3.766910834360384,-1797.6915243222236, 6.613887641312683e-05
                      0.3160996353965079,                     0.01582453592001056,               0.25413486891918946,             -0.002805256133437305,            -0.0023307071168012106,      1.7892710767353506,       -0.04297427179510967,       0.028002559272833065,-1800.3896960692614,3.9614860030698207,-1796.4282100661915,0.00019257694857703766
                      0.3194041914393857,                     0.01693104993653421,               0.25328761465022964,             -0.002624739864125831,            -0.0027815811785587615,      1.7750947153029046,       -0.04238448789739088,        0.03499543352384886,-1810.7139887080107,  3.81871610931952,-1806.8952725986912,6.3215121700794755e-09
                     0.31917602284776747,                    0.010037143255844323,                 0.254143234904802,             -0.002656490879455185,            -0.0025379536853776304,      1.7854969314109743,       -0.04601992465094607,       0.030984369986708424, -1803.402621272969,3.8040346267288845,-1799.5985866462402,  9.46471433503792e-06
                     0.30978000681975265,                     0.01676517765616276,               0.25301186868374415,            -0.0031835972117753263,             -0.002171679548910366,       1.786691634583736,      -0.042302549398511025,       0.025962671917263442,-1806.0400555501815, 4.052859826941276,-1801.9871957232401, 6.771491811123943e-07
                     0.31476071818401713,                     0.01760294026651249,                 0.253825009925862,             -0.002850041291088252,            -0.0025059990215876965,      1.7887959169477032,      -0.042446031494261884,       0.027581528689609832,-1810.0444745576083,3.9908755833907876,-1806.0535989742175,1.2347734406254594e-08
                     0.31230711609607853,                    0.002652224007784761,                0.2515403971631746,              -0.00373611423361495,            -0.0025894294457234983,      1.7659652542188633,      -0.050910816411087904,        0.03564557210416201, -1806.866954384685,3.6040295630592976,-1803.2629248216256,3.0583218262885474e-07
                     0.31645211473414825,                    0.009984333211658179,                0.2527396533988117,             -0.003192477320530482,            -0.0025671415359362227,      1.7708854827481437,      -0.046333294009142885,        0.03518691183907822,-1802.6934829515499,3.7258557104855683,-1798.9676272410643,1.9860894202092915e-05
                     0.31667683555781956,                    0.019603941341991133,                0.2537528499588458,            -0.0025777185839303404,             -0.002380132158642514,      1.7837403116976018,       -0.04035567792419402,        0.02993037888076725,-1804.2995926886529, 3.989646303725336,-1800.3099463849276, 3.985420971890327e-06
                      0.3219845022564157,                    0.013018309641917632,               0.25393085320324327,            -0.0025619930321893435,            -0.0029746285228576703,      1.7796072669092835,       -0.04503462420606257,       0.034985598742327685,-1799.3681567168082,3.7315025353399207,-1795.6366541814684, 0.0005522931187822574
                      0.3157614136261871,                    0.012130275023704937,               0.25372577436438887,            -0.0028115515112026365,            -0.0023118627129722325,      1.7853610855193378,       -0.04468417042889309,        0.02911080024833651,-1800.7559722409783,3.8979867545573796,-1796.8579854864208,0.00013786340738974664
                      0.3202584197974196,                    0.009873604184501653,                0.2539970538285901,             -0.002707037089189627,            -0.0027186485645084722,       1.781670651104023,       -0.04649528168045286,        0.03318518446139207, -1799.406460402061,3.7395992548975645,-1795.6668611471634, 0.0005315382877646381
                     0.31996901794617644,                    0.012982288143076953,                0.2543584052162716,             -0.002774295724485009,             -0.002808526308384579,      1.7873549576547625,       -0.04557434559666071,       0.031028042227411554,-1802.1802880548116,3.8106840851570096,-1798.3696039696547, 3.318000978348872e-05
                      0.3153651030669541,                    0.014497786565169856,                0.2522770160948911,             -0.002935682685725095,            -0.0024447364462723523,      1.7696065275495014,       -0.04270568394644481,        0.03528191504696874,-1802.8588723618745, 3.829955046760445, -1799.028917315114,1.6833370786652077e-05
                      0.3221562245583515,                    0.009709603923321703,               0.25402573916272037,            -0.0025241542826821197,            -0.0029246391288222503,       1.780846974014877,       -0.04671798160730811,        0.03450830948891055, -1801.552080927931, 3.693154136589605,-1797.8589267913414,  6.21875430079627e-05
                      0.3158681989218275,                    0.014172154768801274,                0.2528726601106167,             -0.002685019345172058,            -0.0023428742474747347,      1.7760557871965528,       -0.04292861495985714,        0.03242695500682587,-1800.8510844710813, 3.880973802149202,-1796.9701106689322, 0.0001253551819193285
                     0.31721106450452413,                    0.008336385033503592,                 0.252235331331392,            -0.0028379029707939233,            -0.0025195648176917665,       1.767702540854564,       -0.04624288718971435,       0.036728617258015864,-1800.6530992015737, 3.688895840210712, -1796.964203361363, 0.0001528010017797627
                       0.313731723405482,                    0.007814315112177683,                0.2514200202661896,            -0.0031872551480271066,            -0.0023481672596380263,      1.7604226432264038,      -0.046082552822743726,       0.037281201122145266,-1799.7853983899154,3.7027605872146707,-1796.0826378027007, 0.0003638847674289466
                     0.30939280860676005,                     0.01679157493901365,                0.2522147556643145,             -0.003235061884382931,            -0.0020995217604607833,       1.776291867583255,       -0.04158500074761075,       0.028939619409593678,-1801.1700208654997, 4.022958383185966,-1797.1470624823137, 9.112341248933153e-05
                     0.31241124698316514,                    0.017609564772370453,               0.25227142527707147,             -0.002894335346714389,              -0.00207356408364315,      1.7715458622553295,       -0.04043912181709712,        0.03179698020279279,-1800.6092160493195,3.9788425883345937,-1796.6303734609849,0.00015965569417120422
                     0.31530967471058025,                     0.00562742769684361,               0.25162752485575796,            -0.0031705441963887945,             -0.002384158907614625,      1.7617167966163656,      -0.047577839060764245,        0.03802171410369893,-1800.0147238947789, 3.632069092723867, -1796.382654802055,0.00028931375008282894
                      0.3188889083781334,                    0.010902388924380125,               0.25428735230540644,            -0.0030575209618590605,            -0.0029137349568660277,      1.7874356262383597,      -0.047375071558751536,       0.030602536889454256,-1800.7100638939378,3.7743305649402252,-1796.9357333289975,0.00014434001628920159
                      0.3174644874746806,                    0.011416068363688034,                0.2523855472963898,            -0.0028836533924134562,             -0.002572311250168048,       1.768414068734887,      -0.044767828790442596,        0.03687077830623321,-1801.4016471697255, 3.725494784504965,-1797.6761523852206, 7.228296346741265e-05
                      0.3146944407920211,                    0.016526540588950627,               0.25373001666741013,            -0.0028191291954794543,            -0.0022063438189123194,      1.7852346829442953,        -0.0421607568181592,       0.028296785143214435, -1799.346142937135,3.9863857542836847,-1795.3597571828514, 0.0005645859876377668
                     0.31658980034195544,                    0.010551889193420072,                0.2526141413271753,            -0.0028853624976697724,             -0.002675737473917979,      1.7743142369001033,       -0.04583195992676435,        0.03410274549748905, -1797.072899116924,3.7625350178948223,-1793.3103640990291,  0.005482609855153195
                      0.3180952296251818,                    0.015446851234699218,               0.25483449414899045,            -0.0027679832635240037,             -0.002610506099804462,      1.7947479744085404,         -0.044153859656126,       0.027137263729949637,-1802.8464743147028, 3.932130704624928,-1798.9143436100778,1.7043370816918325e-05
                      0.3135757859232628,                      0.0092684034349983,                0.2533230103841147,            -0.0034042959119319847,            -0.0023872533843135204,      1.7816017875875452,       -0.04719292967573297,       0.029652382903682988,-1799.6761685002934,3.8310086595063586,-1795.8451598407871,0.00040588389026909087
                     0.31511086717871095,                    0.011818362500776922,                0.2531652253943214,            -0.0030208533122887318,             -0.002239192562403906,      1.7766913530713226,      -0.044542896358500304,        0.03176977514305878,-1801.8776878536369,3.8556437158179264, -1798.022044137819, 4.490493864522315e-05
                      0.3184127776470549,                   0.0057635494643776255,                0.2529505001489949,             -0.003128105762960756,             -0.002920777428589093,       1.774864075986863,        -0.0496186507500644,        0.03542963489490994,-1803.7233081305071, 3.610657375877923,-1800.1126507546292,7.0917171462973504e-06
                      0.3181890726514879,                    0.018647844345717486,                0.2531549700221141,             -0.002418168018746138,            -0.0026013377325449383,      1.7774018458120218,      -0.040651558167076274,       0.033332297701654856,-1798.3909210424222,3.9058416625081933, -1794.485079379914, 0.0014674985916562962
                      0.3142634287879705,                    0.002330077937334061,                0.2517354731440112,            -0.0038157820153842826,             -0.002283216730953038,      1.7565208487791375,      -0.050107361416635035,        0.03883896400822078,-1813.8721987345912,3.5427938698310375,-1810.3294048647601, 2.774241209584703e-10
                     0.31474809800970227,                    0.017407724239146445,               0.25195609106491723,             -0.002673555236810414,             -0.002303005289730229,       1.766839662222038,       -0.04042685274461449,        0.03523311106212793,-1799.6601438793782, 3.892726273406023,-1795.7674176059722,0.00041244041838221464
                      0.3185256664013231,                    0.008755690140067338,                 0.253410426623448,            -0.0029902097306870276,             -0.002963513553497869,      1.7806866089385012,       -0.04794143435724064,       0.033360076513072406,-1802.8683523577088,3.7050227349266986,-1799.1633296227822,1.6674544527335762e-05
                      0.3129747954880984,                      0.0124114734298491,                0.2519319561528349,              -0.00301378922568285,             -0.002406513083227783,      1.7703149044483766,       -0.04384940109394631,        0.03337982189659906,-1801.5244609498654,3.8552762392274036, -1797.669184710638, 6.392910177643761e-05
                      0.3158832306418478,                     0.01308694144909532,                0.2519268058696491,             -0.002674951310878606,            -0.0021885922425767734,       1.763311701529912,       -0.04227862065492488,        0.03694523756433894,-1802.3896428209814,3.8003781392518214,-1798.5892646817297, 2.691255249996084e-05
                     0.31582704503247083,                    0.014313376101619278,                0.2536656815952799,            -0.0030759895017757432,            -0.0027294484966092873,      1.7859376924737287,      -0.044895761218969044,        0.02959286145347879,-1801.6002446314255, 3.882973024005699,  -1797.71727160742,5.9263345965254544e-05
                      0.3178432373881477,                     0.01053853318073636,               0.25276795776563815,              -0.00306727408339887,             -0.002496066322509846,      1.7679902638712426,       -0.04543856956255277,         0.0367354880582566,-1800.7834988251766, 3.707653893451587, -1797.075844931725,0.00013412025317323603
                     0.31799104287633356,                    0.008150375535574078,                0.2533485864144167,            -0.0033137869358350553,             -0.002653044718457082,      1.7737100668230428,      -0.048077487556329256,       0.034829083333763944,-1800.3180338719117,3.6731583431946375, -1796.644875528717,0.00021362064659917238
                      0.3181029010607581,                    0.014496986288097998,               0.25430110119340865,             -0.002935767639674318,            -0.0026006706697824875,      1.7854748664217364,      -0.044302624774127164,       0.030297387339086816,-1801.4501638321476, 3.871713366637965,-1797.5784504655096, 6.885974827425458e-05
                      0.3123920095833204,                     0.01321248201478329,               0.25280516750644255,            -0.0031204143683429683,            -0.0021264361058933256,      1.7779396918633874,       -0.04357699517934588,        0.03023018709611285,-1799.9505444733873,3.9286011520686994,-1796.0219433213185,  0.000308490534656341
                     0.31223253320440914,                   0.0074532943781218195,                0.2515582404117523,            -0.0033393387103506605,             -0.002234825203630823,      1.7647745299107553,      -0.046596113606262826,        0.03507485855149755, -1802.006407549467,  3.74719260683222,-1798.2592149426348,3.9481337226142204e-05
                     0.31857496339259245,                     0.00881759078495243,               0.25331913037981557,            -0.0028361001326424884,             -0.002633284617334978,       1.776200541177409,       -0.04685536299495341,        0.03402710282397146,-1801.4702865413606, 3.722279782113195,-1797.7480067592473, 6.748795200106502e-05
                     0.31259589247175035,                     0.01614683494765901,               0.25199220005291134,             -0.003177280914292987,             -0.002241481519501787,      1.7671507963802935,      -0.041485487595027085,        0.03405615715613551,-1801.6402020666696,3.9053986472324365,-1797.7348034194372, 5.694202060387232e-05
                      0.3173215976440997,                    0.008237303177166108,               0.25240347435931393,             -0.002952350271668819,             -0.002610459644244365,      1.7694958783202468,       -0.04673100439046555,        0.03632303719493737,-1802.9043212331121, 3.683522061715956,-1799.2207991713963,1.6085438171530512e-05
                       0.311845911862652,                    0.013565074158252878,                0.2528362656478907,            -0.0030933490758378655,            -0.0020621009011460873,       1.778348621089344,       -0.04317052466568279,       0.029370330211699117,-1798.2753350799835, 3.958821055883626,   -1794.3165140241, 0.0016473126702541412
                     0.31941962747133434,                    0.015377386410233267,                 0.253551018719648,             -0.002672581729773133,             -0.002708828227275261,      1.7769274333393648,       -0.04292639347636053,        0.03440154766982039,  -1799.43410835012,3.8175176089185614,-1795.6165907412014, 0.0005170436417118603
                     0.31537425973583094,                    0.012097937331192377,                0.2522133304750169,            -0.0028179772408306195,             -0.002289385074328416,       1.767013512143572,       -0.04343461829416137,        0.03553752305437386, -1801.698180260801,3.8049668945971016, -1797.893213366204,  5.37345064645978e-05
                     0.31754321055046353,                    0.007777935881223959,                0.2529739315365872,            -0.0028704829777174783,             -0.002525845678247032,       1.774699888287191,       -0.04711143874943149,        0.03410404739488362,-1800.5312761914097, 3.719702917936794, -1796.811573273473,0.00017259700789721332
                     0.31246035241823117,                    0.009341319511744288,                0.2511952328921848,             -0.003268632968942438,             -0.002420109270912882,      1.7623569205701983,        -0.0455680787601847,       0.036401977794283794,-1800.4332070748037,3.7455184236353376,-1796.6876886511684,0.00019038123458175774
                     0.31383972422711676,                    0.008050092871594281,                0.2527928084158809,             -0.003279502104034198,             -0.002341045065688823,      1.7762560217430063,       -0.04724394669873647,        0.03169158307362225,-1800.4885825387114, 3.788773949853011,-1796.6998085888583,0.00018012536770823826
                      0.3183133957308902,                   0.0031441099915632546,                0.2531910703446584,            -0.0033516348891839327,            -0.0025933819558655834,      1.7716864558813639,        -0.0506447765323373,        0.03588930036640701,-1800.7914317290802, 3.569045880756076,-1797.2223858483242,0.00013306049911445197
                      0.3182021486601608,                    0.005232398648389947,                0.2538832318801977,            -0.0032164117547249962,             -0.002820267472111263,       1.783909440107467,      -0.050344701841225456,        0.03169967863321231,-1801.3928740311617,3.6676019534571482,-1797.7252720777046, 7.291990181057051e-05
                     0.31960100474403524,                    0.010844523586708678,                 0.253831151253615,             -0.002684804601942159,            -0.0027309737379617315,      1.7817440008522185,       -0.04594054315417389,        0.03287006204382111,-1800.8026046042628, 3.766073766058295,-1797.0365308382045,0.00013158210510134488
                      0.3161660681344472,                    0.009613801932782487,               0.25159769114889896,              -0.00288128442222029,             -0.002257787133941505,      1.7590949043498711,      -0.044494105413329724,       0.039066829798758265, -1801.416807505438,3.6892100946599573,-1797.7275974107781, 7.119539426218862e-05
                     0.32139005444408725,                    0.011429755828623484,               0.25364162521888023,            -0.0026967892910736797,             -0.003077418206918916,      1.7785684102253638,       -0.04611998481639708,        0.03522331194168268,-1802.2919065789088,3.6997967342093423,-1798.5921098446995,2.9675715622155907e-05
                      0.3107714568084223,                    0.013437080662655986,               0.25328364888175825,             -0.003302230869431687,              -0.00230401583158128,      1.7877803563864143,      -0.044648393781363316,       0.026179246724921938,-1800.2956011426018,3.9807777963436117,-1796.3148233462582,0.00021846689479766303
                     0.31464184484282953,                     0.01599761773230859,               0.25315442186048676,             -0.002778110353008203,            -0.0022189759193429093,      1.7789011039052323,      -0.041791796748650877,       0.030771958024931188,-1799.8620473134802,3.9508383978431985, -1795.911208915637,0.00033703551850462765
                      0.3125172928177708,                    0.012542240180717623,                0.2530674327375381,            -0.0030578033407553545,            -0.0021062841728528114,      1.7808219905617957,       -0.04405927336379314,        0.02892004444297908, -1798.601779000844, 3.938913405908447,-1794.6628655949357, 0.0011885111087125023
                      0.3150744908611367,                   0.0030659122258909805,                0.2523002364044594,            -0.0035492529058857637,             -0.002415155496232751,        1.76591562750432,       -0.05012053246206104,       0.036292551964028745,-1801.0054282690248,3.5968183833018577, -1797.408609885723,0.00010742655077153087
                     0.31960112905701565,                    0.008916315436904042,               0.25329205921702835,            -0.0028096898577704755,            -0.0029322919774209897,      1.7766280930573268,      -0.047252397953179134,        0.03481791845467231,-1801.8859703201974,3.6874076692409234,-1798.1985626509565,4.4534550971608104e-05
                     0.31546421332868557,                    0.012176439874642304,                0.2535938424800368,             -0.003409647280991185,            -0.0024988089445376165,      1.7788482645222883,      -0.045783048950602694,        0.03126687910478915,-1801.2217631297576,3.8290052070758858,-1797.3927579226818, 8.652838450505453e-05
                       0.317132910475902,                    0.004803002324334919,               0.25395205020285894,              -0.00328327082858695,            -0.0026550191185551963,       1.784619098961814,        -0.0503475845799075,       0.030567304538938012,-1800.0433175267467,3.6962033624157327, -1796.347114164331,0.00028115837078950006
                       0.320725380038928,                    0.008839227708568535,                0.2551704166985282,            -0.0027108084378476213,            -0.0028253377584719925,      1.7963165251565971,       -0.04834308284743285,       0.028090971575318008, -1801.104544985215,3.7797414171288155, -1797.324803568086, 9.728945909173568e-05
                     0.31686188788578185,                    0.011714880359966704,                0.2542991606677886,             -0.003271724745621361,            -0.0025696816210968344,      1.7862533793422852,      -0.046386674387706855,        0.02944303250025052,-1805.6294354399656, 3.837488400541239,-1801.7919470394245,1.0542189852907116e-06
                     0.31710400420091617,                    0.008733257252692566,               0.25308428970793534,             -0.003099638325000136,             -0.002840350976877769,      1.7770937441849615,      -0.047613283707509134,        0.03347017386777099,-1801.6926923813458,3.7214414057112863,-1797.9712509756346,5.4030205597139813e-05
                      0.3078316191001126,                    0.009161110420789167,                0.2516248948327069,            -0.0036960180425355395,            -0.0021236026845575166,      1.7716976875618264,      -0.046230939128748344,       0.030429616850514738, -1801.455743286006, 3.879950819114769,-1797.5757924668912, 6.847661830795085e-05
                      0.3131419246800684,                     0.00392973423915125,                0.2533880528536451,             -0.003787284234254245,            -0.0024456298932186357,      1.7815747315562174,       -0.05114404917581022,        0.02958552143504227,-1801.1664163910932,3.7148159838026507,-1797.4516004072905, 9.145245715777586e-05
                     0.31413920390449795,                     0.01773656115820192,                0.2537300055835103,            -0.0028492737419951496,            -0.0024852392343925524,       1.789387171454858,      -0.042191780104880235,       0.026972012831400046,-1802.0519139832563,4.0117835849132755, -1798.040130398343, 3.772494894017751e-05
                      0.3117761704702472,                     0.00930778160240151,               0.25093024170127515,            -0.0034070731782759375,             -0.002251114414906159,      1.7565488163274754,       -0.04517663408389314,        0.03774715414846172,-1799.5906073219871,3.7297003280668655,-1795.8609069939203,0.00044214076863488555
                     0.31693704073725676,                    0.011413184750155866,               0.25340047386977077,             -0.002685712587123341,            -0.0025936290827677736,      1.7828931191387194,       -0.04531228676398626,       0.030975784754266742, -1799.528591211933, 3.838261241032236,-1795.6903299709006,0.00047042870746754424
                      0.3184637358606795,                    0.016998827518152685,               0.25359530440753886,            -0.0026703136162404256,            -0.0025363283579357826,      1.7785670697732257,      -0.042067836441266826,        0.03270212385952433,-1799.3543878724481,  3.88127855935844,-1795.4731093130897, 0.0005599501500431507
                     0.31238279062789576,                     0.00844585890989407,                 0.251750988510578,            -0.0035789523478144077,            -0.0025239674177934593,      1.7664688206207086,       -0.04716231062626743,       0.035072562116009114,-1798.8507232728493,3.7301775850379473,-1795.1205456878115, 0.0009265910941223568
                      0.3145040439471559,                    0.016428128459423565,                0.2529299825136769,            -0.0028882483075780142,            -0.0021448853499150644,      1.7746669605147092,      -0.041505739311770026,        0.03198642919762798,-1801.8882787274601, 3.935244950934387,-1797.9530337765257, 4.443186565606613e-05
                      0.3151826018464877,                    0.008162652303462664,               0.25195772957584567,            -0.0030460673443817167,            -0.0023492656625330455,      1.7660809076285076,         -0.046164201628897,        0.03603163180843919,-1802.7217687445277,3.7197927670165147,-1799.0019759775112, 1.930698388741776e-05
                       0.313124364413597,                    0.007985769614117415,                0.2521274157157719,             -0.003235220506989668,            -0.0022678664241273694,      1.7690805161993524,      -0.046438502706020394,        0.03385664963689888,-1799.1914396557863,  3.77231981395815,-1795.4191198418282, 0.0006590477424215693
                      0.3113886217355275,                    0.006759276753992025,                0.2518165867629515,             -0.003673279838639653,            -0.0022251854670941222,      1.7648492174734272,        -0.0475518678680724,       0.034469121854013615,-1799.4773963693638,3.7379923155225114,-1795.7394040538413, 0.0004951393633533607
                     0.31666361258860654,                    0.010106418180553748,                0.2523478839538369,             -0.002830123443354174,            -0.0025235338307518103,      1.7689738811196318,       -0.04502447671862052,       0.036038425545366785,-1797.2112894115303,3.7424410291033716,-1793.4688483824268,  0.004774030630110143
                      0.3124370350969901,                    0.015989360566903393,               0.25223956959272453,            -0.0028748926911243626,             -0.002417808723025391,      1.7762368260695354,      -0.042097076487850195,        0.03106465389725131,-1801.0664973392572, 3.951130994280007,-1797.1153663449772,0.00010106241488927508
                      0.3104596437167366,                      0.0106342450394124,               0.25236838093243597,            -0.0032662411200671732,            -0.0022682806964019024,      1.7792414467791906,      -0.045493579474710145,       0.029251043218622944,-1799.3234956806969,3.9062594552382297,-1795.4172362254585, 0.0005775181980867865
                      0.3164486636538209,                    0.010555347095440508,                0.2524049265233892,            -0.0029530408317276144,            -0.0024602402972038265,      1.7693619819288346,        -0.0452175101735632,        0.03545246554362085,-1800.8930363256336,3.7514197795653255,-1797.1416165460682,0.00012020508296883358
                      0.3167779954711017,                    0.004220650393080998,               0.25399253416715517,            -0.0034448300539468217,            -0.0025642037701243785,      1.7833007377702699,       -0.05080370864429307,        0.03066590969168308,-1799.5957145155567,3.6822951044312378,-1795.9134194111255,0.00043988842661356163
                      0.3151619191695454,                    0.011260312598929225,                0.2542429820750545,            -0.0034437790756221363,            -0.0024811042466021806,      1.7878260235896803,       -0.04688228977919483,       0.028106631085316632, -1803.913353487484,3.8579334449731046, -1800.055420042511, 5.864294276780729e-06
                      0.3183640159510993,                    0.018200835522578975,               0.25429394298288865,            -0.0027417689522955917,            -0.0025925939115548635,      1.7864632751756364,       -0.04207274112070265,       0.029914257107117263,-1802.2469647278745, 3.936045896135126,-1798.3109188317394, 3.103982031757821e-05
                     0.31506244763140084,                    0.009401624165438055,                0.2517211519491244,            -0.0030842744644121647,            -0.0022125378814092777,      1.7600102960019488,       -0.04469865781698278,        0.03814970261712622,-1799.7997989492856,3.7127610357105016,-1796.0870379135752, 0.0003586821732721966
                     0.31205150595505743,                    0.017297121750904736,               0.25360166244460774,             -0.003041728032315284,             -0.002202382359014128,       1.788563518095608,       -0.04208678311012596,       0.025789436660838026,-1799.0993797422202,  4.04707234799192,-1795.0523073942284, 0.0007226000531119373
                     0.31967134493103927,                    0.007717127711870458,               0.25375330719689115,             -0.003015437886599851,            -0.0026860567005995077,       1.777134375281158,       -0.04782476719558952,       0.034503815356495146, -1799.883522090127,3.6769227728366918,-1796.2065993172903,0.00032987491736120937
                     0.32127600465181017,                    0.015138977010401853,               0.25401290240398244,            -0.0024641937448480642,             -0.002887753647741015,      1.7818869098244958,       -0.04363305339599588,         0.0333780834392008,-1797.6864600944668, 3.808391864000657,-1793.8780682304662, 0.0029683916109337575
                      0.3145406332426076,                    0.007298927617118661,                0.2536514337743896,             -0.003182736838327217,             -0.002492475154998124,       1.787589090264123,       -0.04858222029209612,       0.027946438629644087,-1800.7198835264903,  3.81428145264039,-1796.9056020738499,0.00014292958665040496
                     0.31547978103657426,                    0.012832397056351603,               0.25301073575555383,            -0.0033156402923718038,            -0.0025906581089177334,      1.7748498106072281,       -0.04525082765657702,        0.03331300756863559,-1806.7163544720975, 3.802560541838822,-1802.9137939302586, 3.555395309808431e-07
                       0.315711518493775,                    0.011938378123557162,                0.2524357600520486,            -0.0029064976970740934,            -0.0023112072860194148,       1.767872550726549,      -0.043808064285411785,        0.03532560163018906,-1800.0757915283516, 3.797535640874754, -1796.278255887477, 0.0002721746908953988
                      0.3178607060262167,                    0.008653751702036645,               0.25258750518551426,             -0.002696114386396641,             -0.002557430084628688,      1.7703511139667545,        -0.0459642858973646,       0.035975249381566037,-1800.2462420691295, 3.709793656658857,-1796.5364484124707, 0.0002295207789078073
                     0.31758821523675607,                    0.011425454784947728,                 0.253385800117988,             -0.002740727549635812,            -0.0028212095197474507,      1.7838383544455483,       -0.04595496947428702,        0.03146450165627317,-1802.8694492760528,3.8066176895390895,-1799.0628315865138,1.6656263941553026e-05
                     0.32072741552722395,                     0.00853411045502893,               0.25561784358439466,            -0.0028503781672412753,             -0.002927066573689184,      1.8023750550809219,       -0.04947552210346545,        0.02604087227555015,-1802.8705115534872, 3.780116281387003,   -1799.0903952721,1.6638579762642268e-05
                      0.3202155747577319,                    0.012145185740470405,               0.25380208467808946,            -0.0025393146457839666,            -0.0028682039159709707,      1.7837018607717567,      -0.045453048492388425,       0.032595545363865906,-1801.3275869975128,3.7814356797995687, -1797.546151317713,  7.78394706154163e-05
                        0.31488176965915,                    0.015592018981988712,                0.2532109622450339,            -0.0027808210631759724,             -0.002359843647324899,       1.781863707480908,      -0.042694737616043324,       0.029810095099816424,-1799.3870706113153,3.9439756237820935,-1795.4430949875332, 0.0005419452725137464
                      0.3225128592460298,                    0.012807875912236182,                0.2543801050953948,            -0.0024616690581565344,             -0.003077704653355335,      1.7851141787186757,      -0.045447186792737286,        0.03319275584184754,-1803.0942562821333,3.7547493726492194, -1799.339506909484,1.3302864025408514e-05
                     0.30974974839837144,                    0.012594423909883027,                0.2526478548030617,            -0.0033128960023428946,             -0.002261175820554806,       1.782797192955186,       -0.04478965986354067,       0.027176200110125143, -1799.528709795744,3.9666600066548674, -1795.562049789089, 0.0004703729255461166
                     0.31806029543840086,                    0.010201312396168654,                0.2522174381067742,             -0.002795557253274971,            -0.0024771618641861006,       1.764468892991378,       -0.04487464602647693,       0.038072647734329335,-1801.0868962031377,3.6906783596770323,-1797.3962178434606, 9.902174092195865e-05
                     0.31444853312567195,                    0.016587385958532142,                0.2534887393294143,            -0.0028142799563400556,             -0.002195620235316295,      1.7830774773888358,      -0.041923387902528544,        0.02879603935067832, -1798.159815115981,3.9852086888337275,-1794.1746064271472,  0.001849037511166934
                     0.31651669835027596,                      0.0141279125853807,                0.2539465398022143,            -0.0031250120968760163,              -0.00251948703249918,      1.7829893337459033,       -0.04454173625077062,        0.03022643063020747,-1799.9778339860472, 3.876609441018191, -1796.101224545029, 0.0003001858096377246
                     0.31006673672274404,                    0.011018823381942502,                0.2519575554870808,            -0.0033795942901213745,            -0.0022489813558037395,      1.7732514918088924,      -0.044983196614239045,       0.031067419269548775,-1799.2064912059973,3.8889111765495836,-1795.3175800294478, 0.0006492023324481234
                      0.3155747095903498,                    0.009762884623063036,                0.2523736274378138,             -0.002818634728214942,            -0.0024968863448124236,      1.7731694283054096,       -0.04566929009414949,       0.033908499176924366,-1802.8940692843448, 3.777549816315871,-1799.1165194680289,1.6251193465182216e-05
                     0.31731709464658564,                     0.01176879021075916,                0.2543744211206781,            -0.0027139319132690885,            -0.0025508332071475437,      1.7919266788326653,       -0.04569101185609889,       0.027549501405099097,-1800.6275162925854,3.8876789481319243,-1796.7398373444535, 0.0001567605280497873
                     0.31327933457057333,                    0.005853128686317519,               0.25198586765191683,             -0.003455454134929488,             -0.002505399798259782,      1.7687156119589877,        -0.0485462522065892,         0.0345247112889882,-1800.2955177878007, 3.695334315949909,-1796.6001834718509,0.00021848510582119535
                     0.32066947119114464,                     0.01879297489993723,                0.2531495248460493,            -0.0023548291628269235,            -0.0027337576583127926,       1.772189384412841,       -0.04051273641712937,       0.036626516323970675, -1799.931607471703, 3.821720640409718,-1796.1098868312934, 0.0003143880851501627
                      0.3182476449783058,                    0.010326687098762576,               0.25447907082017296,             -0.002833014165075653,             -0.002682466269117568,      1.7935155302152093,       -0.04727635957725319,         0.0280514317729554, -1799.013190093328, 3.827643113348345,-1795.1855469799796, 0.0007876434722634691
                     0.31624754702289026,                     0.01070900249325761,                0.2530250461623086,             -0.002730196710871485,            -0.0025141065749944686,       1.779067062104161,       -0.04528415525249686,        0.03192922251884312, -1799.943303407817,3.8247478554699383, -1796.118555552347,0.00031073244194862383
                      0.3122894686642093,                    0.007193944369741689,               0.25206354988922103,            -0.0037192833272718683,            -0.0021562206286945425,      1.7641869701108874,      -0.047412393536539206,       0.034973890107844574,-1813.8148284133526, 3.725576116466484,-1810.0892522968861,2.9380543984748547e-10
                      0.3194457864803694,                     0.01929483740198968,               0.25347752841029836,             -0.002493669439944749,            -0.0026830318225561744,      1.7766392388622885,       -0.04058444460435711,       0.034203301008227625,-1799.0523462731094, 3.881166746868616,-1795.1711795262408, 0.0007573983684544781
                     0.31729252528846036,                    0.011663132092427293,                0.2524987871006139,             -0.002741606990482345,            -0.0025583632300922262,      1.7714134473279026,       -0.04467290736855459,       0.035482390022296875,-1800.6331539965217,3.7603874537680944,-1796.8727665427537,0.00015587924514398857
                      0.3170954136150905,                    0.017270447659555443,               0.25449373664744707,            -0.0026034401699345983,             -0.002263969257767955,       1.791027870291111,       -0.04202978729661774,       0.027201269558567207,-1800.9512731639365, 3.993418644182803,-1796.9578545197537,0.00011340465847749601
                      0.3204411289036972,                     0.01660580159597644,                0.2545630155637686,             -0.002545658461888152,             -0.002823414272283232,      1.7891371481136402,      -0.043310666544424364,       0.030423075708396956,-1798.1190104371258, 3.880907264891075,-1794.2381031722348, 0.0019260473897187355
                      0.3166467558350737,                    0.010930844161430388,                0.2525522116905886,            -0.0029177826449740827,            -0.0026863740547758185,       1.773684451320015,      -0.045717374981901725,        0.03454336312349903,-1798.7143065847335, 3.755973528016116,-1794.9583330567175, 0.0010620210786784206
                     0.31775872522574256,                    0.009650617721602257,                0.2532933956508459,            -0.0029783565539034367,            -0.0024608975090599505,      1.7747737580045448,       -0.04618225301786609,       0.034092855977893716,-1801.3988794983647,3.7454179574788276, -1797.653461540886, 7.248329605477437e-05
                     0.31795318683582574,                    0.013210751655629361,                0.2538757021958787,            -0.0025907854969138516,             -0.002687570824998476,      1.7883149024423028,        -0.0448963018249202,       0.029498552990624153,-1801.1445751933638,3.8710951155636817,   -1797.2734800778, 9.347186118163338e-05
                      0.3144309524006411,                     0.01160321789009112,               0.25298572639429373,             -0.003080958004126628,            -0.0021977807760734046,       1.774964656041527,       -0.04448133081987164,       0.032065622596848455,-1802.0503734252165,3.8557686153897865,-1798.1946048098268,3.7783111203235375e-05
                     0.31847542710775173,                    0.018289687743841133,               0.25421664288092194,             -0.002637107037225523,            -0.0025858417445129393,      1.7871868928447308,        -0.0419898141689387,       0.029808209387081494, -1800.005857483639, 3.939351188042993, -1796.066506295596,0.00029189033037015766
                     0.31560154390113343,                     0.01280170979224399,                0.2521434096673374,             -0.002983400058276506,            -0.0024941410855623103,      1.7688095797238015,      -0.044083897154465736,        0.03572809271776522,-1799.4793016949266,3.7817636870459266,-1795.6975380078807, 0.0004941968598403601
                     0.31944765791447066,                    0.008787605549558862,                0.2550910306447908,            -0.0027614723315716864,             -0.002770468230779126,      1.7992156665008636,       -0.04846733272229246,       0.026467915134905044,-1798.5138479842267,3.8117366796415206, -1794.702111304585, 0.0012977504873063575
                      0.3127487355569488,                     0.01624011470348548,                0.2531162017505328,            -0.0030014861563374276,            -0.0024487620293882364,       1.784147080464009,      -0.042761993081124106,       0.028447591345386103, -1805.454482505645,3.9803438937845543,-1801.4741386118606,1.2557752724011705e-06
                      0.3183004045488138,                    0.010487943430134037,               0.25513472337359305,             -0.002932174122343796,             -0.002733489986187211,      1.8002727878286457,       -0.04798606926677751,       0.025444267637883215,-1801.5990800922768,  3.84990518511215,-1797.7491749071646, 5.933240065235346e-05
                     0.31774426007463097,                    0.005465973098631723,               0.25335683224169575,             -0.003232047304106969,             -0.002458422804980073,        1.77481887721615,       -0.04907068140158929,       0.034204952342558465, -1800.096089524733,3.6580751798870517,-1796.4380143448461, 0.0002667057817223123
                     0.31649470184194956,                    0.007317500938016493,                0.2526414342702827,             -0.002857658545444754,              -0.00244678971036749,      1.7726612711877499,      -0.046983455291738564,        0.03437771572402452,-1803.5012122243265,3.7241507748597424,-1799.7770614494668, 8.855364292218698e-06
                     0.31126322633646175,                    0.009893782703651807,               0.25161275048403214,            -0.0033940083029522917,              -0.00225369610640487,      1.7656292799002782,        -0.0452212834599179,        0.03437121805329258,-1799.9305809397133,3.8075522665976105,-1796.1230286731156,0.00031471098027949663
                      0.3152409862314524,                    0.016984351143117634,               0.25267133776886985,             -0.002724273310797296,             -0.002620692944173606,      1.7769431876405894,       -0.04177425350615659,        0.03230895457514015, -1797.388518258968, 3.917278911367043,-1793.4712393476009,  0.003998671162235002
                     0.31351818560520595,                   0.0067350013248980095,                0.2521629217185627,             -0.003575763753037644,             -0.002705041060015677,       1.771221992232409,        -0.0488048868836583,        0.03415967458386389,-1801.4556268509346, 3.694090130833228,-1797.7615367201013,   6.8484591852091e-05
                     0.31302692884004885,                    0.007162514216404728,                0.2515513127016075,            -0.0035819291978542904,             -0.002297990335575076,      1.7594897744039475,        -0.0471553453296687,        0.03716794696888525,-1800.2936274413037, 3.679084636525933,-1796.6145428047778, 0.0002188985089901469
                      0.3220379341257295,                     0.01365154909887819,               0.25380130017618935,            -0.0024547109958461817,             -0.002920198743612374,      1.7790043869090828,       -0.04423718775883387,       0.035206602426369936,-1801.8116665653447,3.7482227667960197,-1798.0634437985486,4.7969676375143733e-05
                      0.3143752713795119,                    0.009540763721711398,                0.2532852797044175,             -0.003659210321356441,             -0.002513652425055082,       1.776688398008099,       -0.04753835704583706,        0.03176845429463225,-1799.1682609580907,3.7756419103243446,-1795.3926190477664, 0.0006745020239727261
                      0.3136389953319683,                    0.005690269489311415,                0.2532434760968313,              -0.00361942965746351,            -0.0025374221867280923,      1.7812427740401127,       -0.04985673522789883,        0.03011046968144811, -1800.863963367608, 3.742252715601761,-1797.1217106520062,0.00012375109709540421
                       0.319149620819169,                    0.008874664536670717,               0.25416399600980033,            -0.0029759099172316323,             -0.002762521873413693,      1.7853375160370384,      -0.047846238591150385,        0.03134732354489964,-1799.7919663950875,  3.74437465633791,-1796.0475917387496, 0.0003615026019954932
                     0.31984619611170745,                    0.010410811973083295,               0.25376521259826046,              -0.00290913664481887,            -0.0027539163243353064,      1.7785144168682183,      -0.046527152867510344,       0.034146837498287765,-1799.8878174428914, 3.721202455377721,-1796.1666149875136, 0.0003284610269758231
                     0.32117822768236853,                    0.012426497301004185,                0.2536914376117391,            -0.0024517154825768796,             -0.002803157504861594,      1.7786873148793618,       -0.04463179017474424,        0.03471944364121083,-1798.5913621994991, 3.753549498078564,-1794.8378127014205, 0.0012009562998348535
                     0.32027418595406376,                    0.007766979768306256,                0.2532860658847525,             -0.002920619704813158,            -0.0031015534088999997,      1.7764064393925287,      -0.048575832202248356,        0.03567580820219357,  -1803.80167712122,3.6251441957499866,-1800.1765329254702, 6.557166103590581e-06
                     0.31536295292848043,                    0.009954462995628358,                0.2540521665515965,            -0.0029335643591411865,             -0.002560650457088558,       1.793239331547616,      -0.047145832660611335,       0.026458083693784076, -1799.960301111891,  3.87675086032864,-1796.0835502515624, 0.0003054953393068211
                      0.3178515421503881,                    0.008007546107473227,               0.25378605049828706,            -0.0034308504602584473,             -0.002757158027677493,      1.7788162156754634,       -0.04877888748457276,       0.032998554833899615,-1798.7868289130142,3.6918981841149776,-1795.0949307288993, 0.0009877273730097573
                      0.3190528557250089,                    0.015380775131613206,               0.25431682999708494,            -0.0026890098973988237,            -0.0028947256776545903,      1.7897653438714056,       -0.04433368814916961,        0.02978621712170331,-1801.2931638366358,3.8742575792138725, -1797.418906257422, 4.948860007112892e-05
                      0.3140518694599687,                    0.008266760503891512,               0.25141407094787116,            -0.0033500399149695307,             -0.002491283159259452,      1.7596971252612104,      -0.046427044180275046,        0.03818428245170385,-1801.6409574711402,3.6697987498983915,-1797.9711587212419, 3.495105684364235e-05
                      0.3132210739411021,                    0.015331521785749284,               0.25217574702672135,            -0.0031779595067761577,            -0.0024550038431053883,      1.7703693611187512,       -0.04262269103184857,       0.033894944864796654,-1802.4359368755454, 3.875522623467249, -1798.560414252078,1.5783566479893322e-05
                     0.31487700970872345,                    0.014151944705261169,                0.2523418104736327,             -0.002766443092550596,            -0.0025771832095126397,      1.7732683047257083,        -0.0431075952066181,       0.033292226892398545,-1800.4719536137868,3.8648910694417213,-1796.6070625443451,0.00011249992604953692
                      0.3131750857587419,                    0.011410081232201243,                0.2516372056611983,             -0.003254559137392727,             -0.002271397794785217,       1.760504285926815,      -0.044038000597533385,        0.03653416570290192, -1803.826402756103,  3.78035230585592, -1800.046050450247, 3.929465541054782e-06
                      0.3201459341324669,                    0.013966947053051928,               0.25342622470178244,             -0.002563714979896917,             -0.002804799132828599,      1.7778800607446739,      -0.044042220055982934,        0.03477468284760079,-1804.5354808392663, 3.774938474681566,-1800.7605423645846, 1.933680803777668e-06
                     0.31759853471074134,                    0.011988393273489698,                0.2543953757527998,             -0.003003452893994394,            -0.0027109604629965596,       1.790043401433615,       -0.04628240241371216,        0.02870404119402529,-1799.3671949196964, 3.849068658125476,-1795.5181262615708,0.00033958057678028534
                      0.3169009904527732,                    0.011455674930764933,                0.2525194282398221,             -0.003057803034479036,            -0.0027273214311158978,      1.7700051779056512,       -0.04513488041321561,        0.03616655051300366,-1799.3021329634253,3.7351488211169834,-1795.5669841423082,0.00036240892982704646
                     0.31100538599488997,                      0.0160620462882445,                0.2530646687066068,             -0.003131548768762725,             -0.002143768229429283,      1.7831947710342961,       -0.04231041826374354,       0.027267775332133436,-1800.8372024606547, 4.023567078474798,-1796.8136353821799, 7.807764009375047e-05
                     0.31220353910028736,                    0.013709981580046573,                0.2523578822155952,            -0.0033450264037431137,            -0.0022268157871185336,      1.7696877464550862,       -0.04337290122858924,       0.032661611213066134, -1800.633549827879, 3.887768510672915,-1796.7457813172061, 9.571321246499754e-05
                     0.31924369472513153,                     0.01680987554189458,                0.2542937271443687,             -0.002603047085575373,            -0.0027432117330677594,      1.7875500635579247,       -0.04298080450625797,       0.030351224460486676,-1798.4325708492001,3.8986346415454913,-1794.5339362076547, 0.0008646591031882093
                     0.32006004541401384,                    0.015576526880935264,               0.25308282661533626,            -0.0025544965120100874,            -0.0029086534788549208,      1.7732581754187238,       -0.04291177133469114,        0.03629354837362493,-1800.3670598586455,3.7721067396640175,-1796.5949531189815,0.00012494158642107028
                     0.31396174514434566,                    0.013023022634881006,               0.25356762984754433,            -0.0030369546941834045,             -0.002363827561736142,      1.7854145983755925,       -0.04466088734626308,        0.02826405134185182,-1800.6466278126495,3.9251022119555143, -1796.721525600694, 9.446962605664962e-05
                      0.3212219479253674,                     0.01673037949795451,               0.25360327049582254,             -0.002388986382948889,            -0.0029814261530136214,      1.7785383290367418,      -0.042450453764588704,        0.03493714729509166, -1799.526409364073,3.8068004748428326,-1795.7196088892301,0.00028959888605834764
                     0.31368840867398995,                     0.00996495314000409,               0.25132055277950255,             -0.003535984343697852,              -0.00240891825265473,      1.7562834710776367,       -0.04531165715456962,        0.03897775323094509,-1798.9526195826052,3.6847649774389657,-1795.2678546051661, 0.0005140325526678793
                      0.3175130307510256,                    0.014041355588229628,               0.25249156783560955,            -0.0028062592887283374,             -0.002785205851601797,      1.7707481053519303,       -0.04356720133846724,        0.03598154369437879,-1800.0134914033683,3.7780578995637746,-1796.2354335038046, 0.0001779343700512139
                      0.3130913014921097,                    0.012353250730245667,               0.25191118114550154,             -0.003195610279906744,            -0.0023465874700061267,      1.7660508855514063,       -0.04375904201025795,        0.03484377409113459,-1800.5278301817411, 3.826001456100286,-1796.7018287256408,0.00010638621352219027
                      0.3132185105697716,                    0.013674415440957653,                0.2532578170177835,            -0.0031133324699045757,            -0.0021629174011329215,        1.78075077219376,       -0.04372575253340756,       0.029231744731338757,-1801.6773496292958,3.9378886067602847,-1797.7394610225356, 3.370197863359472e-05
                       0.316281150513344,                    0.011937545830744094,                0.2522082400851273,             -0.003013463915024866,             -0.002569422448932993,      1.7650384640612475,      -0.044418660252269176,        0.03690642695304493,-1799.4732963377105, 3.741841102684079,-1795.7314552350265, 0.0003053961665206655
                     0.31455781014060696,                    0.011645414970443939,                0.2525796710019502,             -0.003429400104123446,            -0.0024013430664806277,      1.7680217487945695,        -0.0450285219480915,       0.034848118334354965,-1800.2506667342436, 3.782122358086903,-1796.4685443761566,0.00014036405549901364
                      0.3089942201430501,                    0.015324964066940297,                0.2513758579190382,            -0.0033666812726737467,            -0.0018286554303592363,       1.762826968012693,       -0.04124639435492359,         0.0332282880976657, -1803.921066182997,3.9512657389897834,-1799.9698004440072, 3.574552505757913e-06
                      0.3162135662527091,                    0.012327909976859439,                0.2532060016194764,             -0.002984346741440361,            -0.0025370393711606873,      1.7784797309412428,       -0.04504615414776497,        0.03212563512102918,-1798.7198821661955,3.8276921417866667,-1794.8921900244088, 0.0006487348047779127
                      0.3209127326448225,                    0.011541965324945311,                0.2526686891067231,              -0.00256702312431502,             -0.002925237371641103,      1.7686133262495156,       -0.04493806801049107,        0.03878730950813614, -1803.933584678813,3.6536828939753683,-1800.2799017848376,3.5300834090091405e-06
                     0.31381406259895744,                     0.01197170381559577,               0.25212953341251615,            -0.0034279750806858245,             -0.002421475370023137,      1.7661719365532025,      -0.044688598483209836,        0.03543630550858201,-1800.9112674106814,3.7832909410540636,-1797.1279764696274, 7.250378500129015e-05
                     0.30947120528071786,                    0.012439628134843103,               0.25096412281718683,            -0.0034099881927100624,            -0.0020731221402150554,      1.7588193831842238,       -0.04304032893603256,        0.03538606652330858, -1804.374969793746,3.8558742727866795,-1800.5190955209594,2.2703554027982025e-06
                     0.31581988608773154,                    0.015056379412478546,                0.2532331443682371,             -0.002797009327500311,            -0.0023654572895940415,      1.7788125332739662,       -0.04288192603042086,        0.03142741594493881,-1798.4226740591562, 3.902361311622488,-1794.5203127475336, 0.0008732589379782381
                     0.31605878368042506,                     0.01617068172631306,               0.25214219375464936,             -0.002798918939310942,            -0.0026524267041211393,      1.7678766266244046,      -0.041972946991330425,        0.03606335175491416,-1797.1596295604709,3.8271445057282083,-1793.3324850547426,  0.003087992917612419
                      0.3119362044033231,                    0.015489921561182797,                0.2517465409512604,             -0.003244660632010437,             -0.002381641726345275,       1.766742690909148,       -0.04230412486132428,        0.03428767237602687,-1801.5905682584912,3.8835091648450657,-1797.7070590936462, 3.675733948522717e-05
                     0.31752439895372525,                     0.01386271895207704,               0.25390194911738284,             -0.003005788086163327,            -0.0026537560025720157,      1.7833186589893968,       -0.04475830207022284,        0.03098869327500248,-1798.4650948555332, 3.849739712761663,-1794.6153551427715,  0.000836989330051429
                      0.3136083455296408,                     0.01383131940949287,                 0.253298389201218,            -0.0030167878945075513,            -0.0023821802806916325,      1.7854727713489984,        -0.0442582257081118,       0.028443891668822333,-1802.6419008570642, 3.935073138603496,-1798.7068277184608,1.2845651135558623e-05
                     0.31418884612969106,                    0.009297236099059095,                0.2517271066556255,            -0.0033444695368738692,            -0.0025039863733386774,      1.7618402536546476,       -0.04590184491548607,       0.037311510401020154,-1796.7751969260266,  3.70451958128181,-1793.0706773447448,  0.004535584551633446
                      0.3126277979521965,                    0.018056728370428935,                0.2519463198861468,            -0.0029870134273760948,            -0.0022867723172303603,      1.7675830573843916,       -0.04036836714441675,        0.03399453769127556,-1813.4379732510238, 3.934248469277772, -1809.503724781746,2.6307613711974196e-10
                      0.3158054641339573,                    0.015430239957617246,               0.25285811124669366,            -0.0027944539996295585,            -0.0026156158744542546,      1.7755361037357755,      -0.042808359943194665,        0.03272609707061403,-1803.7340390500217,3.8785191080108805, -1799.855519942011, 4.309694966046195e-06
                      0.3098220263225527,                    0.007272537247393359,               0.25117424463838894,            -0.0038580318068582734,             -0.002199745211053787,      1.7589877687110431,       -0.04709561291284294,       0.035702929614842706,-1800.6422140719765,3.7342275918102494,-1796.9079864801663, 9.488751202929365e-05
                      0.3175925290152048,                    0.010117842518008435,               0.25325031468138287,            -0.0029706010814990486,            -0.0025902907233502238,      1.7769875838763665,       -0.04625018892984015,        0.03340234282044523, -1800.381234580184,  3.75909325634232,-1796.6221413238416,0.00012318306693080765
                     0.31505553205037623,                     0.01168352348063022,                0.2524111329294234,             -0.003188206347200929,             -0.002395126987788879,      1.7681405235346583,       -0.04467154103041793,         0.0352630101366263,-1800.7898548807466, 3.779609815791062,-1797.0102450649556, 8.186334210773022e-05
                      0.3151455410379184,                    0.015883139097992764,                0.2530473977098742,             -0.003062389566955365,            -0.0025537042245100607,      1.7771473468934615,       -0.04291794551068442,        0.03203034860420867,-1801.0727415580936,3.8938849679952647,-1797.1788565900983, 6.169263895590405e-05
                     0.31224276154238234,                    0.012868975040577588,               0.25112070139892906,             -0.003103142471801844,             -0.002260401034462124,      1.7593643993652854,      -0.042751327331556795,        0.03680579218038856, -1798.866883194713, 3.814230294551451,-1795.0526529001615, 0.0005600482738853885
                     0.30935937889181303,                    0.011970055006540309,               0.25119606737699457,             -0.003656464397095093,            -0.0021034293356157105,      1.7610739806369626,       -0.04387685175920118,       0.035050119083427776,-1801.6385822554798,3.8417179382973874,-1797.7968643171826, 3.503417181011171e-05
                     0.31491427206429234,                    0.008530477126128744,                0.2516140713504672,            -0.0032560339504175227,              -0.00258714766592681,       1.761370714676738,       -0.04642736993901296,        0.03783904023818376, -1801.221955426417,3.6725634774227234,-1797.5493919489943,5.3141105926377185e-05
                      0.3160137450736964,                    0.010239189908237656,                0.2534802591269187,            -0.0029850473857613515,             -0.002592763037190213,      1.7830747646632163,       -0.04637581250707056,       0.030402019260708922, -1799.453188163748,3.8251551935825683,-1795.6280329701656, 0.0003115992834295461
                     0.31711714902320964,                    0.010638368069951679,               0.25238681803895074,            -0.0030230874963212257,             -0.002576923098674247,      1.7659542957209189,      -0.045148385014071216,       0.037007956425128816,-1800.9588942279347, 3.714150363299991,-1797.2447438646348, 6.913160108328678e-05
                     0.31875989302188695,                    0.015019995198919783,               0.25311568790440186,            -0.0026274954570228125,             -0.002827941414366632,       1.775339245114596,      -0.043212069475230985,         0.0345014413603395,-1798.1857139539857, 3.812026491941763, -1794.373687462044,   0.00110676012957097
                      0.3163489135736466,                    0.009474331248017154,                 0.252835974635089,            -0.0031253001277761327,            -0.0025587582344118827,      1.7737189575345536,       -0.04649270326726203,        0.03415715254021217,-1800.1907184485895, 3.744195985107211,-1796.4465224634823,0.00014903597645285447
                     0.31152833238250194,                     0.01184099233391739,               0.25170712354529956,            -0.0031195253309091947,            -0.0022132823450211904,      1.7688518642475644,       -0.04392374724987106,        0.03311476109175111, -1797.813444591718,3.8677543357341397, -1793.945690255984, 0.0016059352664460395
                      0.3152173478246073,                     0.01105049829208311,               0.25178353880662635,              -0.00321380890778974,             -0.002385858707179251,      1.7587860957069827,      -0.044392331056184044,         0.0383303743384371,-1797.9482149790879,3.7159966457840143,-1794.2322183333038, 0.0014034534090698746
                     0.30855085766147217,                    0.012365122297091016,               0.25098483009025213,            -0.0035971514972730264,            -0.0021345460369542536,      1.7619539666350001,        -0.0437579532470455,       0.034399010303526587,-1801.6851062658366,3.8638846279566113,  -1797.82122163788,3.3441575865046296e-05
                      0.3167705618238151,                    0.010656462127036984,                 0.254835113757138,            -0.0030373252418999246,             -0.002596418304209449,      1.7980833821544415,      -0.047608076141682075,       0.025327816607180482,-1801.2458999149208,3.8725845554917377, -1797.373315359429, 5.188378238310648e-05
                       0.318242351556714,                    0.013238469711299198,                0.2539979538545362,             -0.002749707548361957,            -0.0026214887892314727,      1.7859753244909538,      -0.044787939518617266,       0.030387269591921413,-1799.0760144021647, 3.855775782091732, -1795.220238620073,0.00045436088171629764
                     0.31031280339903156,                     0.01725148220249372,                0.2515723306438027,            -0.0033257813299077074,            -0.0020388088138658033,       1.763670159652505,      -0.040558209229934965,        0.03388771861580155,-1799.2589403963789,3.9464504309075856,-1795.3124899654713, 0.0003784052766495983
                      0.3169223146305012,                    0.008554343237585912,                0.2517387459809823,            -0.0031650736722662123,             -0.002787212728942586,      1.7614765250165432,       -0.04666935395908915,         0.0396017551441459,-1799.7324469382406,3.6104286565587858, -1796.122018281682,0.00023567629682193564
                     0.31838249438817084,                    0.014435384213211982,                0.2533796651515963,            -0.0027045781643955627,             -0.002842647760617356,      1.7806405143700044,       -0.04426733234621324,        0.03288584260957949, -1802.119804498007, 3.819844404140585,-1798.2999600938663, 2.165208338530246e-05
                     0.31645608519328144,                    0.009598700046494112,               0.25295389133174034,             -0.003177735653726843,            -0.0025896532918291727,      1.7736420797287966,       -0.04646833762754692,        0.03400636895752933,-1804.6364204122715,3.7475203410714277,-1800.8889000712002,1.7480235782122116e-06
                     0.31592652633266866,                    0.012981170174632429,               0.25344236671725795,             -0.002986800547717971,            -0.0023949083949772413,      1.7804241263698448,      -0.044550458551187555,       0.031065097392466684,-1799.4986103839806,3.8640051766718546,-1795.6346052073088,0.00029776238245253077
                     0.31805929394346893,                    0.010466671134675259,               0.25301084318586037,             -0.002996964538541645,             -0.002684783039266944,      1.7719734468355188,      -0.045868043510087074,       0.035622980036946264,-1800.0037498989846,3.7193238613489084,-1796.2844260376357,0.00017967618868963264
                     0.31121993034828865,                     0.01573686667190862,               0.25207083198409097,            -0.0030574201755393018,             -0.002347492911938763,       1.773213390539036,        -0.0420663832960972,        0.03138832406385129,-1801.8897777068582,3.9533468441773105, -1797.936430862681, 2.725204246747755e-05
                     0.31320965845267074,                    0.009882397928622076,               0.25127487045115343,             -0.003309330254365958,             -0.002244543134939695,      1.7576167037114558,      -0.044796559184399225,       0.037873780742170515,-1800.6300964187044, 3.728299765210009,-1796.9017966534943, 9.604432074818386e-05
                     0.31279080750400234,                    0.011393217967482838,               0.25218880855219455,            -0.0034790963781429884,            -0.0025045155694932214,      1.7693546200872312,      -0.045449041050045096,       0.033691357968847854,-1801.6077479457995,3.8061843646447047,-1797.8015635811548,3.6131253267908934e-05
                      0.3129041656622743,                    0.015526591991650705,                0.2516535201741067,             -0.003234164828115008,            -0.0021203468053961946,       1.760294442255386,       -0.04146522880626145,        0.03649926597773814,     -1803.21506077,3.8503135936292674,-1799.3647471763707, 7.241623402256696e-06
                     0.31489524042415856,                    0.011173878231706088,                0.2520343770659851,            -0.0031442892578938553,            -0.0026863025545794702,       1.767719985656404,      -0.045298747465168536,       0.035528255200059186, -1801.018375219112,3.7574602776569463, -1797.260914941455, 6.513948924796504e-05
                      0.3150611916340784,                    0.014901136398791894,               0.25317974213965166,            -0.0028744316107445727,              -0.00229957366436421,      1.7784643433895313,       -0.04256424114620356,        0.03127807394831926,-1800.2823754318429,3.9185701860349265, -1796.363805245808,0.00013598311807787753
                      0.3175240569398597,                    0.010617161259482156,                0.2539813889435205,            -0.0028694926201793375,             -0.002745370718164608,      1.7887782718186622,       -0.04696246442169251,       0.029292452406684717,-1799.4031153849205,3.8192415441506857,  -1795.58387384077,   0.00032759916173629
                      0.3117716323862661,                     0.01530483099925967,                0.2524176854251658,             -0.003074500916440637,            -0.0021132917725771856,      1.7742864321023046,       -0.04207560283610039,       0.031063974003159397,-1798.1202197749576,3.9559843838086115, -1794.164235391149, 0.0011816728737864158
                      0.3170821863388218,                     0.01190660971605853,                0.2528189052214922,            -0.0030084554240689724,            -0.0027084488107552637,      1.7716786611143065,       -0.04514231393946247,       0.034841597165521244,-1799.9178344256484, 3.763020879298997,-1796.1548135463495,0.00019579569682318763
                      0.3178063371714513,                    0.011477414709240697,                 0.252407759303538,            -0.0026544986776300614,             -0.002590690781861836,      1.7696881804448976,       -0.04452885494828864,        0.03627239269823928,-1799.8873693295777,3.7434472730695143,-1796.1439220565082,0.00020185242246017663
                      0.3144801431371881,                    0.012265446224863634,                0.2527879682045263,             -0.003034016782015668,            -0.0025756673535178246,      1.7784821189180327,       -0.04501929518519773,        0.03132789811490783,-1799.7063666361496, 3.855178687091503,-1795.8511879490582,0.00024190365860261986
                     0.31761453210295354,                    0.013635960046096232,               0.25317513401855596,            -0.0026773902697574026,            -0.0026516141135034315,      1.7789645485551373,      -0.044119422804503844,       0.032632242896074255,-1798.7441669851673, 3.833928469732765,-1794.9102385154347, 0.0006331701547703618
                     0.31620303081164264,                    0.013150692409303296,               0.25253659486348096,            -0.0027832909561897163,             -0.002475972682480775,      1.7716614472328662,       -0.04365690771269721,       0.034466438879446046,-1800.7508750684424, 3.817055076259143,-1796.9338199921833, 8.511736847568675e-05
                      0.3109549452960133,                      0.0178993112673627,               0.25201838494553996,            -0.0029886684200914476,             -0.002133246766331958,      1.7724245802741463,       -0.04043470946668327,        0.03135448274402815,-1798.9958572011296,3.9967123238180626,-1794.9991448773117, 0.0004922806481657347
                      0.3111492082126128,                    0.012113084435397346,                0.2513078893228772,            -0.0034109254461992186,            -0.0022956101096407587,      1.7611420368788853,       -0.04398876480621082,       0.035648500019930585, -1802.051122163483,3.8142438732546182,-1798.2368782902283, 2.319145784675299e-05
                      0.3112191692108606,                     0.01568277525926398,                0.2523700905770808,            -0.0031848598281487804,            -0.0022867696923937054,      1.7746434809224358,       -0.04225637492375225,        0.03067501824975489,-1798.8116182661947, 3.962299106654389,-1794.8493191595403, 0.0005918705301523437
                      0.3127088401097205,                    0.012451305135060202,                0.2527630446076949,            -0.0033467920301434085,            -0.0023045387663912288,      1.7763656865118655,      -0.044780600173379426,       0.030787169339983576,-1803.9020031814157, 3.883434534042933,-1800.0185686473728,3.6433478453330433e-06
                      0.3092873989155179,                     0.01726124344285579,                0.2511859245847325,            -0.0032960589943117676,             -0.002045109450210296,      1.7630133526439864,       -0.04049244124627089,        0.03397954177711674,-1805.9356889669157,3.9524062175190497,-1801.9832827493967, 4.767405822207465e-07
                      0.3132870903689248,                    0.016029961823268084,               0.25234269720180513,            -0.0030749248501131254,            -0.0021400761601236534,      1.7688447716233942,       -0.04143605656080737,        0.03352289110358779, -1798.047192513121,3.9134889139406024,-1794.1337035991803,  0.001271196249647887
                      0.3122101618075664,                    0.011370179811950685,               0.25160079341191866,             -0.003291617032328484,             -0.002381253316613294,      1.7644090021210783,       -0.04442670052508769,       0.035204676737069555, -1799.129781508284,3.8055313219747946,-1795.3242501863092,  0.000430576354198338
                       0.318686118017254,                    0.014463567557537122,                0.2536149873811158,            -0.0024801361210222287,            -0.0026900978211053268,      1.7832552775446961,       -0.04364053209686135,       0.031637281484180504,-1800.4427973566949,3.8599187041528973, -1796.582878652542,0.00011582828832954975
                      0.3171765126127762,                    0.016928308038911336,               0.25280999186890596,             -0.002776140440226366,            -0.0024522311408555235,      1.7707466279373758,       -0.04156066868663825,        0.03510276018909152,-1799.7360494502395, 3.851801785101392,-1795.8842476651382, 0.0002348287976143857
                      0.3196074576247744,                     0.01163200290567272,               0.25301920459933047,            -0.0027111811609875215,             -0.003019183867329425,      1.7743429056441993,       -0.04562658257125087,        0.03572378656658908,-1800.1357392530522, 3.714030793915921,-1796.4217084591362, 0.0001574592862803322
                      0.3089726430057173,                     0.01203745724427097,                0.2511535091608574,            -0.0035408990213946045,            -0.0021990772997648104,      1.7639989616554872,      -0.044027698788521266,       0.033752705289899446,-1797.5455495977926, 3.867731445755854,-1793.6778181520367,  0.002099294427396079
                     0.31214594800206763,                    0.009885181096299987,                0.2516219820242132,            -0.0033892766355071643,             -0.002284682795771689,      1.7635428056580742,      -0.045207735694138815,       0.035498050898739746,-1798.4756227745006, 3.777920037306688,-1794.6977027371938, 0.0008282237965830806
                     0.31577385073774283,                    0.017262876958020295,               0.25261508770361635,             -0.002741936994864023,            -0.0023429323649471596,       1.771243946693648,       -0.04094400038484316,        0.03428744895879523, -1799.487930976797,3.8938937295074862,-1795.5940372472896,0.00030095934864616186
                     0.31818532822030693,                    0.014071300554010527,               0.25388721398407593,            -0.0028757899239086324,             -0.002721824014770418,      1.7826907389218154,       -0.04449737517273079,        0.03174700793201652, -1801.465417151529,3.8378638979931115,-1797.6275532535358,4.1657816687100635e-05
                      0.3114374341370593,                    0.015504385415601027,               0.25256046749772715,            -0.0032400641238489987,             -0.002280916020023096,         1.7768841981341,       -0.04262485470272528,       0.030107326674660994,  -1800.51281115339, 3.962086321098018, -1796.550724832292,0.00010799609020935004
                      0.3137128657338277,                     0.01373126428212905,               0.25430485614163195,             -0.003156386557452073,             -0.002546723725154339,      1.7964410823634476,      -0.045521175146546765,       0.024652453747775672,-1806.8835366412145,3.9622638046822614,-1802.9212728365324,1.8477240341033237e-07
                      0.3127130491053416,                    0.011278961527114065,                0.2513416788055607,             -0.003469109221404674,             -0.002380258766078499,       1.759874665720203,       -0.04458773315633122,       0.037298787700652355, -1800.564266094059, 3.750760498914784, -1796.813505595144,0.00010257970273114081
                      0.3170375108326724,                     0.01263433624234717,               0.25319799038535584,            -0.0029993337342575405,             -0.002563319542428888,      1.7751760243062247,      -0.044829965490805146,        0.03339217776840683, -1800.840253270991, 3.802648457422536,-1797.0376048135686, 7.783980300470758e-05
                      0.3159435702227991,                     0.01058329924201784,                0.2517682662942777,            -0.0031154911542573844,            -0.0025272260786423527,        1.76052568254065,      -0.044911018576018674,        0.03845782662457506, -1799.970770717899, 3.694050328956944, -1796.276720388942,0.00018570055558475256
                      0.3104202141719501,                    0.015705821620527718,                0.2529734227310208,            -0.0031384259329126037,            -0.0020817094007832128,       1.783517114252652,      -0.042390940217083006,       0.027104943565970305,-1802.8801495799494, 4.027861940433404, -1798.852287639516, 1.012245879361397e-05
                      0.3166538303759641,                    0.008957968995044877,                0.2526200341790884,             -0.003049254474558217,             -0.002677628304336453,      1.7724801248957311,      -0.046681689503380294,       0.035079184451922506, -1799.298381922898, 3.716962143039313,-1795.5814197798586,0.00036377089320324885
                      0.3166469085257761,                      0.0125431491006511,                0.2519342097342042,            -0.0030232385503609627,            -0.0024824490306129465,       1.759836156309724,       -0.04360435952133085,       0.038941608846695876,-1802.4114544895533,3.7134924040117836,-1798.6979620855416, 1.617475492073709e-05
                     0.31238037086803583,                    0.012292159009427463,               0.25210487848306795,            -0.0032086113317941396,            -0.0023818072690855122,       1.771952758182643,      -0.044293324415209785,        0.03293396618876397, -1799.563773090555,3.8562073185707555,-1795.7075657719843,0.00027897804515896835
                     0.31360579218174817,                    0.010903451514002805,                0.2522719807997791,            -0.0033249164488465197,            -0.0022298057976954263,      1.7672346651570376,       -0.04484787018955814,        0.03453127585662564,-1800.0174123571555,3.7998373047675065, -1796.217575052388,0.00017723806359388615
                      0.3155581062804378,                    0.010259691775314713,               0.25228136047885896,              -0.00317081971481321,             -0.002376183974286062,      1.7658507250741713,      -0.045341671874767356,        0.03599245705452704,-1801.3266256171323, 3.741654994784411, -1797.584970622348,4.7860022900109434e-05
                      0.3144234224393778,                    0.010107593777953155,               0.25224446453461136,            -0.0032652251859969605,            -0.0024427297985805114,      1.7676235869507186,       -0.04574507388334774,        0.03502914580362792,-1800.9515562983256,3.7588285853966896, -1797.192727712929, 6.964074966944371e-05
                      0.3096265154551394,                    0.014009402961996351,                0.2524022598570492,            -0.0033227691412470737,            -0.0021607587927045804,       1.778471559228415,       -0.04347912627527568,       0.028829852896137268,-1799.3904225081756,3.9741740644499055,-1795.4162484437256,   0.00033178383913284
                      0.3131139515957472,                    0.010908579387746642,                0.2524103972402169,             -0.003422142238767504,            -0.0023710218991174186,      1.7703111410354992,       -0.04562205137354454,        0.03318454333600619,-1798.2958919525004, 3.809752679641937,-1794.4861392728585, 0.0009912970385495972
                      0.3141577629836784,                    0.012791471939949327,                0.2518237198788744,            -0.0030449215524816294,             -0.002421244200360887,      1.7636265070653012,       -0.04340322239725936,        0.03618775964562437,-1797.8815803498705,3.7990279216033573,-1794.0825524282673,  0.001500158170037823
                     0.31991982102945726,                     0.01259258455964049,               0.25268607111851255,            -0.0027782101635415273,            -0.0028839406329315264,      1.7675210322544155,       -0.04437711482730805,        0.03851859841605109, -1800.142043853842,3.6820429071629195,-1796.4600009466792, 0.0001564696911187542
                      0.3097950245130785,                    0.012583029754835374,               0.25125763693907105,            -0.0035104063704270716,            -0.0020075055244576927,      1.7600551480867295,       -0.04307800391283209,       0.034993786896625446,-1801.5561611909457,3.8615574957382552,-1797.6946036952074, 3.804406096661725e-05
                     0.31185211067995805,                    0.011025450321637877,               0.25245222660666544,            -0.0035050230382014263,            -0.0022827488379483026,      1.7723605809931178,       -0.04535981664000362,       0.031939676186371654,-1802.4309309515288,   3.8503392477221,-1798.5805917038067, 1.586277590717877e-05
                     0.31671331065876124,                    0.015425920709382177,                0.2526404656776627,            -0.0028906661752626512,            -0.0026900863958537182,      1.7713093446748558,       -0.04285621373810829,        0.03499198065381495,-1800.5557117549247,3.8238059815668595,-1796.7319057733578,0.00010346096824462065
                       0.312030680737888,                    0.013011734197359983,                0.2511787076840227,            -0.0030767613998268243,             -0.002277064325063903,      1.7621696569198866,      -0.042821730707489646,        0.03595916846723826, -1798.621570824755, 3.832852659392568,-1794.7887181653625, 0.0007157531560066213
                      0.3094390641980789,                    0.014021879495457345,                0.2508726516817323,            -0.0035312283893700392,            -0.0020367608600950896,      1.7563214407142196,      -0.042269603436315396,        0.03616294306064997,-1801.8678502588232,3.8589724560302052, -1798.008877802793,2.7856209930420695e-05
                      0.3158507404581029,                    0.010134841001234223,                0.2516405902620782,            -0.0032431433201793322,            -0.0026399018601238377,      1.7594228491158486,      -0.045375580394577196,        0.03939623841612304,   -1802.0478636299,3.6590617275739308, -1798.388801902326, 2.326715124875514e-05
                      0.3080047493694031,                    0.015588803480505712,               0.25071037421954234,             -0.003464149961414028,             -0.002018838940074839,      1.7590221133638226,       -0.04114284155836285,        0.03482968107741303, -1814.196848892077,3.9261018670088776,-1810.2707470250682, 1.231702868666494e-10
                     0.31312053053629174,                    0.014935036534589177,                0.2515570418074525,            -0.0029234700438018606,            -0.0023417615804047502,      1.7656601850705145,       -0.04191804927369372,        0.03538727429482372,-1801.0044980806883,3.8621498761107627,-1797.1423482045775,  6.60497401886714e-05
                      0.3108397088274076,                    0.012935315281400775,                0.2515687097176391,            -0.0032555709723257435,            -0.0022576195423363505,      1.7667130743643322,       -0.04345316115023387,        0.03361319447544714,-1802.3641331325412,3.8743884304779055,-1798.4897447020633, 1.695856550226966e-05
                      0.3135936124015974,                    0.013100882001169588,               0.25236697962496446,            -0.0030556075802160914,            -0.0024379545196691016,      1.7728342378988209,       -0.04371078698367595,        0.03276965131869903, -1800.919451170484, 3.867760415081454,-1797.0516907554027,    7.191285276189e-05
                      0.3165865074370082,                    0.014868552381935084,                0.2532548770040834,             -0.002913630912634465,            -0.0025422897434135313,       1.778117232102608,        -0.0433977381186955,        0.03233921529240501,-1798.9457947129945,3.8658582620430195,-1795.0799364509514, 0.0005175527566180562
                     0.31684698438121356,                     0.01066416837538699,                 0.252416170288679,            -0.0032056707039350924,             -0.002806646175750627,      1.7681837365949409,      -0.046038765529176774,       0.036596792379159665, -1802.098328008516,3.7003964501194835,-1798.3979315583965, 2.212212346538264e-05
                      0.3125398153464541,                    0.012419246552939446,               0.25255033776692537,            -0.0033914352286114726,            -0.0024945644318483413,      1.7753488157285133,       -0.04506292494139618,        0.03160178513282511, -1799.027665498515, 3.860919965351697,-1795.1667455331633, 0.0004768684561467208
                     0.31461248145944154,                    0.016415892901909618,                0.2528231961841659,            -0.0030161910149657505,             -0.002226907923748877,      1.7729314863903252,       -0.04174912106266738,        0.03280754201192145,-1797.5636449390709,3.9118398614571515,-1793.6518050776137, 0.0020616486124509187
                      0.3175669678717197,                    0.011360905319188297,               0.25333071619294856,            -0.0030291735847309577,            -0.0027950814306844187,       1.779012446877421,      -0.046274522041961925,       0.033207930066249045,-1802.7126461142793,  3.76262403974099,-1798.9500220745383,1.1968282957768366e-05
                      0.3168625028448129,                    0.011747142502372283,                0.2541707507369297,             -0.003042866648710502,            -0.0025079706041917713,      1.7863154620696111,      -0.045852135813088966,       0.029288900827772954,-1800.7318591381486,  3.85536214375378,-1796.8764969943948, 8.675144189397432e-05
                      0.3162910979165673,                    0.008017695915485927,               0.25297204001821216,               -0.0034759990745002,            -0.0027011867874413378,      1.7716702676299618,      -0.048125904189482704,        0.03474484832098644, -1796.676660154761,3.6844765396100065,-1792.9921836151511,  0.005005266931691952
                     0.31242352217048747,                    0.012190309907645277,               0.25167635205296257,             -0.003159024044215883,             -0.002520269119210558,      1.7673347214919475,       -0.04423624891364504,        0.03439772909485584,-1796.9215856732894,3.8268180227273563, -1793.094767650562,  0.003917936945389632
                      0.3144754632891085,                    0.009981614985038792,               0.25259598641007847,            -0.0033963220491876043,            -0.0025372895746206114,       1.771344610723801,       -0.04628033167581828,        0.03410461553446612,-1798.5552301080284,3.7633800994174678, -1794.791850008611, 0.0007648471959854875
                      0.3126290606448734,                    0.016917182916895347,                0.2520041610417317,            -0.0030938990037189962,            -0.0021021988521332875,      1.7662050750142297,      -0.040696883893384536,       0.034086444353074556,-1799.9428444914788,3.9243246484307415,-1796.0185198430481,0.00019095956166790854
                      0.3121416925108495,                    0.014074323771871807,               0.25168279639895924,            -0.0030669270160655665,            -0.0023153874787580487,      1.7676182036086465,      -0.042688652944685206,        0.03373037446980436,-1798.3799392527822,  3.88400190338072,-1794.4959373494014, 0.0009113863714653052
                      0.3154860444278325,                    0.017722113329454146,                0.2529820655867412,             -0.002882754578658284,            -0.0024425682566518456,      1.7759530580005072,       -0.04136820462018581,        0.03234611122694192,-1800.8414784834617, 3.925296028756326,-1796.9161824547054,  7.77444911079369e-05
                      0.3178779624694937,                    0.012786163621777242,                0.2531374997316567,            -0.0028626772271195776,             -0.002479465977749289,      1.7731377665059516,       -0.04416596377602845,       0.034544199709387234,-1799.8453030299956,3.7911044134427736,-1796.0541986165529,0.00021052473414539033
                      0.3142469902422883,                    0.010852086786551788,                0.2530153816716985,            -0.0033368872713078856,             -0.002510384068621683,      1.7770737763992925,      -0.046258575743759994,       0.031460664699324806,-1802.0432528663555, 3.819313967056951,-1798.2239388992984, 2.337467828188298e-05
                     0.31267159353652957,                    0.013564710308181877,               0.25279226640968855,             -0.003274076052638634,             -0.002383691128210261,       1.776448598930603,       -0.04408275318410527,       0.030734699094702438, -1799.201445246144, 3.903744272834527,-1795.2977009733095,0.00040079935157786255
                       0.311937155334549,                    0.013299101117552158,               0.25203072297394835,            -0.0034742952782678273,             -0.002341707015509613,      1.7675073260501886,       -0.04398767205343007,        0.03383343654442542,-1800.5131107989687,3.8486679456104356,-1796.6644428533582,0.00010796373450626496
                      0.3177119846337077,                    0.012999014360432055,               0.25472589491145053,             -0.002875166826687934,            -0.0027766816986835516,      1.7964613169069183,      -0.046109506976583746,       0.026521860168039656,-1800.6919485104095,3.8906808929040873,-1796.8012676175053, 9.028376617509234e-05
                     0.31127414081140714,                    0.013085322136033242,                0.2529947751992032,              -0.00338976909700826,            -0.0022294618678429367,      1.7811359898092844,       -0.04450499388973375,       0.028584393879957204,-1800.7446059465487,3.9406655492375227,-1796.8039403973112, 8.565265577143008e-05
                       0.315147690591094,                     0.01683758477945806,                0.2521878424404852,            -0.0026788660550313014,            -0.0022874925595122064,      1.7678575634934561,       -0.04065702665328263,         0.0349128107727033, -1800.203348482211,3.8916134735923364,-1796.3117350086186,0.00014716548411466862
                     0.31308903058328336,                    0.014249526689561703,               0.25244324786350536,             -0.003116109129878743,            -0.0022730852876159126,      1.7719133569629306,      -0.043015595096678995,       0.032694536497992706,  -1798.30144459944,3.8908703137089136, -1794.410574285731, 0.0009858079696163787
                     0.31775116171883283,                    0.012522909897371435,                 0.252442514901455,             -0.002755656219249851,             -0.002666917112772369,      1.7680610225906952,       -0.04398104647808398,       0.036636455303308425,-1800.3429114604928,3.7505926154835096,-1796.5923188450092,0.00012799545015205753
                       0.312120871746123,                    0.011989163389938969,                0.2519108000520554,            -0.0032127904453624736,            -0.0021955647010446023,      1.7679811335345776,        -0.0439247965618169,       0.033576038026040644,-1799.0478760255523, 3.854529989788353, -1795.193346035764,0.00046732743263992613
                      0.3165770121738927,                    0.012823930101897021,               0.25410276286702294,             -0.003011778703974389,             -0.002534625853231478,      1.7880856510709568,      -0.045434334384173845,        0.02870775674618772,-1800.8121943820101,3.8793274135859117,-1796.9328669684242, 8.005483169490274e-05
                      0.3201204595535472,                    0.013644562653628883,               0.25412313494626704,             -0.002562353484352067,             -0.002767403774432053,      1.7854866945841494,        -0.0447099938137967,        0.03141214110811066, -1798.918678479948, 3.826172398843493,-1795.0925060811046, 0.0005317788450639927
                      0.3175032055407704,                    0.013953777707130167,               0.25311967507680433,            -0.0028316542157265923,            -0.0029070924179098174,      1.7781404686758835,       -0.04444132862098501,       0.033427231000151506,-1804.8052278371047,3.8096739640166324, -1800.995553873088,1.4765057861005066e-06
                      0.3108963880124795,                     0.01780698263285409,               0.25186915148497047,             -0.003228272119167093,            -0.0020462177575034024,      1.7669688708135007,       -0.04038674032262199,        0.03309692687638731,-1799.6313193033006, 3.963446562127677, -1795.667872741173, 0.0002607564617028915
                      0.3189370204366164,                    0.014632674322416403,                0.2533665267226793,            -0.0027868692149753513,            -0.0028187343849950027,      1.7764127541727412,      -0.043885752264630006,       0.034203542548333424,-1800.2631905215608,3.7992461517931675,-1796.4639443697677,0.00013861712782931729
                     0.31065961251366647,                    0.015888745910893693,               0.25214717905443657,            -0.0032826418222261615,             -0.001972579009378942,      1.7693828261933704,       -0.04154866590646957,        0.03193278897473546, -1800.331369861507, 3.959456553478029, -1796.371913308029, 0.0001294812802435254
                      0.3128234315391836,                    0.013594345706535806,                0.2521382692715426,            -0.0032905871088257117,             -0.002274540038060478,      1.7668292617896952,       -0.04330538047598939,        0.03399920579834371,-1801.5082399396956,3.8579085733699525,-1797.6503313663256,3.9911569265605166e-05
                       0.319991212702347,                    0.014009046502364559,               0.25319908719779816,            -0.0025534604396118903,            -0.0028406972224776896,      1.7749113241030052,       -0.04379909000777725,        0.03525207377896873,-1801.6052088505326,3.7721621828799594,-1797.8330466676525, 3.622311052988827e-05
                      0.3139804529438684,                    0.015353042284245848,               0.25239011055916555,            -0.0030278723473682063,            -0.0021789928265928543,       1.768196222964399,       -0.04180195352562903,        0.03391473091144322, -1803.677016746377, 3.891603971196359,-1799.7854127751805, 4.562585377985725e-06
                       0.308798020991561,                    0.015090745373598885,                0.2514106663026803,            -0.0033038676564136464,             -0.001987270254709304,      1.7669671716816182,       -0.04179892705909992,       0.032031797334321134,-1799.4418948419666, 3.962632312830025,-1795.4792625291366, 0.0003151382199660868
                     0.31658739317347534,                     0.01004834972163138,                0.2533623373646757,            -0.0032458776721152323,            -0.0027594708966625324,      1.7782315508508422,       -0.04715311486052062,        0.03243664607830194,-1802.4334796213839,3.7594398586176343,-1798.6740397627661, 1.582239840472498e-05
                      0.3144046101890509,                    0.011844338380250622,                0.2520639857709667,            -0.0032970617149703906,            -0.0023861450975016423,      1.7652175954535991,       -0.04449772660601097,        0.03598782765107294,-1799.8627740225415,3.7724564617326344, -1796.090317560809, 0.0002068786016052679
                      0.3190370580084308,                    0.014522324349735627,                0.2543574871532087,             -0.002764551824637844,             -0.002701055638189712,      1.7882801570432634,       -0.04457100968799387,       0.029915118929176338,-1800.6607155697698,3.8654780044788692,-1796.7952375652908, 9.314809149493483e-05
                       0.311780757010786,                    0.011447558457329761,               0.25248621593698894,             -0.003325008176259556,            -0.0022536237916499003,      1.7746427964744242,       -0.04492858513899019,       0.031098144247602332,-1798.7393674995624, 3.879157580853066,-1794.8602099187094, 0.0006362163500514356
                     0.31863592482108233,                    0.009751900543844866,                0.2521969022499159,            -0.0026835979114125242,             -0.002764210204031387,      1.7667598352204503,       -0.04563070082281776,        0.03812360059828738,-1802.3748204467797, 3.664728684818258,-1798.7100917619614, 1.677828903524653e-05
                     0.31411594826113015,                    0.011134810754036882,               0.25127521357537097,             -0.003173513909106314,            -0.0023831629229112763,      1.7575670518660709,       -0.04402020299060632,       0.038652698790421006,-1798.7807321754976,3.7252972937194233,-1795.0554348817782, 0.0006104363336920781
                     0.31681192024457366,                    0.015048259887444154,               0.25429562480087703,             -0.002737419126977796,            -0.0026338521510934215,      1.7936298462906055,      -0.044357128463263215,       0.026968486068694317, -1801.535935033949, 3.937520170581347,-1797.5984148633677, 3.882138071234533e-05
                      0.3149897014708831,                    0.012928590589559991,                0.2517551307017369,            -0.0029143824356917046,            -0.0026014387143538497,      1.7669486856605228,       -0.04374911531748144,       0.036367524080741544,-1805.5038211134547,3.7803526925781963,-1801.7234684208765,  7.34243225504701e-07
                      0.3134312242097584,                    0.010072542580082883,                0.2521298562173672,             -0.003513893015038053,             -0.002540736290824981,      1.7665920426063195,       -0.04616632409504784,        0.03512625233688962,-1802.9254381721698,3.7511948570354274,-1799.1742433151344,  9.67425279965644e-06
                      0.3134957119589957,                    0.018033600802049708,                0.2527198500071199,             -0.002997816113751736,             -0.002321730205715442,       1.774580452810595,       -0.04091658504824256,       0.031814909616762824, -1800.941969412153,3.9598341936172714,-1796.9821352185356, 7.031159814545016e-05
                      0.3133778636893833,                    0.017558100498824412,                0.2526240925160634,            -0.0029518364580434922,             -0.002375714948659663,      1.7758721963015225,      -0.041276867238535554,       0.031656192942996854,-1804.9218880657177,3.9546210766932717,-1800.9672669890244, 1.313924042895455e-06
                      0.3179423370631184,                    0.013167179487748771,                0.2540579155128214,             -0.002832937254452149,            -0.0027818408051621195,      1.7868614880967397,       -0.04523929527738082,       0.029920897731977515,-1801.3267865809025, 3.854036835312928,-1797.4727497455897, 4.785231979035837e-05
                      0.3223527774444789,                    0.016195591635396356,                0.2538381683027826,             -0.002299615503462001,             -0.003100296031336053,      1.7805045416130185,       -0.04314292887448632,        0.03480618585906367,-1801.6580487798778,   3.7841792824702,-1797.8738694974077, 3.435877340768046e-05
                     0.31120932554368275,                    0.012427829382191129,               0.25098799820621626,             -0.003539773176956021,            -0.0020326578294366554,        1.75357098646126,      -0.042961835735859155,        0.03824033779841655,-1801.7917519247835, 3.781807118227862,-1798.0099448065557,3.0058763627124268e-05
                      0.3154012275182878,                    0.009298671213122365,               0.25172012271468436,            -0.0029342030675873873,             -0.002553066665552684,      1.7654138066068925,      -0.045652622330363365,        0.03694004642245905,-1801.8547215961912,3.7122647305224614,-1798.1424568656687,2.8224335926249304e-05
                      0.3182361415104179,                    0.015124113767719823,                 0.253399115462029,            -0.0025902179180788943,             -0.002665871690849169,      1.7793925272859046,       -0.04290302361182042,         0.0328897927334893,-1800.1114716399275, 3.857331261953841,-1796.2541403779737, 0.0001613271898959503
                     0.31953815686243103,                     0.01494580284581079,                0.2534128801376992,             -0.002625293679172745,            -0.0028939489745822074,      1.7771476222887417,      -0.043496949138998674,       0.034202626909737625,-1804.4152629663836,3.8059116516749807,-1800.6093513147086,2.1806940805708852e-06
                      0.3194093773665029,                    0.014224261150529188,               0.25267328293347807,            -0.0027172515283851385,             -0.002885468152028467,      1.7686005530489406,       -0.04348110546168142,       0.037617731645570224,-1798.6088481023457, 3.730803159080171,-1794.8780449432656, 0.0007249176598237183
                      0.3190751512472285,                    0.014345167738086842,               0.25296856010754776,             -0.002629323836445046,             -0.002781507038619676,      1.7745627127983055,      -0.043521343015684034,        0.03544869280056445,-1804.3809543469165,3.7810970618859514,-1800.5998572850306,2.2568089154416286e-06
                      0.3176633843738222,                    0.012960237873936811,                0.2525381216923631,            -0.0029433531668899508,            -0.0027539920593751335,      1.7687013940119563,       -0.04425006580038776,        0.03659935146345341,-1800.9406976442801, 3.744773457916254, -1797.195924186364, 7.040107506193226e-05
                      0.3080930991244013,                    0.016948519473658604,                0.2515136621342364,             -0.003417633818147184,             -0.001823871399119714,      1.7663671609883775,      -0.040571225576376206,        0.03167548412093726,-1801.8588123858813, 4.005063279368148, -1797.853749106513,2.8109111943060017e-05
                      0.3163568135710656,                    0.011084769426823309,                0.2532804344742175,             -0.003137352179094676,            -0.0026712475824008913,       1.777633658262697,       -0.04608123287702718,        0.03242409215261125,-1797.3887373303392,3.7919151087503433,-1793.5968222215888,  0.002455704213457977
                     0.31304806519476575,                    0.011447229264533723,               0.25214514118793724,             -0.003257669431244047,             -0.002257294925573357,      1.7688397575152974,       -0.04447129313401688,        0.03397659642682359,-1800.1426199129824, 3.825491353669577,-1796.3171285593128,0.00015637958127980196
                      0.3096990903736053,                    0.011347135807545301,               0.25137088038598665,            -0.0033217327263769542,            -0.0021576661916943565,      1.7669091010175602,       -0.04412749060676003,        0.03303341978605368,-1797.1158338676837,3.8753779991595083,-1793.2404558685241, 0.0032262388997094317
                      0.3119807545821973,                    0.012874252335312149,               0.25191600976718403,            -0.0031331539896105377,             -0.002056953447687718,      1.7674034117047337,       -0.04302476649786328,        0.03339510541966921, -1800.194938215463, 3.883199384081898, -1796.311738831381, 0.0001484084044115378
                     0.31028254837372576,                    0.014380244812846133,                0.2513258821224665,            -0.0033722894306965527,             -0.002151487129117106,      1.7636498466074497,       -0.04243751351420154,         0.0346106712032144,-1800.5500871758727,3.8834723345482045,-1796.6666148413244,0.00010404453225178921
                     0.31649218564522097,                    0.016475082463493333,                0.2534986498970124,             -0.002802316972127546,             -0.002612578914359968,       1.781018795333529,       -0.04252345405000355,       0.031097849363840795,-1801.1995967412718, 3.913979700050289,-1797.2856170412215, 5.434265364042924e-05
                      0.3165723426133601,                    0.012180416170952975,                0.2531822171996123,              -0.00266630028714172,            -0.0025609627362923894,      1.7801614211048633,       -0.04452505891027327,        0.03163731960574681, -1800.035862669189, 3.849466660816619,-1796.1863960083724,0.00017399794849815196
                     0.31360083307769127,                     0.01172273164067624,                0.2519932753339519,             -0.003147079315959717,            -0.0022569817906628064,      1.7669448409794763,       -0.04412451153341374,        0.03485940879142325,-1798.8038416011427, 3.812475877376454,-1794.9913657237662, 0.0005964912526379485
                      0.3139638790110021,                    0.013962772922166352,                0.2528971332613752,            -0.0031077985879832647,            -0.0023261963519929734,       1.775259564471793,       -0.04356843111402555,        0.03163110756494191, -1801.652845961216,3.8919891195901766,-1797.7608568416258, 3.453800171706442e-05
                      0.3146425672330752,                    0.009104126564508581,               0.25287958292467555,            -0.0034698772182900706,            -0.0026135036311982635,      1.7750035076255235,      -0.047427091801609866,        0.03278390745145177, -1804.792421047901, 3.756711812513569,-1801.0357092353875,1.4955366867172637e-06
                      0.3148546765175686,                     0.00965087697324538,                0.2526975238844648,            -0.0035202360018777284,            -0.0023854575592410013,      1.7686203647704013,       -0.04653913922381606,        0.03453421573907302,-1800.3888239199964,  3.74438735411254,-1796.6444365658838,0.00012225172737319063
                      0.3140506724359683,                    0.014645503159080158,                0.2528258762106323,            -0.0029021881417205047,             -0.002205396407757065,      1.7757529505116825,       -0.04262999474601803,       0.031449011964142695,-1797.0682369732708, 3.919769475471182,-1793.1484674977996, 0.0033835109935186577
                     0.31996854397531294,                    0.017308582508247242,                0.2536796067774897,            -0.0024195755694789585,            -0.0029124703063353897,       1.781677236820729,       -0.04232382991202287,        0.03302999889341266,-1802.1812187475002,3.8583535506631748, -1798.322865196837,2.0362346399425073e-05
                      0.3153268188196819,                    0.013393571303799338,                0.2516062351920047,             -0.003008921998324585,             -0.002357969491287786,      1.7601326949716534,      -0.042826410113563994,        0.03841624073428929,-1796.2174484932725,3.7550889371950413,-1792.4623595560774,  0.007922465087647813
                     0.31877483027749887,                    0.014531826575438963,                0.2528584464657126,             -0.002740344559650846,             -0.002844438049358384,      1.7719741736064327,       -0.04343678848277744,        0.03584485669068426,-1803.8297927036242, 3.776597303915181, -1800.053195399709,3.9161674117996765e-06
                      0.3201043226865914,                    0.014231687147539461,               0.25366036448457424,             -0.002526018978549098,            -0.0030875297231747175,       1.782491418943446,       -0.04447303706029853,        0.03309845498284104,-1802.7334172920614,3.7990592395042277,-1798.9343580525572,1.1722251650339048e-05
                     0.31510217629468573,                    0.015513344837842703,               0.25197544670341904,             -0.002813297362540335,             -0.002612133052528679,      1.7691128451938214,       -0.04222901416730026,        0.03541150002867765,-1799.3324563549209,3.8411088757511687,-1795.4913474791697, 0.0003515844094740548
                     0.30742078864455286,                     0.01613370854007352,               0.25061002443507086,            -0.0034438521661947887,             -0.001948546757630042,      1.7594862238367808,       -0.04073941193627637,       0.034440981949711576,-1812.6044808081474, 3.948134041316879,-1808.6563467668304,  6.05428170718273e-10
                     0.31765983689532096,                    0.014975945445044478,               0.25222573384020486,            -0.0026685658311811277,             -0.002443278862758769,      1.7645064062768507,       -0.04193968732341002,        0.03781201920132713,-1803.4908132889936,  3.77763775700344,-1799.7131755319901, 5.496397563031367e-06
                     0.31937600742173083,                    0.014647894246357877,               0.25253821906920726,            -0.0026525533474037136,            -0.0027935651292008107,      1.7679154125211591,       -0.04297914028384604,        0.03785187753436418,-1797.1514223308518, 3.738759374756814, -1793.412662956095, 0.0031134410711230846
                       0.316878061284482,                    0.013917778699905526,               0.25292334795850235,            -0.0026287163049870284,            -0.0027443055475302822,      1.7780097789439941,       -0.04368780932956022,       0.032940229400257544,-1802.6761334719472, 3.844047613603842,-1798.8320858583434, 1.241335247974376e-05
                      0.3129611715064962,                    0.011391300278294244,                0.2514999625496488,            -0.0030338454620019908,            -0.0021879845994131754,      1.7632041787716524,      -0.043701602620911856,        0.03570390506836423,-1799.0622793504076, 3.809293616199244,-1795.2529857342083,0.00046064460680174884
                       0.316532989402138,                    0.010625579915771085,               0.25369039926169296,             -0.003220441221425986,            -0.0026063956017567578,      1.7804091775279882,      -0.046583999161104915,        0.03136102974881542,-1802.0712744017615,3.7975803514795032,-1798.2736940502818,2.2728775760341043e-05
                      0.3164423087839604,                    0.013748658607341896,               0.25449204715245133,              -0.00286825268479845,             -0.002616647033699082,       1.794536530636638,       -0.04519074005350923,       0.026416632125061356,-1800.1230238295925, 3.926209046617788,-1796.1968147829748,0.00015947423107290183
                      0.3183952087284889,                    0.015229902341380963,                0.2548022377364938,            -0.0026415485906467855,             -0.002718756983665132,      1.7973528996228723,      -0.044511223591684496,       0.026580869281173904,-1801.6941442937637,3.9297276236117367,-1797.7644166701518, 3.314069171628623e-05
                      0.3128286981770575,                     0.01429114800008545,               0.25126573416371023,            -0.0032411078810857586,             -0.002338769490163819,      1.7600544352044103,      -0.042431711071855144,        0.03735589936718398,-1799.8299187518528,3.8062377003113106,-1796.0236810515414,0.00021378854653833975
                     0.31813349401214064,                    0.011678843494177927,               0.25307661843818113,              -0.00301939693683027,            -0.0027376086716942305,      1.7737661587716127,       -0.04549449997854959,        0.03510085492751473,-1799.3682473419826,3.7408813419154576,-1795.6273660000672,0.00033922338260584706
                     0.31191298880857665,                     0.01791137287741582,                0.2519140900622805,             -0.003007813931269628,            -0.0023025201407817627,       1.769066055610467,       -0.04064950417924625,        0.03285962717196134, -1805.537744714144,3.9553412748347476,-1801.5824034393092, 7.097528017994359e-07
                      0.3171292846174459,                    0.009671187900362916,               0.25196212077939384,            -0.0027570730470486285,            -0.0026197207444648906,      1.7661240665531321,       -0.04537046836905304,        0.03765153666546893,-1800.7108934399262, 3.692707775622893,-1797.0181856643032, 8.858944664586576e-05
                      0.3179595322146715,                    0.007634591876534567,                0.2529056773748326,            -0.0029299458318423977,             -0.002529712506109623,      1.7714830475077172,      -0.046986843700062744,       0.035510008834686003,-1799.6770281237564,3.6902625269255918,-1795.9867655968308,0.00024910588681797415
                     0.31738623530517646,                    0.010206210808000875,               0.25211336635761367,            -0.0029066338916925462,             -0.002754516784370922,      1.7670093441691037,       -0.04558907133932771,        0.03770301221179571,-1801.5800794705406,3.6838808557678835,-1797.8961986147726,3.7144908435803885e-05
                      0.3119354223401884,                    0.010346999711526741,               0.25177449300053284,             -0.003574359000404946,            -0.0022547136022882486,      1.7636114881124287,      -0.045459149605002455,        0.03502134016668383,-1796.6625140048359,3.7827379574531013,-1792.8797760473828,  0.005076575368900272
                      0.3147402790916686,                    0.011606797236439098,               0.25208095528720464,             -0.003112485359421395,             -0.002547682550609616,       1.769152144663184,       -0.04484240243166651,        0.03515606901995276, -1800.453176197068,3.7792176127229675, -1796.673958584345,0.00011463234201785037
                       0.316701250718144,                     0.01577710359923409,               0.25326052891169204,            -0.0027822496096277707,            -0.0024854880155275334,      1.7767303067111604,       -0.04245292664350523,       0.032461008216658864,-1799.8107318112948, 3.887540201561287,-1795.9231916097335, 0.0002179300994831338
                      0.3168032666320393,                    0.012932708617384329,               0.25402830674730953,            -0.0030315384855159667,            -0.0026507765284136124,       1.787223863965063,       -0.04565665482735158,        0.02944648743332156, -1802.691178116826,3.8582750626091817,-1798.8329030542168, 1.222799580871964e-05
                     0.31469149503403565,                    0.009567837322353898,                0.2526154294084445,            -0.0032602553996002367,            -0.0024862519978235496,       1.771770780806308,      -0.046349013416851347,        0.03358655390798263,-1801.2252318549104,3.7708558503560186,-1797.4543760045544,5.2967277815943044e-05
                     0.31004721625325415,                     0.01289785649362867,                0.2515337374720788,            -0.0036029365663333536,            -0.0020902082667781595,      1.7629011590105494,       -0.04354813215438048,        0.03444759647106599, -1802.794878070688,3.8592596744650765, -1798.935618396223,1.1023486217886768e-05
                      0.3149677082481081,                    0.014328602807941779,                0.2524211699725409,            -0.0028752221490517685,             -0.002324668558218915,      1.7705945599284332,      -0.042748262964040794,       0.034154942036850294,-1801.9997059984903,3.8556095648967483,-1798.1440964335936,2.4415060600295126e-05
                      0.3077932283242647,                    0.014541907668067957,               0.25065437925452416,             -0.003455672785775581,             -0.002051378451664767,      1.7599757904727356,       -0.04179156769500021,       0.034740448894731484, -1814.083250361065, 3.912841557778694,-1810.1704088032864, 1.379879517233033e-10
                     0.31304907399980636,                    0.011790436721028082,               0.25168979996569063,            -0.0031691660245542225,            -0.0022763878260336624,      1.7633557618378761,      -0.043869717021987185,       0.035461282346488404, -1803.050604231928,  3.80970064977977,-1799.2409035821481, 8.536080513350172e-06
                      0.3169215727129035,                     0.01569539723304018,                0.2533293060377782,             -0.002658424903654486,             -0.002682566985673082,      1.7816618798647867,      -0.042980057311952126,        0.03154536931170414,-1801.3092692324803, 3.890497158229288,-1797.4187720742511, 4.869795052917998e-05
                      0.3174863296176079,                     0.01008775594665069,                0.2523438516170866,            -0.0031280060988587766,            -0.0028639364467064024,       1.767678708973012,      -0.046478107628455126,       0.037438811700343425,-1801.8147108992794,3.6642925579555623,-1798.1504183413238,2.9376507162692466e-05
                     0.31967796440776663,                    0.013458560781084794,               0.25230591298769955,             -0.002678420555056559,            -0.0029529790641934324,       1.765457284115412,       -0.04375186254255148,       0.039387022697848356,-1806.6027960326387, 3.679397008687134,-1802.9233990239516, 2.446590049253433e-07
                       0.311862339288946,                    0.015211714116116718,                0.2525852024585411,            -0.0031049931568125633,             -0.002235716362045244,       1.776890988269816,      -0.042517658890654876,       0.030486311429065376,-1800.8050320734815,3.9550230281113503,-1796.8500090453701, 8.063026736268723e-05
                     0.31115616052977546,                    0.014886805542622165,                0.2519318620426613,            -0.0031746338822389087,            -0.0019199746161546512,      1.7669163269900823,       -0.04155715154571362,         0.0330907023865641,-1801.7995708517842,3.9327821702907295,-1797.8667886814935, 2.982465278907695e-05
                      0.3110036764602538,                    0.014827099404123011,               0.25222540412753564,            -0.0034117931000279115,            -0.0022191396435763846,      1.7713988548276036,       -0.04298186901731449,       0.031579488315976983,-1801.4905310575464,3.9271986999543658,-1797.5633323575921,4.0624653872303934e-05
                     0.31292855077185106,                    0.009852255585539985,                0.2526561283264664,              -0.00325863930044927,            -0.0024423106749884706,      1.7773083399721907,      -0.046309678352948185,       0.031079872463553062,-1800.1718866551096,3.8334785149312065,-1796.3384081401784,0.00015186918464889077
                       0.310949097295284,                     0.01417700259427593,               0.25277070809291624,             -0.003312518701393652,             -0.002116811095989824,      1.7778754628648352,       -0.04332613938286002,        0.02911648732751961,-1802.3178081118808,  3.96492949345852,-1798.3528786184222, 1.776265227482757e-05
                     0.31411205646988577,                      0.0134682079166388,                0.2526109053209499,            -0.0032633769504170256,            -0.0024785935833029843,      1.7730840913893684,       -0.04422548984712545,         0.0333406609457345, -1800.999156912087,3.8388116006993824,-1797.1603453113878, 6.640346680290326e-05
                     0.30808167703726574,                    0.014539512230661227,                0.2507806746995648,             -0.003585698434016558,            -0.0018039401304208993,      1.7554942411627956,       -0.04152364239558536,        0.03537478815846745,-1802.4570775468806,3.9041567045066996,-1798.5529208423739,1.5453393623234297e-05
                        0.30961679353119,                    0.014496860393578377,               0.25142839951413276,             -0.003297028707918469,            -0.0021237790664929675,       1.766743829567308,       -0.04231077215114677,       0.033157920065691265,-1798.1855457469678,3.9215135583563554,-1794.2640321886115, 0.0011069463100498334
                       0.318967728712443,                    0.014306616868021357,               0.25440811109839556,            -0.0028094651052506673,            -0.0027542884318989083,      1.7879883479714727,       -0.04464856598879075,       0.030041732629182458,-1798.2112375180436,3.8615497805260848,-1794.3496877375176,   0.00107886911961882
                     0.31919067766483517,                     0.01171031933662738,                 0.254268690309009,            -0.0028101817047661917,              -0.00291367173226188,      1.7893635118057476,       -0.04659382297256397,        0.03006937784021999, -1800.726380937052,3.8050082973842754,-1796.9213726396677, 8.722798785359955e-05
                     0.31848219055874105,                    0.009809111728003497,                0.2535234368708481,            -0.0030849500107462307,            -0.0029224913926442536,      1.7798742641872871,       -0.04749376271014443,        0.03344664003059387,-1798.8946345920917,3.7167138701288644, -1795.177920721963, 0.0005447198283190848
                     0.31699136245087717,                     0.01801405545837046,               0.25350572907894303,             -0.002708559734786439,              -0.00257316137335044,       1.780739144487622,      -0.041554234936740035,        0.03133534705546815,-1799.5501091457459, 3.931019955693806,-1795.6190891900521,0.00028281614786740877
                       0.316898889489509,                    0.015019172572421285,                 0.253241546049452,             -0.002657431603795793,             -0.002757160571100096,      1.7805031501484272,      -0.043308366031683206,       0.031832126713534734,-1802.1365292702972,3.8763921347380745, -1798.260137135559,2.1292968648043722e-05
                      0.3185160826256088,                    0.013028881682750633,                0.2539373174229073,            -0.0028302413260838295,            -0.0027882958724983744,       1.785189504524387,       -0.04540367622218353,       0.030871681295376877,-1802.2410307691503, 3.827751258732656,-1798.4132795104176,1.9180140771897766e-05
                       0.319942985772793,                     0.01281300078774721,               0.25349008988913674,            -0.0025354769847106325,            -0.0026857346283821718,      1.7790063879503335,       -0.04455132701533748,       0.033885849400561815,-1799.2266708187067,3.7813434625158204,-1795.4453273561908, 0.0003908154131504551
                       0.317258631825677,                    0.012161468840974639,                0.2522749676476404,             -0.002831683855892849,            -0.0026086771238564583,      1.7669514676172398,       -0.04409752700278813,        0.03723084661572632,-1800.1956878751093,3.7368665170724222,-1796.4588213580369, 0.0001482971903111462
                      0.3132323493350579,                    0.012146380543747354,                0.2518422908118689,            -0.0030957372135107823,             -0.002263413169620981,      1.7649643945714093,      -0.043559095976768596,        0.03524681757057347,-1799.4845789749247, 3.821604574059773,-1795.6629744008649,  0.000301969857614142
                      0.3157772803059017,                    0.012671181046755037,                0.2528294068037034,             -0.002781829867001301,            -0.0025324449265691678,      1.7759389775592047,       -0.04413558866494983,        0.03260021835888628, -1800.415353172341, 3.845869928959389,-1796.5694832433815,0.00011905112298249572
                     0.31504954214805186,                    0.009274569728586748,                0.2529838346197388,            -0.0035059399343260788,            -0.0023898603430386623,      1.7715792953158813,      -0.046915665534433305,       0.033798213722322994,-1796.9747440544884,3.7479496869702085, -1793.226794367518,   0.00371510463984795
                      0.3138041928268563,                     0.01620501053703802,                0.2521617474932828,            -0.0027704425790524984,            -0.0022641061276094765,      1.7695966540693875,       -0.04108710314379782,        0.03365405067295248,-1800.7433487471822,3.9162293755205875,-1796.8271193716616, 8.576040595355111e-05
                     0.31412228471628656,                    0.011337510122170696,                0.2536178572662697,             -0.003208470636069393,             -0.002473592645001271,      1.7862037120423806,      -0.046167845736601106,       0.028343250136982318, -1798.503916765027,3.8806578168056474,-1794.6232589482213, 0.0008051184529107588
                      0.3143843018037689,                    0.010541615365900033,                0.2523327531554875,            -0.0030634772072711154,             -0.002542807118384165,      1.7738314235762314,      -0.045749242425285476,       0.033370101665156984, -1799.641154976261,3.7941699451550446, -1795.846985031106, 0.0002582043180231496
                      0.3116079882082207,                     0.01264814470777915,                 0.252587153513683,            -0.0034357804272966566,            -0.0022531663153967803,       1.774361049354693,       -0.04440829947187885,       0.030973068118608674, -1803.393414944449,3.8970363089141102, -1799.496378635535, 6.058675632130765e-06
                      0.3158044656596724,                    0.012139624845425466,                0.2519111907953201,            -0.0030489937386042523,            -0.0023781056239851397,      1.7622744657157938,      -0.043862900828322386,        0.03773987972879184,-1799.6226412391438,3.7405130327916365,-1795.8821282063523, 0.0002630291700985926
                     0.31164720349863306,                    0.013063212280655892,                0.2532465650699224,             -0.003153958866014728,            -0.0022494162500286867,      1.7870972109048666,       -0.04466556121611552,        0.02654273058890611,-1799.1586697528014, 3.968783180154337, -1795.189886572647,0.00041831570613972216
                      0.3106937000665418,                    0.012136042222033716,                0.2520184123983534,             -0.003483871836292773,              -0.00228084170663759,      1.7698110629571118,      -0.044503585691644636,        0.03243290782074829,-1799.1972347104352, 3.871299377357742,-1795.3259353330775, 0.0004024904893592971
                     0.31770388958829965,                    0.014356916709455516,               0.25200033388994086,            -0.0027041934571634535,            -0.0026905466553801146,      1.7652906061805682,       -0.04286820565764119,        0.03814814945401975,-1798.4283247776634,3.7452458887783266,-1794.6830788888851, 0.0008683383131618595
                     0.31017255036929525,                    0.017247569366408626,                0.2513473376062575,             -0.003060393386577634,             -0.002145752086884415,      1.7663664476915457,      -0.040389944942027405,       0.033381770641836825, -1799.107842375281,3.9619541671053695,-1795.1458882081756,0.00044012721178215833
                     0.31300598237330923,                    0.010886610940103606,                0.2519468847847292,            -0.0033472273289959667,             -0.002303377318980589,      1.7653147023568607,       -0.04501584132556166,         0.0349978776870298,-1801.9501219099789, 3.788794188106304,-1798.1613277218726,2.5656174608246623e-05
                     0.31261501507345724,                     0.01610252040414867,               0.25277002112066715,            -0.0032302443010544194,            -0.0022477185981602085,      1.7754932430552604,       -0.04237738522608613,       0.030865070313931757,-1799.7391520568012,  3.94673445947615, -1795.792417597325,0.00023410134532869735
                     0.31455157745427753,                    0.013931113357789534,                0.2528217672355202,            -0.0029817925393106695,            -0.0024080302587002134,      1.7764283816581143,       -0.04343069479787897,        0.03226571815945909,-1799.0613065542216,3.8793466049218273,-1795.1819599492997, 0.0004610929381505197
                      0.3118365120824971,                    0.012129702895505443,               0.25229079416985956,            -0.0034633097345300973,            -0.0021453116400478407,      1.7696820512080282,       -0.04441387648780723,        0.03280119031372648,-1802.8120945639616,3.8591108762298676,-1798.9529836877318,1.0835324828890569e-05
                     0.31216292498471837,                    0.010785556525142806,               0.25138554361333704,             -0.003386635547742459,             -0.002432054538189382,      1.7635351233246803,       -0.04495738485191453,       0.035998176946669215,-1803.8758894962762,  3.77364691781783,-1800.1022425784583,3.7397422121471205e-06
                     0.31388718114176617,                    0.013680325800686646,                0.2512978991036053,            -0.0029515903705594187,             -0.002231698423605999,      1.7590171211890104,        -0.0420280600148795,           0.03777063283492,-1798.6449555563563, 3.800315332986795,-1794.8446402233694,0.00019327412607849344
                      0.3142629338308345,                    0.014438727170886312,                0.2532855527837707,            -0.0029560809089418387,            -0.0023611345627329483,      1.7827777010984682,       -0.04356930491916694,        0.02929330241081174, -1799.457106743606,3.9343342091492666,-1795.5227725344566,  8.57947946551642e-05
                     0.31323236202099264,                    0.006811903808794263,                0.2524630829858103,            -0.0036241706436200153,             -0.002372184734660204,        1.76990608015024,       -0.04815709188865233,        0.03365357984058151,-1799.0858731886342,3.7259344018498806,-1795.3599387867844,0.00012436140603204845
                      0.3095573565100742,                    0.013816340333094208,               0.25100985823186034,            -0.0034859768754224914,            -0.0020651194635869967,       1.759099557705079,       -0.04244549190270626,         0.0355590579939692,-1797.5509965049027,3.8671441137223255,-1793.6838523911804, 0.0005771305947777409
                     0.31874563122444716,                    0.016910215689748764,                0.2530704478660709,              -0.00256436065696069,            -0.0025859482477474625,       1.773410438262244,       -0.04157379818706002,        0.03493489326313068,-1798.8645212207434,3.8451941510112477, -1795.019327069732, 0.0001551735020814686
                      0.3132902037565267,                    0.013487962404335254,               0.25114723330920863,             -0.003033430537466934,            -0.0023354873086273574,        1.75867808988375,      -0.042351578528131296,        0.03766719048840901,-1800.0874947651305,3.7981654415770008,-1796.2893293235534, 4.567587753982967e-05
                     0.31277317207900185,                    0.016476856033528938,                0.2518733414461416,             -0.002904723020981362,            -0.0021034758687136484,      1.7665173881232243,       -0.04080816831891577,        0.03387815643612352,-1799.4162073117564,3.9249432050469975,-1795.4912641067094, 8.937649857517846e-05
                     0.31517226454892966,                    0.007827866260814711,               0.25314259909090875,             -0.003545231526865873,             -0.002494202077280087,      1.7735865839170235,       -0.04803276602594636,        0.03310685757008428,-1796.3800236713992, 3.728896353272334,-1792.6511273181268, 0.0018613204021956718
                     0.31765321672922975,                    0.014968795386749644,                0.2537799003436454,             -0.002638811312933016,            -0.0024609503738508955,      1.7829193772571366,      -0.043119235208920685,       0.030821520606523413,-1798.3947520444758, 3.896245782812348,-1794.4985062616634,0.00024821940073000234
                      0.3127172410032589,                    0.015380520696336865,               0.25226732126587614,              -0.00305309190685574,            -0.0021811857034198124,      1.7705929861048366,       -0.04188138447358265,        0.03294432878290699,-1797.6575353116336,3.9176448519413594,-1793.7398904596923, 0.0005188058706851727
                     0.31174659111293695,                    0.015419735334155669,                0.2516760859031011,            -0.0031596335068186775,             -0.002175617709681905,      1.7636377967075918,       -0.04150987450118874,       0.034789887219456174,-1803.6896272280542,3.8943636143256484,-1799.7952636137286,1.2453764477089509e-06
                      0.3122644138232698,                    0.013421875311099004,               0.25216804922177694,             -0.003307914175326965,            -0.0024907150271465135,      1.7722779181691801,       -0.04408936807662496,        0.03258015832829596,-1799.7443618301063, 3.869748096768955,-1795.8746137333374, 6.437357673691573e-05
                     0.31893477916287005,                    0.013965652332540412,               0.25350467416765493,              -0.00272620713405822,            -0.0027044482559007194,      1.7773719182910228,      -0.043875929925053965,       0.034000930239305116,-1798.0059097820963, 3.803843383141666,-1794.2020663989547,  0.000366191088839416
                     0.31742823841850354,                    0.012687160543883665,               0.25189652792203066,             -0.002719612270069692,             -0.002725158552902019,      1.7636740274750589,      -0.043529638294368046,        0.03829369938221011,-1799.6308721648497, 3.726140090690928,-1795.9047320741588, 7.211001327734705e-05
                     0.31095535559127657,                    0.013925455729677664,                0.2521108841621347,             -0.003121040005741836,            -0.0022132262858544018,      1.7734252873045762,       -0.04292337239268347,       0.030987210046441702, -1799.710404822928, 3.940517084883279,-1795.7698877380446, 6.659704831547017e-05
                      0.3178371616592922,                    0.015179905788080452,               0.25256457883200145,             -0.002783056686353638,            -0.0026901312270530726,      1.7691514099307852,        -0.0425922856369257,        0.03665029715759513, -1797.375223655224,3.7866357661872625,-1793.5885878890367, 0.0006880361806334072
                     0.31618464730881485,                     0.01342168612619529,                 0.253217033094261,             -0.002884716559105463,            -0.0026818270822880482,       1.780856161699632,        -0.0445457671897578,        0.03157543897448959,-1798.0688796693698, 3.852590877641142,-1794.2162887917286,0.00034384308688581536
                     0.30991554024583184,                     0.01423748956999473,                0.2519317670255086,             -0.003449995932601672,            -0.0022090019696726386,      1.7702538765513587,       -0.04307453527042425,        0.03182650712100262, -1798.180018231195,3.9266978738565776,-1794.2533203573385, 0.0003076758669220983
                     0.31107654167500737,                    0.016482688229025964,                0.2518568103003418,            -0.0031297116154526588,             -0.002006765371456087,      1.7677673380441652,        -0.0409148032616716,        0.03280160298183361,-1797.2348851789998, 3.955296406423369,-1793.2795887725765, 0.0007916979168243148
                     0.31754701604861235,                    0.011287047133423374,                0.2536722749454981,            -0.0031180058906585214,            -0.0027245837410817333,      1.7807261260206646,       -0.04644907050991974,        0.03205576339518787,-1797.5096387916142, 3.781237692974276,  -1793.72840109864, 0.0006014998513547916
                      0.3156205220847553,                    0.008391690429128773,               0.25334804234163083,             -0.003463053150611939,             -0.002481196753977956,      1.7761006507788037,       -0.04780395294727075,       0.032551668604185076,-1799.4662829497415, 3.744129482412773,-1795.7221534673288, 8.501112499015938e-05
                     0.31174708503882614,                    0.018519760681838887,               0.25216446500738543,            -0.0029968974287958093,            -0.0020999494768925496,      1.7708304250342555,       -0.04009227123909816,       0.031963371343677834,-1803.2677844809418, 3.988168412791615,-1799.2796160681503,1.8989110664675246e-06
                      0.3133431101523956,                    0.005444587160304986,               0.25189061857146805,            -0.0036972478255312873,            -0.0023076983817474097,       1.762078000628858,       -0.04854373661393493,        0.03640705461648759,-1797.8501780484444,3.6534927575437153,-1794.1966852909006,0.00042789893369058797
                     0.31415518954394533,                    0.008905024094054527,               0.25177452471046763,            -0.0034198798545318275,            -0.0026322456238394853,       1.764087282835055,      -0.046686781966199326,        0.03688383002069462,-1799.2719037549364,3.6922376237564922,  -1795.57966613118,0.00010325083561876086
                      0.3199924818522302,                    0.011554614932410596,               0.25258032486760834,            -0.0027969836928854203,             -0.002891139604245788,       1.766680332605796,       -0.04498756008075145,        0.03892505840468372, -1798.850759965148,3.6549761046257423,-1795.1957838605222, 0.0001573236447050368
                     0.31176344345821827,                    0.012651003237404335,                0.2516536124988862,             -0.003387241199792362,            -0.0024698075319068264,      1.7670500964678506,       -0.04420999260533035,       0.034378838789545764,-1799.4895585455884,3.8321543986043993, -1795.657404146984, 8.305529030873569e-05
                     0.31083326866760974,                    0.010186387554381728,                0.2519991569014952,              -0.00371496563556482,             -0.002287871613863825,       1.768502764394598,       -0.04612942765708228,        0.03305682057812375, -1798.972327023846,3.8123944769014146,-1795.1599325469447,0.00013931506963058476
                      0.3112470214624237,                    0.013207425598441352,               0.25130839220559986,            -0.0031917800652723825,            -0.0021919885261918047,      1.7629787109771744,       -0.04287313682348213,        0.03511597151884896, -1801.196575824279, 3.855045809028553,-1797.3415300152506,1.5066733825812896e-05
                     0.31537675620887684,                     0.01558628473537493,                 0.251574879613312,             -0.002893125861943345,             -0.002470882940235581,       1.760874861154423,       -0.04167073872501956,       0.038088061176488226,-1797.8824301323934,3.7924845317235976,-1794.0899456006698, 0.0004143184775407043
                     0.31456100622671324,                    0.015555355271026977,                0.2520604094332439,             -0.002966405850924337,            -0.0024319382752228166,      1.7685036845536661,      -0.042188623384322936,       0.035228558667607136, -1795.690909536625, 3.849560629651469,-1791.8413489069735, 0.0037076574581531917
                     0.31412360103021614,                    0.013330567578447474,                0.2516508347753694,             -0.002900533533133857,             -0.002299707803434294,        1.76471225430747,       -0.04278248745071791,        0.03618159973327586,-1797.9844211990708, 3.815671961437063,-1794.1687492376336, 0.0003741451713663265
                      0.3216133758579112,                    0.014334930828395823,                  0.25384089507676,            -0.0024528721652094902,            -0.0029563363619875636,      1.7804429922365466,       -0.04408408275597138,       0.034363614543172244, -1796.598045635525,3.7733263790240636, -1792.824719256501, 0.0014967022163816185
                     0.31440680135855603,                    0.010735801297639663,               0.25247762880230923,            -0.0034453362975936396,            -0.0024773014542851805,      1.7682319684240402,      -0.045742356408411705,       0.034851876283866545, -1798.888713579066,3.7630271101369264,-1795.1256864689292, 0.0001514645343490651
                     0.31354046540142194,                    0.014017067623283164,                 0.251827132750578,            -0.0029701294798558293,            -0.0023646565107123927,       1.766452436164368,       -0.04267480028232133,        0.03513508218506404,-1798.7952673445193,3.8454427913264504, -1794.949824553193,0.00016630072327128916
                     0.31268544826419986,                    0.013673331186795985,                0.2518429654215018,            -0.0031946585850159623,             -0.002230599186297915,       1.764941950675627,      -0.042770709905142555,        0.03519195594432746,-1797.6162495624317, 3.847167785465337,-1793.7690817769662, 0.0005406734636818752
                     0.31634288473103245,                    0.012295817672143265,               0.25317975607382215,            -0.0028858645732160407,            -0.0025165006446986635,      1.7784410629417784,       -0.04457192086416544,        0.03230637316850247,-1799.3324909036505, 3.836397701772828,-1795.4960932018778, 9.718089865447547e-05
                      0.3152835004906408,                    0.014486858355797851,                0.2537307585913822,             -0.002921495432718042,             -0.002405553529136212,      1.7861703290019524,       -0.04382742285942053,       0.028622068175433918,-1799.8113059871807,3.9330753148521675,-1795.8782306723285, 6.020522199910809e-05
                     0.31702226975255904,                     0.01194755292133156,               0.25214295840076606,            -0.0028759302894270614,              -0.00254987361987917,      1.7655411656316078,       -0.04409312048559763,       0.037486191136062975,-1800.1757898591582, 3.732547367973279, -1796.443242491185,4.1815840235415206e-05
                      0.3156750194179094,                    0.004120679981167531,               0.25215184135528823,            -0.0035257933013705545,             -0.002430879853712353,      1.7610576904211535,      -0.049130567527082114,        0.03794506784410302,-1798.4207599259057,3.5853520765086886, -1794.835407849397, 0.0002418469659454756
                       0.312194543466522,                     0.01529074183363145,               0.25158703153155726,             -0.003061191320714864,            -0.0022246304486382784,      1.7636664515053915,      -0.041642273799785336,        0.03502721022897798, -1798.258256139146,3.8829446637093725,-1794.3753114754365,0.00028452153382113084
                      0.3163708765380071,                     0.01618261623919398,               0.25190174486496286,             -0.002584939950948325,             -0.002670588947925328,      1.7665255110769305,       -0.04145277937544817,       0.036681483620833316,-1800.5842714191836,3.8244894273024026,-1796.7597819918813,2.7793263209079328e-05
                     0.31459234489539595,                    0.013013289022019705,               0.25209599615742984,              -0.00313407376879883,             -0.002485698641342766,      1.7671692585035232,       -0.04369750047126715,        0.03561793062722848,-1797.7513834194156, 3.801222721561572, -1793.950160697854, 0.0004723317791072564
                      0.3146390366301785,                    0.011576244708742571,                0.2522692081877501,            -0.0029987484854480033,            -0.0024803544168102176,      1.7717959710957532,       -0.04465416966288218,        0.03409864432736971, -1799.960206110823,3.8077965428977043,-1796.1524095679254, 5.187614077132721e-05
                      0.3168465633006464,                    0.015260897150726978,                0.2523451231472479,              -0.00268957382467201,             -0.002656546417695021,      1.7699514274618013,       -0.04230126594018518,       0.035939333433360865, -1799.565044167341,3.8165309460454466,-1795.7485132212955, 7.701659457258914e-05
                      0.3148839217217052,                    0.015143651067792687,                0.2535787885878097,             -0.002914198847877436,             -0.002504863874093863,      1.7855001048948882,        -0.0435720882132133,       0.028814053196411928,-1797.9689123424382, 3.938986940057708,-1794.0299254023805, 0.0003799929642686263
                      0.3135278723844999,                    0.009070666058867145,                  0.25206830439129,             -0.003629145594097822,             -0.002303611138307174,      1.7631726610226748,      -0.046438011152650664,       0.036029631349378706,-1797.8153149529594,3.7227706831954857, -1794.092544269764, 0.0004430799053122852
                     0.31833412889492974,                    0.011048894804983125,               0.25354779518267806,            -0.0028086864823498956,            -0.0027177614827724587,      1.7801183281192214,       -0.04577355623516478,        0.03271358028257429,-1798.5812781459267, 3.782126386511796,-1794.7991517594148,0.00020598161844895575
                     0.31252367897098465,                     0.01765447536566597,               0.25186308090355986,             -0.002915373296714265,             -0.002309746610069812,       1.768221883487111,       -0.04048539751156098,        0.03379764051508772,-1803.0863846598272,3.9361840561432135, -1799.150200603684,2.2765938945505532e-06
                     0.31379021578015254,                    0.009684755554894356,                0.2525655664182682,             -0.003542368158189574,            -0.0023810311138342775,      1.7690515851041009,       -0.04641117285998799,        0.03400880582652698,-1796.9102011635528,3.7659881466363716,-1793.1442130169164,  0.001095387998865864
                      0.3132362419598362,                     0.01390437032397539,                0.2522318724288024,            -0.0029851529214034557,              -0.00240853252868183,      1.7727134983085773,      -0.043324615835449914,        0.03251132992558168,-1797.9220100499274,3.8854180563331546,-1794.0365919935941, 0.0003982400762064184
                      0.3189365623912866,                    0.010912313036651317,               0.25224920205368895,             -0.002969730783069186,             -0.002703238876487872,      1.7619197115874723,       -0.04509119995155867,         0.0398257492803543,-1799.6830642572754,3.6366878236506337,-1796.0463764336248, 6.844296855392248e-05
                     0.31445131874028465,                    0.012311537771135254,               0.25206914526912894,             -0.003110129740899168,            -0.0025528420689393504,      1.7697100513532442,       -0.04456364428346051,       0.034907317648879256,-1798.9924133911377,3.7940838276603244,-1795.1983295634773, 0.0001365446529223898
                     0.31439599935855767,                    0.014920080454721398,               0.25265817003581537,             -0.002875409048301251,             -0.002298617699293649,      1.7737270011941697,       -0.04234700743767797,        0.03273988321711291,-1800.4300073866066, 3.899220116283903,-1796.5307872703227, 3.242914946885846e-05
                     0.31887373578849554,                    0.012448713421005562,                0.2527923482199535,            -0.0028306119416840955,            -0.0028569305520138033,      1.7712520004797283,      -0.044923956702167346,         0.0365031304655799,-1798.3034372303414,3.7206968135215126,  -1794.58274041682, 0.0002719526171762642
                      0.3148390324027344,                     0.01295897778575742,               0.25219293399158155,             -0.002881164564371735,            -0.0024827092723860235,      1.7707190316922894,      -0.043489044248582645,        0.03453877632900852,-1799.8866347158214, 3.828734764891859,-1796.0578999509296,5.5836644431158744e-05
                      0.3109038083211714,                      0.0118617063419269,                0.2512331197307962,            -0.0035231046707900992,              -0.00211000098803292,       1.758158357622827,       -0.04377745164359858,       0.036214411442855934,-1797.6455734279602, 3.808890005335947,-1793.8366834226242, 0.0005250490316997097
                     0.31538836967998335,                    0.015077953969824084,               0.25341244737194346,            -0.0029955373089815013,             -0.002525163226894482,      1.7807563568780063,      -0.043463148205077344,        0.03075895353260024,-1798.1783351711524,3.9027386080727355,-1794.2755965630797, 0.0003081941398996913
                     0.31206554053030844,                    0.015845605551545693,                0.2514663131702224,            -0.0030783683227758886,            -0.0020326488906564732,      1.7619193840954943,       -0.04093778183312823,        0.03546578102769199,-1799.1878487585677, 3.891946037745755, -1795.295902720822, 0.0001123047683134737
                       0.312238754611751,                    0.014875568250969091,               0.25250764731902375,             -0.003212128523292131,            -0.0022252807581349342,      1.7735779807093939,       -0.04257440998181048,       0.031821998471123145,-1797.1210018865154,3.9254120445766167,-1793.1955898419387, 0.0008871935743469705
                      0.3122470419067594,                    0.014169034215088689,                0.2516884860721514,            -0.0031152525366369634,             -0.002341920366199251,      1.7676864792525437,       -0.04278313470616893,        0.03443876407420981,-1800.9490982948423,3.8657959579173706, -1797.083302336925,1.9297330785219347e-05
                     0.31252868958352314,                     0.01354545915228704,                0.2530808756545456,            -0.0030711609327463405,            -0.0022292030321787427,      1.7824666411839636,       -0.04381649914195118,        0.02855389482952541,-1800.8764205541906,3.9519506562108244,-1796.9244698979799,2.0752039390237542e-05
                      0.3182313232491068,                     0.01639271208338727,               0.25417185488401006,             -0.002633556479652089,             -0.002737583688720271,      1.7888988899117557,       -0.04323512144308465,       0.029458412774970914,-1800.2267027639996, 3.915006344506371,-1796.3116964194933,3.9740162091104396e-05
                     0.31557997471237126,                    0.009432038912730324,                  0.25195129305002,             -0.003439034848231571,            -0.0024374222906203107,      1.7602129493227814,       -0.04597636221441076,        0.03845292473557377,-1797.6168916060683, 3.666740320735489,-1793.9501512853328, 0.0005403264391394011
                     0.31207210548046793,                    0.015732493545751947,               0.25182646607515624,            -0.0031128789115643786,            -0.0022082930590043713,      1.7668939339638974,       -0.04140341148170216,       0.034120171820881534,  -1797.02035045189,3.9094122458360197, -1793.110938206054, 0.0009811394771632154
                      0.3153661485379851,                    0.016325005760884474,                0.2525035669252117,            -0.0028265208245439625,             -0.002428648668380197,        1.77032689512523,      -0.041691262278187154,        0.03408410500901688,-1799.4907396841377, 3.881969993611958,-1795.6087696905258, 8.295724841555431e-05
                     0.31439628228218114,                    0.013223329871939533,               0.25143839626367837,            -0.0028548802895683924,             -0.002548726824911437,      1.7628860933929056,      -0.042906114303266685,       0.037086507448307444, -1799.388055455795, 3.790166843458832,-1795.5978886123362, 9.192836423364783e-05
                     0.30910098079729154,                    0.011848998616255251,                0.2519410224146284,             -0.003414361768024109,            -0.0022515356933045343,      1.7751657447444265,       -0.04475152987687508,       0.029872525981985667,-1797.6961011493236,3.9239306951884743, -1793.772170454135, 0.0004991785915311963
                     0.31598162841010974,                    0.013154199677585686,               0.25290287822671087,            -0.0028281340411550524,            -0.0023015553609415256,      1.7745229367696653,      -0.043471853533045474,        0.03319618002557941,-1798.3520865454989,3.8502179091048117, -1794.501868636394,0.00025903897536321284
                      0.3198385566388837,                    0.014101520742367904,                0.2528192905711727,            -0.0026165410408816054,             -0.002696453600261687,       1.768862788388436,       -0.04328150871221366,         0.0372959483063275, -1796.536166889438,3.7407542481887925,-1792.7954126412492, 0.0015922417222565266
                      0.3170834663089573,                    0.014094215053216369,                0.2534707232772578,             -0.002834091882975779,             -0.002513992112814104,      1.7794364452096836,       -0.04373783258936159,       0.031978182572896835,-1799.0498075821065, 3.860845248623078,-1795.1889623334835,0.00012892843691056024
                      0.3150720836065714,                    0.013318585109672623,                0.2525461802052147,            -0.0027820516014280578,            -0.0024169356285508375,       1.772926689129696,       -0.04316531273262533,       0.033434668137565696,-1799.8143608432142,3.8592344502964493,-1795.9551263929177, 6.002158434953869e-05
                      0.3113884895871455,                    0.015388541485311933,                0.2518851472959298,             -0.003186869832760213,             -0.002241045201916803,      1.7679879972106067,        -0.0419353760963787,        0.03333425192932299,-1799.9454239597385,3.9165624454962376,-1796.0288615142422,5.2648677532122815e-05
                      0.3124069510099545,                    0.014164691343948158,               0.25198964141760843,            -0.0032985741339922035,             -0.002123702478097679,      1.7653149766574256,      -0.042743052149654556,        0.03433256090786428,-1798.0576381427577, 3.868204589506549, -1794.189433553251,0.00034773021579373117
                      0.3130893524591089,                     0.01612214013840997,               0.25163157128585634,             -0.002833991380819911,             -0.002412298567321024,      1.7665864361537458,       -0.04127509827211236,        0.03457655684388532,-1796.5176614150837,3.8963832402343366,-1792.6212781748493, 0.0016219812338047679
                     0.31860684654307725,                    0.014391337251974301,               0.25314341578796973,            -0.0026654630535312895,             -0.002661541093404035,      1.7756582338546454,       -0.04337097255514778,        0.03458355108943719,-1797.9910783467353, 3.806957887948673,-1794.1841204587865, 0.0003716627039566993
                      0.3109041638618665,                    0.015838042752181824,               0.25183851185275413,             -0.003065698634271675,            -0.0022405041311569745,       1.771597351102782,       -0.04180698219270248,        0.03183557152365369,-1800.1642667271976, 3.953130000800026,-1796.2111367263976, 4.230047658218357e-05
                      0.3158769753129814,                    0.015126287911585233,                0.2516406234767179,            -0.0026450907228887377,            -0.0025847705544582867,      1.7632250602967448,      -0.041680792000626896,        0.03769626967144727,-1799.7798228289362,3.7983625984203337, -1795.981460230516, 6.213082552014019e-05
                     0.31470312580641274,                    0.013396243584513402,                0.2525997172485219,            -0.0029394182821411846,            -0.0023520822649875086,      1.7730981659949938,       -0.04329012232239669,        0.03314421818846468,-1800.6835537940328,3.8642981468632396,-1796.8192556471695, 2.516643811120977e-05
                     0.31526466735545505,                    0.012893997423877606,                0.2529905797975626,             -0.002933436650603003,            -0.0024461777573598488,      1.7779408125288554,      -0.044095081242650845,        0.03211087445805516, -1797.267879676147, 3.860108424387064,-1793.4077712517599, 0.0007660024772610919
                     0.31214634827458343,                    0.014758458466909718,               0.25127074040661496,            -0.0031429794892251055,            -0.0020369590851215488,      1.7587767953900872,       -0.04150159015076164,       0.036526678026001534,-1800.6003106523262,3.8534676754718324,-1796.7468429768544,2.7351036549372503e-05
                      0.3151840707878507,                    0.015445355418952353,                0.2526631979376171,            -0.0027704943180486257,             -0.002259687267342339,       1.772435817772441,       -0.04185534801644966,        0.03320458585576608, -1797.392134186261,3.8973690599782222,-1793.4947651262828, 0.0006764989487419993
                      0.3157091820085299,                    0.012756343138366927,               0.25217268129910647,            -0.0030502482381401597,             -0.002665328037461221,      1.7683376737914283,      -0.044229476285537965,       0.036162406493986644,-1797.8527482053191, 3.767586430790698,-1794.0851617745284, 0.0004268005783818049
                      0.3120298556600719,                    0.014675475811568387,               0.25125931746744107,            -0.0030339622799860346,             -0.002233746845679097,      1.7619595960634113,       -0.04188499894989879,       0.035574805573375515,-1798.9703908193874,3.8656996798404615, -1795.104691139547, 0.0001395850733964524
                      0.3155844178788136,                    0.013438056718537721,                0.2514475512244614,             -0.002886507376696091,            -0.0025808311691529217,      1.7606911883123706,       -0.04270748857185087,       0.038860839754817626,  -1797.20589646908, 3.745989821977081, -1793.459906647103, 0.0008149841056857859
                      0.3157003036904731,                   0.0036572438187691273,                0.2523410954082064,             -0.003538809634037517,            -0.0024624135885680906,      1.7633710114126302,      -0.049664504408759066,        0.03706840046416198,-1799.4082905967775,3.5893453637368786,-1795.8189452330407, 9.008687505406213e-05
                      0.3189102864813337,                    0.010176966632220287,                 0.253108924385563,             -0.003023506026833182,            -0.0029224335306945464,      1.7737026229271384,       -0.04674319725102943,       0.035751405279932355,-1798.0048863566158, 3.686135459694638, -1794.318750896921, 0.0003665660499701354
                     0.31394153222112314,                    0.014224529775963892,               0.25141031595820185,            -0.0030143983622489177,            -0.0021798521140734338,       1.759215983170514,       -0.04191447356199209,        0.03751642493354538,-1800.2046535957638,3.8088179334681422,-1796.3958356622957, 4.062613115756736e-05
                     0.31602927005093423,                     0.01484042905657585,                0.2528485659825751,              -0.00283174393976645,            -0.0024396402853530514,      1.7752853505708237,       -0.04289230224914294,        0.03330188911847488, -1797.579176716064, 3.863034013669715,-1793.7161427023943, 0.0005610939519826825
                      0.3179907450426557,                    0.011792902657669925,                0.2522814504321896,             -0.002784584765335274,            -0.0027328038754778437,      1.7678593579946145,       -0.04470663839393613,       0.037341881632199016,  -1799.41290400165,3.7129488951627723,-1795.6999551064873, 8.967222503537734e-05
                      0.3167228034414634,                    0.014724696147532107,                0.2521856626513775,             -0.002598372604268607,             -0.002443509854028762,      1.7677620822614037,      -0.042017553460176424,       0.036146595064965446,-1799.5936579342792,3.8199571821881904,-1795.7737007520911, 7.484408968512925e-05
                      0.3148443991292902,                    0.015484579224664681,                0.2529947709240249,            -0.0029551298491532524,             -0.002437995209935036,      1.7762075029732554,       -0.04256751211938034,        0.03212848517250768,-1800.8892889366766,  3.90303152843527,-1796.9862574082413,2.0486705083173592e-05
                     0.31485878361738356,                    0.017904352695380023,               0.25193022011880317,             -0.002771381839040285,            -0.0025222497767507647,      1.7670597604847584,      -0.040534439774434404,       0.035561726494161325,-1797.7396719647309, 3.882190820401256,-1793.8574811443295,0.00047789599023974246
                     0.31156647490916883,                     0.01437353742880689,                0.2520292743309827,            -0.0033122684918386125,             -0.002217296726741656,      1.7679002479545494,       -0.04270970319285203,        0.03318006299513482,-1798.1095994036127,3.8986302910902757,-1794.2109691125224, 0.0003301231201662004
                     0.31617840803007546,                    0.016325322591977737,               0.25202643826749954,            -0.0027703993911086743,            -0.0024086535836668303,      1.7631743439341128,      -0.040964414346848124,        0.03730549744204502,-1797.6947353292148,3.8237288325803576,-1793.8710064966344, 0.0004998608455013934
                      0.3134965122426154,                    0.012985825798402255,               0.25344319803356286,             -0.003154593994312422,            -0.0024859873389808705,      1.7858647510822188,       -0.04515540742213824,       0.028061417074571708,-1799.7475532219364, 3.917945756403003,-1795.8296074655334, 6.416846290343853e-05
                     0.31590075985823124,                    0.017138154861656194,               0.25190101559354167,            -0.0027481257907263903,            -0.0023911365245812793,      1.7625912593359128,        -0.0404993176498008,       0.037470446715590015,-1801.5643493415523,3.8331377906287614,-1797.7312115509235,1.0430307369741858e-05
                      0.3137370147335336,                     0.01724595161953814,                0.2517159233177506,            -0.0027458594744475848,            -0.0024229042679547843,       1.766665041711141,       -0.04056766550632521,        0.03503025585192578,-1798.6334830181154, 3.900139465626797,-1794.7333435524886,0.00019550423894809234
                      0.3144038995018177,                     0.01194969390123168,                0.2528135139054167,            -0.0030917763726971996,            -0.0023941660530460117,       1.776207044866056,      -0.044792903561750405,        0.03210110883630468,-1797.7689470820756,3.8466458575689755,-1793.9223012245066, 0.0004641083314039836
                     0.31018809917110673,                     0.01702810028746153,               0.25177857792592767,            -0.0032355869826856906,            -0.0020302165629535185,      1.7674000429481223,      -0.040797152313125515,        0.03251136524259778,-1798.3691924372874, 3.969649102649126,-1794.3995433346383,0.00025464556640043573
                     0.32202546105239743,                     0.01514651387094052,                0.2536226201634686,            -0.0023382165640092865,            -0.0029943896424833444,       1.777601718799559,      -0.043307922685984095,        0.03553191677526242, -1798.738233853464, 3.766084357451527,-1794.9721494960124,0.00017606112333821015
                     0.31533277722981623,                    0.016307627404611707,               0.25210144631094433,             -0.002649911453348167,             -0.002314408285406712,      1.7673324596434228,       -0.04093753789162065,        0.03534081947523373,-1800.7279671936199, 3.874079171967005, -1796.853888021653,2.4073168650717667e-05
                     0.31455467031837747,                    0.014218139653513052,               0.25209208633173424,            -0.0028823893829265992,            -0.0022608039002618235,       1.766835335931811,       -0.04227406092164289,        0.03531778241400211, -1799.910973844108, 3.845512229952672,-1796.0654616141553, 5.449403443646879e-05
                     0.32041454209759473,                    0.011128862631165588,                0.2527479378000328,             -0.002659421786527498,            -0.0029001549941356022,      1.7691199942532518,        -0.0452794019459901,         0.0380281922897995,-1800.7484749606924, 3.665597615812298,-1797.0828773448802,2.3584509495497925e-05
                      0.3185252207874619,                    0.013799473009788637,                0.2524735255982873,             -0.002717978396019737,              -0.00276433710914462,      1.7675363666278805,       -0.04321209274294583,        0.03774460233142739,-1796.7348972868044,3.7406554489506725,-1792.9942418378537, 0.0013052733913463145
                     0.31466921672332454,                    0.012849822469160908,                0.2526067748856615,             -0.002972050683270609,              -0.00246945632390743,      1.7752809162514231,       -0.04422386435175461,         0.0327843572320156, -1797.801917421883, 3.846680346024327,-1793.9552370758586,0.00044905602535054266
                      0.3201649095947015,                    0.013123885541439987,               0.25376050528270405,            -0.0025975172570534065,             -0.002866701923957788,      1.7806256984480306,       -0.04475812753912312,        0.03350306136340596,-1801.8424830785812,3.7824149707047283,-1798.0600681078765,   7.8977823219495e-06
                      0.3103914644805731,                     0.01729486642663263,                0.2518198710043576,             -0.003177488971489487,            -0.0020038791957812945,      1.7686062103426698,      -0.040604074603515804,        0.03210369337673769,-1794.5948834309925, 3.981359723830475, -1790.613523707162,  0.011094243497079428
                     0.31663296568120763,                    0.017888657088756563,                0.2520340646974172,             -0.002597328141819743,             -0.002600234728359829,       1.766225134128098,      -0.040521849530634334,         0.0367924240264152, -1801.103481434176,3.8435158946181587, -1797.259965539558,1.6536724678780606e-05
                     0.31573811744215347,                    0.017707110399690022,                0.2528770842868602,            -0.0027176971580112046,            -0.0023291896464858078,       1.775020533806996,      -0.040971174011294076,        0.03270740420796892,-1801.4972532822899,3.9263079052527283, -1797.570945377037, 1.115415191458207e-05
                     0.31089151841948526,                     0.01634330609021693,               0.25141670436994235,             -0.003123636830962295,              -0.00211317048753909,       1.764094746318079,       -0.04095024893964401,        0.03441769641980347,-1798.6328817483786,  3.92170374269284,-1794.7111780056857,0.00019562182507732855
                     0.31173462129519114,                     0.01144506872584895,                0.2513119135423924,              -0.00315976664964579,            -0.0024280902874322264,      1.7651825256031222,      -0.044307203996282365,         0.0348626521967188,-1798.9456466646802,3.8191223971955903,-1795.1265242674847, 0.0001430820747943198
                     0.31428544394854535,                     0.01737020602714542,               0.25307398691453104,            -0.0028553055328674045,            -0.0023270345644761372,       1.778212139846174,       -0.04125357949341898,        0.03101724104083595, -1803.612966663743, 3.962016542300963, -1799.650950121442,1.3446024809356761e-06
                      0.3127652874544546,                    0.013554495585453642,               0.25225339846740513,            -0.0029748718891626728,             -0.002324795638447534,      1.7735239798967133,       -0.04328538627342941,        0.03189269629031892,-1797.4368101251607, 3.901845754024335,-1793.5349643711363, 0.0006469409058761222
                      0.3132420973273099,                     0.01468558965281404,                0.2528286600479008,              -0.00291031248548749,               -0.0023042285955172,       1.779374356057354,      -0.042855838204291966,       0.030113062799314496,-1801.0557001554967, 3.944533894053907,-1797.1111662614428,1.7346051901838055e-05
                      0.3192647499405694,                    0.016560513954816992,                0.2530259695487936,            -0.0026214935833385636,            -0.0026345729966166277,       1.770997110040859,      -0.041772456762972185,       0.036229766187480146,-1798.4593385903459, 3.808177812898016,-1794.6511607774478, 0.0002326945128243065
                      0.3194469362863253,                    0.011357378266570592,                0.2537735617891961,             -0.002736243596739114,             -0.002827926683241298,       1.781808502405398,      -0.045869908712101434,       0.032819122788658915,-1799.6158392955772,3.7701695160857622,-1795.8456697794913, 7.320222263171154e-05
                       0.310711665643699,                    0.013387918760725481,                0.2517260309395664,             -0.003452524660302938,            -0.0022109340796217913,      1.7653550289371638,      -0.043284858138551784,        0.03387981682391999,-1798.6341526217698, 3.874217780279019,-1794.7599348414908, 0.0001953733724144888
                     0.31821286477917526,                    0.015007467816576199,               0.25234794519405146,              -0.00256412783930375,             -0.002669369873965162,      1.7679347769053582,      -0.042500450803877536,        0.03706656358327707,-1798.4085696940397, 3.776923330248067,-1794.6316463637916, 0.0002448131792182798
                     0.31735403841579085,                    0.012394830294629322,                0.2531557419693582,            -0.0027404917826222685,             -0.002468644312768457,      1.7764288853023937,       -0.04420113808400631,       0.033417098515109524,-1800.4188844982768,3.8173070894184047,-1796.6015774088585,  3.27918687806415e-05
                      0.3160619392679458,                    0.012366847492067845,                 0.252394961531445,              -0.00280176628774782,            -0.0024100363758250815,      1.7696618256227943,       -0.04371449305483675,        0.03524837006827131, -1798.161933814738, 3.799482545760133,-1794.3624512689778, 0.0003132906221968018
                      0.3196692447646515,                    0.014328051750262038,               0.25360883422966657,             -0.002509272148923064,            -0.0028493355335759744,       1.780783742214692,      -0.043863779225778485,         0.0331726335970182,-1802.5406772798428, 3.816764016545064,-1798.7239132632978, 3.929011234934659e-06
                     0.31186356514280555,                    0.013376465229986263,                0.2511849846456402,            -0.0032252049171648174,            -0.0021447991145485106,      1.7594902498714746,       -0.04259548782476668,       0.036635205090994105,-1799.3230120739095, 3.824560161851884,-1795.4984519120576, 9.810643943882224e-05
                      0.3167925782219047,                    0.014669424915505965,                0.2527988052888375,            -0.0029176693469405105,             -0.002575216488886043,      1.7725424544762933,       -0.04312686849854329,        0.03485059030710723,-1800.9564531536976, 3.819258821583505, -1797.137194332114,1.9155922298187203e-05
                      0.3134543784520652,                    0.014377518180337882,                 0.252184738275077,             -0.003158568963691372,             -0.002254765099750504,       1.767336453242828,       -0.04273384811142993,        0.03442312641062186,-1796.8641646462743,3.8599039958291175, -1793.004260650445, 0.0011469946280392642
                      0.3149225227876006,                    0.015196402406580599,                0.2518039641957848,              -0.00296709648567498,            -0.0023731020365914107,      1.7623848763627117,       -0.04186416321792648,        0.03706368051192263,-1797.4526510859118,3.8144309344456153,-1793.6382201514662, 0.0006367734838579033
                      0.3113490667207256,                     0.01790942252219693,               0.25169603973824956,             -0.002988225610145738,             -0.001981889564742553,      1.7660116745371282,       -0.03979177543023566,        0.03353455581777603,-1801.3332854255864, 3.966073009618005,-1797.3672124159684,1.3141559038661805e-05
                     0.31322037949675074,                    0.011657677793339205,               0.25131970931588066,             -0.003263385165119843,            -0.0025261177974022528,      1.7609837242407407,      -0.044485946921863063,        0.03715422901994044, -1798.489471562831,3.7536011386170083, -1794.735870424214,0.00022578732515358963
                     0.31391117750134095,                    0.012495766338420266,               0.25304945209293156,            -0.0031136376135837583,            -0.0024561210527048126,       1.780858508335821,       -0.04503095197056356,       0.030164845998905974,-1798.9128155964795,3.8806528823836013,-1795.0321627140959,0.00014785757560325532
                      0.3146464707206998,                    0.010618148805350017,                0.2524373144390595,            -0.0030752416932591812,            -0.0025062681436564807,      1.7736791013819992,       -0.04558095413494029,        0.03350690520230463,-1798.5986792432718,3.7944467306959657, -1794.804232512576,0.00020242831758279477
                     0.31569778330299386,                    0.014205454305312648,               0.25315061236503045,            -0.0028665811154201743,            -0.0025177720982917937,      1.7807286593817937,       -0.04384148003980042,        0.03110899393861406,-1799.0766063074757, 3.883814245480268,-1795.1927920619953,0.00012551920470832867
                     0.31562292967851985,                     0.01353755861230694,                0.2530492994817472,            -0.0029091788762066425,            -0.0025618192947627154,      1.7789196293957648,      -0.044255424941823114,       0.031546031121797755,-1800.9549601096874,3.8646048646920006,-1797.0903552449954, 1.918454429486782e-05
                     0.31469505588178426,                     0.01361275447817462,               0.25278271695932597,             -0.003085663010091909,             -0.002392937180811452,      1.7730720890254308,       -0.04352367263168694,        0.03307773518930756,-1800.8588517968687,3.8595453192203433,-1796.9993064776484,2.1119848447602765e-05
                      0.3147113656870242,                    0.012363691769599458,                0.2521751743015639,            -0.0029823729069087196,            -0.0025339324629742002,       1.769510978027673,      -0.044238074623912244,        0.03465280790552522,-1801.3262413277084,3.8068474369773604,-1797.5193938907312,1.3234456271274138e-05
                      0.3142530059991367,                     0.01172591688293844,               0.25222514624151376,            -0.0032778442110607897,              -0.00256966870115502,      1.7694213469171567,      -0.045038216120565834,       0.034907967785879915,-1798.6509397266468,3.7823833048044397,-1794.8685564218424, 0.0001921209945043082
                      0.3140252949939256,                    0.015461427148073081,               0.25250099848985447,            -0.0030128634352617773,            -0.0025635559309490448,      1.7753228875399665,      -0.042802415610173616,       0.032500518153429726,-1798.8773133156333,3.8945400517794564, -1794.982773263854, 0.0001532011500713417
                     0.31094440464432216,                     0.01367507152828179,                0.2520114364997919,              -0.00341293635453441,            -0.0022148328622544028,      1.7688429264147236,      -0.043264753710462844,        0.03293100248207503, -1799.209578407968, 3.893014613111731,-1795.3165637948562,0.00010989074796640585
                       0.315441023552295,                    0.014323378368123422,                0.2527068429754497,            -0.0028527318388928066,            -0.0023697798462448006,      1.7733409506974833,       -0.04272508186883722,       0.033490882462963265,-1799.8205230587205, 3.867337594172411,-1795.9531854645481, 5.965285567134591e-05
                     0.31249851070970514,                    0.014792031658137113,                0.2535084585069567,             -0.003088024005709496,             -0.002285444321828311,      1.7875828054633858,       -0.04364799737409163,       0.026770876375539838,-1799.5082942614622, 3.987291812568606,-1795.5210024488936, 8.151367670037742e-05
                       0.314576350983546,                    0.003369836927062132,               0.25200218521326906,            -0.0037137823644201543,            -0.0023922332597786184,      1.7605313572355172,        -0.0497817843764231,        0.03772788211223019,-1809.8915586839507, 3.577488203439244,-1806.3140704805114, 2.522528256422432e-09
                     0.31630362750691987,                    0.014674733756847547,               0.25299835400548304,            -0.0027165181695537038,             -0.002454274634010112,      1.7778821727169176,       -0.04310030096722113,        0.03221296642190294,-1797.7096050533314,3.8779598007679965,-1793.8316452525635, 0.0004924830415278276
                     0.31794335228278464,                    0.019200243829766456,               0.25274321066068794,            -0.0024858947317936836,             -0.002567515618425682,      1.7721599408731181,      -0.040095122763133165,       0.035144871348979416,-1799.2070335765243, 3.882463693218359, -1795.324569883306,0.00011017075753465585
                     0.31107888588478105,                   0.0074852033063038375,                0.2514556621736562,             -0.003926628826633795,            -0.0022658241275955136,      1.7599057371717142,       -0.04746469790749924,        0.03628230382629498,-1797.7862673967434,3.7027151591935277,-1794.0835522375498,0.00045613904357728137
                      0.3184093995187971,                    0.013043257286721503,                 0.254067173708339,            -0.0027030924910410176,            -0.0025631156822508694,       1.785867495920436,       -0.04472109279343041,       0.030403576784823524,-1798.0025871348957,3.8562247231113025,-1794.1463624117844, 0.0003674098362482011
                     0.31134485736934797,                     0.01758024788546144,                  0.25203388593313,            -0.0031092393323710055,              -0.00211670779802895,      1.7694622859146052,       -0.04051193043682143,         0.0326297495420999, -1797.004112336636, 3.967108230049803,-1793.0370041065862, 0.0009972013877238086
                      0.3129209516452619,                     0.01363323013898453,               0.25248812198773846,             -0.003021283808095937,             -0.002312565475394755,      1.7746669314305878,       -0.04322567888426583,         0.0317108441350932,-1798.1117249883332, 3.906135667144265,-1794.2055893211889, 0.0003294221607443312
                      0.3115985479263812,                      0.0118992862040848,               0.25207939365028403,             -0.003136040196791345,             -0.002350993996339805,       1.774063324401464,       -0.04449762939904689,       0.031479147905872557,-1799.0296976589511, 3.884613409813759,-1795.1450842491374,0.00013154742341684882
                      0.3126408757456696,                    0.014094619520430273,               0.25192080047046056,             -0.003008017754165711,             -0.002091308911082239,      1.7665516606783058,       -0.04209977514550129,       0.034155026240379846,  -1797.28093891454, 3.887241377297226,-1793.3936975372428, 0.0007560641033415655
                      0.3132876749124474,                    0.011452728229988936,                0.2521723824548836,            -0.0034049220724787516,            -0.0024335939159108033,      1.7670713860889673,       -0.04510998269922778,         0.0345833472499287,-1801.0173407923107,3.7934902968405955,  -1797.22385049547,1.8024362006014512e-05
                      0.3161857744153379,                    0.014815467991683883,                0.2536486457406959,              -0.00278311764494381,            -0.0026475924300693094,      1.7855526268556892,       -0.04384293138751438,        0.02955455308141559,-1799.9540927217363,3.9100620609519803,-1796.0440306607843, 5.219425117978937e-05
                      0.3173317483118192,                    0.014245010750632897,                0.2538446158721805,             -0.002755707707618524,            -0.0026572876893761186,      1.7865726119541196,      -0.044265880879356824,       0.030024944140044644,-1799.8084792964478, 3.882631885557094,-1795.9258474108906,6.0375644294293736e-05
                      0.3155182855975128,                    0.015655688194798206,               0.25195610057072915,            -0.0029121675664213423,             -0.002478089204125393,      1.7636684253252097,       -0.04174814324348036,        0.03693343891634311,-1797.9882522346475, 3.816661884123185,-1794.1715903505242,  0.000372714550034332
                     0.31340870242413704,                     0.01589978933311769,               0.25177997481750597,            -0.0030545705797296466,            -0.0022658335878060656,      1.7637220743601016,      -0.041465641002646186,        0.03576079173100828,-1799.8153970690223,3.8636435371345947,-1795.9517535318878,5.9959420648171324e-05
                      0.3141480766908802,                    0.009225429446574467,                0.2522256139787052,            -0.0034981095461615376,             -0.002450112808951387,      1.7650799319481136,       -0.04654377332794491,       0.035704323222236746,-1798.8160913837205,3.7230696800627903,-1795.0930217036578,0.00016287347887499465
                     0.31370984161944165,                    0.011500204137953964,                0.2518512486301488,            -0.0033259196383556375,            -0.0024837314398423425,       1.765663978165903,       -0.04493768347565544,        0.03597950601757667,-1799.6143135039088,3.7648701325908056,-1795.8494433713179, 7.331399922532598e-05
                      0.3126288265883853,                    0.011579265555762053,               0.25234889482051703,            -0.0031682609924029133,            -0.0024114162752656397,      1.7743630364985248,       -0.04487159110894764,        0.03196241750481326,-1801.0850808406144,3.8584088980748446,-1797.2266719425395,1.6843826996005928e-05
                      0.3122866059689676,                    0.012059568800438186,               0.25274718943930363,            -0.0031893852893218814,             -0.002428439400752852,       1.780599111041668,      -0.045166737324101744,        0.02945905857416693,-1799.3322149946157,3.9001977646281922,-1795.4320172299874, 9.720771544175362e-05
                      0.3116469005577761,                     0.01867390505912636,                0.2521984997587567,            -0.0029341288191843005,            -0.0019806593158247436,       1.769974949079351,       -0.03954399239924285,        0.03192141640742517, -1803.249502954723, 4.003039048144086, -1799.246463906579, 1.933945323015965e-06
                      0.3145739993933482,                     0.01374628428104324,               0.25314377168097935,            -0.0029789723854374826,             -0.002529303036658558,      1.7813202992884873,       -0.04426036059527874,       0.030326938069420852,-1798.6580585910328,3.8945614263338633, -1794.763497164699,0.00019075816784327906
                      0.3131491934199931,                    0.013294824411136578,               0.25120342281452346,            -0.0030389023714742984,            -0.0023031363430312734,      1.7595822200103295,       -0.04270380105763474,       0.037200828493780584,-1799.6046109554377,3.8006147201233396,-1795.8039962353143, 7.402879391395163e-05
                      0.3109070283027985,                    0.015939461829548373,                0.2520605972596895,             -0.003148559710502306,            -0.0021183147433962123,      1.7718284797938462,       -0.04175925634637133,       0.031424804204289725,-1797.9767945032313, 3.962443781335691,-1794.0143507218957,0.00037700957185947295
                       0.316035189342494,                     0.01429110458534277,               0.25260530486317095,             -0.002789675090191637,            -0.0023611421219327544,        1.77083994070691,       -0.04258334635768499,        0.03446401742374762, -1797.763698228407,3.8466747972034137,-1793.9170234312037,0.00046655077252233265
                      0.3151756305196334,                    0.014258271386007252,                0.2530714816853081,             -0.003074285738616499,             -0.002368082574509505,      1.7751653550705186,       -0.04342168988485057,        0.03242015589937007,-1796.6286223017846,3.8725706238007085,-1792.7560516779838, 0.0014516306331203335
                     0.31526328701147344,                    0.013482808833988252,                0.2521538445183248,            -0.0029871056134456175,            -0.0027141540628786154,       1.769446495055535,       -0.04379511473933059,        0.03536523579594861,-1796.2396895450315, 3.799920144329543, -1792.439769400702, 0.0021417435833887256
                     0.31202669493945884,                    0.015483739908390217,                0.2514774924552423,             -0.002982141053295756,            -0.0023809162180042243,      1.7653304596910782,      -0.041761782110674196,       0.034500557190150896, -1798.266090986804, 3.892297203499833,-1794.3737937833043, 0.0002823010608405452
                      0.3123729401990395,                    0.015812748973683115,                 0.251774453695747,             -0.002972815616400051,            -0.0023425237539650558,      1.7671911425789126,       -0.04164224444330564,        0.03392271672009633,-1802.3461930113249,3.9054840112746216,-1798.4407090000502,  4.77250855214644e-06
                     0.31501201463615236,                    0.015879817377517143,                0.2542036110702096,            -0.0028503322335629664,            -0.0023114967069150986,       1.791068037628114,      -0.042956632370884054,       0.026521931239940254, -1799.346734684645,3.9939831593018886,-1795.3527515253431, 9.580648686470282e-05
                      0.3126768254508203,                     0.00784021886441908,                0.2521335441179452,            -0.0035431124306808167,            -0.0023605957131681513,      1.7677011248699284,       -0.04718740503514734,        0.03425982683088054,-1800.0931822893558,3.7451182826322755,-1796.3480640067235, 4.541683224131233e-05
                      0.3124566787590402,                    0.012430117714647767,               0.25189593492550066,            -0.0033949187750025854,             -0.002274333744888369,       1.764689435816159,       -0.04397866330099459,       0.034842860956029086,-1798.6953119034574, 3.824097735576834,-1794.8712141678807,0.00018378253367737384
                     0.31245707885548535,                    0.011706899217668697,                0.2512610523565059,             -0.003354467297584356,            -0.0023910715648161347,      1.7600506181391127,      -0.044256177504663076,        0.03712196026480609,-1798.9343867540279, 3.765415309562205,-1795.1689714444656,0.00014470227068485512
                      0.3121290253469864,                    0.011693530287162529,                0.2515153136904099,            -0.0033833894961350594,            -0.0022896105724214484,      1.7626807472990516,       -0.04414568914237652,         0.0359436509260811,-1796.5509854704146,3.7973427200542966,-1792.7536427503603, 0.0015688209194723904
                     0.31605897217871254,                    0.014670073889172042,               0.25250318710813263,            -0.0027222924525094967,            -0.0023894972961434145,      1.7699352508134432,       -0.04222068494251829,       0.034734458414606886,-1800.0676672612885,3.8501334098392146,-1796.2175338514494, 4.659055408826163e-05
                      0.3130190847614896,                    0.013794756597920548,               0.25204151166484434,            -0.0030318197813298743,            -0.0023357678213015045,      1.7700598723363985,       -0.04317972284173067,        0.03333697336739895,-1798.4201935583992,3.8737054065779377,-1794.5464881518212,0.00024198397900474455
                      0.3131315624632052,                    0.012459811146230432,               0.25194939915397735,             -0.002984678884796591,            -0.0024198648306713475,       1.770375357345046,       -0.04389276045988286,         0.0336452428689147,-1800.3195207423646,3.8475247002110384,-1796.4719960421535, 3.621756917934486e-05
                     0.31885059726905424,                    0.012928651695749365,                0.2526976992823759,              -0.00273868094802019,            -0.0028837061429319174,      1.7719452372868885,       -0.04459708871642726,        0.03645038114873782,-1799.4211662382181, 3.730997419541591,-1795.6901688186765, 8.893438420366259e-05
                      0.3109743285413006,                     0.01606489373825973,               0.25144809273614976,            -0.0031199052898757042,            -0.0021982551911292054,       1.764073257331031,      -0.041127999203959896,       0.034082574060489174, -1799.100711596619, 3.923967498984834,-1795.1767440976341,  0.000122529704130144
                     0.31421393293574934,                    0.011754682448332493,               0.25148148151989974,            -0.0030028840643688335,              -0.00253600309463076,      1.7628582108126236,       -0.04411589246353694,        0.03686415503187566,-1799.8788594226958,3.7640610314882386,-1796.1147983912076, 5.627248289896171e-05
                      0.3151596838872904,                    0.011454440952541795,               0.25203755758817564,             -0.002941709356158862,            -0.0025583526885050115,      1.7675754195269304,       -0.04447494441303448,        0.03574564278017612, -1796.475890867417,3.7736405211971187,  -1792.70225034622, 0.0016911671865932065
                       0.314046107130222,                    0.009346190932529171,                0.2523300642266769,            -0.0035589279839628356,            -0.0024389486387456135,       1.766310247327875,      -0.046458147767734256,         0.0353725683068999,-1797.0627691708964,3.7336124393719214,-1793.3291567315246, 0.0009403911530803319
                      0.3163121345403201,                    0.011697024991601171,                 0.253631676613939,             -0.002816979230654066,            -0.0025347629036217155,      1.7857929651031952,       -0.04560364295641166,        0.02950236568885599,-1798.3298325215242,3.8617578813434035,-1794.4680746401807, 0.0002648682568430035
                     0.31288529666764875,                     0.01153882146023451,               0.25161454872715827,            -0.0034296076535609977,            -0.0023324189774120378,      1.7619454232082021,      -0.044640691102846394,        0.03653216951684275,-1801.1046482391025, 3.765748944535792,-1797.3388992945668,1.6517440799408264e-05
                      0.3171102392697725,                     0.00781861925156838,               0.25237192143796655,             -0.003351823261281137,            -0.0025747513563086385,      1.7621613078809701,       -0.04719247566318369,         0.0383192354877308, -1808.083140178555,3.6252720373411385,-1804.4578681412138,1.5389418768860254e-08
                      0.3149402524743448,                    0.014975353505638486,               0.25157847636836034,            -0.0029222784339018775,            -0.0025663041831769564,      1.7626917888202294,       -0.04228139744758371,        0.03743900491540566,-1796.3363333113434, 3.794814868290156,-1792.5415184430533, 0.0019444448060836682
                      0.3149452401278961,                    0.013009780210074083,                0.2529925256048618,            -0.0029561513544991663,              -0.00258851785743636,      1.7797755651513407,      -0.044666586858927174,       0.031017744767026834,-1797.6252278021016, 3.867949588389247,-1793.7572782137124, 0.0005358408941876158
                     0.31334893943747705,                    0.014826865493675331,                0.2519542930422786,            -0.0031531582113511606,             -0.002336391634995207,      1.7666649941509136,       -0.04244905324482831,        0.03477752143978682,-1798.8421161035171, 3.860412521991659,-1794.9817035815254,0.00015868942281581288
                      0.3117224261370658,                    0.014483495858606246,                0.2509338376972283,            -0.0031768177194925183,              -0.00219237898442115,      1.7571144280814721,       -0.04194061838807595,        0.03722274360208771,-1796.7624928122782,3.8288434142734804,-1792.9336493980047, 0.0012697461373567013
                      0.3144935810016268,                       0.012889370394001,                0.2523957394407424,             -0.003171321227273756,            -0.0025430338475098038,      1.7704728171125563,      -0.044355608013950935,       0.034231902192592596, -1797.984613616904,3.8141181493151235,-1794.1704954675888, 0.0003740731860889958
                      0.3117553668207908,                    0.012679342648004105,                0.2512647121299573,              -0.00308399251516024,            -0.0022627077419438758,      1.7625669340234302,       -0.04290915763541344,        0.03549610444536782,-1798.2225417122122,  3.84262691059112, -1794.379914801621, 0.0002948666934778197
                     0.30951227357305533,                    0.012812682337167192,               0.25085853340452585,             -0.003526981725330709,             -0.002030764548853871,      1.7563440888931976,       -0.04268459246674847,        0.03639494200854065, -1798.280304422297,3.8425568949562985,-1794.4377475273407, 0.0002783169737774285
                      0.3140319783705407,                    0.011438604387070435,                0.2514730160428527,             -0.003159087667834562,            -0.0025266717279291487,      1.7619959273302206,      -0.044418196807795775,        0.03709734954890761, -1798.917130329955,3.7516918580752736,-1795.1654384718797,0.00014722098392153693
                     0.31524360287055087,                    0.016521558462243725,                0.2522943379596947,            -0.0027020180771758764,            -0.0026109598216832067,      1.7719646055778357,      -0.041601943910723166,        0.03395806647076997,-1799.8791141591023,3.8877204250064636, -1795.991393734096,5.6258150074504984e-05
                      0.3159419448462653,                    0.013291404310340737,                0.2526433370654549,            -0.0027455025524152667,             -0.002449396171757421,      1.7742110710947547,      -0.043526986628337865,        0.03352671135005829,   -1796.7229969747, 3.842087323853769,-1792.8809096508462, 0.0013208993445364013
                      0.3187958546690223,                    0.013468670158930296,               0.25281821408683597,             -0.002849079292586156,             -0.002811059511699831,      1.7709559450709467,      -0.044200136164452945,       0.036571129267209644, -1798.740642658467,3.7395017295591866, -1795.001140928908,0.00017563753679696023
                      0.3146285105373595,                    0.018411608918323125,                0.2522344421039535,             -0.002747495105562023,             -0.002215170533931304,       1.767305789900418,      -0.039754229191889236,        0.03470672069391601,-1797.2786671847557,3.9214738303564793,-1793.3571933543992, 0.0007577836290933929
                      0.3162383444801804,                    0.011402392224530815,               0.25402569654041707,            -0.0029500949208140777,             -0.002601709759025758,      1.7902662293951768,       -0.04633994040010429,        0.02815171426783054,-1798.2929565880181,3.8656873893698593,-1794.4272691986482,0.00027481784376604944
                      0.3117217220573454,                      0.0171545899916399,                0.2518057488335024,             -0.003131782310668043,            -0.0022349172011281774,      1.7680601713735982,      -0.041055404049230255,        0.03359509080792896,-1796.3374334450668,3.9312351259759613, -1792.406198319091, 0.0019423068330229455
                     0.31238652742454814,                     0.01310758362938505,                 0.252201596328603,            -0.0033616317280819722,            -0.0024210077381438804,       1.771181904495839,       -0.04424419897507075,       0.032946918108481216, -1797.836518440659,3.8572960515739947, -1793.979222389085,0.00043378396741831395
                      0.3154837905584203,                    0.013695668451876206,                0.2532983964326202,             -0.002875098257891026,             -0.002391612442814708,      1.7817147137718918,       -0.04404540872367552,        0.03051612310197495, -1798.239204798057,   3.8909912270293,-1794.3482135710278,  0.000289994014133249
                     0.31403932763802145,                    0.008879620538821575,               0.25255399783821236,            -0.0035264252044930537,            -0.0024023466053081804,      1.7692668608845297,       -0.04695476486140884,        0.03407909261839068,-1800.2253835316583, 3.747233102656754,-1796.4781504290015,3.9792623194767385e-05
                      0.3192807148783182,                    0.012168429187701373,                0.2526468640586121,            -0.0026971222936240523,            -0.0028288902696118525,      1.7699922898523495,      -0.044694818269794566,       0.037374563990099675, -1798.446183827075,3.7043190295273853,-1794.7418647975476, 0.0002357757762668369
                      0.3168616839953804,                     0.01605598374454019,               0.25198129294951965,            -0.0026410661950346877,            -0.0024112935245178928,       1.762931105910825,      -0.040902363506060684,       0.038069454982840104,  -1799.05142125859, 3.802998228785434,-1795.2484230298046,0.00012872055589533443
                      0.3113036840887789,                    0.012079452746851986,                0.2513004689222257,            -0.0033870817995384516,            -0.0022708685086714835,      1.7627689614211903,       -0.04404446540237191,       0.035530153496961876,-1798.5314053617362,3.8143473020682106, -1794.717058059668,0.00021651497598010132
                     0.31441816464922573,                    0.014209570171725142,                0.2539272651216571,             -0.003048271404828274,            -0.0024892673805346124,       1.790522581271764,        -0.0446528252710539,        0.02675797733835662,-1800.5953813072533,3.9482069918041187, -1796.647174315449,2.7486192087096176e-05
                     0.31420800412199396,                    0.010636876112612922,                0.2517074083095381,             -0.003438704372064165,             -0.002502316322442929,      1.7619329834264699,       -0.04538911736415617,       0.037501995838263406,-1800.6903604176891,3.7144370097289103,-1796.9759234079602, 2.499572129987086e-05
                      0.3134548414077082,                    0.013202261220994188,                0.2517637821610929,             -0.002969928627817437,            -0.0022401823363594445,      1.7663981355377052,       -0.04294223375258474,       0.035140107282766446,-1799.6256858723223, 3.838811568230878,-1795.7868743040915, 7.248496837331931e-05
                      0.3185264436172157,                     0.01839537709961217,               0.25285585531289934,             -0.002503424264420998,             -0.002694971690151006,      1.7729661222599742,       -0.04082324895678226,        0.03533137663429393,-1800.1985342495723, 3.856729127610834,-1796.3418051219614, 4.087549872361751e-05
                     0.31340388665816327,                    0.013983639973041764,                0.2517493803772141,            -0.0031025724508651343,            -0.0023260751594739774,       1.763579554607455,       -0.04277213309290245,         0.0358171656890211,-1799.9308173003742,3.8286998533248813,-1796.1021174470493, 5.342334269273371e-05
                      0.3145122418177118,                    0.013096208685259923,                0.2512975822496941,            -0.0030333587116617533,            -0.0025174192000098658,      1.7588222415740813,      -0.043090483881760476,       0.038551039842103084,-1799.3438466308712,3.7500865767172615, -1795.593760054154, 9.608358108956329e-05
                     0.31463794043849985,                     0.01494838493430958,               0.25284153018159333,            -0.0030699032801122447,            -0.0025639168528055452,      1.7769566681283164,       -0.04348314262406146,       0.032170605826083845,-1798.4900418274487,3.8792721287183403,-1794.6107696987303,0.00022565860333718094
                     0.31630723731372645,                    0.012650529873690718,               0.25237670963047615,             -0.002843650945317557,             -0.002550884295837613,      1.7703735678845751,      -0.044117751271120095,        0.03528249776354831,-1797.7861487814785, 3.786246785966891,-1793.9999019955117,0.00045619315183974046
                     0.31761340388408593,                    0.013206698039006452,                0.2541071269697379,            -0.0028518400739248034,            -0.0027214583620658412,      1.7880161020049314,      -0.045200898429771784,       0.029604200943949596,-1801.6393692239922,3.8630225750364047,-1797.7763466489557, 9.676457329189313e-06
                      0.3133495383682446,                    0.012561971365495183,                0.2510326197620547,            -0.0031365680134218033,             -0.002341716219598697,      1.7554122831803836,      -0.042906073306786315,         0.0388957601894054,-1798.9223256480977,3.7540014817240226,-1795.1683241663736,0.00014645810748159372
                      0.3124542373589146,                     0.01678481122686434,               0.25170952306891936,            -0.0030091350644289336,            -0.0021667320719231356,      1.7638746001868586,       -0.04051921089041745,       0.035133729261674566,-1801.4058424266627,3.9072548511868694,-1797.4985875754758,1.2221817242979878e-05
                      0.3158480190908532,                    0.014476777824598594,                0.2533760349348703,            -0.0030661253365951834,            -0.0025234308287690847,      1.7796989768618703,       -0.04402123797980798,        0.03138565713059547,-1797.7350790272026, 3.872704016145949,-1793.8623750110567, 0.0004800959850198061
                      0.3174386882188491,                    0.014187841002992979,                0.2531719269495178,             -0.002832617166405607,            -0.0025503927448792926,      1.7746218218224112,       -0.04344441251268788,       0.033831073889400466, -1802.354815597961, 3.828516790785166,-1798.5262988071759, 4.731534090473616e-06
                      0.3113551034375027,                    0.015221725502732174,                0.2518201908642289,             -0.003095101181290408,            -0.0022513948423551647,      1.7699363528307028,      -0.042233062505907616,       0.032501089670053204,-1799.5079437900754, 3.926023385671118,-1795.5819204044042, 8.154224991844976e-05
                     0.31294238280657577,                     0.01373107722228982,               0.25143986416353625,            -0.0032016415531841945,             -0.002408896324051427,      1.7624439599420731,      -0.042783171583555844,         0.0366706128994209,-1797.9921029826205,3.8121994742089895,-1794.1799035084116, 0.0003712820800467987
                     0.31390302419369687,                     0.01164539264250838,               0.25164429144700584,             -0.003391407347460987,            -0.0023153431117256262,      1.7599171598942172,        -0.0443579525013322,        0.03755724878356834, -1799.137165604327, 3.743486257226604,-1795.3936793471005,0.00011814343954241559
                      0.3127151490026124,                    0.011963552073540147,                0.2511601309060118,             -0.003404769584453274,            -0.0023305722219766982,      1.7572026804780163,      -0.043742231806052405,          0.038248750590393,-1798.5329105949909,3.7513662813875075,-1794.7815443136033,0.00021618931559703417
                      0.3098170235565841,                    0.014658957835268037,               0.25096772272120116,             -0.003395577914362988,            -0.0021095540483267792,      1.7598297082423384,       -0.04198166117128279,        0.03553380270327871,-1797.6382545080664, 3.878029921447042,-1793.7602245866194, 0.0005289059204161351
                      0.3167974437217076,                     0.01698627763728094,               0.25238564347047526,            -0.0025587070794220656,            -0.0025650193098769075,      1.7697273780531215,      -0.040920768017010244,        0.03554868485430047,-1797.2148289695274, 3.860685424325521,-1793.3541435452019, 0.0008077366768169881
                     0.31305102520964123,                    0.013026224564909985,                0.2529630921901376,             -0.003088340279775872,             -0.002423867587288107,       1.781848380267312,      -0.044586834892034466,       0.029462174387082107,  -1798.42239019026, 3.911313502699313,-1794.5110766875607,0.00024145301266892231
                     0.31698279889255226,                     0.01485436370138559,                 0.253194941144882,            -0.0028537230243354346,             -0.002549273042209153,      1.7762141690004019,       -0.04322480683501092,       0.033061705526382136,-1796.6124808299323,3.8532357218792113,-1792.7592451080532, 0.0005180892032988142
                      0.3157978320828171,                    0.011712811293981178,               0.25220035004851127,            -0.0030303442429218935,             -0.002640159210583663,      1.7683105262957293,      -0.044939998641515225,        0.03576071589970175,-1796.5561950078404,3.7564641448045784,-1792.7997308630358, 0.0005480865742433441
                     0.31412995932104937,                    0.015035672631295547,               0.25245143771368816,             -0.002911451912746566,            -0.0023740720345784543,      1.7732844426069443,        -0.0425407647221987,        0.03266390109999883,-1797.9719192783364,3.8973627261259343,-1794.0745565522104,0.00013304786971975887
                      0.3137738640043993,                     0.01661291397784609,                0.2517018106992965,             -0.002929231891784451,            -0.0024864578371241895,      1.7661216572258065,      -0.041282195615771046,       0.035478440990181284,-1797.8608905729238, 3.872241706580861, -1793.988648866343,0.00014867127960185535
                      0.3172979984448918,                     0.01387817430689731,                0.2517671991292135,             -0.002709433234700947,            -0.0027173582006429203,      1.7629132533958567,       -0.04281003525094869,       0.038781657349523296, -1796.365794193936,3.7342872550487956,-1792.6315069388872, 0.0006630391714521455
                     0.31423537465727264,                    0.017981858466507874,                0.2522258632580018,            -0.0028728958687310653,             -0.002474581030858162,      1.7701475271662699,       -0.04075649738838509,         0.0340718444288057,-1797.8171745502582, 3.912883260533447,-1793.9042912897248,0.00015531475173031684
                      0.3095048540897365,                    0.015203883040335594,               0.25123725549152937,            -0.0034192019501663516,             -0.002069570650717959,      1.7621020511416072,      -0.041635997571158614,        0.03447509784950892,-1797.5575361161286, 3.911971927629452, -1793.645564188499,0.00020135955651530736
                       0.311265463097462,                    0.018649968331527537,                 0.252665230517762,             -0.003073337466398133,            -0.0020143603171684306,       1.775719058483472,       -0.04011133430583496,       0.029931540957740484,-1802.5659026130265, 4.029928706333564, -1798.535973906693,1.3454461276555542e-06
                     0.31126797801708556,                    0.014483969968451528,               0.25145234959276347,              -0.00307445199938753,            -0.0023467083138169944,       1.766122309128957,      -0.042250067115382546,       0.034065374245407905,-1796.8718596546428, 3.893848557052576,-1792.9780110975903, 0.0003997217219455359
                     0.31149085024838213,                    0.014481868306372239,               0.25180910707153775,             -0.003147972912232365,            -0.0022401479378736638,      1.7688568893522394,      -0.042572586812216415,        0.03317537885997335, -1799.457376956761,3.9026242596129617, -1795.554752697148,3.0121864630704868e-05
                     0.31311058013733367,                    0.018958097312067466,                 0.252797400113836,            -0.0028786156802258385,            -0.0021283252135875595,       1.776208248003374,       -0.03998929016741778,       0.030890558198624074,-1797.2124375417857, 4.003125634636632, -1793.209311907149, 0.0002843456918366752
                      0.3135664720197263,                    0.015636984536416314,                0.2528918358030964,            -0.0030682542822743873,            -0.0025240801291948815,      1.7797288574425596,       -0.04299169893617206,       0.030648227045410287, -1796.588283928692,3.9288355855397543,-1792.6594483431522, 0.0005307782553510257
                      0.3145568704401848,                    0.013058694391432675,                0.2522937520498173,            -0.0029763193867813256,             -0.002477670797048873,      1.7710648962201663,      -0.043853518786383446,        0.03401446282049969,-1800.3312146090261,3.8318537475379513,-1796.4993608614882,1.2571265018928724e-05
                      0.3125508678605689,                    0.018457644254794146,               0.25320822874916127,            -0.0029783811503860946,            -0.0022130601698985646,      1.7819146249112856,      -0.040792876577797864,        0.02859456770340778,-1796.6409283706666, 4.029354002922522,-1792.6115743677442, 0.0005035585008747739
                      0.3140502897312489,                    0.016052201717939592,               0.25233660706828587,            -0.0029881657866959346,            -0.0022817365506891288,      1.7693925946087137,        -0.0417709675256428,        0.03368618963418212, -1796.361411199477,3.8966350619422965,-1792.4647761375347, 0.0006659516464850551
                      0.3132614168676374,                     0.01575982289948953,               0.25219864725244695,            -0.0030573966443086715,            -0.0022193061695739906,      1.7694916764363966,         -0.041992230000134,        0.03357921808538854,-1797.3539832017145,3.8980988523196305,-1793.4558843493949,0.00024681647957390686
                      0.3119437716881922,                    0.013150780198576448,               0.25145839985638085,             -0.003394741842812023,            -0.0023048111745579583,      1.7620077317670524,       -0.04348471972495302,        0.03582519667773059,-1796.6989923938868,3.8189133306774723,-1792.8800790632092, 0.0004751525311128944
                      0.3158156727215844,                    0.015750120594227417,                0.2522366986895981,            -0.0028533589994683304,            -0.0023508144557872392,      1.7662805618835056,      -0.041837668320660965,       0.035896744384097484,-1797.7897256061583,3.8358436675218233,-1793.9538819386364,0.00015963702723835628
                     0.31823050191983004,                     0.01838390141321774,               0.25270061070368566,            -0.0024827957616461414,            -0.0025583539972151275,      1.7702430887568021,         -0.040315537261347,         0.0358404146091373,-1795.4751798883767, 3.859982214282665,-1791.6151976740941, 0.0016155785004498741
                      0.3127201476835815,                    0.016591489319366798,               0.25200506241610426,            -0.0030928856860759357,            -0.0022547724038766087,      1.7689738548605833,      -0.041522442702119584,        0.03374770526630598,-1797.6085864727443, 3.909970676159963,-1793.6986157965844,0.00019133805628480854
                        0.31369588501028,                    0.013475751255138562,                0.2510862880718217,             -0.003028915597360645,             -0.002521826200760791,       1.758600143665955,       -0.04280870923240592,        0.03820543629200907,-1797.2193764538592,3.7709047321724167, -1793.448471721687,0.00028237947168610096
                      0.3115519474903504,                    0.015569882210918533,                0.2530324556473473,              -0.00328044532433085,            -0.0022494345092617363,      1.7811767008242423,       -0.04296688300520811,       0.028704304867786076,-1798.9332844075157, 3.978023009409328,-1794.9552613981064,   5.0873586367616e-05
                     0.31216883950394947,                    0.009034445841280306,                 0.251286652400012,            -0.0036392844552779256,             -0.002278269243026783,      1.7571211290649886,       -0.04595050435213247,        0.03769327654497101, -1798.010614348504, 3.706914390737789,-1794.3036999577662,0.00012799790748369575
                     0.31559333698101383,                    0.015447731896171562,                0.2524459892398299,             -0.002784646895392385,             -0.002562067076786783,      1.7714554968713805,      -0.042206847387919987,       0.034536240319974695,-1798.1745789227293, 3.857702476919692,-1794.3168764458096,0.00010864105141939342
                     0.31407792369970366,                    0.014250014338701556,               0.25270059049683863,            -0.0030461126530830812,             -0.002463326353429104,      1.7759994423634888,       -0.04366247233999041,        0.03190982560591126,-1797.6430765907785,3.8831592030357673,-1793.7599173877427,0.00018485129180014406
                      0.3146663247386309,                    0.010752226970933292,               0.25182533414527675,            -0.0031773649494257292,            -0.0025254373552927884,      1.7634368674785263,      -0.045009986370296504,        0.03697599055534186,-1797.9190477775305,3.7341961923601903,-1794.1848515851702,0.00014027159210780877
                     0.31383687112993286,                    0.013196263051921136,                0.2518230893123718,             -0.003048776033735323,             -0.002281684108204085,      1.7656263985096723,      -0.043134587214605294,        0.03551719602312074, -1798.493406143079,3.8230783319519643, -1794.670327811127, 7.898216926042235e-05
                        0.31562478745281,                     0.01572074235668116,                 0.252468834846699,            -0.0029499382874851755,             -0.002608136601426522,      1.7715148839725505,       -0.04252999076949248,        0.03472516667757631,-1796.6129818840668,3.8450134980320625,-1792.7679683860347, 0.0005178296775851203
                      0.3129433160006417,                   0.0054477127073224215,               0.25226953391131585,            -0.0037265789224097084,            -0.0023652724438734942,      1.7671536028815984,      -0.049009090346641034,        0.03453288061413516,-1803.8459866138587,3.6834243523577883,-1800.1625622615009,3.7405278717343237e-07
                      0.3109348122772631,                    0.015600512666292967,               0.25145484592034784,             -0.003057371686474219,            -0.0021708668300480082,      1.7652552138145705,      -0.041318516720950806,        0.03398712571887234,-1797.2801633179893,3.9213760236445125,-1793.3587872943447, 0.0002657257990621932
                      0.3143350153574554,                    0.013976209510711272,                 0.251365907827058,            -0.0030566613363719637,            -0.0023866328515421637,      1.7584336039134278,       -0.04223109732658218,       0.038470175377640074,-1798.0052544086998,3.7757122671333936,-1794.2295421415663,0.00012868581047530326
                     0.31525758400168696,                     0.01419521257925559,               0.25151966117546243,              -0.00295636570741596,            -0.0025662024347330357,       1.761069232441705,       -0.04243494586226393,        0.03837109746061843,-1796.3402699973253,3.7669575723163304, -1792.573312425009, 0.0006801805428906684
                      0.3156249132103681,                    0.013135861645064993,                0.2526762350687957,            -0.0029295300365915814,            -0.0024837453936517543,      1.7735526396732495,       -0.04396892375261226,        0.03361027749119059, -1798.741775759569,3.8305113348508057,-1794.9112644247182, 6.161174419830273e-05
                      0.3155984974364162,                    0.016029949318727456,                0.2520781171221894,            -0.0027717380193754194,            -0.0025047516993077115,      1.7686832346713621,       -0.04182563868407138,       0.035538562970802295,-1795.6998629580253,3.8454782342001987, -1791.854384723825, 0.0012904745610404149
                      0.3168974267951028,                    0.014994454171582247,                 0.252236217476172,            -0.0026476031402929085,            -0.0025707489217061136,      1.7679334449892867,       -0.04230824953583448,        0.03616609305157339, -1800.316473115176, 3.810863488777958, -1796.505609626398,1.2757956922822011e-05
                     0.31385739334763396,                    0.014462862229190122,                0.2515718805866206,            -0.0030808986598494345,            -0.0024202802907136497,       1.762447613315638,       -0.04225364810199731,        0.03708694242870354, -1797.351269930868,3.8106659875742057, -1793.540603943294,0.00024748706886615406
                      0.3134604197570445,                     0.01137785314727809,                0.2518322850399952,            -0.0032904552643427225,            -0.0024698492706787096,      1.7650805383190427,       -0.04487888722958386,         0.0356156321926777,-1796.7195700880416, 3.776173481659853,-1792.9433966063816, 0.0004654749007992637
                      0.3125835301315396,                    0.015680003924516187,               0.25158562033715826,            -0.0030292486814549337,              -0.00244828860138779,       1.765993545923186,       -0.04191007321962308,        0.03469154770927371,-1794.9228342110696,3.8809162583652554,-1791.0419179527044, 0.0028067824015839933
                      0.3140129759574184,                    0.015299855973231212,                0.2520946225537192,            -0.0031062047560488815,            -0.0023271423398180235,       1.766583395437995,      -0.042041736291532045,        0.03537039885577508,-1800.1952569061782, 3.853847838485912,-1796.3414090676922,1.4402061532698984e-05
                      0.3166591480494319,                    0.016699671678856474,                0.2519575802644371,             -0.002666050382037521,             -0.002512159430126484,      1.7642591963920156,       -0.04085305145032082,       0.037422390181744654, -1796.153383699047,3.8207079832315176,-1792.3326757158154, 0.0008199509861298268
                     0.31565874771032315,                    0.017280107018561478,                0.2534435425271857,            -0.0028563299620183924,            -0.0024028379622725634,      1.7808520435992774,       -0.04188170745334573,       0.030645951480544196,-1797.0916788082427, 3.944412042252102,-1793.1472667659907,0.00032084221372824376
                      0.3132228496581409,                     0.01300225161714921,                0.2519911812036035,            -0.0032437216941880137,            -0.0023329318076745252,       1.767209557164097,       -0.04369690575153295,       0.034773540673619645,-1795.9888748041826, 3.828300517600625, -1792.160574286582, 0.0009665697467758054
                      0.3136181451525832,                    0.014363484243611693,               0.25230390435302624,            -0.0030952031852088872,            -0.0023979197780887185,       1.772758190506826,      -0.043385666875692425,        0.03310859086548634,-1795.8994517879032,3.8691472171310393,-1792.0303045707722, 0.0010569857208012174
                       0.311627452830161,                      0.0140545563216884,                0.2511002829999745,            -0.0032008736657503315,            -0.0021299458127135413,      1.7570148055715513,       -0.04182052903591878,        0.03700982857595784,-1797.1964631608048,3.8376082504029894,-1793.3588549104018, 0.0002889244119920357
                      0.3153190454031134,                     0.01617484161981701,                0.2521693222136235,            -0.0027087087897920744,             -0.002465054444241576,      1.7691480089381624,       -0.04142317057069847,        0.03486320954473179,-1798.1461689993407,3.8723934091124583,-1794.2737755902283, 0.0001117717969148265
                      0.3116289496549261,                    0.016823065842634155,                0.2524384269250273,             -0.003200634978234652,            -0.0020912993366204824,      1.7730610678737673,      -0.041306491055688524,        0.03144545015540672,-1798.4511957260233, 3.969109782863997,-1794.4820859431593, 8.238740213229783e-05
                     0.32177722649187596,                     0.01262170983135281,                0.2529061768058722,            -0.0024657938014424827,             -0.002970571600764189,      1.7692606766322039,       -0.04433513993198947,        0.03863982444200871, -1796.404909319473, 3.668278308650196, -1792.736631010823, 0.0006376049844940641
                      0.3169516746433238,                    0.011526899648143372,                0.2534229678958178,             -0.002829675797598372,            -0.0026288658314708134,      1.7816317977410812,      -0.045565695016915736,       0.031420386080672096, -1801.033781161515,3.8224736382737463,-1797.2113075232412, 6.226703770605137e-06
                     0.31109794111143596,                    0.014436526420071193,                0.2521757280838025,             -0.003359422000292673,            -0.0021443862958547702,      1.7714232812519413,       -0.04311309939718101,        0.03183903295446304,-1798.8889012583045, 3.917921800304719,-1794.9709794579999, 5.318237296512591e-05
                      0.3152583508742159,                    0.011901467870818595,               0.25242178452595976,             -0.002940804652638875,             -0.002465408550212533,      1.7723367832386088,      -0.044630913674684296,        0.03399129686886516,-1796.6525685830097,3.8067176612329083, -1792.845850921777, 0.0004977309557287955
                     0.31494072652406924,                    0.012969702488761503,                0.2526255236823201,             -0.003189567539445032,             -0.002415564253766618,      1.7708127662542672,       -0.04419469180542555,        0.03407823751589877,-1796.2773117247193,3.8189478261669545,-1792.4583638985523, 0.0007243803065683864
                      0.3185401768677515,                     0.01755552907602939,                0.2524016474356072,            -0.0025267184323324674,             -0.002539684894427009,      1.7656458008562734,      -0.040476998469663975,        0.03784916910920392,-1795.9137763514113,3.8080195403278023,-1792.1057568110834, 0.0010419527888641787
                       0.315880040890835,                    0.012597323325206404,               0.25164903827406815,            -0.0028361580057011345,            -0.0026506653522976624,      1.7630386645135934,       -0.04354951081329563,        0.03802555917674221, -1797.714869450247,3.7417500545034645,-1793.9731193957437,0.00017204547205041445
                      0.3142366687964267,                    0.012622213964782757,               0.25330419003097476,            -0.0032881283814981776,             -0.002556104052370391,       1.781636260919718,       -0.04542082798698677,       0.030329720277998018, -1800.205024800734, 3.864788645165249,-1796.3402361555688,1.4262068545708785e-05
                     0.31792567649626097,                    0.016003351320917493,               0.25279299535997113,             -0.002567396448232353,             -0.002601220160559399,      1.7718343949099224,       -0.04196110680098141,        0.03519265383129045, -1795.575599673712,3.8349045285546546,-1791.7406951451574, 0.0014612223505009085
                     0.31882754934500546,                    0.014893875968090605,               0.25278799811133673,            -0.0025518592762044127,            -0.0026575928683395342,       1.771017622848236,       -0.04254309033977204,        0.03616394237886648,-1798.6920556293894, 3.792587202074976,-1794.8994684273143, 6.475252106037313e-05
                     0.31239747255917993,                    0.011875761666438852,               0.25128324846562344,            -0.0032957010672397986,             -0.002312044366126881,      1.7602951475049353,       -0.04393883540837143,        0.03697271334848479,-1799.7738524192305,3.7777933349780035,-1795.9960590842525, 2.195019109214925e-05
                       0.318386236305441,                    0.013074307749900305,                0.2533957112297818,             -0.002848894002136358,            -0.0027627090124194473,      1.7768590696062379,       -0.04467236266735467,        0.03378706573877815, -1798.753077642305,3.7902268374760295, -1794.962850804829, 6.091933562073119e-05
                       0.316202116389922,                    0.015009411806403052,                0.2531837770345904,             -0.002967600953342804,            -0.0024469521461822057,      1.7759486136121627,       -0.04318961172452289,        0.03272951351624158,  -1796.63255308191,3.8658826810733897,-1792.7666704008366, 0.0005077936593065018
                     0.31304353154412345,                    0.017748066150384306,               0.25266077368564005,             -0.002961872187682157,              -0.00218711245788431,       1.776013485625029,      -0.040974813356023015,        0.03114396454318221, -1796.554532411987,3.9742794597523092,-1792.5802529522348, 0.0005489985786462198
                       0.318117668989621,                     0.01449909536031359,               0.25327866067159915,             -0.002809043357432514,             -0.002651696205785671,      1.7767515353078727,      -0.043785742923703214,       0.033828803768199016,-1798.3719575533582, 3.814988901079658,-1794.5569686522786, 8.918124067623011e-05
                       0.314768293982409,                     0.01620812489175692,                0.2519123206591215,            -0.0027961304088262497,             -0.002560649621598696,      1.7678915194659839,       -0.04159976606583859,        0.03524949464992076,-1797.5170950637544,3.8629571687838373,-1793.6541378949705, 0.0002096696508148088
                      0.3144196057942088,                    0.016303872817008673,               0.25238813215956174,            -0.0028680796374477304,              -0.00235006758166111,      1.7699109303043354,       -0.04140108163443701,        0.03383238706414522,-1798.3881036170674, 3.900714000920508,-1794.4873896161469, 8.775287693907906e-05
                     0.31568492723088054,                    0.012977071256307425,                0.2526593310240987,            -0.0028806797483606553,            -0.0025200138640928335,       1.773747741487469,       -0.04397163243876503,        0.03344726421533595, -1798.881501578598, 3.833499203646709,-1795.0480023749515,5.3577365096399814e-05
                      0.3192296365337167,                    0.012044610947035085,               0.25202939602986335,            -0.0027192151251143495,             -0.002810475009965422,       1.762827156080987,      -0.044176849155167695,        0.03984298446591148,-1798.2998017741252,3.6594949788966256,-1794.6403067952285, 9.585402778689471e-05
                     0.31175199644307744,                    0.013958203233395246,               0.25149500628151444,             -0.003098575482280692,            -0.0022845723171047035,      1.7657830342847096,       -0.04266952692339223,        0.03430494163599244,-1797.1244452083579, 3.874740284699068,-1793.2497049236588, 0.0003104997375577559
                     0.31563174450940457,                    0.012650482559732385,                0.2519139319265568,             -0.003095448022227578,            -0.0024408228607586055,      1.7633068609100904,      -0.043854182221743726,        0.03751694563798459,-1797.0017886257388,3.7470645474327604, -1793.254724078306, 0.0003510187492716837
                     0.31616608487294695,                    0.012024393530480565,               0.25293783900727995,             -0.002787518927846822,            -0.0026045031902444233,      1.7775034974987842,       -0.04470577165986104,        0.03264284230159576,-1799.2579768873916,3.8269823784798156,-1795.4309945089117, 3.676886315542254e-05
                     0.31605011162669466,                    0.013195490698454377,                0.2532785464397885,            -0.0029805599606627757,            -0.0026902414211639972,       1.780444841340171,      -0.044743361974613406,        0.03171257100647548, -1799.114647097114, 3.845386304217799,-1795.2692607928961, 4.243532564620458e-05
                     0.31518029202053693,                    0.011574434069225089,                0.2515147794132321,             -0.002867109675973387,            -0.0025034183141330263,       1.762844916396615,       -0.04396510655434388,        0.03746671939438736,-1798.1887158842069,3.7480570270076123,-1794.4406588571992,0.00010711600224015113
                      0.3129427718252664,                    0.015924845479623157,               0.25255322391857465,             -0.003179614207649575,             -0.002307023104719658,       1.773989096476579,       -0.04217529756064439,        0.03221726234804101,-1800.5616026874009,3.9234384164009235,    -1796.638164271,  9.98441699524534e-06
                     0.31191521604946293,                     0.01740466639233866,               0.25209402115836105,            -0.0030696899014273785,             -0.002049607487805831,      1.7689815190281024,       -0.04050251354278363,        0.03297022720244984,-1794.5668625216617,3.9568117986751865,-1790.6100507229864,  0.004006870304358707
                     0.31181328081911736,                     0.00969067176232177,                0.2514244201655041,            -0.0036316663500364312,             -0.002364104568593025,      1.7610550168478227,       -0.04589232870461743,       0.036360701584512094,-1799.3488303242843,3.7415608453095315,-1795.6072694789748, 3.357554384596944e-05
                     0.31331579861651904,                     0.01560789520892867,                0.2514057560369112,            -0.0028798867324419993,             -0.002316258925776686,      1.7610571135034376,       -0.04098433942675185,        0.03670809294120347,-1796.6492346440896,3.8550962644316877,-1792.7941383796579,  0.000499393129587314
                     0.31811031763867453,                    0.015218311839277764,                0.2518156453195113,             -0.002586026088870646,            -0.0025681423698436113,       1.760463338908941,       -0.04140429722065355,        0.03997626175276486,-1801.0091530730756,3.7361092336113373,-1797.2730438394642, 6.381959561062458e-06
                     0.31301955427851075,                    0.014154617593530702,               0.25193948943505445,            -0.0032239446046069195,             -0.002408630425485784,      1.7671521922966709,       -0.04305047091188228,        0.03475510377210998,-1796.4701276640403, 3.847219548582853,-1792.6229081154574, 0.0005973484434291239
                      0.3129480161920964,                    0.011251084133773586,                0.2508204606839658,            -0.0032441381904694602,            -0.0023372646701355112,      1.7535675199290808,       -0.04368778056130656,        0.03945953658465757,-1795.8138842792364,3.7219684797283588,-1792.0919157995081, 0.0011514116441997116
                      0.3134780777987815,                    0.012786581033218626,                0.2517097875781091,            -0.0030586152270899703,            -0.0022825169325721697,      1.7646054372341613,       -0.04325959054036752,        0.03557026592739215,-1798.5611682826088, 3.820865419058837,  -1794.74030286355, 7.380747264978682e-05
                      0.3106484377515526,                    0.014478664083690744,               0.25144944645301415,            -0.0033161963538449707,             -0.002125896236408268,      1.7624582321700977,      -0.042056637086130645,        0.03475445551399779,-1797.9044767817572, 3.888043549057439,   -1794.0164332327,0.00014233045227801544
                       0.312976379907216,                    0.010443425196582682,                0.2511407212491567,            -0.0033814208187095823,            -0.0023828145171797196,      1.7576010412049683,       -0.04488294571404458,        0.03834236044315732,-1798.9548426135457, 3.716272910658432,-1795.2385697028872, 4.978858052260365e-05
                      0.3188611444514493,                    0.012158757448727995,                0.2522316529871121,            -0.0026744514032860504,             -0.002834329941628369,      1.7655901616366427,      -0.044142651589032786,        0.03869790523394169, -1795.846467253847,3.6908173255406806,-1792.1556499283065,  0.001114499841555361
                      0.3140663674713926,                    0.014613161838228694,               0.25212703580205087,            -0.0031377355424469632,             -0.002312107790856437,       1.767576882054598,      -0.042739513585329424,        0.03504588457219343,-1797.4098518590622, 3.842398893725925,-1793.5674529653363,0.00023340529487718108
                     0.31611557420938396,                     0.01264704443673056,               0.25254471601709566,              -0.00292634836254749,            -0.0025532027595381603,      1.7715691025473765,       -0.04418437686094528,       0.034796301169792807,-1799.2868504440762,3.7963516418218894,-1795.4904988022543,  3.57223956214811e-05
                     0.31426609378495285,                    0.012250802066665711,                0.2526312904089355,             -0.003306169708063539,             -0.002399909341754526,       1.770868661490551,       -0.04466221947449615,       0.033787040286049785,-1797.5796162704605, 3.816649208002036,-1793.7629670624585,0.00019696223188650735
                      0.3128305472599088,                    0.013734575128403892,                0.2520315393611368,              -0.00311042663824133,            -0.0023756155740166205,      1.7688168539162352,       -0.04321168603430557,        0.03356972236175687,-1796.6816322352756, 3.869291959520703,-1792.8123402757549, 0.0004834732701210599
                      0.3109452706681784,                     0.01827796115481062,                0.2516587788013866,             -0.002983761660409974,            -0.0019445222982744225,       1.765180941041143,       -0.03939516559600952,        0.03334473463604509,-1798.6908299085785, 3.982170089235007,-1794.7086598193434, 6.483193823469424e-05
                     0.31284807118391517,                    0.011979536133495726,                0.2528299910677004,             -0.003414143348693034,            -0.0024554453518808605,       1.777459789668176,       -0.04549832693134923,         0.0310295754042086, -1799.121725311063,3.8579915244462866,-1795.2637337866167, 4.213601985711208e-05
                     0.31153196287122603,                    0.018924933427530093,               0.25218261764249816,            -0.0029806843293642984,             -0.002093958005875104,      1.7717110193313375,       -0.03985426009398946,        0.03141689743562879,-1797.9550616948068, 4.006088366191031,-1793.9489733286157, 0.0001353097466219943
                      0.3145090295442693,                    0.016219502734659587,                0.2523637688353265,             -0.002974129706969017,            -0.0024411491610806723,       1.771002081269714,       -0.04203205446941362,        0.03399846438413562,-1800.3990790254406, 3.880425197957326,-1796.5186538274834,1.1746428524983097e-05
                     0.31876576569750925,                    0.011749056737301254,                0.2519388686481375,            -0.0027309191218547807,              -0.00281562578280767,      1.7622137411558065,      -0.044189611713221055,       0.040025177406741545,-1797.6919270213734,3.6576061760231693,-1794.0343208453503,0.00017603823981830855
                      0.3141291918178552,                    0.014191971141474614,                0.2529676610650006,             -0.003078575730014948,             -0.002508274252276366,      1.7797341506062334,      -0.044026758530510815,        0.03071225761919577,-1798.7329419326957,3.8963950676244723, -1794.836546865071,  6.21584227567167e-05
                      0.3119460731261476,                     0.01582209924080689,               0.25227974502059414,             -0.003200405164423121,            -0.0022072835402645063,      1.7718707843113266,      -0.042060120462891856,        0.03202884676740106,-1797.8770318768825,3.9363731524046397,-1793.9406587244778,0.00014629079503476278
                     0.31004119851613193,                    0.013677519488395894,               0.25163216949027495,            -0.0034005513018407806,            -0.0022066087944359355,      1.7675190241238987,      -0.043208138812168805,        0.03282221603593803,-1797.9180072420108, 3.902294560901062,-1794.0157126811098,0.00014041762564516403
                     0.31210394566595384,                    0.016005405220030248,               0.25170580592699543,             -0.003010289310433241,             -0.002239534261292609,      1.7662047744080502,       -0.04138649299662837,        0.03389209063276779,-1795.7114206203973,  3.91431788159876,-1791.7971027387987, 0.0012756455511794898
                      0.3180463358338718,                    0.012038751753149403,                0.2526675640104014,              -0.00282102539894669,            -0.0027265171867926303,      1.7698787765991932,        -0.0445245627007967,        0.03643779072747386,-1802.0372925444476,3.7384977944912885,-1798.2987947499564, 2.282646967081539e-06
                     0.31207971518373095,                    0.013646933351288384,                0.2518153647074004,             -0.003300559575475532,            -0.0022984790542944656,       1.766474926549585,        -0.0431626779536032,        0.03443100292817976,-1796.1834649270518, 3.857141858900165,-1792.3263230681516, 0.0007956531402764039
                      0.3165426586352204,                     0.01250673250611226,                0.2526542433821154,            -0.0028315038226698016,            -0.0025037930152600678,      1.7727044713085276,      -0.044226630807632235,        0.03435822497219753,  -1798.29679320686,3.8018584415897814,-1794.4949347652703, 9.614284532276895e-05
                      0.3114488531876358,                     0.01597747798114295,                0.2515215393975353,             -0.003152189577055742,            -0.0022944889545314364,      1.7650478274094865,       -0.04147880637569029,        0.03426597561243658,-1798.9825053551317,3.9082318286184803,-1795.0742735265133, 4.843016722712197e-05
                     0.31154318298070965,                    0.014467068078705566,               0.25197803271477665,             -0.003250169586496768,             -0.002236676931241468,      1.7689095762551648,      -0.042505933077194906,       0.033299055897141314,-1796.7979466335833,3.9016370817648127,-1792.8963095518184, 0.0004303856343810934
                     0.31764128245645606,                    0.014127107498753726,               0.25321049941568163,            -0.0026861019572530388,             -0.002501222342776115,      1.7763270536960125,       -0.04316023257832582,       0.033465875283930066, -1798.869257217821,  3.84242289784171,-1795.0268343199793,  5.42374184030449e-05
                      0.3118418052090515,                    0.014178704178637942,               0.25166977202252355,             -0.003184833485720097,             -0.002376206937166142,      1.7671519657857124,       -0.04270935674106884,         0.0342326014376585,-1795.7974689199095, 3.874806382966912,-1791.9226625369427,  0.001170468464422808
                      0.3124653014459917,                    0.014370531629465767,               0.25255554221835275,            -0.0031760475184835456,            -0.0024702133425677716,      1.7771952062345797,       -0.04352083866909361,        0.03114311471047134,-1798.4018338832043, 3.912238748201389, -1794.489595135003,  8.65562404522628e-05
                      0.3145041892222674,                    0.016820917274638438,                0.2522392697535102,            -0.0029700602076185158,            -0.0023203629540228163,      1.7684506852342694,      -0.041192817151393016,        0.03487914012628623,-1799.1469890597468,3.8830099557450346,-1795.2639791040017,  4.10848403183822e-05
                      0.3101415122939897,                    0.013771610627970755,                0.2515645615257638,            -0.0034793819628129575,             -0.002230033107238087,       1.765859482668059,       -0.04307374813581356,        0.03367643270382767,-1799.5416626625843,3.8876561178824396,-1795.6540065447018, 2.768707234541245e-05
                      0.3096937598763809,                    0.014217629311381966,               0.25119227610097583,            -0.0034315106900062935,            -0.0021237976838123554,      1.7612996485070744,       -0.04231056756290527,       0.034695623856284004,-1796.7732921321808,3.8887025430547686, -1792.884589589126, 0.0004411284629904994
                     0.31313686617281755,                    0.017498230362582644,               0.25208861403144056,            -0.0030747460565371445,            -0.0023146874933017833,      1.7684360053046224,       -0.04089856121418046,       0.034118800322675426,-1800.5146882603208,3.9153206577339876,-1796.5993676025869,1.0463991727905897e-05
                      0.3156955604723266,                    0.013687834548004634,               0.25323156876491537,             -0.003118949264322525,             -0.002428464648340031,      1.7765150154972367,       -0.04418050833919461,       0.032283967452443586,-1797.4560902070866,3.8515822838591935,-1793.6045079232274,0.00022285872653723046
                     0.31839010966262676,                     0.01128697300868791,                 0.251901624820942,             -0.002860341341702414,            -0.0027174767136144153,      1.7601247800982587,       -0.04443056146028036,        0.04014841011405289,-1797.5855848065635,3.6503510677816653,-1793.9352337387818,0.00019579015695977327
                      0.3109401193340808,                     0.01463823151563139,                0.2520156862307842,            -0.0032441328747812425,            -0.0023229662551567274,      1.7726398354498178,      -0.042880443155021944,       0.031857184709525956,-1797.3275209091112,3.9247316180931473, -1793.402789291018, 0.0002534349937906327
                      0.3108395230377532,                       0.016321613991156,                0.2518755925738973,             -0.003114003552509259,             -0.002273045408671273,      1.7709815191748082,        -0.0416443607399971,        0.03183445993736694,-1795.7917359677226, 3.957725469655411,-1791.8340104980673, 0.0011771979757174708
                     0.31971458266399244,                    0.013674800830669931,                0.2519724921284991,             -0.002589910839479922,             -0.002748718523783128,        1.76008095106409,      -0.042833301098529585,        0.04083374018569291, -1799.874020406231,3.6673681963040377, -1796.206652209927,1.9858018064116475e-05
                      0.3179007474383269,                     0.01524655525494957,               0.25352832997882463,             -0.002792429022228864,            -0.0026601909569524797,      1.7797529754908517,       -0.04342311556751826,       0.032387279279044154,-1798.7166177093418,3.8558337312293745,-1794.8607839781125, 6.318143797994118e-05
                     0.31941910019969283,                     0.01180252484294482,               0.25246151387800514,             -0.002774504025826135,             -0.002806995439035249,      1.7665067303189632,      -0.044721773563437026,         0.0385325499245624,-1797.5399066700797,3.6753709475391303,-1793.8645357225407,0.00020494088965776824
                     0.31337283646240743,                    0.012504024823849798,               0.25182953978662126,            -0.0030954807173668377,             -0.002508711115239217,      1.7672637947437637,       -0.04391492931505299,         0.0349077166269705,-1795.7931179629036,3.8185891502950646,-1791.9745288126085, 0.0011755722174417945
                      0.3153628082995379,                      0.0118813580639728,                0.2522529360888145,            -0.0031017601243314096,            -0.0026937381188886066,      1.7700871146263466,      -0.044993704703835624,       0.035262796929764015,-1796.9211771758341,3.7688232781311584, -1793.152353897703, 0.0003804866490107315
                      0.3200370341766281,                    0.012451459811756762,                0.2533181554973434,             -0.002726206335011872,             -0.002863045078069952,       1.774352520575223,       -0.04484882325956904,        0.03584910004358518,-1798.2676914356239, 3.730141888395155,-1794.5375495472288, 9.898188255403915e-05
                     0.31632570435469154,                    0.014510799887545025,               0.25231783167883737,            -0.0027731820193039676,            -0.0025054920808572838,       1.768713301429671,       -0.04260803182687359,        0.03559047187281498, -1796.933494020495,3.8196024725539597, -1793.113891547941, 0.0003758289967313318
                     0.31029438925687175,                    0.017210167345130367,                0.2516003990588256,             -0.003031261559701219,             -0.002143955250243233,      1.7681113471972267,       -0.04048760594453119,        0.03237730839391467,  -1799.68029326044,3.9793563280592608,-1795.7009369323807, 2.410296842482849e-05
                      0.3130181253253956,                    0.013174343170470169,               0.25184039303493866,              -0.00321806740601705,            -0.0022985748562092223,      1.7650706439595927,       -0.04332343159478188,        0.03507246613309743,-1800.1402692600946,3.8330888792362554,-1796.3071803808582,1.5216174963838195e-05
                      0.3087160316294004,                    0.018402132073948464,               0.25176701012654157,             -0.003278023480655557,            -0.0017915613421929874,      1.7678255266172749,       -0.03964695880816658,        0.03115847320892167,-1806.8916763918655, 4.033872087169884,-1802.8578043046957,1.7791256906926636e-08
                      0.3142585954009614,                    0.013573532846697796,                0.2522330807686839,             -0.003041274971824854,              -0.00242490725618868,      1.7687946287117071,       -0.04339792650242354,       0.034262098085200726,-1796.6623798901878, 3.840735773981167,-1792.8216441162067,  0.000492871442500642
                      0.3123884622437052,                     0.01292399890812888,                0.2514468400439996,            -0.0031807014649537684,             -0.002427731460021515,      1.7651255431379813,      -0.043668606846965476,       0.035490912586439646,-1798.0623382246627, 3.818506234036433,-1794.2438319906262,0.00012154566549266193
                      0.3147302726984367,                    0.014377075200483631,                0.2526392356387647,            -0.0029016535171505543,            -0.0023205486815589095,      1.7725669883761315,       -0.04267467690955935,        0.03316592343083051,-1798.2854957625864,3.8798703032155606,-1794.4056254593709, 9.723517239423119e-05
                     0.31649697999084303,                    0.013244754958760398,                0.2530837788079351,             -0.002931467705047931,            -0.0026563921468419614,      1.7766962287087296,      -0.044454660436967657,       0.032754152855676254, -1797.940687748141, 3.829551264647594,-1794.1111364834935,0.00013726872711516963
                      0.3182049500162345,                    0.015247427673482097,               0.25242716216615496,            -0.0025605538759991366,             -0.002650014184024994,      1.7683949504083238,       -0.04231974948152811,        0.03671905806469967,-1793.5256193299097, 3.789679631212306,-1789.7359396986974,  0.011350407604968941
                      0.3125819744001089,                    0.014911644323700566,                0.2515867721674956,            -0.0032287773677161916,             -0.002194268498906196,      1.7620081457232888,       -0.04198505418268519,        0.03601481112145407,-1796.9333737982802,3.8499676132645084,-1793.0834061850157, 0.0003758741824417829
                     0.31804500773671357,                    0.016104134466850443,                0.2531488375700794,            -0.0025365111757284092,             -0.002693498748069885,      1.7767661035476001,      -0.042320838538226546,       0.033415004570856305,-1795.6097350163295, 3.862827174471769,-1791.7469078418578, 0.0014121847442194987
                      0.3148462826636619,                    0.016576180334663734,               0.25196358076274555,            -0.0029477025185442847,             -0.002522110325915099,      1.7660173279902187,       -0.04146497637945359,        0.03595325977095889,-1800.5461976523716, 3.850327426639468, -1796.695870225732,1.0139418122370332e-05
                       0.320454322974934,                     0.01168975382324837,                 0.252127118772453,            -0.0025578154350292346,            -0.0029761357427257997,      1.7634328927047163,       -0.04445789890578447,        0.04052263708692358,-1800.5166249711433,3.6270085504119978,-1796.8896164207313,1.0443745613642352e-05
                     0.31056227105434336,                    0.015569119592411348,                0.2521547436650579,            -0.0032527235939038314,            -0.0022872359705523146,      1.7741129223826493,       -0.04234953544326157,       0.030821429021634553,-1797.8879262427868,3.9611792624525846,-1793.9267469803342,0.00014470569956774712
                      0.3117117704005427,                     0.01450054175833377,                0.2514906846166052,             -0.003266699845242922,            -0.0023828083180170937,        1.76534367041875,       -0.04280420452473952,       0.034765228928480656,  -1797.58635647049,3.8616089288629043, -1793.724747541627,0.00019563913103659244
                      0.3131902586515087,                     0.01543928443835733,                0.2519615717891065,            -0.0030858241227842568,            -0.0023689124695368395,      1.7674641428530957,       -0.04208783254780363,        0.03434473966989614,-1797.1766716721663,  3.88004900261023,-1793.2966226695562,0.00029469961765542793
                     0.31726673857365784,                    0.012838540826131008,                0.2525968999913192,              -0.00278246302339366,             -0.002579307529522339,      1.7704943104709001,      -0.043861572967906826,        0.03556653620107861,-1799.3591992807646,3.7809102149372595,-1795.5782890658274,3.3229199212350077e-05
                      0.3149159244190178,                    0.015559996536600227,                 0.252644284403588,            -0.0028661981818530746,             -0.002405519944004586,       1.772713205761932,       -0.04198754201164314,        0.03349109632755428, -1798.107144842727,3.8898114755057147,-1794.2173333672213,0.00011621982278003924
                      0.3196631753911912,                    0.014024572499220126,                0.2530227063298562,             -0.002537941347435733,             -0.002842039424080481,      1.7737897238651164,      -0.043640141616561226,        0.03570240234929287,-1795.4283860411692,3.7685739747977465,-1791.6598120663714, 0.0016929743363530106
                     0.31641353202532335,                    0.015014109326211254,               0.25232564519204487,            -0.0027048651968375804,             -0.002558372965316645,       1.769426943715061,       -0.04240081726036276,        0.03560390373723814,-1796.8460047856447, 3.824091428440357,-1793.0219133572043, 0.0004101912354418955
                      0.3194306568664544,                    0.011657479044623368,               0.25326171516256685,            -0.0027672774661262386,             -0.002947504449318435,      1.7764366241044725,      -0.045607153469745525,       0.035102750050951884,-1800.0456275609208,3.7294162533965833,-1796.3162113075243, 1.672660730910848e-05
                     0.31728621152760605,                    0.017162811840022153,               0.25256499667632804,            -0.0025685015833014028,            -0.0025717153305816003,      1.7699972458497473,       -0.04093918237804738,        0.03551317088042908,-1796.5961288147223,3.8578994621978695,-1792.7382293525245, 0.0005266306504453274
                      0.3162045635276898,                    0.013180001982394267,                0.2526080632972795,             -0.002758816801266257,            -0.0024752225060352575,      1.7726176294875107,       -0.04341227591324731,       0.034270698717948134,-1797.2966302077862,3.8278707944540065,-1793.4687594133322,0.00026138595157309825
                      0.3160551015232728,                    0.012940578057264718,                0.2526204435546326,             -0.002922623033455554,            -0.0026728744315155095,      1.7727263978724714,      -0.044196734875666714,        0.03447486743381369, -1797.908935060757,3.8033925926467473,-1794.1055424681101, 0.0001416973158098197
                     0.31298508686627774,                     0.01774936559513006,               0.25325622115069124,             -0.003077087779965302,            -0.0022854456199897367,      1.7818271413759208,      -0.041609258007569726,       0.029044524738446143,-1799.3706640035684, 3.997982199109358, -1795.372681804459, 3.285041115341562e-05
                     0.31173352492905726,                    0.010545196004940536,               0.25105843201913347,             -0.003473140626426536,             -0.002397210833684446,      1.7586113941424695,      -0.045022403676095266,         0.0372150827970033,-1798.3207010821138,3.7467585126867395,-1794.5739425694271, 9.387153347694873e-05
                     0.31426352564489046,                    0.012595702592369763,                 0.252228977017881,             -0.003008177217801261,            -0.0025177506623003045,      1.7707303001623769,        -0.0440680244484693,        0.03401193108326195, -1798.701605960527, 3.828031245382175, -1794.873574715145,  6.41370566646128e-05
                        0.31038682965142,                    0.014565530662488368,                0.2517266817188405,            -0.0032723105446304476,            -0.0023062522875882236,      1.7699233359114293,        -0.0428293027546257,        0.03228408064614971,-1797.3451546671827,3.9209821285404107,-1793.4241725386423,0.00024900515456725885
                     0.31695313218560833,                    0.013830434282855296,                0.2532320024066342,              -0.00274097698851806,            -0.0026325006898806277,      1.7796264676416058,       -0.04387968219700615,        0.03215212305622269,-1797.3346157823994,3.8543825173913033, -1793.480233265008,0.00025164326817187106
                     0.31621517537909805,                     0.01050642194294104,               0.25270637532316476,             -0.003286047725870766,             -0.002558895459873971,      1.7696941997855107,       -0.04613762588510283,        0.03526111646612141,-1798.1094919551829,3.7313640062130826,  -1794.37812794897,0.00011594736165989084
                     0.32072137406275747,                    0.014190790246168839,                0.2524606802637653,             -0.002435525870844406,             -0.002877903764376297,       1.765930653803314,       -0.04292344888291628,         0.0392441098703268,-1795.3842180293973,3.6982117034242297, -1791.686006325973, 0.0017694255681206584
                      0.3119933249919665,                    0.014322500891409596,               0.25148876160324146,             -0.003111894436109929,             -0.002202328628730796,      1.7631045240430827,       -0.04208413630945268,       0.035146554382037294,-1798.3320337356504,3.8703329329181173,-1794.4617008027324, 9.281372512000268e-05
                     0.31357234952537516,                    0.009625060441593745,               0.25161927695510516,             -0.003407626834687299,             -0.002397944227591599,      1.7602520782898037,      -0.045449700229272826,        0.03750047369471448,-1797.5503905918254,3.7167518004108673,-1793.8336387914144,0.00020280352894621296
                      0.3196194987280851,                    0.011016460300007785,                0.2527683542813562,            -0.0027371814348093166,            -0.0029546997042002956,      1.7711285204555427,      -0.045640678291612176,        0.03700469958421323,-1801.8286614456078, 3.684529582093922,-1798.1441318635138,2.8121992230567772e-06
                      0.3129914701092803,                    0.013706458106314785,                0.2510038804469159,            -0.0030825963988181785,             -0.002210203794225688,      1.7563576544194661,       -0.04205243503464572,        0.03829053395349662,-1798.9417251170958,3.7929949253995625,-1795.1487301916961, 5.044598437065123e-05
                     0.31532726496707764,                     0.01675536438848996,               0.25245233010284546,            -0.0027639448629744943,            -0.0024746671791313103,      1.7709859858171908,      -0.041308064882332775,       0.033984153195815166,-1800.2743186265438,3.8941119683422243,-1796.3802066582016, 1.330725849632167e-05
                      0.3166894328994017,                    0.012403704341913962,               0.25292164139435847,            -0.0028647251862205956,             -0.002527225255557859,       1.775530251533583,        -0.0444963035529576,        0.03361034708273548,-1796.3747667161338, 3.809435402928416,-1792.5653313132054,  0.000657116647490362
                     0.31760549195109894,                     0.01334204260523491,               0.25161183957744576,            -0.0026476844234472226,            -0.0027162955142416892,       1.760974240420314,       -0.04306221261003147,       0.039560005144227056,-1799.0905050203205,3.7066133606135687, -1795.383891659707,  4.34722691578057e-05
                      0.3108747334286354,                     0.01572028770253917,                0.2519042639338441,             -0.003257191793733523,              -0.00204669194312256,      1.7679099727157852,       -0.04159136015046139,       0.032759535294999566,-1801.1993270675634,3.9403918444825807, -1797.258935223081, 5.276701554614959e-06
                     0.30962780442322296,                    0.015190820300575714,                0.2512597798444684,             -0.003203328661011954,             -0.002251578950667032,      1.7668359941732272,       -0.04197142060652276,       0.033020426102439285,-1798.7707215302894,3.9330141357489996,-1794.8377073945403,5.9853908465066335e-05
                      0.3160154985897861,                     0.01327657796923584,               0.25252159441018807,            -0.0029821778535548305,            -0.0025678249501136117,      1.7692957889523544,      -0.043795496953437006,        0.03516305894923551,-1798.4952171681139, 3.799569790951951, -1794.695647377162, 7.883926001975166e-05
                     0.31313686334320695,                    0.015236009056584437,                 0.252104646535819,            -0.0031286202773431063,             -0.002280094152510956,      1.7685367245938053,       -0.04215031370489279,        0.03427205883256531, -1798.620315275121, 3.880325192853614,-1794.7399900822672, 6.956857726978362e-05
                     0.31011443129247696,                    0.012504463605184757,               0.25097006245415054,            -0.0034907759133737887,            -0.0021126357990078302,      1.7576988603104953,       -0.04310524103194216,        0.03632983550225766, -1796.420636513913,3.8291682647486134,-1792.5914682491643, 0.0006276556892520246
                      0.3162948925613386,                    0.016579277216299742,               0.25238844405614747,             -0.002611249181601735,             -0.002465635787438908,       1.769029882980847,       -0.04108404387538529,         0.0353163759523218,-1798.3912382750764, 3.864877386901649,-1794.5263608881746, 8.747823236386752e-05
                       0.311990273482839,                      0.0157516257214154,                0.2518205973741183,             -0.003102910092976795,             -0.002129176960467447,      1.7659382737228126,      -0.041573636421625364,         0.0337828121662149,-1796.7631952138104,3.9125743253582934, -1792.850620888452,0.00044560506297294317
                     0.31215208033230823,                    0.016181177702420335,                0.2521682687582544,            -0.0030934320863064573,            -0.0023242648408228913,      1.7727853733246688,        -0.0418269850905323,        0.03229638399003382,-1800.2269648817387,  3.93569484995158, -1796.291270031787,1.3952565285118214e-05
                      0.3154776212802057,                    0.012389349667952925,                0.2523042556507526,             -0.002893848076050328,            -0.0025611634056448844,      1.7709664177256352,      -0.044185646218197545,        0.03482983764244377,-1798.2748545178179,3.7996004508378807,  -1794.47525406698, 9.827540050885045e-05
                      0.3154740719923545,                    0.011157830766089458,                0.2526344307889622,            -0.0030175659488161184,            -0.0026570414997741667,      1.7746060303979254,      -0.045496712929596894,        0.03352446806936397,-1798.0571933699125,3.7912953318540676,-1794.2658980380584,0.00012217261167774663
                     0.31399078587702534,                    0.012708278357302871,                0.2522084993995915,             -0.003226309893550459,             -0.002477028013334262,      1.7699939753207883,         -0.044483462725921,       0.034333702193693465, -1797.451389509231,3.8115582250199904, -1793.639831284211,0.00022390878414340173
                      0.3146845078985918,                     0.01317582269888957,                0.2521478107291136,             -0.002866465072806378,             -0.002436737064534198,      1.7693442794151746,      -0.043278432573569885,        0.03455099953888861, -1795.858894819588,3.8350242174477827,  -1792.02387060214, 0.0011007350302129162
                      0.3098186130383444,                     0.01589477618146508,                0.2516837328621085,            -0.0033558766830923503,            -0.0022453303608546376,      1.7692606323212459,       -0.04195665243049649,       0.032369627481506194,-1798.8278160923915,3.9455111489214145,  -1794.88230494347,5.6532300898537207e-05
                     0.31517638395134484,                    0.013714967463708126,               0.25247634433578403,            -0.0029893065468001305,             -0.002434393280661973,      1.7699131035697406,        -0.0431598673309757,       0.034723168031794545, -1799.978546351896,3.8314382702278413,-1796.1471080816682,1.7887138098892344e-05
                     0.31707582118863176,                    0.015501774248240615,                0.2522149858349648,              -0.00284839755128155,             -0.002567105055715158,      1.7655185907841875,       -0.04219061790428527,       0.037345439131102096,-1799.4502661911752, 3.785824457379018,-1795.6644417337961,3.0336817483053417e-05
                     0.31615461215341883,                    0.015712963397182568,               0.25375018308020625,            -0.0028821281525414537,            -0.0025659029257910303,      1.7843155694912651,      -0.043222485806598945,       0.029947466072983927,-1801.3080926126145, 3.919588151387395, -1797.388504461227, 4.732888307098795e-06
                       0.315517052700756,                    0.013918482889880728,                0.2518178633551801,            -0.0029907751513123327,             -0.002588942519838859,      1.7638508313528736,       -0.04312441938460441,        0.03725275199880985,-1798.2353158994251,3.7734769119710903, -1794.461838987454, 0.0001022389136497527
                     0.31515933292095605,                    0.016671992488907963,               0.25181670348784424,            -0.0026505456191312335,            -0.0023950503841475147,      1.7642007540006843,      -0.040624261201395395,        0.03629192619067433,-1798.1190028855494, 3.861811240032002,-1794.2571916455174,0.00011484982196218312
                       0.317048164821714,                    0.016018415662217598,                0.2525779114385068,              -0.00279101828292712,            -0.0025121595713963377,      1.7702308515948824,      -0.041996193161539006,        0.03559877815060113, -1796.645446398708, 3.830646553719352,-1792.8147998449886, 0.0005012885411794865
                      0.3119579201200934,                    0.016390812262493185,                 0.252197628502287,            -0.0031858763202723232,            -0.0022307465942316734,       1.770663249025385,        -0.0416298087128616,        0.03246091250670155,-1797.9564590915047,3.9386680277518025,-1794.0177910637528,0.00013512079727820734
                      0.3157748078593986,                     0.00874177284785645,               0.25191469439037495,            -0.0032691747155944926,            -0.0026789711246049757,      1.7634335360166076,          -0.04670865152474,        0.03775131730510267,-1796.9311952314433, 3.661166478357239, -1793.270028753086,0.00037669394209685137
                     0.31308014027613956,                    0.015126032829669468,                0.2523214168150752,             -0.003168054611017978,             -0.002307147577760209,      1.7712947641901728,      -0.042532571854932366,        0.03310480686586528,-1798.1137968449261,3.8952444319358612,-1794.2185524129902,0.00011544929388453831
                      0.3133191689897291,                    0.016354920466381807,               0.25157521255586496,            -0.0029869205075942124,             -0.002254889364784127,      1.7622797118769824,      -0.040895500864576564,       0.036337662217098145,-1798.6857633989034, 3.865637965911035,-1794.8201254329924,  6.51612433864587e-05
                     0.31401925015202276,                    0.017719808115428847,               0.25198425175346395,            -0.0027882654435498638,            -0.0023588235202949472,      1.7669872547713823,       -0.04032109029632837,        0.03476003391347517,-1799.0363014871941,3.9103378583844064,-1795.1259636288098, 4.589365064447734e-05
                      0.3139903038051709,                    0.013727047871197846,               0.25264428476228207,            -0.0029810636618497984,            -0.0024332501099806917,       1.775943802461836,       -0.04363092425153808,        0.03179657332649737,-1796.4554281152973,3.8868546204871053,-1792.5685734948102, 0.0006061940499248886
                     0.31222904843702004,                    0.016824940038564218,               0.25204714289821467,             -0.003099956220685611,             -0.002107431451179076,      1.7676834961612073,       -0.04095976799868763,        0.03326956769880205,-1797.0240464441144,3.9373219852751102,-1793.0867244588394, 0.0003432921453612596
                     0.31519547665353387,                    0.014908734692058482,               0.25234815324589593,             -0.002911808743502907,             -0.002391166278499162,      1.7688618140244918,       -0.04226687764704866,        0.03498794238193816,-1799.7263482506964, 3.848919825640732,-1795.8774284250558,2.3018080454120344e-05
                     0.31512280910034995,                    0.012356120029856312,               0.25195165752236415,             -0.003012235127474165,             -0.002382561735843174,      1.7646855952888552,      -0.043728461981619775,        0.03643663887152491,-1798.0787209563773, 3.778557233968591,-1794.3001637224088,0.00011957063781171319
                     0.31515449168378473,                    0.015473906013959997,                0.2535806694677163,            -0.0029722253576695296,             -0.002510422359009005,      1.7837608164508594,       -0.04336495893262067,       0.029652420626392534,-1799.1545668796011, 3.927586943980828,-1795.2269799356202, 4.077468344036663e-05
                      0.3119067905049307,                    0.013914761855923202,                0.2518738950353592,            -0.0033214118913235807,            -0.0023234866729283203,      1.7676196000800557,      -0.043305029832771035,        0.03388347488271664,-1797.1969527097567,  3.86602765725594,-1793.3309250525008,0.00028878300396486113
                      0.3152587880075121,                    0.017260731724130222,                0.2517099571120996,            -0.0027120413873251417,            -0.0024786376788554216,      1.7632816167900256,        -0.0404844630665992,        0.03694380557486782,-1796.4753075293634, 3.849766489936729,-1792.6255410394267, 0.0005942622588519169
                     0.30942834029161587,                    0.014164923993094571,               0.25166681071294694,              -0.00332175966334407,             -0.002199382813845918,      1.7700735770713325,       -0.04276193058743637,       0.031732223581459204,-1799.2181336458793,3.9397742073589344,-1795.2783594385205, 3.826343033934049e-05
                      0.3118304355722918,                    0.014773627762074963,               0.25134760331761496,             -0.003240856031401429,             -0.002183022210185379,      1.7613407698941344,       -0.04194536051444541,         0.0361453140521065,-1797.9043242804678,3.8527468778596834, -1794.051577402608, 0.0001423521595106641
                     0.31455139891971445,                     0.01415130532731711,               0.25269766056347803,             -0.003073761317699869,             -0.002571345837025073,      1.7755707203714675,       -0.04381383552881516,        0.03244286233033227,-1798.8758747034485,3.8655326434048143,-1795.0103420600437,5.3879688009612495e-05
                      0.3108130321112322,                    0.015441348825928677,               0.25169491304850417,             -0.003169321226800988,            -0.0023986519982888295,       1.770393079123422,      -0.042374257377482405,        0.03240205912042876,-1800.4206718141154,3.9277931699572353, -1796.492878644158,1.1495509149837589e-05
                      0.3174759941231731,                    0.011458453889273905,                0.2522061642421502,            -0.0029457179759998756,             -0.002679747826913953,      1.7656021839863274,       -0.04480230862545158,       0.037810306297493934,-1800.9093027162685, 3.702706595926436, -1797.206596120342, 7.052100729388242e-06
                      0.3128153131400993,                    0.007913365927789712,                0.2515710967252326,             -0.003685158083838499,             -0.002404191395817469,      1.7598697146097582,      -0.047065654033388145,        0.03709234499836951,-1796.2358532094327, 3.684926097830725, -1792.550927111602, 0.0007550432671374073
                      0.3113865826976445,                    0.014260650917158781,               0.25180376470782473,             -0.003215004351823471,             -0.002352800936808893,      1.7686107061739562,       -0.04288149955747938,        0.03307120741456967,-1798.1675272483694,3.8974245181085645,-1794.2701027302608,0.00010940986024504177
                     0.31089309083482164,                      0.0170949406754362,                0.2526587934278213,             -0.003144651265204834,               -0.0021083258952365,       1.777780213505255,       -0.04133017495790311,        0.02923730626224795,-1795.9623045919448, 4.014748509041329,-1791.9475560829035, 0.0009925959396870259
                      0.3128903769213326,                    0.013391477951142572,               0.25203048230619557,            -0.0032570606027037294,             -0.002341542465625776,      1.7677573083623979,       -0.04359258561001563,        0.03405564268361733,-1797.5434133471895, 3.848567398745791,-1793.6948459484436,0.00020422348671654027
                      0.3138191248415005,                    0.013920650744011914,               0.25223218322997887,             -0.002944237906092625,            -0.0024039879849941854,      1.7718063625813247,       -0.04300564760822709,       0.033464549928237955, -1796.448550901278, 3.870703026258199,-1792.5778478750196, 0.0006103773443612924
                      0.3113676670031212,                    0.010375608748432774,               0.25112713836601436,            -0.0035439885324064697,            -0.0022232070433191096,      1.7575819415489948,       -0.04491623332294932,        0.03706068765901981,-1798.0260932262722, 3.755551408850879,-1794.2705418174214,0.00012603189857871895
                      0.3187227714417032,                     0.01567207576640912,               0.25327513218476266,             -0.002532241013774715,             -0.002692455093767041,      1.7769569562131393,       -0.04246129739715266,       0.033981072252004065,-1799.7214531251261,3.8430513364648053,-1795.8784017886612,  2.31310330814284e-05
                     0.31731452977846913,                    0.012076239727391339,               0.25322636472226934,              -0.00304320269889933,             -0.002700556668859453,      1.7767692296040107,      -0.045649227854131454,       0.033411601525619526,-1797.7978036415266,3.7776766482659507,-1794.0201269932606,0.00015835266821922304
                     0.31119182345909346,                    0.013817737282369957,                0.2522544006830607,             -0.003318605965747279,             -0.002400118989162763,      1.7755177771180803,       -0.04394690016091011,         0.0308699550406407, -1796.475888955924, 3.914001390474695,-1792.5618875654493, 0.0005939168394184477
                     0.31366999847868937,                    0.013932491483603517,               0.25266754692374316,             -0.003071209626038395,            -0.0025246910278561457,      1.7773786033815857,       -0.04383095897003269,       0.031648879127893034, -1796.294324382778,3.8864448683956603,-1792.4078795143823, 0.0007121609090449113
                      0.3211375545718316,                    0.012736801395879536,               0.25268952947681683,            -0.0025305181306827626,            -0.0029556177781709055,      1.7679947790663875,      -0.044144693839913283,        0.03905621288578053,-1798.9357485000687,3.6675141176493593,-1795.2682343824195, 5.074838346142483e-05
                      0.3221123777709495,                     0.01400580336436823,               0.25258618986502546,            -0.0023349686744128916,             -0.002950972417003455,      1.7667091771535475,       -0.04318470339784483,       0.039856855184232924,-1799.3254457273774,3.6672444834838833,-1795.6582012438935,3.4369946598247584e-05
                      0.3198005420102109,                      0.0140428083938254,                0.2524048173292508,             -0.002664838482439653,             -0.002722515572099111,      1.7652584100161584,       -0.04319708625316329,       0.039029194824594965, -1798.707943205573,3.7020307488125908,-1795.0059124567604, 6.373188959748373e-05
                     0.30951240192826607,                    0.015757269640768602,               0.25180731077417307,            -0.0032723067961569125,            -0.0021878198229846077,       1.771501572164456,      -0.041996449793464105,       0.031135265228464545,-1797.5379757115575,3.9707175743702043,-1793.5672581371873,0.00020533700433264073
                     0.31195675012393675,                    0.013503379689105676,                0.2518324254575798,            -0.0033576365722432187,             -0.002322930798102392,      1.7659990719191712,       -0.04339286126105282,       0.034356076264607044,-1797.0205996446498,3.8534213158013566,-1793.1671783288484,0.00034447744611762753
                      0.3175278282383105,                     0.01290927923539725,                0.2515436255281455,            -0.0027100478288666786,            -0.0027027100296753183,       1.760144637938697,       -0.04313471084270233,       0.040014508936056854,-1796.4703173171151,3.6940098304485565,-1792.7763074866666, 0.0005972351652022144
                     0.31543214579233514,                     0.01683915522631374,                0.2517546236995184,             -0.002773238356337088,             -0.002435868951957267,       1.763038360833597,        -0.0406577190771177,        0.03744422432819242, -1798.104405068692,3.8328276126819594,  -1794.27157745601,  0.000116538675425496
                      0.3203901907651731,                    0.013532667924300088,               0.25268876019997133,            -0.0025133379537251865,            -0.0028791226321006943,       1.768900837731673,      -0.043601816043319815,       0.037897649259378954,-1795.7463858515634,3.7146837543442865, -1792.031702097219,  0.001231813081403667
                       0.316686881146532,                    0.016862450432088148,                0.2530728808496364,              -0.00279122704688879,             -0.002553288854263279,      1.7762197799639494,       -0.04209370403689469,        0.03298750370775965,-1799.2228849200678,3.8860812712860993,-1795.3368036487818,3.8082061498146926e-05
                      0.3140915399338155,                    0.010893958759129302,               0.25128776771814254,            -0.0031802547120540594,             -0.002455835619547462,      1.7589090924025395,      -0.044406750806506724,        0.03838131089283765,-1799.7523536382455, 3.721431552132859,-1796.0309220861127,2.2427202653906945e-05
                      0.3149666994775813,                    0.012822052267314218,               0.25257370617701147,             -0.003162566627608115,            -0.0024620641609213153,      1.7721005546470896,       -0.04444804800685004,        0.03398957090575964,-1797.0696589179465, 3.813702771658332, -1793.255956146288, 0.0003279854824429421
                     0.31377319211298055,                     0.01564302977515059,                0.2524572485801011,            -0.0030709059538654633,             -0.002398604605990061,      1.7719314117091758,       -0.04220565604475456,        0.03335587914046947,-1800.4941742904198,3.8942038375996075,-1796.5999704528201,1.0680866616281669e-05
                     0.31696142128005517,                    0.012001108772595519,                0.2529873386724468,            -0.0027861102664892157,            -0.0026271594086838073,      1.7761921522862618,       -0.04472179983148067,         0.0334955131535604,-1796.6970432304656,3.8039655847773703,-1792.8930776456882,0.00047607958424152676
                      0.3146447561085912,                    0.011683691475691498,               0.25226816214633674,             -0.003008536792993279,             -0.002410778061607312,      1.7701755040201066,       -0.04444930323584202,        0.03431819502656474, -1798.364702576458, 3.808690431160039, -1794.556012145298, 8.983060121688883e-05
                      0.3186539398326895,                    0.015373074624580405,               0.25280813886522013,             -0.002687504230292304,            -0.0026499253125857316,       1.771099854606099,       -0.04258526410078508,       0.036071071507856545, -1797.108548915499,3.7946455016095477,-1793.3139034138894, 0.0003154749714396017
                      0.3152782133446488,                    0.009901689703641754,                0.2518370831290616,            -0.0032539499255714917,            -0.0025434888670735414,      1.7626047722971916,       -0.04572592107855702,        0.03762972274507355,-1796.0293949995717, 3.695137923134455, -1792.334257076437, 0.0009281870406806138
                     0.31292657605943797,                    0.014057366491233143,               0.25166558711580483,             -0.002990283387171183,             -0.002335397529492091,      1.7657031450826528,       -0.04241459138095822,        0.03488049364691421,-1797.5872234356634,3.8617159052130585,-1793.7255075304504, 0.0001954695922261761
                      0.3180875626101646,                     0.01650810880178474,                0.2530494516786511,            -0.0026458765150366805,            -0.0025720894033645705,      1.7744506987504594,      -0.041894139905696265,        0.03464441003269581,-1796.9514118714883,3.8474970014200425,-1793.1039148700681,0.00036915491988420023
                      0.3118772010913273,                    0.009721194175787708,                 0.251775922376078,            -0.0036184180324071846,             -0.002258620690117221,        1.76385619839049,       -0.04587808106958247,        0.03512364627878946, -1800.167340866758,  3.76908751670795,  -1796.39825335005,1.4809774437550145e-05
                     0.31769250963211737,                     0.01461930567329899,                 0.252335018753284,            -0.0027221616782274836,            -0.0025735799704111827,      1.7668703061412891,      -0.042571073723330494,        0.03701366782122846,-1801.1268948226948,3.7797187044143667,-1797.3471761182805, 5.673087157619041e-06
                     0.31192649482548235,                    0.010574568996794069,                0.2513226029750133,             -0.003427096311141275,             -0.002276093925874119,      1.7594797262115898,       -0.04466638952506839,        0.03667147497546185,-1795.8435133499938,3.7679169552829235,-1792.0755963947108,  0.001117796834033852
                      0.3206150141439316,                    0.009723090287530536,               0.25285956399351855,             -0.002763960110414735,             -0.003051714684923266,       1.771048533999043,      -0.046760005696942136,        0.03776406554933795,-1797.9716449768516,3.6285819828534187,-1794.3430629939983,0.00013308436995377131
                      0.3108595946053757,                    0.010638538666512348,                0.2511244316881256,            -0.0035709848215504784,             -0.002225718724908457,      1.7584566364986454,       -0.04477886713320894,       0.036599586288032115,-1798.6188968343954,  3.77312417704397,-1794.8457726573515, 6.966732619118746e-05
                     0.31739880657986913,                    0.016951264768731412,               0.25319816670663253,            -0.0026569088961048534,             -0.002489567197651307,      1.7758016731998787,       -0.04163231838845565,        0.03323857355523018,-1795.8838696920316, 3.888258316762381,-1791.9956113752692, 0.0010735847617061502
                      0.3182666268766614,                     0.01490700194920846,                0.2533166141259668,             -0.002771313647793637,             -0.002669649108682663,       1.777060428013311,      -0.043451151918873804,        0.03361056900186726, -1799.050899005842,3.8276319061357693,-1795.2232670997062, 4.522858320034254e-05
                      0.3111735323731185,                    0.014912953439347459,                0.2521282941116332,            -0.0032691244026662536,            -0.0021984310394900356,      1.7707898171750762,      -0.042358473981770964,       0.032199875402672044,-1796.6632495620229, 3.930181062841444,-1792.7330684991814, 0.0004924429924212803
                     0.31285631493721505,                    0.014678464708899242,               0.25170561631927263,            -0.0031621812920293656,             -0.002418614881895253,      1.7666466078303926,       -0.04279109312324527,       0.035041783558820254,-1795.2526647549407,  3.84871520017506,-1791.4039495547656, 0.0020182044512162276
                     0.31421673105350095,                     0.01771315572885666,                0.2525915925561222,            -0.0029199752033971815,            -0.0022582963954653986,       1.773128838820814,       -0.04094469475510529,        0.03278298852039294,-1797.2412330383727,3.9350654925767774, -1793.306167545796,  0.000276274579968085
                      0.3150177046778748,                    0.010589040440246096,                 0.251839725187764,             -0.003221417745437018,             -0.002511068762441008,       1.761828712491437,      -0.044985523318274975,       0.037689029169200826,-1797.3087751769476,3.7161380126525683, -1793.592637164295, 0.0002582306266978366
                      0.3119395630560482,                     0.01782817960499271,               0.25166027923499923,             -0.003056092958226744,            -0.0021366075633595565,      1.7660426403040992,      -0.040302333533804025,       0.034244683949574306,  -1796.35151300209, 3.934855910249812,-1792.4166570918403, 0.0003321767873861646
                      0.3183471020135038,                     0.01764316195636195,               0.25311191012587464,            -0.0025580182702049444,            -0.0025085360530946853,       1.774693262551043,       -0.04123549735265221,       0.034378978908559316,-1796.1733034861613,3.8681622492153522, -1792.305141236946, 0.0003969764008623263
                      0.3144742319188024,                     0.01512976435127974,                0.2512612807717557,             -0.002850977348584534,            -0.0023759172096247147,      1.7595907014600445,      -0.041384177653434995,        0.03809975749362695,-1793.2485010453815,3.8052560484852367,-1789.4432449968963,  0.007395886720191752
                      0.3126029703394377,                    0.015512975958645722,               0.25121771960165384,            -0.0031266685993502166,             -0.002419765869238587,      1.7608926390694348,        -0.0417302946337475,       0.036756411383660675,-1794.1602451684516, 3.839535616960343,-1790.3207095514913, 0.0029718357929791155
                      0.3176051579163543,                    0.017221879407134485,                0.2523557494720538,             -0.002645496131692129,             -0.002540867734207094,      1.7666945492853559,       -0.04103180013243748,       0.036940470098613884,-1797.1613374621988,3.8212391264367844,-1793.3400983357621,0.00014779746535475155
                     0.31306839681524185,                    0.012756072061418442,               0.25163336079338505,            -0.0032093504576923004,               -0.0023203508154493,      1.7628985338626892,        -0.0436023829941014,        0.03584866487965663,-1794.9889575039838, 3.808113749857097,-1791.1808437541267,  0.001297536593112003
                      0.3133741654847984,                    0.015778621158089375,                0.2518605248263148,             -0.002936252148342533,            -0.0023045439429737985,      1.7665541596511591,       -0.04167565182964582,       0.034640894208772505,-1795.8957665394114, 3.882970772644354, -1792.012795766767, 0.0005239591807729943
                      0.3136109509933309,                     0.01625932405576073,                0.2516289984086274,            -0.0028358038166692275,            -0.0022636969874662064,      1.7633237349892399,       -0.04064076777951078,        0.03592560089656342, -1799.119718044582, 3.879489951059596,-1795.2402280935223, 2.085225877330146e-05
                      0.3145289662702534,                    0.010790834443608482,                0.2517876382634917,             -0.003213095248014704,             -0.002481091232209331,       1.762390438781364,      -0.044816467101511784,        0.03710634846452328,-1795.2908344656184,3.7374571769847327,-1791.5533772886338, 0.0009594362340787857
                      0.3134006716151529,                    0.010425905199092086,                0.2514901401823233,            -0.0032350418080468422,             -0.002611955213562552,      1.7649557133785145,      -0.045570547464641474,        0.03621542625449509,-1799.1062251212338,3.7438067170337277,   -1795.3624184042,2.1135523439218005e-05
                     0.31945430325582236,                    0.017046505004216606,               0.25287658553231773,            -0.0024582881360714747,             -0.002738616460532384,      1.7720358752110208,       -0.04159746079698466,        0.03611489076704195,-1797.3230296671395, 3.813922992471719,-1793.5091066746677,0.00012573174811999777
                      0.3140876936875526,                    0.015876843162171347,                 0.251434322379574,            -0.0028228956881902077,            -0.0024138800014307914,      1.7629552530281245,       -0.04115613121175133,        0.03668153149758791,-1796.3125270831047,3.8464563365775977, -1792.466070746527,0.00034538275550401084
                      0.3129745280560689,                    0.012990899675345549,                0.2520438233900658,             -0.003294036129504024,            -0.0022803994865774535,      1.7664488398592189,      -0.043775888939730695,        0.03446048349350653,-1797.2423503906343,3.8344707019053983,-1793.4078796887288,0.00013629612805456597
                     0.31432737634303837,                    0.013303981297842162,                0.2515956898082909,            -0.0031077317620498523,            -0.0024940569896995195,       1.763121605774518,      -0.043463358074932526,        0.03701868245411119, -1796.710713442992, 3.777350402527725,-1792.9333630404644, 0.0002319372540529244
                     0.31609288668732344,                    0.013036443721556152,               0.25177363047999035,            -0.0028792499978081572,              -0.00262928368991378,      1.7627400053345021,       -0.04331708996389501,        0.03795670939777679,-1797.2274042711174, 3.748281092226869,-1793.4791231788906, 0.0001383485257585039
                     0.31128221210703017,                    0.016718488171707728,                0.2515084378578593,             -0.003031486685476913,            -0.0021152987298071095,      1.7648139454351675,       -0.04063988274894127,       0.034278349546370504,-1799.0982531112863, 3.929973620936143,-1795.1682794903502,2.1304689442937363e-05
                      0.3149787449141256,                    0.014393582758492911,               0.25139537175985205,             -0.002852799603528711,              -0.00260077490633845,      1.7620110518476788,       -0.04241270136856223,         0.0376868894852454,-1796.5708364715588, 3.785404759128071,-1792.7854317124306, 0.0002667585253780227
                      0.3122360383757052,                    0.013971791639635245,                 0.251213483697949,             -0.003227704873105239,             -0.002230728568723739,      1.7584465146715287,       -0.04242220306901753,         0.0369416346240714,-1796.7177860450852,3.8197400519202667, -1792.898045993165,0.00023030264144056903
                     0.31935927862634084,                    0.015460999070879854,                0.2524070485157033,            -0.0025691672011737515,             -0.002730458594491019,      1.7671403851170076,       -0.04242747585633308,        0.03810073077614244,-1797.1057312995722,3.7472834156429125,-1793.3584478839293,0.00015624870832115843
                     0.31438328119085623,                    0.013168200972927226,               0.25148104183004766,            -0.0029799289187967433,             -0.002432567623303918,      1.7616287497942387,       -0.04292430821320226,       0.037498103983606555,-1796.8167500022605,3.7802107924355477, -1793.036539209825,0.00020860245660963233
                      0.3167290673723714,                    0.017502314166694725,                0.2532789715149383,            -0.0027029038856722595,             -0.002469161410787995,      1.7784367689577056,      -0.041517622181027544,         0.0319554432918677,-1796.1354384043193, 3.921416129980638,-1792.2140222743387,0.00041229615630078247
                     0.31268438460476267,                    0.012355496031586914,                0.2519627649525651,            -0.0033223341685445443,            -0.0022851327610184965,      1.7656219848316965,       -0.04395968594901557,        0.03481320783413625,-1796.9700148377237, 3.823789414046812, -1793.146225423677, 0.0001789605666785141
                      0.3139563142332876,                    0.013831375038364527,               0.25120098236259003,            -0.0030206466994415248,            -0.0023456058166887424,       1.757417322987938,       -0.04225018887698589,       0.038504251639437735,-1797.3097942260888, 3.776695699878055,-1793.5330985262108,0.00012740692465630944
                     0.31358294217637184,                    0.011380308587655834,               0.25212190535416934,              -0.00329099352054311,              -0.00244553114014545,      1.7682523572673339,        -0.0449790634703622,        0.03472555628238255,-1796.2657897559216,  3.79214324954391,-1792.4736465063777,  0.000361908191669785
                      0.3180480647697627,                    0.014931298798920297,                0.2527576008634572,            -0.0027391816624303036,             -0.002704434561568294,       1.771813455725225,      -0.043132585035481064,        0.03564732066148669,-1797.0483290475909,3.7935382910854702,-1793.2547907565054,0.00016548015426480955
                      0.3177268153053109,                    0.013531719344516135,                0.2518381656364036,             -0.002778203277045008,            -0.0026268102765745695,      1.7622271594742964,      -0.043257814365298304,         0.0391830386536262,-1799.2222906617994,3.7098474678893982,  -1795.51244319391,1.8819426477769804e-05
                     0.31719099688572444,                    0.015903335956471133,                0.2521778289325303,             -0.002692268233619144,             -0.002701854641128117,      1.7663469983182027,       -0.04180932947022854,       0.037084416055183936,-1795.1602172090065, 3.801027423828933,-1791.3591897851777, 0.0010933078586281722
                     0.31883956762243093,                    0.014432384911691212,               0.25195155457277474,             -0.002581517607927938,             -0.002689076932760164,       1.761651335138929,       -0.04216425003035675,          0.039916602944231,-1797.8826403040935, 3.713517449294825,-1794.1691228547986, 7.184708329346919e-05
                      0.3126738123709773,                    0.014421943836929657,               0.25209950264857695,             -0.003178746288965545,             -0.002324340096003638,      1.7692044423268842,       -0.04277399697161996,        0.03359116836677161,-1795.4202016693102,3.8814176574913732, -1791.538784011819, 0.0008430098581821314
                        0.31384243682491,                     0.01421302149411479,               0.25124334118949476,             -0.003040359022222279,             -0.002586557659079841,      1.7614897585611717,      -0.042797809255088526,        0.03750315092752547, -1797.526070261341, 3.786781741111705,-1793.7392885202291,0.00010262792406357881
                       0.315293297127471,                    0.014813573886160286,               0.25216439505946864,             -0.002980975154687257,            -0.0024370296032208013,      1.7674842414433185,      -0.042580054654664024,        0.03566436052943742,-1797.9536819743366, 3.825226116397844, -1794.128455857939, 6.692003151629583e-05
                     0.31335819920634556,                    0.013565343241140448,                0.2523227171337214,             -0.003037544465055379,             -0.002550324244392255,      1.7743288077555393,       -0.04382562165778435,       0.032305902062913776,-1794.5688331514743,3.8754754287785413,-1790.6933577226957, 0.0019750463984307873
                      0.3131685960682777,                    0.013253161434295717,               0.25180004772983344,            -0.0031945552309055286,              -0.00262470038929262,      1.7683748292895527,       -0.04393269605296378,       0.034774846076901275,-1797.2472463973859,3.8223117724257287,  -1793.42493462496,0.00013563045219788084
                      0.3125167715878932,                    0.012040595845924113,               0.25141488432522446,             -0.003340172931878996,            -0.0023140327237677768,       1.761298825800897,      -0.043966219924575896,        0.03663507763222006,-1796.5055830147353,3.7840931300425504,-1792.7214898846928,0.00028474592934200964
                     0.31198768523753356,                    0.016485729028307333,               0.25183014183887453,             -0.003028230631337335,             -0.002219025938996899,      1.7671552310085774,      -0.040909148898913957,         0.0336553694480809,-1797.2544208903105,  3.93215663164247, -1793.322264258668,0.00013466085482201432
                      0.3148759664407064,                     0.01810163774637688,               0.25210173446384104,            -0.0027240498695536193,            -0.0022641438528897494,      1.7672411406110091,      -0.040042270709099055,       0.035101277594321655,-1796.7949737063714,3.9042753372397363,-1792.8906983691315,0.00021319486679143582
                      0.3139190618703556,                    0.013086522752555285,                0.2521864707090664,            -0.0031285277603754626,            -0.0024422926091283784,      1.7686122516339287,       -0.04373086443987992,        0.03454776193541852,-1795.4060153997111, 3.827887337346972,-1791.5781280623642, 0.0008550542538328299
                      0.3139271972365976,                    0.014607318512694542,               0.25181890432866083,             -0.002965248630604315,            -0.0025312539036629333,       1.767104516903998,       -0.04250475998697447,       0.035360807275374675,-1795.3153441481168,3.8425901185841442,-1791.4727540295326, 0.0009362065950159912
                     0.31389455918373255,                    0.014862500661810283,                0.2517280364161513,             -0.002960862123960509,            -0.0023319613616372354,      1.7640903864535409,      -0.041945290825270355,         0.0358145180373023,-1799.9383740391581,3.8471923686170824,-1796.0911816705411, 9.196346469053364e-06
                     0.31321160226286815,                    0.013693586073117488,               0.25126051483810796,             -0.003113143548257782,            -0.0024806183951245867,      1.7607749835751458,       -0.04281525505574651,        0.03706407163569364,-1797.1561663364341, 3.800578751956285, -1793.355587584478,0.00014856372413856348
                      0.3179269405766045,                    0.011698409494027973,                0.2521342584072903,            -0.0028160544744136313,             -0.002812260337735087,      1.7670130732834637,       -0.04491834269321977,        0.03773364026261485, -1796.010997396655,3.6983744601314132,-1792.3126229365237, 0.0004669316675289285
                       0.318139336978182,                     0.01609088602640658,                0.2522076282516393,            -0.0025652746627265396,            -0.0025348438266076076,      1.7650226776151097,       -0.04126704090788339,        0.03790422956897098,-1795.7101637372357,3.7895760805161673,-1791.9205876567196, 0.0006308174917495725
                     0.31487108291894766,                     0.01514195916543182,                0.2521356221076555,             -0.002925223052294356,            -0.0024279490185105386,      1.7666687066916533,       -0.04199798978525527,        0.03562510665955894,-1798.0050039692746,3.8439409078672524,-1794.1610630614073, 6.357220535701039e-05
                      0.3166490434933628,                    0.014802934715818354,               0.25266975965770544,             -0.002886384341083788,              -0.00250303428777231,       1.771174246674422,       -0.04303233019633434,        0.03498727997886863,-1797.4997967919812,3.8195705739571064, -1793.680226218024,0.00010536004972926825
                      0.3149131807028216,                    0.014250924542583115,                0.2511322820941719,             -0.002892482796901509,             -0.002461984633270605,      1.7576036021770343,       -0.04222943011335353,       0.039163629544786346,-1796.0152390584394,3.7551406411244415, -1792.260098417315,0.00046495529583219985
                     0.31655720721829544,                    0.013364234566308518,                0.2515171711811082,            -0.0028276188866694424,            -0.0026390201377703582,      1.7605425757906605,       -0.04319694593657369,        0.03917506628197231,-1797.1299746329983, 3.719126977452653,-1793.4108476555457,0.00015250626671430156
                      0.3160456167326763,                       0.016790368159799,                0.2517290739465968,             -0.002803797767908306,            -0.0024459454866667205,        1.76143274165824,       -0.04082974658535585,        0.03814339176622503,-1796.7981241861849, 3.808165858551058,-1792.9899583276338,0.00021252425759232194
                      0.3158148121270477,                     0.01386261078264571,               0.25290988634011513,            -0.0029710900154519505,            -0.0026001371089932274,      1.7760102730684215,       -0.04386585169391401,       0.032952373063445006,  -1797.93635287387,3.8458147595730425, -1794.090538114297,  6.80898017252805e-05
                      0.3147748058742007,                     0.01684197406403998,               0.25210686653297587,            -0.0028274863847066126,             -0.002351956985793505,      1.7670766151046953,      -0.040976707617168186,        0.03500882218343715,-1795.6635442130787,3.8839022538037167, -1791.779641959275,  0.000660922184045783
                      0.3186071375823346,                    0.015092033920290735,               0.25232662004143236,            -0.0026990490039851046,             -0.002649801167239578,      1.7655998358575882,       -0.04247382564045224,        0.03809459801910379,-1797.8047843028312, 3.751100269890686,-1794.0536840329405, 7.766432533786214e-05
                      0.3116249594793452,                     0.01507230919158749,                0.2507628133179671,             -0.003140650446461809,             -0.002072471875477591,      1.7537224191576126,        -0.0409869021638416,       0.038105051505428006,-1796.9494740745981,3.8330695566261417, -1793.116404517972,0.00018267456690266608
                      0.3126753857118854,                     0.01077033684573936,                0.2515667072791946,            -0.0033533415500220814,            -0.0024039313468825064,      1.7631703222370576,      -0.045032188329780655,        0.03587464510974272,-1795.5141288428072,3.7710865104827067,-1791.7430423323244, 0.0007674332297456273
                      0.3147805066840773,                    0.014565451827573276,                0.2527777220642968,            -0.0030082675490383888,              -0.00248132425955166,      1.7750375726451528,       -0.04318591392066117,        0.03268119206160537,  -1796.55174219634, 3.876041755259144,-1792.6757004410808, 0.0002719010259979681
                      0.3135464596205639,                    0.017343756077839556,                0.2524136579312285,             -0.002902780380269428,             -0.002422417461314898,      1.7739181529293457,       -0.04138454911459227,         0.0322012289626499, -1795.276440859559, 3.939980378372895,-1791.3364604811861,   0.00097334584586366
                     0.31336667626220427,                     0.01562776283957673,                0.2516578033602798,            -0.0030028171193041252,            -0.0022852100121302974,      1.7633649355023266,       -0.04131653415165307,         0.0359150751006517,-1795.6099963560268,3.8643448987230222, -1791.745651457304, 0.0006972778479370566
                      0.3153854056931494,                    0.016630749778646012,                0.2525692082288226,            -0.0028425647227763255,            -0.0024326072688287334,      1.7717599534896609,       -0.04167827521993235,        0.03387357458251967,-1798.3504586677905, 3.886581890521264,-1794.4638767772692, 4.500266245197238e-05
                      0.3120247597551081,                    0.012975496482919777,                0.2508219699339025,             -0.003284210966285267,            -0.0022014175753885664,       1.755126236466729,      -0.042770932647685916,        0.03830054242716836,-1795.2004519856541,3.7801190477312234, -1791.420332937923, 0.0010501920547966366
                      0.3169260252722386,                    0.014953262411208482,               0.25198789004763295,            -0.0026889066525653867,             -0.002542595333530859,      1.7637109476386819,       -0.04194830943233495,       0.037871084769375514,-1795.2750181706201,3.7807414815785623,-1791.4942766890415, 0.0009747315997468942
                      0.3176600717831003,                    0.013948904792468627,                0.2519647469708527,             -0.002725616317372941,            -0.0026257750081316966,      1.7624955964608326,        -0.0426368801344068,         0.0388872316333591,-1797.3955583249613,3.7339780743932773, -1793.661580250568,0.00011693544103108428
                      0.3206143875158796,                    0.015994416137223976,               0.25307887770989057,             -0.002497003026283173,             -0.002735972034635422,      1.7716210746089178,       -0.04227792138968422,       0.036933722406651874,-1796.6562945324326,3.7704405011934936,-1792.8858540312392,0.00024490877370435835
                     0.31360307026163153,                    0.017735274455834504,                0.2531234317634631,            -0.0029680735069233205,            -0.0023194312893801373,      1.7800656057498045,        -0.0413952052667122,       0.029895159678754238,-1796.7176576638735,3.9839469731673276,-1792.7337106907062,0.00023033220987069878
                     0.31454874619079876,                    0.015762143190289117,               0.25163628231095103,            -0.0029881972927105834,            -0.0023990571275197548,      1.7626862353012043,       -0.04167089862843435,       0.037049135322430087,-1797.0213212535123, 3.822013611196547,-1793.1993076423157,0.00017001030755653661
                     0.31578066847241115,                    0.017247631142844232,                0.2529279052355302,            -0.0027527345856995173,            -0.0024938592532345984,        1.77632009238945,      -0.041544068347602034,        0.03232030812431713,-1796.4929707231736,3.9194918883923204,-1792.5734788347813, 0.0002883599707891309
                     0.31874195849173037,                     0.01571662311889162,               0.25297041336511444,             -0.002621343182032008,             -0.002674719493953306,      1.7731328226393888,       -0.04246626529210015,        0.03526999233629767, -1795.668242428926,3.8149642144278273,-1791.8532782144982, 0.0006578243119011487
                      0.3178123285445479,                    0.016245344298456022,                0.2524953802447001,            -0.0025998234875200528,            -0.0025905184587108215,      1.7697524809712823,       -0.04175620617953094,         0.0361120534661081,-1795.7333384701747,3.8204353665053223,-1791.9129031036694, 0.0006163665598444553
                     0.31533319582926084,                    0.017743155365545875,               0.25207305138521213,            -0.0027816746584583304,             -0.002412730665839544,      1.7664403452844097,       -0.04056807700397535,        0.03583658551513983,-1796.1614568895588,3.8722129455552627,-1792.2892439440036,0.00040170718667245956
                      0.3158994961530523,                     0.01177090263623179,                0.2513107986785311,             -0.002980886707864204,               -0.0026114283890383,      1.7580484128147864,       -0.04380748092721248,       0.039931887050764905,-1797.1698238891472, 3.688470907312134, -1793.481352981835,0.00014654850008393691
                      0.3135375053719573,                     0.01749668719249725,               0.25152878203164264,             -0.002906199750160807,            -0.0022932485967400453,       1.762315439311565,      -0.040142088278734875,        0.03646293667115473,-1794.7730598380763,3.8800738140430635,-1790.8929860240332, 0.0016102109646423748
                      0.3101042202678993,                     0.01585525081894247,                0.2513960908221261,             -0.003253945773011148,            -0.0020350437170728163,      1.7636734397862213,        -0.0412557877627955,        0.03390632973214472, -1796.296285707745,3.9298582893772904,-1792.3664274183677, 0.0003510380470217949
                      0.3146381700957908,                    0.017602836947958608,               0.25207644849391975,             -0.002819101101958158,            -0.0023395143717962028,      1.7674803938656285,       -0.04054893594687883,        0.03515065189016231,-1794.3033723770363,  3.89226029777838, -1790.411112079258, 0.0025755231161639558
                      0.3149736979985393,                    0.012313214400330489,               0.25219948022954874,             -0.003161776924972009,            -0.0024498247720205267,      1.7673752871145556,      -0.044437025039223546,       0.035624613354957486, -1796.243885911456,3.7785092852936253,-1792.4653766261622, 0.0003699228276460331
                      0.3178846441895038,                    0.015935516102124618,               0.25240959189323625,            -0.0026112387691173316,             -0.002584399523977469,      1.7678827803746218,       -0.04173640415364802,        0.03667266796497658,-1794.4577863708078,3.8078507323706208,-1790.6499356384372,  0.002207010029393228
                      0.3138537543953386,                      0.0173693548194805,               0.25151637478301686,            -0.0027930125030442418,            -0.0023571345694682003,      1.7637897314127673,        -0.0403403066094296,        0.03601404134858977,-1794.1365643182612,3.8832701572577006,-1790.2532941610034,  0.003043051284877309
                      0.3185851444759124,                    0.011786088919320615,               0.25300898482902395,            -0.0028244187062004354,            -0.0028551927732058382,      1.7741171967710456,      -0.045302326966678005,        0.03539763951614251,-1797.4243301638412, 3.736834212202841,-1793.6874959516383,0.00011361893316317501
                     0.31382969281891937,                     0.01861741079456164,                  0.25275484677184,            -0.0028157688474833103,            -0.0021913500082062303,         1.7755496626984,       -0.04025079736289702,        0.03136393556906123, -1795.246949538208,3.9830155617537226,-1791.2639339764542, 0.0010024785708104183
                     0.31801387433268435,                    0.013760694984952249,               0.25191689280927365,            -0.0026787137862228742,             -0.002695993822670155,       1.763713331879269,       -0.04300990977381487,       0.038855763882745406,-1796.0429631565635,3.7226128621000543,-1792.3203502944634, 0.0004522418779212031
                       0.313197844560681,                     0.01186424302255456,               0.25228835685116696,             -0.003319344924298056,             -0.002443309210749594,      1.7708775687515534,      -0.044857836893983656,        0.03360496632873661, -1796.474384783312,3.8217829777941152,-1792.6526018055179,0.00029376952698688733
                     0.31450473910275545,                    0.012489556450329942,                0.2513735288346847,             -0.003183197631309569,             -0.002302876825503011,      1.7566052103102447,       -0.04332263633136505,        0.03894769013683189,-1795.6661779615283, 3.734390667780052,-1791.9317872937484, 0.0006591837715437393
                      0.3158689161235732,                      0.0160561588857838,                0.2528051464872523,            -0.0028651390212043604,            -0.0026264841179842483,      1.7756879305166389,       -0.04259555815515618,        0.03316997833611219, -1796.184840506528,3.8745587770970147, -1792.310281729431,0.00039242279407567893
                      0.3130128239856664,                     0.01666402949650529,               0.25214754172375486,            -0.0030065579590976364,             -0.002267004012753707,      1.7691416919958307,       -0.04129209594881414,        0.03336716806773253,-1796.4110005844564,3.9219862661496014,-1792.4890143183068, 0.0003129926591134922
                     0.31454194747868425,                    0.014785619328754088,                0.2518638497676803,             -0.002891568118124078,            -0.0024077716660393547,      1.7667210824569088,      -0.042311724164474866,        0.03557618829219118,-1797.2110214248855, 3.838856174826243,-1793.3721652500592,0.00014063373639779735
                     0.31395770204190215,                    0.015143028894229017,                0.2516908268949573,             -0.003000050730377545,             -0.002273574651680968,      1.7617336592471387,      -0.041705486958616485,        0.03653317848443309,-1798.1454159708624,3.8367313588900434,-1794.3086846119722, 5.524425485949603e-05
                      0.3126265779157038,                      0.0122250252796407,                0.2512854451994023,              -0.00321755110712081,             -0.002359875724535805,      1.7609995250212807,       -0.04352110674331988,        0.03695042315348653,-1795.4473389348082,3.7881707690380257,  -1791.65916816577, 0.0008204404962745367
                      0.3137549193327586,                    0.016954360872039012,                0.2514798272057173,             -0.002830551101297329,            -0.0023074661088717235,      1.7628475433465391,       -0.04045593005333343,        0.03620093390523498,-1795.5883444980032, 3.876882369026437,-1791.7114621289768, 0.0007125398378892798
                      0.3159914823910233,                    0.011378064301231883,                0.2526586420864629,             -0.003204219294428458,            -0.0024992579571412503,       1.768699374081215,       -0.04506859677917481,        0.03547657441641778,-1796.2933088602954,3.7581123971276416,-1792.5351964631677, 0.0003520845906643474
                     0.32043377721365557,                    0.015232157076520989,                0.2521739441762424,            -0.0024513255034608918,             -0.002772349628723459,      1.7622874813792182,       -0.04193752457181863,        0.04044612757305504,-1797.7217320878804, 3.695838117155159,-1794.0258939707253, 8.438994281395646e-05
                      0.3185895754173326,                    0.016506837107120653,                0.2523205189763828,            -0.0025276493783418586,            -0.0025763898866952247,      1.7647949186953578,       -0.04101848799015197,        0.03811248140389403,-1794.5625548587673,3.7880591816631433,-1790.7744956771041, 0.0019874853245811447
                      0.3183389021411201,                    0.013514745694119716,                0.2522662653239622,             -0.002715961554418803,            -0.0027773103228683946,      1.7668689540204667,       -0.04353154414743556,         0.0377451732207093, -1795.943222190665, 3.733243433550701,-1792.2099787571142, 0.0004996751217530065
                      0.3145701489652693,                    0.014003440282002582,                0.2520133449564176,            -0.0028821157620912367,             -0.002456069113273531,       1.767503902003861,       -0.04268793068805615,        0.03533874065693371, -1796.815558367071, 3.834208527150114,-1792.9813498399208, 0.0002088511828035694
                      0.3141354453698062,                    0.015296662027717386,                0.2515419634859147,             -0.002934287487585591,             -0.002367219886284584,      1.7611596054146976,       -0.04131933666134039,          0.037307388099226,-1797.7906701710249,3.8277451700689955, -1793.962925000956, 7.876826209065503e-05
                     0.31461242117456467,                     0.01739388445476517,                  0.25183763011533,              -0.00280173444715178,            -0.0023971154955309206,       1.766235939806214,       -0.04072133079921104,         0.0356888651671323,-1797.4850883402892, 3.876234670371828,-1793.6088536699174,0.00010692118573334413
                      0.3104280065557189,                     0.01515440107814228,                0.2516546262882213,            -0.0032944945114300054,             -0.002036798683503861,       1.765238045958574,       -0.04166892071181556,        0.03358170148703612,  -1796.11073217255,3.9242835768171025,-1792.1864485957328,0.00042260931576104557
                     0.31540737939912716,                    0.014050718649404343,                0.2514621402707954,            -0.0028950718580352266,            -0.0023948971428845965,      1.7588312377710695,      -0.042226348045557964,        0.03880007831664399, -1797.304917347949, 3.760996635370619,-1793.5439207125783,0.00012802979028740406
                      0.3110283278831581,                    0.014503528438278745,                 0.251398095698725,            -0.0032878740593774384,             -0.002176134769882419,       1.763485971788008,       -0.04230533788732042,        0.03484361475584813,-1795.2360005549476, 3.877214028707902,-1791.3587865262398, 0.0010135150004889825
                      0.3132752916722441,                     0.01341763569810817,                0.2520830360281971,             -0.003214716799328443,              -0.00241319050032785,      1.7675244173962468,       -0.04351525598515427,        0.03448504809859328,-1796.4875035594418, 3.839100935059249,-1792.6484026243827,  0.000289940799349838
                       0.318922433331868,                    0.013130810975764951,               0.25308853596470693,            -0.0027412087502940016,            -0.0028616132568365206,      1.7748862483393433,       -0.04454190645835089,        0.03507549869537142,-1798.1057358288585,3.7627385802998754,-1794.3429972485587,5.7480427155044136e-05
                      0.3116486615442406,                    0.012638420452375324,               0.25143401601241344,             -0.003308833186837954,            -0.0022236680253895458,      1.7623996167954712,       -0.04344571048056187,        0.03556438925095103, -1795.504679539025,3.8275508604994473,-1791.6771286785254, 0.0007747193094423003
                     0.31577589514065785,                    0.014462084647519994,               0.25252528144284364,             -0.002827416202130473,             -0.002635492790263965,       1.773768785273597,       -0.04333588638753239,        0.03371284334840714, -1795.612025304948,3.8443592775767623,-1791.7676660273712,  0.000695864541048305
                     0.31600134277070885,                    0.016227086451798836,               0.25270098733628577,            -0.0027846391701398902,            -0.0025287506319405535,      1.7743895762809871,       -0.04208996298388206,        0.03351020068591801, -1797.163166161135, 3.879776896437635,-1793.2833892646975,0.00014752743526421264
                      0.3134111790787729,                    0.013100089660083494,                0.2511070149525676,             -0.003045693854990741,             -0.002445724088965383,       1.758876264300702,       -0.04285705262413012,        0.03773431281025784,-1797.2065170562523,3.7825976127969945,-1793.4239194434554,0.00014126863141593454
                       0.311595215676425,                    0.012587136013392319,               0.25116293713978805,             -0.003252038501953999,            -0.0023273419604710652,      1.7615030246934067,      -0.043570691651869824,        0.03593358466180773,-1795.9458802784852, 3.816264920631342, -1792.129615357854, 0.0004983487050448233
                      0.3131509168664051,                    0.013629639162593401,               0.25210091237645577,            -0.0032285111136746156,            -0.0022871685975759857,       1.767906916021201,      -0.043242057830979404,        0.03443808265408333,-1796.3580015628672,3.8481315256516373,-1792.5098700372157,0.00033002841557045604
                     0.31442713993379906,                    0.015976468761511403,               0.25195647000116855,            -0.0028948409733541344,            -0.0025155791380630007,      1.7665853089393968,       -0.04159312988906121,        0.03545451198881699,-1795.0344223981588,3.8608600928014467,-1791.1735623053573, 0.0012398651754988359
                      0.3138588614928096,                    0.012827605758324678,                0.2514746282548123,             -0.003161646238237223,              -0.00246403336937478,      1.7605582722516362,      -0.043314124847079694,       0.037501164147283265,-1795.9365299588385,3.7732291228425217,-1792.1633008359959, 0.0005030302777245131
                     0.31730291266083516,                     0.01544355707640463,                0.2533216369566491,            -0.0026851346168336376,            -0.0026553067933633044,      1.7790983115592915,       -0.04286073423017307,       0.032511596015565136,-1795.9112162449424,3.8720444971619203,-1792.0391717477805, 0.0005159263777214661
                     0.31354185668987694,                    0.014313158229371594,               0.25157037945945887,            -0.0029406346061959404,             -0.002350622476099139,      1.7632689164990942,      -0.042155725900892976,        0.03606532184308222,-1799.4486090190799,3.8383656975847407, -1795.610243321495,1.5007818555370614e-05
                     0.31297248472781947,                    0.017847910299479224,               0.25263815573693277,             -0.002883779943178724,            -0.0022809756625838144,      1.7765333316446685,       -0.04097215903810541,       0.030712732873515194,-1795.7900006764544, 3.983079984419044,-1791.8069206920354, 0.0005824128991806155
                      0.3171331626877913,                    0.013167376666265752,                0.2520707547697581,             -0.002822661005798433,            -0.0027578602591189372,      1.7666233807024605,       -0.04374158300538691,        0.03739694676339231,-1797.8324192479372,3.7434478440030095,-1794.0889714039342, 7.554746041085008e-05
                     0.31229728393868483,                    0.011160736210215287,                0.2515288662143807,            -0.0034737852450778526,             -0.002248599425786529,      1.7615269948124537,       -0.04473802919754162,       0.036208437381725425, -1796.775566790389,3.7740888382452775,-1793.0014779521437,0.00021737273025744497
                     0.31797076708218913,                     0.01562930790606443,               0.25336097420449355,            -0.0027091027773102965,            -0.0026012688785641085,       1.778333056451391,       -0.04292260083792427,       0.033060545881831396,-1794.5481006612795,  3.85485904491326,-1790.6932416163663,  0.002016421450420016
                      0.3159255239484448,                    0.014847244224025946,               0.25193987321816663,            -0.0027785667343568285,            -0.0025350962956863675,       1.764847418664286,      -0.041938699291688204,       0.037075422358566014,-1795.8964828650928,3.8060035957916907, -1792.090479269301, 0.0005235839897513142
                       0.312156430725556,                    0.012604441606830913,               0.25113806829284246,            -0.0033386075589392273,             -0.002141269284409355,      1.7565627909431063,       -0.04299393673458124,        0.03767387714130305, -1797.141525115691,3.7883223254899305, -1793.353202790201, 0.0001507548798733266
                      0.3143310954114793,                    0.014226402342134528,                 0.251660952930917,              -0.00290652741883344,             -0.002517235586290921,       1.764509260732013,        -0.0424388151667536,        0.03651017033775958,-1795.7984464295218, 3.816045454118256,-1791.9824009754036, 0.0005775146972687401
                     0.31206705985554706,                     0.01777302023910988,               0.25213729048310246,            -0.0030929270704752503,            -0.0022256736308695064,      1.7716448275240775,       -0.04086595800172491,        0.03244265520900953,-1798.3758660373546, 3.957470064634378,-1794.4183959727202,4.3873666319835955e-05
                      0.3150230105331837,                    0.012875644491956736,                0.2522941797474966,             -0.003078726012137028,            -0.0024823321529849397,       1.768406511788753,       -0.04385303092451697,        0.03526408342443409,  -1794.32102716677,3.8020904336656405,-1790.5189367331043,  0.002530451829824836
                     0.31059492517473686,                    0.014084883879845512,                  0.25116926385348,            -0.0032808131780062456,             -0.002211338679776173,      1.7624752801033028,      -0.042591333540298246,       0.034947137757912715, -1797.603618690559, 3.870169400188707,-1793.7334492903703, 9.497005494929058e-05
                     0.31265584384867556,                    0.016398516899809715,                0.2518808599292344,            -0.0030018416901156897,               -0.0021059981618555,       1.765662484609024,      -0.040883878632877395,       0.034331940517993244, -1799.004997334398,3.9142047420420636, -1795.090792592356,2.3387062550533073e-05
                     0.31634684738465524,                     0.01342462391793818,               0.25196010860242374,            -0.0028276208510997452,            -0.0027168058353400793,      1.7663060653604719,       -0.04345048257566332,        0.03692699633050042,-1796.1891406001937,3.7671075317867126, -1792.422033068407,0.00039073896221655693
                     0.31411206002213526,                    0.012291561675631293,                0.2511176697063328,            -0.0031512031602330226,            -0.0024583092223190257,      1.7568499579300454,      -0.043500597188072414,        0.03902166088285942,-1796.0372322689705,3.7303537659473776, -1792.306878503023, 0.0004548410660020138
                      0.3201683074191781,                    0.016053547086246928,               0.25307698279050544,             -0.002471672258632401,            -0.0028085887996725047,      1.7738148724160552,      -0.042498953649299176,        0.03598031411209781,-1797.1200365767422,3.7891685107241004,-1793.3308680660182,0.00015402943872053375
                     0.31403029368444185,                    0.011749491066240382,               0.25159641005250766,            -0.0031818241307855705,            -0.0024797114819715698,      1.7621514386014967,       -0.04427949571886934,        0.03709553414043651,-1796.3676620125493,3.7554995349329126,-1792.6121624776165, 0.0003268555430314018
                      0.3117304973104025,                     0.01685671640958668,                 0.252305227343848,            -0.0030888432468473095,            -0.0022763789026476037,      1.7740970209833682,      -0.041521934902765366,       0.031110441021417565, -1798.122168397545, 3.969466923668712,-1794.1527014738763,   5.6543594452487e-05
                     0.31829636344677614,                    0.013058117302880423,                0.2526304859988813,             -0.002781872041102834,            -0.0027638802189933124,       1.771213766845352,       -0.04439613676085047,         0.0362217204423818,-1796.9589187445104, 3.745145663861187,-1793.2137730806492,0.00018095738777652658
                      0.3141061647084589,                    0.014051004451608616,                0.2515467648267603,             -0.002969209552488086,             -0.002331254324923776,      1.7609117223856152,        -0.0422898723808104,       0.036986427739141854,-1795.2631150331385,  3.81038898573596,-1791.4527260474026,  0.000986403291051433
                      0.3130941061903457,                    0.018413226563134107,               0.25209804369406774,            -0.0028682826520371055,            -0.0021796847149315444,      1.7688434628802616,       -0.03983888539605078,         0.0334516286198624,-1796.2871490672128,3.9557177790069904,-1792.3314312882057,0.00035426005220825943
                      0.3136948233886849,                    0.012081812213724142,                0.2516524796830918,             -0.003188675284698641,            -0.0025584000783566486,      1.7644585979812468,      -0.044290712336849884,        0.03614385423920648,-1796.8495239277813,3.7790601031954227,-1793.0704638245859, 0.0002018765543731736
                     0.31264365129111127,                    0.013125032423304388,               0.25138187372623094,            -0.0032802529018302984,            -0.0023441385687301437,      1.7612580297231066,       -0.04330623589361595,        0.03666168766771249, -1796.089724671258,3.8003788925711364,-1792.2893457786868,  0.000431581189886983
                      0.3133622983886353,                    0.015096078163153379,                0.2519389289357261,            -0.0029752095318229944,            -0.0023731763678612695,      1.7685926039918893,      -0.042147916920749665,        0.03451307710252827,-1797.8046593545746,3.8737539149652043,-1793.9309054396094, 7.767402996618855e-05
                      0.3124407253684387,                    0.016345378605618355,                0.2522101156490069,            -0.0030085791755774965,             -0.002359483744617893,       1.772259792974934,       -0.04171211067150243,        0.03214081545160204,-1798.4435666968534,3.9399224715239467,-1794.5036442253295,  4.10017039073474e-05
                      0.3152652611621883,                     0.01391586872591105,               0.25261482510568034,             -0.002917159311761511,            -0.0024980277143776437,      1.7743947396861084,       -0.04362553740426015,        0.03320560863779794,-1796.6896872938955,3.8503927742959925,-1792.8392945195994,0.00023686563217640476
                     0.31541612840862643,                     0.01123528840617405,               0.25162981211941804,            -0.0029965170584737057,             -0.002712139493920188,      1.7633044705043286,      -0.044734614791242515,        0.03757603702071985,-1795.8271944996955,3.7231407613854897,-1792.1040537383099, 0.0005611486376709965
                     0.31574672470812676,                     0.01383900950383693,                0.2518459550022573,             -0.002918106323611092,             -0.002561130911460675,      1.7642461276955241,       -0.04284627154775908,       0.037250514601948115, -1795.670914441264, 3.779477005022094,-1791.8914374362419, 0.0006560689434510982
                     0.31862121123910503,                    0.016188792733301614,               0.25251952836685315,            -0.0024851052577676436,            -0.0026539732027634267,      1.7691532146188327,       -0.04156715103120716,         0.0368130251138249,-1797.7115132673703, 3.804267145506433,-1793.9072461218639, 8.525672971954575e-05
                      0.3195653670379129,                    0.016069173100919206,               0.25235495218330295,            -0.0025317356766909964,            -0.0026456329527889317,      1.7645832533040602,       -0.04160773659305492,         0.0389674889332457, -1795.185102740777,3.7463164679337426,-1791.4387862728433,  0.001066436057479478
                     0.31378067243799423,                     0.01306117337466809,                 0.251340157165621,            -0.0029683870867825684,            -0.0025874296544441244,       1.763653549644871,      -0.043408157440409746,         0.0366721703318799,-1798.1639630538334, 3.790208853499637,-1794.3737542003337,5.4229078462449264e-05
                     0.31246448548853806,                     0.01659548552874431,               0.25242260583805953,            -0.0030864777610257743,             -0.002282285834898222,       1.773384706818836,        -0.0415849638664176,       0.031793829519628176,-1796.1077383247107,3.9499600544094933,-1792.1577782703012, 0.0004238764395893842
                      0.3130008454322612,                    0.012849262607180596,                0.2513369947947753,             -0.003225593945469108,             -0.002489875972474204,      1.7617373718897091,       -0.04352644292882205,        0.03682606096101409, -1797.745811080728,3.7885620561396505,-1793.9572490245882,  8.23821873559536e-05
                     0.31787631301529884,                    0.013725260745200337,               0.25260588851382243,            -0.0027550363910213947,             -0.002687153483228823,      1.7710835973404606,       -0.04366362947991589,       0.036121811245792855,-1796.9510440762092, 3.769911390117051, -1793.181132686092, 0.0001823879925582832
                      0.3194450117006747,                    0.015742292690899867,                0.2528747352477971,            -0.0026027752262583782,            -0.0026711209159710255,      1.7712077262800001,       -0.04247851994078405,        0.03659320123846694, -1796.688120423311, 3.780460656457434,-1792.9076597668534,0.00023723706088233336
                      0.3164135654230524,                    0.014205309035824643,                0.2519625083012108,             -0.002843638225844706,             -0.002576031536712102,       1.763949838906154,       -0.04257274955602723,        0.03764830781387345,-1796.1592060910803,3.7731321272477003,-1792.3860739638326,0.00040261236690406426
                     0.31433213085493233,                    0.012141104349689718,               0.25229737524032897,            -0.0032403582756020234,             -0.002429469190082055,      1.7683645867595255,       -0.04441271496292135,       0.034995737345165395,-1796.2914368528295,3.7971727411330067,-1792.4942641116966, 0.0003527443129565531
                      0.3128501231447729,                    0.015616392151640915,                0.2515149714414839,             -0.003067490749792361,            -0.0020999510063534755,      1.7602732016900449,      -0.041005113037060045,        0.03640410968892001,-1796.2556162474643,3.8644186658657036,-1792.3911975815986,0.00036560886019143345
                      0.3157216129388538,                     0.01279479012115648,                0.2526891692634089,               -0.0029937760573181,              -0.00258205619460254,      1.7728998232299393,       -0.04422426240985576,        0.03409080989280687, -1795.590715158091,3.8129677712509427,  -1791.77774738684, 0.0007108526488007416
                     0.31672681703837746,                    0.014540141856102504,                0.2528556239616219,            -0.0028656319037353053,             -0.002644962256268521,      1.7743106649723597,      -0.043353930785033655,        0.03414579184519786,-1795.6023606314598,3.8287802173465955,-1791.7735804141132, 0.0007026224485118493
                      0.3165934206388441,                    0.016165412908961112,                0.2525115442625722,            -0.0027458782735120192,            -0.0025929516111811313,      1.7708301753904396,       -0.04209650564610736,        0.03502033834348283,-1795.6679951330457, 3.843607381793789,-1791.8243877512518, 0.0006579870092598723
                      0.3189270212328766,                     0.01532452492024274,               0.25245326694957204,             -0.002642693627515765,             -0.002685841708759112,      1.7667462575831085,       -0.04238100550756644,        0.03793137170410666,-1797.4709180797504, 3.755333763328043,-1793.7155843164223,0.00010844707236525225
                      0.3129798095427748,                    0.012097083729696766,               0.25125007094683566,            -0.0031639134351076543,             -0.002409276936221545,      1.7606496632536943,      -0.043734632205900466,        0.03702842830904646,-1793.7230232704192,3.7783719664756683,-1789.9446513039436,  0.004601589429695733
                      0.3152701569584559,                      0.0154682533522038,                0.2526873008244453,             -0.002892297932572706,            -0.0024089750105968284,       1.772458085742431,      -0.042342745974309974,       0.033370978105315606,-1796.2676353820984,3.8808172432937145,-1792.3868181388048,0.00036124086044902874
                     0.31691003688514563,                     0.01185559077418918,                0.2519710027926631,             -0.002972141764235154,            -0.0026118548568776372,      1.7633993645768422,        -0.0443244421832231,       0.038308159078276435,-1796.3728391420514, 3.707587754830233,-1792.6652513872211, 0.0003251677423079221
                     0.31605667711110197,                    0.017365218673186644,                0.2517144382390839,             -0.002697316801239776,             -0.002375143238227935,       1.761497521304213,      -0.040299957824638986,       0.038012306091914895,-1794.9062622092301,3.8242688821631896, -1791.081993327067, 0.0014093982400648505
                     0.31510290035175903,                    0.013666286603398418,                0.2521450874245612,             -0.003005920147545346,            -0.0026335018442499025,      1.7699697790885465,      -0.043724210098624434,       0.035209989392429177,-1796.7721452957371, 3.806168928185854,-1792.9659763675513, 0.0002181177436944083
                      0.3175991781026476,                    0.016754300235985172,               0.25293241881177736,            -0.0026142626130066546,            -0.0027025785219709354,      1.7755296174443134,       -0.04207528688171479,        0.03394037949019329,-1800.0154100577615, 3.860922719948669, -1796.154487337813, 8.514497200125515e-06
                      0.3120418997399843,                     0.01640859092415927,               0.25202122591804327,            -0.0030382405594417544,             -0.002143123377597488,      1.7693723684278957,      -0.041200234380738866,        0.03292275935383015,-1799.1067006074068,3.9395669048966226,-1795.1671337025102,2.1125476178920667e-05
                     0.31335558578205036,                     0.01450104809585709,                0.2518514437949613,             -0.003049584429511238,            -0.0023947946966987412,      1.7680213042326518,       -0.04262057077057039,        0.03480178560560728, -1798.034557106634, 3.855305279110076, -1794.179251827524, 6.172093736609409e-05
                      0.3173014882560338,                    0.012729559258700264,                0.2520865626518135,             -0.002875487057978774,             -0.002630371968761732,      1.7644632698028184,       -0.04384339784046059,        0.03788023784252203,-1796.3868645393327,3.7282722080958353,-1792.6585923312368,0.00032063896870183727
                      0.3148395796972079,                     0.01446802686359271,               0.25225663728965564,            -0.0028344848230282124,            -0.0024320153246931374,       1.771193758403348,      -0.042752706186248386,       0.034058897289227015, -1796.795235173056, 3.858351165241573,-1792.9368840078143,0.00021313913072332091
                      0.3145195771908548,                    0.016354190493140987,               0.25231275758461585,             -0.002936026126776857,             -0.002423682286562279,      1.7699712728862715,       -0.04147290882806123,       0.034516652276886946,-1797.1003899508692, 3.883750470267723,-1793.2166394806015,0.00015708552001871993
                     0.31544473078865476,                    0.015789814854926927,                0.2513417699824606,            -0.0028112904979275474,            -0.0025220333157929507,      1.7600229727164136,       -0.04148106418161196,       0.038638377233690596,-1797.5166569756298, 3.783689415783476,-1793.7329675598462,0.00010359855126304829
                      0.3157483259927781,                    0.010952036450868388,                0.2521058470873748,             -0.003071236706320791,            -0.0027387502306694487,      1.7681684591510285,       -0.04551686004283539,        0.03603067323815596,-1796.2700541828613, 3.734736176761973,-1792.5353180060993, 0.0003603681466660842
                     0.30997240360822037,                     0.01346979670485503,                0.2508853966098907,             -0.003412426686315897,            -0.0020280025849454637,      1.7570448202538174,      -0.042254690359579884,        0.03640628090663664,-1796.5624629709569,3.8505629992458577, -1792.711899971711,0.00026900160616378306
                       0.312258158591241,                    0.011182334242533388,                0.2513586675713254,             -0.003273933654077979,            -0.0024491957561060106,      1.7628219075929752,       -0.04454657868966231,        0.03591273857176829,-1796.2567316020863, 3.786250343930407, -1792.470481258156,  0.000365201303986468
                     0.31359404299316057,                    0.015687399349400676,                0.2523766819624912,            -0.0030201957834875364,            -0.0023870978749210574,      1.7714643038006241,      -0.042013497591133285,       0.033315096762781105,-1796.1255928776168,3.9011343728750694,-1792.2244585047417, 0.0004163754776987042
                      0.3117834561934446,                     0.01122285772564038,               0.25092223985565454,             -0.003358556082476256,             -0.002284988020056017,       1.755926628492238,       -0.04384344681182825,        0.03811097111449767,-1796.9350174794686,3.7576953301954203, -1793.177322149273,0.00018533460034284905
                      0.3116513920929722,                    0.013437777037452794,               0.25219055450796324,             -0.003218794876698914,            -0.0024425594058489148,       1.774592790400253,       -0.04395698908222432,        0.03149634721602164,-1796.1039076280972,3.8987020287401846, -1792.205205599357,0.00042550329563762385
                      0.3125702115405314,                    0.013901747785709868,                0.2517288055460181,            -0.0032059055896940533,            -0.0022718939852558726,      1.7638675460198758,       -0.04277825237174776,        0.03512899166869902,-1796.5166743487603, 3.849050807053527,-1792.6676235417067,  0.000281605166947213
                      0.3146739386904018,                     0.01101587018273974,                 0.251923812922052,             -0.003127212403438164,             -0.002680278476196057,       1.768040968096043,       -0.04528739020871407,       0.035792745910361225,-1796.3690565362144,3.7532696517362583,-1792.6157868844782,0.00032640005291126296
                      0.3134350092588916,                    0.012813991209162524,                0.2524134985690377,             -0.003177772190107124,            -0.0025715247945207777,      1.7748001593713076,        -0.0446504256530766,        0.03235237525262393,-1796.2126010275556, 3.851647880639062,-1792.3609531469165,  0.000381678752918557
                      0.3116488632422881,                    0.013151562314661493,               0.25170783352204024,            -0.0032950660443484985,             -0.002251188204039198,      1.7657613382277213,       -0.04330115865480121,         0.0343768634509023,-1794.8284791438423,3.8572992537347845,-1790.9711798901076, 0.0015234018579839193
                      0.3122920920012852,                    0.013558625076040498,               0.25230939549825027,             -0.003220516041652314,            -0.0023884676658785246,      1.7731551256290046,       -0.04374873607045245,        0.03200825923715764,-1796.0820537972063,3.8902203232199772,-1792.1918334739864, 0.0004349045249841071
                      0.3130883397694368,                    0.017223261398559852,               0.25231222900433237,             -0.002999796902463204,             -0.002307311962058588,      1.7715464933298262,       -0.04114099855844516,       0.032811417436972294,-1795.9349560503256, 3.936746576048603, -1791.998209474277,  0.000503822624738164
                     0.30920352564793235,                    0.013876806283996958,               0.25080499363650416,             -0.003433045203422621,            -0.0019937707784161937,      1.7575868585284005,      -0.042069058645002544,        0.03567904829849109,-1796.2553515582454, 3.876429436114172,-1792.3789221221311, 0.0003657056457235629
                     0.31280909492960535,                    0.015793063806745576,               0.25249740405686333,             -0.003115775114757309,             -0.002319254151683366,       1.773657894865587,      -0.042171020867300034,       0.032020738591672704,-1797.2134639811907, 3.928294613586209,-1793.2851693676046, 0.0001402906497530406
                     0.31302787046657876,                    0.015062183070787355,               0.25136167587876695,            -0.0029608936465366606,            -0.0022484242940347967,      1.7599667139645598,       -0.04136282723328904,        0.03672942586870513, -1798.326567970014, 3.846846037595049, -1794.479721932419, 4.609075333170294e-05
                     0.31654247281290643,                    0.011039296687758172,               0.25281560508371653,            -0.0031248257700715134,            -0.0026552084845619535,      1.7725073719143731,      -0.045792875712611245,       0.034638704260265454, -1796.423229311165,3.7525987646514993,-1792.6706305465134,0.00030918846505517537
                     0.31758740191926577,                    0.014285065661614464,               0.25201208698718525,            -0.0026817339824028326,             -0.002657402789394669,      1.7648123645184504,       -0.04260272897927786,        0.03808438829097142, -1796.471471743674,3.7545472253962853, -1792.716924518278, 0.0002946265369092982
                     0.31361153975025025,                     0.01822729542806862,                0.2529501861327368,             -0.002841976402584788,             -0.002254203260525939,      1.7788250562419163,       -0.04075380891011065,       0.030256485446828376,-1797.1599095928336,3.9931872247382723,-1793.1667223680954,0.00014800865156506748
                      0.3201663007231977,                    0.017116798944371202,               0.25337383096330707,             -0.002466815579545482,            -0.0027673968307435322,      1.7759887859607149,       -0.04186092744350141,       0.035096930446382395, -1798.145739264401,3.8252234785246406,-1794.3205157858765, 5.522639763556703e-05
                     0.31581484442542473,                    0.013917183198783833,               0.25215507516002206,             -0.002921317162047372,            -0.0025724257435284304,       1.767102070864186,        -0.0430137277492198,       0.036301559463201516,-1794.7494000269294,3.7963647113155474,-1790.9530353156138, 0.0016487625148003677
                      0.3158091924212089,                     0.01720095908197293,                0.2524104755915865,            -0.0027288481326981457,            -0.0025923616997361788,      1.7711945271291432,       -0.04131322686157403,        0.03445446974722899,-1796.6048390698902,3.8808472054677345,-1792.7239918644225, 0.0002578405192935233
                     0.31538794215566773,                    0.015105529242343492,               0.25216471150572595,            -0.0029444055421819345,            -0.0024053885057218117,      1.7662649677908546,      -0.042391000110847565,       0.035833151837346075,-1797.2827809726891, 3.825725075195989, -1793.457055897493,0.00013089550703998027
                     0.31634912887472133,                    0.014116144566739094,                0.2526971240663277,             -0.002947166395230793,            -0.0025824315225412924,       1.771996240303959,       -0.04361147793422026,       0.034511423119613145,-1795.8939305032814, 3.816447130195061,-1792.0774833730864,  0.000524922072441013
                     0.31774124010392846,                    0.016458546870969388,                0.2521860196633226,              -0.00266379314583022,            -0.0025165931259951316,      1.7647109773568443,       -0.04113993283132548,        0.03797090013445053,-1795.9554877967598, 3.793735134193069,-1792.1617526625669, 0.0004935837371642125
                      0.3160370694790151,                    0.013453188456820083,                0.2520987660229431,            -0.0029404341958938715,             -0.002534782665247405,      1.7659590452526444,      -0.043271250532700145,        0.03676092457962106,-1796.4973678246329,3.7776552088267037,-1792.7197126158062,0.00028709480630751045
                     0.31362212972203163,                     0.01717877817484158,               0.25330783644169647,            -0.0029845489128196476,            -0.0023276033751641547,      1.7820615345822237,      -0.041820419774523936,       0.029315527677047128,-1796.8908964960478, 3.983715483999539,-1792.9071810120483, 0.0001936948195529281
                     0.31683122477149894,                    0.015533342495986107,               0.25257090082924133,            -0.0026511599778306846,            -0.0026018087906198623,      1.7714730016113425,       -0.04204624766085565,        0.03499636246337487, -1795.327852924714,3.8440706273040006,  -1791.48378229741, 0.0009245687353106696
                       0.312900756992733,                    0.011488963958712406,                0.2513562403706378,            -0.0033071645088344616,            -0.0023306238001660757,      1.7599969765538428,       -0.04433284547114122,        0.03698552905489577, -1795.125872971747,3.7636418827009264, -1791.362231089046, 0.0011315089214480813
                      0.3132383999187132,                    0.014356774145520116,               0.25178434010004586,            -0.0030802758835767117,            -0.0023237218175205733,      1.7646656450075162,       -0.04226518274311949,        0.03545292496382293,-1795.1342364751558, 3.851173973143822, -1791.283062502012, 0.0011220850061324009
                     0.31500688307741914,                    0.011435158096489827,                0.2521708258693945,            -0.0030923976791774857,             -0.002632327807697697,      1.7688669205259293,       -0.04499742326219433,        0.03537303344526027,-1796.7496315573176,3.7685270622516285, -1792.981104495066,0.00022308408520575057
                     0.31419307635918914,                    0.015925250975282686,               0.25260267570052697,             -0.003000199431041465,            -0.0023712449611272145,      1.7743695273494258,       -0.04226289729526452,        0.03261909281556289,-1795.3227968539654,3.9050792033976784,-1791.4177176505677, 0.0009292552579596373
                     0.31436376322995735,                    0.013496306130851309,               0.25208539550282544,            -0.0031042023059689654,            -0.0023438652507452177,      1.7666921968662654,      -0.043335481081584686,        0.03542603292882499,-1799.5649781903908,3.8164484177417224,-1795.7485297726491,1.3359157851030258e-05
                      0.3117710869543405,                     0.01666542466173296,               0.25248090806331225,            -0.0030823846062646818,             -0.002220234984498577,       1.776118360839627,      -0.041767596738855904,        0.03038195274755138, -1796.061803391292,  3.97682666278615,-1792.0849767285058,0.00044380129572902565
                       0.312518409726948,                     0.01723164111064989,                0.2517712077629117,             -0.002905492262144685,             -0.002348220785975268,      1.7678498683237847,       -0.04072559306230552,       0.033744785442711714,-1797.0437459456612, 3.931406438298586,-1793.1123395073625,0.00016624030727794734
                      0.3174338868291981,                     0.01540260337871119,               0.25230238094305724,            -0.0026779678088079146,            -0.0026814769687836387,      1.7673589623890797,      -0.042114185648173486,        0.03673765409846999, -1795.877043599116,3.7996269394606097,-1792.0774166596552, 0.0005338616496254719
                      0.3126697372261938,                    0.017922850536669567,                0.2523461790541086,            -0.0030063599365179245,             -0.002181832906924115,       1.771519060746058,       -0.04046886647850054,        0.03240437325764285,-1795.0641513558453,3.9644230325170122,-1791.0997283233282, 0.0012035477899378546
                      0.3159787304297185,                    0.015106315274733923,               0.25221790098953145,            -0.0028213054153426263,            -0.0024853871482721037,      1.7681311124933674,       -0.04221312303765007,        0.03574872331041103,-1797.7583126170189, 3.828568613797496,-1793.9297440032215, 8.135869439814287e-05
                     0.31837139780926776,                    0.014902283058739143,                0.2525389084777368,            -0.0026527045199434256,             -0.002690758075164846,      1.7678162317664303,      -0.042450415829619316,       0.037185339457186356, -1794.934752854549,3.7746452555494567,-1791.1601075989995, 0.0013698101969621453
                       0.313670315239698,                    0.018029008561857993,                0.2520427753313022,             -0.002838596848500752,            -0.0023017510691846965,      1.7683460519668988,        -0.0402910267228855,        0.03410096196949115,-1795.7295886664174,3.9273352687962118,-1791.8022533976211, 0.0006186821522817282
                     0.31749632836234837,                    0.014853515875833216,               0.25274470683645966,            -0.0026922240796616696,            -0.0027523533823694065,       1.773750951483965,      -0.043224419231735284,        0.03461414472864089,-1796.8875489868547, 3.817232552112092,-1793.0703164347426,0.00019434430120846363
                     0.31625153737491574,                    0.013185225921629342,                0.2529170898036059,            -0.0029995952273953403,             -0.002573765732793362,      1.7736539485671505,       -0.04426750950643038,        0.03377932098566942, -1795.748957341088, 3.814968936461483,-1791.9339884046265, 0.0006068144012627736
                     0.31226757228657587,                    0.013643217304980915,                 0.251903598430882,             -0.003179077086154668,             -0.002415940845700209,      1.7693963306741036,      -0.043440581508423545,        0.03359313722756054,-1795.9867474882535, 3.866227698949429,-1792.1205197893041,0.00047839312569016696
                      0.3205765352580978,                     0.01695957399354173,               0.25248285773198836,            -0.0023944231160824194,            -0.0026979638577387163,      1.7647672278418298,       -0.04100449118632568,       0.039359568885913306,-1797.7569571210283, 3.745530209327529,-1794.0114269117007, 8.146905055896461e-05
                      0.3167685835790686,                    0.014095484601261145,               0.25181247200990453,            -0.0027778922490532955,             -0.002600004732530928,      1.7625755829216272,        -0.0425561674376154,        0.03848413753421029,-1795.7523190709694,3.7514491441444195, -1792.000869926825, 0.0006047778801924076
                       0.316385877720537,                     0.01594432974983738,               0.25264969725301917,            -0.0026575351655270677,             -0.002566523465273287,      1.7727731792981096,      -0.041917770302410576,        0.03419591698866917,-1796.8278404543103, 3.867377137659827,-1792.9604633166505,0.00020630174262809868
                      0.3150329299995761,                    0.014810956061415243,                0.2528759737359173,             -0.002930847410241527,             -0.002599809214216939,       1.778022556208946,       -0.04337872995439738,       0.031723013961290014, -1797.766451476558,3.8884974427653725,-1793.8779540337925, 8.069921475861539e-05
                      0.3165650289706307,                     0.01072790055341503,               0.25265434655099467,            -0.0032418069156440864,            -0.0025364130342200018,      1.7675997757165351,       -0.04570988221352103,       0.036043371114384735, -1795.635933744115,3.7238969520824723,-1791.9120367920325, 0.0006794248132067676
                     0.31473107271084044,                    0.018620307851394322,                 0.253005269802258,              -0.00279007738717273,            -0.0023712842404839812,       1.779010287057055,       -0.04084357948820325,       0.030845647250785087,-1797.5376957029152,3.9726076143706424,-1793.5650880885446,0.00010144173745949917
                     0.31565877380466356,                     0.01307347732072725,                0.2520718482675474,            -0.0030560283911786664,            -0.0024439377924881135,      1.7643751716476637,      -0.043482206287732146,        0.03696502373788215,-1795.2807791027758, 3.769741618570172,-1791.5110374842056, 0.0009691323809762077
                      0.3168371526689256,                    0.013679871281018417,               0.25199945566763476,            -0.0029199710002909187,            -0.0024837849764231803,      1.7633523257273176,       -0.04311882827940298,        0.03804079079808519,-1797.3928218511196,3.7467156522486724, -1793.646106198871,0.00011725587002945845
                     0.31538652152120467,                    0.014209500912004267,               0.25160916166766445,            -0.0029130553130742036,             -0.002491126908793797,      1.7621411249907797,        -0.0425000485056993,        0.03800291427371844,-1796.1736902708967,3.7730831049970166,-1792.4006071658996,0.00039682288614065474
                      0.3179940935091235,                     0.01634740373984745,                0.2524277443885353,             -0.002581215047827692,              -0.00254032941996412,      1.7674301713186729,       -0.04124187705081564,         0.0370299079064122,-1796.0059969219906,3.8115511533429625,-1792.1944457686477,0.00046927239499921873
                      0.3137735991465647,                    0.014534196778737697,               0.25153247829371683,              -0.00304094604366897,             -0.002278690107332497,      1.7619625759676452,       -0.04217345140026363,        0.03686131001120377,-1794.9006755434489, 3.818312969309165,-1791.0823625741398, 0.0007139246087070826
                      0.3194238296505455,                    0.015086474835414018,                0.2524124439150394,             -0.002600568421974701,             -0.002730502592030506,      1.7664561727612027,       -0.04258836551804811,       0.038321565251811476,-1795.6368842223296,3.7374732858573885,-1791.8994109364723, 0.0003419172291827936
                      0.3112111499827195,                     0.01592941900708129,               0.25082077452604395,             -0.003101851418918064,            -0.0020041636014385632,      1.7555198474072373,       -0.04042903460953567,        0.03733681149920084,-1795.3878832659934, 3.867553759471212, -1791.520329506522,0.00043859202114476114
                      0.3179037991940693,                    0.016554546763224588,               0.25265779061936117,            -0.0025831905261464675,            -0.0025300191671073207,      1.7705846703994406,      -0.041518905627985506,       0.035699682531519075,-1794.6046197033634, 3.835111155795599,-1790.7695085475677, 0.0009599039302556935
                     0.31423211724879596,                    0.011648724735176783,               0.25109642298964996,             -0.003074347395439854,            -0.0025397073942736506,       1.758248669701434,       -0.04396646937500726,        0.03872707431178912,-1793.9991754331136,3.7241698942941626,-1790.2750055388194, 0.0017586073159826412
                     0.31710352288594507,                     0.01666130436563921,               0.25256207991962215,            -0.0026579067757480906,            -0.0025770295859716334,      1.7697817372500002,      -0.041386317367043644,        0.03555451893211651,-1795.5002086361342,3.8468889736844036,-1791.6533196624498, 0.0003919931142836118
                        0.31275395517598,                    0.014255812026281322,               0.25148006272609635,             -0.003084244020466865,             -0.002343619459979107,      1.7643303958267125,       -0.04258040073504356,       0.035765333979946023, -1796.662821399083, 3.838910468029513,-1792.8239109310534,0.00012256377553023564
                      0.3153698593963219,                      0.0155449754519188,                0.2517722554022435,            -0.0028571332357656657,            -0.0023989621397935684,      1.7631410149880211,       -0.04175878807209225,        0.03712190544380722,-1796.6933028777416, 3.812840825724496, -1792.880462052017,0.00011888421454382285
                      0.3167204480534393,                     0.01890823769542848,                 0.252446315641055,            -0.0026523435070051594,            -0.0024766099858797405,      1.7688483193788718,       -0.04002694833227301,        0.03554795832359091,-1795.8496783077412,3.8831206146735173,-1791.9665576930677,0.00027637941187801937
                     0.31062260294036853,                    0.018123635265129837,               0.25143406838514315,             -0.003036353026908285,             -0.001987311646441505,      1.7642491359681145,       -0.03963124612532195,       0.033750316163503255, -1795.781420543904,3.9699692835982288,-1791.8114512603058, 0.0002959031977663127
                     0.31341801060335983,                    0.018791544945844098,               0.25200180737380556,             -0.002880481415650689,             -0.002200857330950111,       1.767700178468146,      -0.039737516430473435,        0.03417089583062654, -1795.144666999307, 3.940928314778583,-1791.2037386845284, 0.0005593558819135501
                     0.31188876376063973,                     0.01746318456081667,                0.2519273030063828,            -0.0029509570320965833,            -0.0021284364845531637,       1.768821922971112,        -0.0404358479680783,        0.03287481976828014,-1796.1553439914646,3.9605268669575864,-1792.1948171245072, 0.0002035901529258941
                      0.3135685887905563,                    0.012098685628941824,                0.2514339847050473,            -0.0030405590623481015,             -0.002504161259387279,      1.7629504481582794,      -0.043795031191965206,        0.03673672375735348,-1794.5425244564944,3.7797404765642733,-1790.7627839799302, 0.0010213989167643426
                        0.31763498619465,                    0.017754687463924293,                 0.252906983709028,             -0.002590039937289459,            -0.0025644976617984817,      1.7731488720849344,       -0.04101754220533744,         0.0344919286241627,-1795.4152030920482,3.8758574379494735,-1791.5393456540987,0.00042677195960271846
                     0.31636836933086543,                    0.015063237141007947,                0.2515047617864602,            -0.0026873981853705498,              -0.00250438938351153,      1.7603427007449417,      -0.041830816551965876,       0.038743014645574926,-1795.2076103164468,3.7663571105480194,-1791.4412532058989, 0.0005252333256757729
                      0.3177041768452595,                    0.013741816774524945,                0.2519564429845463,             -0.002754165986099203,             -0.002683776943380036,       1.763086652773362,      -0.042979584116632184,        0.03878107134313651,-1794.7528807741223, 3.727258382696211,-1791.0256223914262, 0.0008276349173242584
                     0.31488612641409003,                     0.01620653732388317,                0.2516088132235033,            -0.0028831716046484185,             -0.002385843476242575,      1.7618539436588185,       -0.04109987587762648,        0.03730994996624031,-1798.0243714336016,3.8283493452350106,-1794.1960220883666, 3.140859170187965e-05
                     0.31364308468494007,                    0.013119878832321198,                0.2517135937435776,            -0.0030699053870662314,            -0.0023985662943940135,      1.7639644758689785,       -0.04320373192711955,        0.03607915489995857,-1796.0769262121726,3.8099956451110395,-1792.2669305670615, 0.0002201979023200933
                      0.3100255581571093,                    0.015046415508957814,                0.2512140003988489,             -0.003294515533637428,             -0.002102608700944352,      1.7625334075819903,       -0.04176031153651143,        0.03454120022356424,-1797.8490409643396, 3.904027567878893,-1793.9450133964606, 3.742773270567732e-05
                      0.3140779441185181,                    0.014455779529133633,               0.25224982988626493,             -0.003011017034240234,            -0.0024263429200660383,         1.7704609006469,      -0.042842409281463815,        0.03391801405258701, -1795.217385207215, 3.863879790550329,-1791.3535054166648, 0.0005201242383550573
                     0.31300015781779467,                    0.015723925665155816,               0.25212963900907776,             -0.003008065051320832,              -0.00231006809438487,      1.7707981293327129,        -0.0419387803195606,        0.03310751252346324,-1797.2654745656641,  3.91098041379602, -1793.354494151868, 6.708619898474441e-05
                       0.315177590116612,                    0.014336724378291076,                0.2526842162586907,            -0.0030000192649613138,            -0.0024675962979367498,      1.7736393656738223,       -0.04343696026900853,       0.033354451705885885,-1795.5054428440876,3.8529237542671084,-1791.6525190898205, 0.0003899467011551911
                       0.311013097910661,                    0.017746101997682097,                0.2510569809209171,            -0.0030875493567903284,             -0.002059672625716446,      1.7590696600781193,       -0.03960593667010973,        0.03595059945271571,-1794.3207297064614,3.9205279705409586,-1790.4002017359205, 0.0012750277265960522
                     0.31496686037908356,                    0.014142313618149662,               0.25182427096182786,            -0.0030113259758291853,            -0.0024408500937516953,      1.7642266367673693,      -0.042951538380475114,        0.03671253594734506,-1796.1884182345443,3.7938535387777144,-1792.3945646957666,0.00019696669935121867
                     0.31149872524991445,                     0.01487035436236495,               0.25188834115810765,            -0.0031924375312603025,            -0.0021922111777502294,       1.767616547366848,        -0.0420998021872433,        0.03347304095118553,-1795.5762964362225,3.9087874159297327,-1791.6675090202928, 0.0003632736743167942
                      0.3144547298534383,                     0.01207646583869184,                0.2513305419263605,            -0.0030725140204657404,            -0.0024965617898470315,      1.7595492095289034,       -0.04390124274690025,       0.038135657169531906,-1796.0540710444088,3.7386383354728707, -1792.315432708936,0.00022528851412035125
                     0.31712375973440315,                    0.014210892808663967,               0.25211605437798484,            -0.0027163559288722982,             -0.002606641672241266,      1.7652250840569153,        -0.0425301673589956,        0.03759997353237173,-1794.8136155138986,3.7708459962758907,-1791.0427695176227, 0.0007788647387043716
                      0.3129609904900194,                    0.012603265461626911,               0.25133382520590586,            -0.0032651918151835576,            -0.0023363151803075318,      1.7589808290594422,      -0.043325302295645615,        0.03747699359565791,-1795.8511170549396, 3.779118202655666, -1792.071998852284,0.00027598205768815935
                      0.3146491512765255,                    0.017569832837678656,               0.25277972015836386,            -0.0028771931936806988,             -0.002424485974987258,       1.776292480084769,       -0.04144580374861039,        0.03197623094366343,-1794.8729751613414,3.9359601997797498,-1790.9370149615615, 0.0007339770409942555
                      0.3135448585828123,                     0.01755171730584587,                0.2517479834518136,             -0.002811273415351532,            -0.0022417069017832457,      1.7653074043076973,      -0.040252131480972834,        0.03497367585824683,-1794.0872076636165, 3.910335462403184,-1790.1768722012132,  0.001610411872275331
                      0.3142168772362505,                    0.015474525248479674,               0.25190673566459443,            -0.0029573931803536253,            -0.0023489765594458542,      1.7656341037509784,       -0.04196522674684281,       0.035485209105721775,-1795.0419290411578,3.8518359177470773,-1791.1900931234106, 0.0006198787342623664
                      0.3174522011637742,                     0.01258896625984128,                0.2519212841434775,            -0.0027822344732647527,             -0.002739064310632072,      1.7646031712907768,        -0.0440571799649288,        0.03809999720903602,-1793.3974576982932,3.7162834294906313,-1789.6811742688026,   0.00320990047790041
                     0.31194241061312417,                     0.01387593882943758,               0.25118059409686844,            -0.0032461752908398466,             -0.002104839125447976,      1.7578098945059337,       -0.04217156493015048,         0.0369984234666327,-1795.8404740693054, 3.826804883811635,-1792.0136691854937, 0.0002789350170412074
                     0.31733673118212063,                    0.016438374725194944,                 0.252524085333012,             -0.002591862615977836,            -0.0026094029120482423,       1.769980932139466,        -0.0415850166851146,        0.03549784255083302,-1794.2638126762117, 3.841571238764316,-1790.4222414374474, 0.0013497035219662563
                      0.3127651027412037,                    0.016097664908689358,               0.25161435630116147,            -0.0030289250202023784,             -0.002435463332665348,      1.7652271163441837,      -0.041436463027333635,       0.035190832238087506,-1795.2215563895784,3.8810828665633643, -1791.340473523015,   0.00051795922377967
                     0.31114516494862504,                    0.015998943160079663,                0.2512256723881224,             -0.003172009738017005,            -0.0022746070524268503,      1.7623968097929874,       -0.04129123569078447,        0.03540608400593089, -1794.092853949925, 3.890127956931918, -1790.202725992993, 0.0016013446479311113
                      0.3105541315569986,                     0.01631243044167203,                0.2507573540603935,             -0.003141603435816158,            -0.0020496144841467066,      1.7572383296065996,      -0.040404688074292885,       0.036619780237335295,-1810.1576990353046,3.8887395885183573,-1806.2689594467863, 1.688928403140867e-10
                      0.3154942758737922,                    0.013493901933752167,                0.2513289101549192,            -0.0028909406444524686,              -0.00248386154112905,      1.7581758223721273,      -0.042476103392370165,       0.039227684615656656, -1795.327261441426,3.7436511618518056, -1791.583610279574,0.00046600271893889206
                      0.3120632570409768,                    0.014642293484870396,               0.25214923404343287,            -0.0031537253061434452,             -0.002327512332126847,       1.772162672751463,       -0.04286385791100265,       0.032244811133929976,-1795.0432105278028,3.9103877075089892,-1791.1328228202938, 0.0006190848767104646
                     0.31437199708880875,                     0.01571469383887275,               0.25211986964959354,            -0.0029469795911737486,             -0.002337369784757918,      1.7679457282354518,      -0.041835111434448485,       0.034733221899656316,-1796.3817530815554, 3.870684190755937,-1792.5110688907994, 0.0001623411245783491
                      0.3127805288348756,                    0.016379678431069793,               0.25110444443970587,             -0.002948247544312596,             -0.002334657111865182,      1.7596962435674992,       -0.04078976599944941,        0.03702958021537725,-1793.9396783871202,3.8558233348673223,-1790.0838550522528,  0.001866414562343945
                      0.3133740458587025,                    0.015502261884986603,               0.25154619761642205,             -0.002956936719636547,            -0.0022238102712806604,      1.7626328107018194,       -0.04151961586497711,       0.036076880792987896, -1795.433275460607,3.8553305542693144,-1791.5779449063377, 0.0004191284556050831
                       0.315514927969474,                    0.013943271835860015,               0.25255962294768664,             -0.002963200945271479,             -0.002616003741597918,        1.77407434853827,       -0.04378889206090895,        0.03370346843539333,-1796.1091427918132,3.8341324887195123,-1792.2750103030937,0.00021321693430902553
                     0.31220158011881444,                     0.01711175689126786,                0.2520900026273275,             -0.003016895090959046,             -0.002139140381774624,       1.769762245579129,       -0.04073294843886885,        0.03283021085705337,-1796.3720347590556, 3.952186475156143,-1792.4198482838995, 0.0001639264990947543
                      0.3146769153448296,                     0.01256271669649791,               0.25149642276093825,            -0.0030070919380629766,             -0.002466286146026568,      1.7607884882916758,       -0.04331846449925531,       0.037941721440243284,-1794.0943683633227, 3.757524784999206,-1790.3368435783234, 0.0015989213855156638
                      0.3143429826553393,                      0.0161523431766488,                0.2524359736606049,            -0.0029544166504080426,             -0.002406721216932286,      1.7726803516695737,       -0.04204558650467886,         0.0331139003714006,-1795.8206394636013,3.8996172892568723,-1791.9210221743444, 0.0002845228158232183
                     0.31091672448564756,                     0.01642281015137918,               0.25082845141068766,            -0.0030388318792749992,             -0.002189178057993664,      1.7590178242287215,       -0.04051809652337668,       0.036234829436908755, -1810.263233586827,3.8923658789027478,-1806.3708677079244,1.5197710451418763e-10
                     0.31110552474431163,                     0.01819284805409438,               0.25210446116911583,            -0.0030275816925019244,             -0.002024550332724416,      1.7705681001654352,       -0.03995784352652294,       0.031670787421177855,-1794.0907813476647, 4.001389392591225,-1790.0893919550736, 0.0016046670402776143
                     0.31107062809689084,                    0.016174035146164625,               0.25083973878053717,             -0.003006482283978431,              -0.00215823189780899,      1.7579798241776095,      -0.040417601065552325,        0.03649247378447542,-1810.0401341487554,  3.88812072383908,-1806.1520134249163,1.8996300057396598e-10
                     0.30995698175867675,                    0.015215725297445437,               0.25097731357690634,             -0.003184905929372777,            -0.0021198853267533737,      1.7613020002209896,      -0.041377961089458445,        0.03499217547873438, -1809.092387193226,3.9044038388821636,-1805.1879833543437, 4.900837402172095e-10
                      0.3151153558803137,                    0.013541076973594033,                0.2514458689677326,            -0.0029285608053858233,              -0.00247287610833393,      1.7595256535241641,       -0.04270214781618316,        0.03834754274895971,-1796.5262019083798, 3.761351197400604, -1792.764850710979,0.00014050611371144248
                       0.313046563366232,                    0.014460395783306743,                 0.251149207514496,            -0.0029974155095332795,            -0.0023159306506064957,      1.7584726627224736,      -0.041798665030469896,        0.03745845312686874,-1795.3848644066625,3.8187829708928236,-1791.5660814357695, 0.0004399180693296631
                      0.3138564707200145,                      0.0149806478282836,               0.25143119738618935,             -0.002855061357362298,            -0.0024449877000265866,      1.7623754622728836,       -0.04177274636564485,        0.03670953675137106,-1797.2767311287948,3.8316082052041525,-1793.4451229235906, 6.633527330100271e-05
                     0.31110700723405016,                    0.017936020119490793,               0.25130023269157903,             -0.002982940981572353,            -0.0020190205448195153,      1.7616531975302552,       -0.03959304239717212,        0.03473008732727106,-1800.8545756402577,3.9470013106295476,-1796.9075743296282,1.8531321655027447e-06
                       0.317781646019669,                    0.016009333101475058,                 0.252949046394399,            -0.0026087614741553155,              -0.00266955897817495,      1.7742519231326666,       -0.04214450283319755,       0.034303861314709944,-1794.8501270367938,3.8504041039349066, -1790.999722932859, 0.0007509400888185225
                       0.313477983620814,                     0.01612151722398121,                0.2521603852877392,             -0.002886031294188225,             -0.002358612059513265,       1.770144123473749,      -0.041479717747300165,        0.03350161981286153, -1794.199531593746,  3.91156380519741,-1790.2879677885487, 0.0014393131741928548
                      0.3133335542470786,                     0.01303267867840864,               0.25092825814986397,            -0.0030968036759573252,             -0.002306335177928489,      1.7551078917725997,      -0.042549902721406005,        0.03905888552536201,-1794.3815064756159,3.7594366273137503, -1790.622069848302,  0.001199843528732675
                     0.31735959148321824,                    0.015627645354312592,                 0.252049096069396,            -0.0025934775913516368,            -0.0025444691672654694,       1.764445382165999,      -0.041542636904733775,       0.037760745273389094,-1794.6975657753624,3.7909150240842067,-1790.9066507512782, 0.0008747053919990677
                      0.3149850955238998,                    0.014829305486894264,               0.25150643034978476,             -0.002808694324924808,            -0.0025559915339140424,       1.762709440392554,      -0.042066880579621886,        0.03731845511308902,-1795.4074996103632, 3.802908779479082, -1791.604590830884, 0.0004300722852551996
                     0.31302119699771136,                     0.01792370129072813,               0.25139556622678416,             -0.002830236396014118,            -0.0022969789871711446,      1.7635632920639561,       -0.03998750387979191,       0.035714833530677094,-1793.4790659656978, 3.903780491681757, -1789.575285474016, 0.0029583499556456007
                     0.31656735154254606,                    0.013315199830981244,                 0.251448954585091,             -0.002748955372049215,            -0.0026897622818123365,      1.7601551730135778,       -0.04295881209878876,        0.03916810237844576,-1796.0553123966888, 3.725624738892784, -1792.329687657796,0.00022500902521767878
                      0.3148854107965411,                    0.013340867950906669,                0.2515297281133907,            -0.0028531719880512192,            -0.0025304448564166166,      1.7628375179966214,       -0.04302855352306477,        0.03727549771901761,-1795.4473068309912, 3.779395653855655,-1791.6679111771357, 0.0004132885755781185
                     0.31270391528802255,                    0.014914744415266459,               0.25213268158922436,             -0.003115309164577394,             -0.002513870700303655,      1.7724835074506045,       -0.04294637660182275,        0.03274168114924627, -1795.026908182494,3.8941838748312216,-1791.1327243076628, 0.0006292601270157103
                      0.3147371030824746,                    0.015052100530570631,               0.25207903393014036,             -0.002985012431300312,             -0.002424688346683872,      1.7676917267640446,       -0.04251098015961066,       0.035366817774146825,-1796.9991490110492, 3.837050890793144,-1793.1620981202561, 8.755821611131227e-05
                      0.3147541425663393,                    0.013527271983580108,               0.25125771097073013,            -0.0028843056525759015,            -0.0025682524928435113,      1.7597696127693172,      -0.042699124568320514,       0.038178878712708836,-1794.9436660762917, 3.767760884411002,-1791.1759051918807, 0.0006838829887267416
                     0.31064206158765323,                    0.015218069279748437,               0.25164091443160225,            -0.0032484410520009174,            -0.0021370693113494737,       1.766108686900626,      -0.041887261577819294,         0.0335013883795811,-1796.7450782821375,3.9189573729501137,-1792.8261209091872,0.00011288556743367551
                     0.31263673855038543,                     0.01780139973226501,                0.2522755338101287,            -0.0029443556458683597,             -0.002166820450519047,      1.7710435942743834,       -0.04054829433559125,        0.03218457635261498,-1796.6280217690742,3.9670082763227192,-1792.6610134927514,0.00012690403121673924
                     0.31355465999936705,                    0.013788862362386887,                0.2522168310560635,             -0.003006647692627573,            -0.0025672951133942253,      1.7732473796664654,       -0.04372631313411884,        0.03289573299895494, -1795.062025120967, 3.864877602536386,-1791.1971475184307, 0.0006075459372329557
                      0.3137953928026294,                    0.018178941026490678,               0.25246249607803734,             -0.002908215284783832,            -0.0021629893977935973,      1.7716622193676783,      -0.040349008614273166,       0.032899999055333244,-1795.3781106513911,3.9501470090764075,-1791.4279636423148, 0.0004428992239721391
                      0.3131016460177621,                     0.01570499332849595,               0.25208988707069513,            -0.0029621698961638343,             -0.002340515403654819,      1.7697458349541646,       -0.04191267689137081,        0.03337939147006999,-1796.0464319980379,3.9053673659627104, -1792.141064632075, 0.0002270160936555814
                       0.315125740676174,                    0.015231020407753417,                0.2521157064010298,             -0.002844082337518365,             -0.002401462358642005,       1.766113424730907,      -0.041727257818490245,        0.03587463457196443, -1796.599232443819, 3.843718553929553,-1792.7555138898892, 0.0001306106116165861
                      0.3137789345252688,                    0.017586344212504032,               0.25185588581024626,             -0.002767952646758571,            -0.0022824957629438217,      1.7664949517414814,      -0.040203960542214826,       0.034816228774927765,-1794.2314829440506,3.9135066850261175,-1790.3179762590246, 0.0013940521014395655
                      0.3125475068225104,                     0.01790149795857658,                0.2514571849996455,            -0.0028640683912495987,            -0.0021368473639770346,      1.7624743846054214,       -0.03963899163859729,        0.03528581310769533,-1796.1612743770525,3.9248026576647406,-1792.2364717193877,0.00020238635782977317
                     0.31031697408451503,                     0.01508129019102111,                0.2507266603252596,             -0.003247229915664618,            -0.0020557613098215978,       1.756263273997281,       -0.04116463163559396,        0.03679425608008731,-1810.4753937571227, 3.867341514818606, -1806.608052242304,1.2292442197247467e-10
                     0.31272667291530454,                    0.016036613775488616,               0.25200462199006257,             -0.002966378539942185,            -0.0022793051920057253,      1.7690464247339515,       -0.04163387357245935,       0.033207723545430265,-1795.5725535628703,3.9183807817399288,-1791.6541727811305, 0.0003646359094183616
                      0.3168927607085855,                    0.013141895018489473,               0.25132772412154053,            -0.0027517437874943285,            -0.0025589961296999995,      1.7569984668322705,       -0.04270228151543109,        0.04041041097636122,-1792.7992402717268, 3.699472937169867,-1789.0997673345569,   0.00583840334399311
                      0.3162094021154456,                     0.01329802634180102,                0.2521499476725481,             -0.002878132515425843,            -0.0026635250862917957,      1.7678307436536433,       -0.04361632249241177,        0.03612026451192476,-1795.4852465837653, 3.781903186577759,-1791.7033433971876, 0.0003979022318150928
                     0.31237160768081557,                    0.013525939809821195,                0.2511919353972945,            -0.0032396333877366215,            -0.0021653436158815932,      1.7582130968215357,       -0.04256110094661068,        0.03735973903599362, -1796.041568869247, 3.805585965557034,  -1792.23598290369, 0.0002281227909813391
                      0.3161918010214466,                    0.015961083297611107,               0.25177082105316234,             -0.002741278040720156,            -0.0024773280047021428,      1.7618114024932383,       -0.04105686379976193,       0.038141399352313504,-1794.4376948597633,3.8017185186333373,  -1790.63597634113, 0.0011342853118618498
                     0.31651166079964566,                    0.015678766722148584,                0.2517283117056842,            -0.0026931189409365314,             -0.002579432630807175,      1.7618696949570771,       -0.04150105432665601,        0.03828151998753046, -1796.326124079717, 3.785052671488618,-1792.5410714082284, 0.0001716279118766274
                      0.3113631987076308,                    0.017779954503169063,                0.2517741482482177,            -0.0030471732124383536,             -0.001980595741485643,      1.7656058554720773,       -0.03999502806725462,        0.03344883009896795,-1797.7118917739267,3.9628285221470074,-1793.7490632517797, 4.292958160643706e-05
                     0.31726893726491473,                    0.014564330042033238,               0.25147181345900754,            -0.0026235428877911487,            -0.0025656583902138454,      1.7578416551380895,      -0.041751713004083674,         0.0401031375031864,-1795.4318712467389,3.7294150214221546,-1791.7024562253166,0.00041971741501071834
                      0.3151285950123472,                    0.013307203474573544,                0.2515835545840749,            -0.0030045848812844944,            -0.0024875885065295433,      1.7619868061012598,      -0.043297280112966845,        0.03778044919302309,-1796.0317073846886,3.7589326931304905,-1792.2727746915582,0.00023038354925709363
                     0.31465024369421235,                    0.015173002038534686,               0.25282985812738795,             -0.002942748112699157,            -0.0024943959934911933,      1.7761858139200999,       -0.04278514258016791,        0.03209004702365818,-1796.5381691769494,3.8993406083066366,-1792.6388285686428,0.00013883466062509947
                        0.31451680253664,                     0.01341919602776027,                0.2516762388460968,             -0.003056150595858729,            -0.0025468158905897226,      1.7642097097503266,      -0.043240965214033256,        0.03677860209864965,  -1795.12137112118,3.7876955127688956,-1791.3336756084109,  0.000572539534527537
                      0.3129029859653917,                    0.015471204165966706,               0.25118029867427943,             -0.002882976120888943,             -0.002333175571907075,      1.7605460004029971,      -0.041199410097746914,       0.036818136932019234,-1795.9435746154772,3.8496586984390655,-1792.0939159170382, 0.0002516095030771955
                      0.3129934674406631,                    0.015614155890270986,               0.25161073230909586,            -0.0031124150777517836,              -0.00222116898181098,      1.7624446983277058,       -0.04156251150029166,        0.03589651372318516,-1795.5552330159048,3.8607799918959724, -1791.694453024009,0.00037100661560301144
                      0.3123666908936979,                    0.014679842735434745,               0.25195681284170013,             -0.003108968185961499,            -0.0023884370288424855,      1.7701040491790603,       -0.04262067354071572,        0.03331347291692634,-1793.9723219455614, 3.893109668263259,-1790.0792122772982, 0.0018064718441434295
                       0.313297656843307,                    0.015931953094406058,                0.2508359022573891,            -0.0028461261456439175,             -0.002321875957805593,      1.7569939747887908,       -0.04071618735739352,        0.03836520609381128,-1809.6146863855552,3.8230438964364613,-1805.7916424891187, 2.906957194773914e-10
                      0.3140911103767108,                     0.01384042221405754,                0.2512610722156368,             -0.003023482044638667,             -0.002414171957420749,      1.7587069043351728,      -0.042373299587855934,        0.03822259389905522, -1795.056467195493,3.7794234983572847,-1791.2770436971357, 0.0006109320333926708
                     0.31474077520505495,                    0.016510675472238723,                0.2527273752349166,             -0.002866357800373002,            -0.0023676255307222595,      1.7741470128222085,      -0.041627676525869815,       0.032575554094866684,-1795.7041228013263,3.9188689067670275,-1791.7852538945592, 0.0003196830732203526
                     0.31639326890233294,                    0.012746286692057735,               0.25191745559416945,             -0.002851485437927713,             -0.002697641771763855,      1.7653938937458544,      -0.043936425842645364,       0.037183602217272564,-1795.0424827909833, 3.747785901783014,-1791.2946968892002, 0.0006195355715433634
                     0.31126245755930065,                    0.017862080396158202,               0.25182608573011195,            -0.0030072307352650694,            -0.0020570147486767623,      1.7671888243991654,        -0.0399971474250505,        0.03289184695848785,-1798.0723224797962, 3.974926548985247, -1794.097395930811,2.9938055501454032e-05
                     0.31282302446869126,                    0.016386361127474477,                0.2523979495417139,            -0.0030455013429812224,             -0.002196051457536003,       1.771982924241113,       -0.04152566563578322,       0.032220380231465263,-1799.8304081111596, 3.940693653199226,-1795.8897144579603,  5.16055844291017e-06
                      0.3111042203061558,                    0.013863790369298207,               0.25111254518766074,             -0.003261517946084474,             -0.002080759908539305,      1.7580305653902912,      -0.041906665498591594,        0.03665935125165375, -1796.866755179281,3.8467307362867977, -1793.020024442994, 9.995276564876038e-05
                      0.3157694307137911,                    0.015675051984263843,               0.25272710633106465,            -0.0028362439795725173,              -0.00260181028295854,      1.7752501270127654,      -0.042658443655746725,       0.033175018701678376,-1794.3029047896903, 3.873460206706115,-1790.4294445829842, 0.0012979587543858306
                      0.3120023316932624,                    0.015515150904664831,                0.2514629698500966,            -0.0031400317205640123,             -0.002111420204483428,      1.7617118127598497,      -0.041446914224261215,         0.0354443168745353,-1795.3749258788653,3.8799478725042365, -1791.494978006361,0.00044431200575254084
                      0.3147527004575975,                    0.014139097087921966,                0.2512869443933431,            -0.0028075880735159817,            -0.0025154376277843147,      1.7602389186474643,       -0.04222350559604722,        0.03812139860117494,-1797.4951691590127, 3.781454313715267,-1793.7137148452973,  5.33185207021309e-05
                       0.312784675579878,                    0.013884585953930873,               0.25164596214469287,            -0.0031026886135248244,             -0.002284244707020441,      1.7631729326577843,       -0.04236273270050009,        0.03566069212436599,-1795.4897891847427,3.8469053262251243,-1791.6428838585175,0.00039609881993936337
                      0.3107147432347195,                    0.017219475649597055,                0.2515695304203091,             -0.003163219163055642,            -0.0019395226909637347,      1.7641447959469834,       -0.04028948816217503,       0.033835495617154154, -1797.251054616016,3.9516004495284993,-1793.2994541664875, 6.806058702537476e-05
                      0.3129097689535825,                     0.01773932762322568,               0.25228999763724647,             -0.002877138435397703,            -0.0022061674976785097,      1.7712505036942077,       -0.04045902335735116,         0.0322988669975814, -1795.970857093505,3.9652561664912755,-1792.0056009270136, 0.0002448377672357529
                      0.3125242534536447,                    0.017634941000263173,                0.2518848663836726,             -0.003044952884815544,              -0.00217373735601055,      1.7672055082473528,      -0.040453751992538915,        0.03402780284552161,-1797.3767137830541, 3.932141857427866,-1793.4445719256262,6.0023678564523945e-05
                      0.3137177592033559,                      0.0160770107322353,               0.25177399111293297,            -0.0029055434085023452,             -0.002388624470527495,      1.7654985187178087,       -0.04120971148599857,        0.03543763598290424,-1794.0560276471756,3.8754122433148486,-1790.1806154038607,  0.001661415556735879
                       0.313678491896566,                    0.017541921766265747,                0.2523986225557987,            -0.0029125751018159894,             -0.002253179409046313,      1.7718850221760214,       -0.04078374709598419,       0.032903388535661236,-1796.4769323235491, 3.940088896582811,-1792.5368434269662,0.00014760216596498106
                     0.31798346151488266,                    0.013544730713055323,                0.2522510548916785,               -0.0027607297455924,            -0.0026879954595295593,      1.7661448141832163,       -0.04343127195369369,        0.03771370601874948,-1795.8018245244143, 3.738887665056528,-1792.0629368593577,0.00028992677345062774
                      0.3131841273617086,                     0.01432594452770006,               0.25152549405752694,             -0.003103516472075837,             -0.002533853326858744,      1.7648128219262798,       -0.04277354781062845,       0.035846913012675084,-1794.4633474564312,3.8294632476903443,-1790.6338842087407, 0.0011055579887972848
                     0.31689886172910436,                    0.012528877494197505,                0.2515884476167205,            -0.0027922497105640678,             -0.002717851386008886,      1.7613475563068532,      -0.043809168100192884,         0.0389664929502142,  -1797.86146304131, 3.705695040312616,-1794.1557680009973,3.6965678308368664e-05
                     0.31511119679636973,                    0.016928141974607343,                0.2523286566040153,            -0.0027521170393670705,             -0.002472335221814585,        1.77166033114666,       -0.04140487830283588,        0.03388775977170737, -1794.016147801642,3.8949265817756387,-1790.1212212198664, 0.0017290114509316465
                      0.3145424036322651,                    0.013675770598945414,               0.25156375372305123,             -0.003022917479838284,             -0.002411870475892205,      1.7621209088271157,       -0.04284918730654302,       0.037278921319864884,-1795.3697894680922, 3.786254751660097, -1791.583534716432,0.00044660004585200027
                      0.3127099881574753,                      0.0172957246590045,               0.25187514558095825,             -0.002908659899422569,               -0.0022485440089662,       1.768389467416474,       -0.04073519315013277,        0.03358972123765057,-1793.1179509976569, 3.933132096901911,-1789.1848189007549, 0.0042450204344816915
                     0.31377161142936294,                    0.013314898630222331,                0.2518886734954176,             -0.003156123018813932,             -0.002323133821077784,      1.7642670671164637,       -0.04320168392068347,        0.03582676730935531, -1794.607514046495,3.8149110135270354, -1790.792603032968, 0.0009571296556961182
                      0.3120467504926276,                     0.01654107982682104,                0.2515730525387638,            -0.0030253730455640027,            -0.0020679796170510484,      1.7627548687882313,       -0.04059742946802012,        0.03479303448139687, -1802.403062999923, 3.915246519037686,-1798.4878164808852,  3.93918954628499e-07
                     0.31246660386255626,                    0.013526550623382996,               0.25139181616403594,            -0.0030868779439909375,            -0.0023619823690040134,      1.7636799028553343,       -0.04293180052676026,         0.0357904382163764, -1797.114303099515,3.8309538414677924, -1793.283349258047, 7.803440433442154e-05
                      0.3178336163734102,                    0.012893623309610767,               0.25202309571914205,            -0.0027637949996330087,            -0.0027313456416787037,      1.7647046311235628,       -0.04371279799462827,        0.03828467396210702,-1795.2968744954946, 3.718822169728093,-1791.5780523257665, 0.0004803804598712812
                     0.31589533094605454,                    0.015663606078933877,                0.2528868745981645,             -0.002845142959535484,            -0.0025440747779232114,      1.7762385809409598,       -0.04260413714480959,       0.032833926409300676, -1794.725360164763,3.8811119466851984,-1790.8442482180778,  0.000850728248321858
                      0.3159249390578898,                     0.01383417862420571,               0.25206120554264444,            -0.0029075745423917283,            -0.0026215394992295084,      1.7678590651783386,      -0.043444495645552854,        0.03615966691717088,-1794.0244370970918, 3.787309997760906,-1790.2371270993308, 0.0017147384026638933
                      0.3121973410334906,                    0.015066056334647726,               0.25089961315294096,            -0.0030201085814847532,            -0.0022460151829951937,      1.7582480983289328,      -0.041324193879319564,        0.03739878885681024,-1808.7870783263866,3.8375345602315294, -1804.949543766155,  6.65065240424335e-10
                     0.31201783739079075,                    0.015966875672865036,               0.25220905026391255,             -0.003087652916723469,            -0.0023953117327924957,      1.7734334630158908,       -0.04216439380697197,        0.03182999950009769,-1795.9491807696454, 3.937140410629133,-1792.0120403590163,0.00025020288794744234
                      0.3125469172659298,                     0.01557626740140803,                0.2513702249739723,            -0.0031520015274194347,            -0.0021040803704529282,      1.7594704822454221,      -0.041277106742590795,        0.03665634071398181, -1796.167254396048,3.8536598404371136, -1792.313594555611,0.00020117969509445295
                     0.31516186915350203,                    0.012777020869282028,               0.25162559952872154,            -0.0029152427437051246,             -0.002577584447003763,      1.7624760929967076,       -0.04334269317190186,        0.03753176155961454,-1795.3431585293451,3.7634708578895832,-1791.5796876714555, 0.0004586532054548301
                     0.31256229669477315,                    0.011634506045076336,                0.2511837611021285,            -0.0033233456866600787,             -0.002295207269985293,      1.7580842919199067,      -0.043980822839820514,        0.03749621442870247, -1794.987405184253,3.7635167923022093,-1791.2238883919508, 0.0006546152941530605
                      0.3121566940187438,                    0.016153380798370923,               0.25214431809347565,            -0.0031099137299410717,             -0.002236665619219783,      1.7703303748145613,       -0.04150271943259868,        0.03294747440431598,-1796.5046595899407, 3.930784980006281,-1792.5738746099344,0.00014356577897297162
                     0.31424479867217764,                     0.01720829719934153,               0.25190835292177366,             -0.002882823883562499,             -0.002418486934240897,      1.7663264435608865,      -0.040822994627767936,        0.03539370609429907,-1794.1694230099297, 3.882659948476024,-1790.2867630614537, 0.0014833078406081709
                     0.31716716472964634,                    0.016606468694228466,               0.25211202703339797,            -0.0026647599971477273,            -0.0026561291259833667,      1.7655034224748778,       -0.04133009881599145,         0.0373560140985984,-1795.9663142000622,3.8070053416327942,-1792.1593088584295,0.00024595256941955753
                      0.3161696798318353,                    0.017554424209579162,                0.2518044133130388,            -0.0026914735665555176,            -0.0024478408012286444,      1.7630946644372445,      -0.040398797628490905,        0.03754119489692032,-1794.7219831119978,3.8321924197931816,-1790.8897906922045, 0.0008536060590296343
                       0.313761509943844,                    0.013434702223428923,               0.25241418808608856,            -0.0030789724415469333,             -0.002587315138223558,      1.7746886431840267,      -0.044183072560323854,        0.03260586340072344, -1796.350455463737,3.8571853739291893,-1792.4932700898078,0.00016750236095680563
                     0.31167099216183963,                    0.018387614925966425,                0.2524175412739955,            -0.0030523062041983274,            -0.0020715940678841466,       1.773336376811055,      -0.040308617444733005,        0.03090175654782084, -1797.889761849297, 4.004148519429288,-1793.8856133298677, 3.593425651074288e-05
                      0.3154991435929449,                    0.013531002839927251,                0.2521073591176399,             -0.002906673656496583,            -0.0025690120934097594,      1.7690114753264532,       -0.04363033811980987,        0.03545494810026042,-1797.2055258434443,  3.80070610791398,-1793.4048197355303,  7.12309251934421e-05
                     0.31457042841562316,                    0.013760726415589097,                0.2512907146927913,            -0.0029235489980290325,            -0.0024987316591598054,      1.7607476744120973,       -0.04258034528321867,        0.03811445506388348,-1794.3821311498427,3.7735163977590913,-1790.6086147520837,  0.001199094251455483
                      0.3175147463310967,                    0.015926585342781543,               0.25196881201414695,            -0.0025792755859010514,            -0.0025782418549330026,      1.7634716088493645,      -0.041199797123568214,        0.03825386826547183,-1794.6123342776887,3.7870197807656636, -1790.825314496923,  0.000952527170905147
                      0.3116307132911789,                    0.017942440719478883,               0.25130874623646704,            -0.0029924484086556492,             -0.002068504088288375,      1.7620358117371273,      -0.039609913032773246,        0.03539101022618992,-1795.4166969267367, 3.928929535078975,-1791.4877673916576, 0.0004261349087881471
                       0.316539373655174,                    0.015041593469321077,               0.25179428863893355,            -0.0027791847619588373,            -0.0025772654580618185,      1.7620284225235467,       -0.04180635938507354,        0.03845798015722159,-1795.0725856391405,3.7729847992669168,-1791.2996008398736,  0.000601163696520739
                     0.31301459673956444,                    0.016770643723625876,                 0.252058855866439,            -0.0029228703358301416,             -0.002180959751030914,      1.7679487853324336,      -0.040889202532451714,       0.033485437466963586,-1801.0459677576732,  3.92964046295514, -1797.116327294718,1.5303326843116511e-06
                      0.3115034702617781,                     0.01450997245120601,                0.2515480605509385,             -0.003171475541884092,            -0.0021791380383429588,      1.7638540273806562,      -0.041953108094226484,        0.03491356116574883,-1796.0106681848933,3.8818927411461823,-1792.1287754437471,0.00023528198366068703
                       0.318339965451517,                    0.015739318934442453,               0.25292222251382834,            -0.0025940634530379632,            -0.0026687075866698782,      1.7724644121133513,      -0.042086851358170765,       0.035324668841567035, -1795.478900800576,3.8262706788626675,-1791.6526301217134,0.00040043526163756804
                     0.31734532378891367,                    0.014572706412160711,               0.25231608191921284,            -0.0027193904917699537,            -0.0027093518134169926,      1.7684048649363657,       -0.04289658125174756,        0.03650831284539229,-1794.1248336329622,3.7849670999402125,-1790.3398665330221, 0.0015509443418569677
                      0.3147504261725124,                     0.01563627671722301,               0.25136892361321805,             -0.002865257457511232,            -0.0022747043476317418,      1.7582648857920269,      -0.040997735643888714,        0.03831087456929016, -1794.509232902497, 3.808215472610379,-1790.7010174298866, 0.0010559752301253342
                     0.31526021548174904,                    0.013596683838316186,                0.2517900737524217,            -0.0029178033446534933,            -0.0024118695292932664,      1.7622315026453488,        -0.0426301093737642,         0.0374535663296435,-1796.8753932514505, 3.783459605726472, -1793.091933645724,  9.90930847837265e-05
                     0.31294227878562186,                     0.01278233979764077,                0.2517930847616439,            -0.0032341497074582608,            -0.0023234019385550433,      1.7645616145269476,       -0.04361968866193388,       0.035369843366067855,-1795.1543182910577, 3.819106531389098,-1791.3352117596687, 0.0005539833427791436
                     0.31247252039873374,                    0.014266040259042503,               0.25155497711178887,            -0.0030099945411414617,             -0.002450814379762094,      1.7663070936270184,      -0.042633811804246705,       0.034550814249612885,-1795.2650615775224, 3.865923059214197, -1791.399138518308, 0.0004959084497864076
                      0.3128372813865915,                     0.01616917271762938,                0.2521582146387789,            -0.0030036442576206936,            -0.0022343526382584997,      1.7703183672270786,       -0.04157976342742912,        0.03311693011355059,-1794.9044878539676,3.9209480683518008,-1790.9835397856157, 0.0007112080878124359
                      0.3145212497680755,                    0.017736276782391123,               0.25208018174892577,              -0.00283306615133894,            -0.0023095028771096897,       1.768318042910162,        -0.0405121987725655,        0.03473675784851165,-1795.9418432081625, 3.902898119953342,-1792.0389450882092,0.00025204551896291155
                     0.31105412781997005,                    0.017357977598575852,               0.25139824927843274,            -0.0031236697002115033,             -0.002117106098089335,      1.7640706114520213,      -0.040393613820663136,       0.034508086772478096,-1794.7291368816227, 3.932573216769203,-1790.7965636648535, 0.0008475213481921609
                      0.3137606944752361,                    0.013953696143874716,                0.2513304386445968,             -0.003005572925879731,             -0.002491561485901479,      1.7625544799433475,      -0.042748646004744366,        0.03703905735469054,-1794.0018178706991, 3.799347117763794,-1790.2024707529354, 0.0017539664402253063
                      0.3136337407183917,                    0.013812671382016771,                0.2521093206011979,            -0.0030470283485131452,             -0.002438295546145055,      1.7709196789278234,       -0.04346838369523513,        0.03378832990601085,-1797.5758976805114,3.8527285250802223,-1793.7231691554312, 4.918335383959571e-05
                      0.3116770859812959,                    0.015722971064678938,               0.25122007946728536,            -0.0031176005000973506,            -0.0022361077894918605,       1.760489602341847,       -0.04114898215508899,        0.03605012700982533,-1795.6168936047075,3.8761225167387505,-1791.7407710879686,0.00034882114260341326
                     0.31549353205829384,                      0.0157568510246648,                 0.253390514322601,            -0.0028198437156655557,            -0.0025787190002703585,       1.782885591644685,       -0.04296412684521517,       0.030147622542372927,-1795.2852833845031,3.9268403989686522,-1791.3584429855346,0.00048598099862861606
                     0.31294063454410587,                    0.014999894852730811,                0.2517214739057431,             -0.003054115763599284,            -0.0022864489849011393,       1.765955671516831,       -0.04226131053084874,        0.03494011619284725,-1797.6107412170154, 3.864145528800215,-1793.7465956882152,4.7499144157998534e-05
                      0.3108506948254126,                    0.015480496110539272,                 0.251186859947252,             -0.003246959718291398,             -0.002157223526040627,      1.7607501143841409,      -0.041313325257219605,        0.03563124965584467,-1796.1620577571116,3.8865215933326747, -1792.275536163779,0.00020222787447725986
                      0.3197115825535021,                    0.016572480646527134,                0.2524567417844833,            -0.0024196125333716886,            -0.0027679797543863974,      1.7666820309503124,      -0.041425771914453055,        0.03811740857508825, -1796.934203249211,3.7704516873876086,-1793.1637515618233, 9.343347268493741e-05
                     0.31101463758525577,                    0.016941422234665306,                0.2514311867165901,            -0.0030306659087354867,             -0.002178725584735433,      1.7647050717275699,      -0.040495635479377255,        0.03416400528823283,-1795.8725597545686, 3.937700524800384, -1791.934859229768,  0.000270127253060358
                     0.31443214678767256,                    0.013509615232081077,               0.25136678331341306,             -0.003018518053940612,            -0.0024211611594037005,      1.7600973683483436,       -0.04279175486047465,         0.0378860749638691,-1795.3677023364448, 3.774263538127659,-1791.5934387983173,0.00044753313233987166
                     0.31536685385923474,                     0.01536410425272058,               0.25297107360992216,            -0.0028702625512356853,             -0.002528800987352551,      1.7776548833295651,       -0.04275645345191653,        0.03202995014701896,-1795.2174664435865,3.8967453373995564, -1791.320721106187, 0.0005200819870654278
                     0.31306373016834566,                     0.01327691784597268,               0.25156346590414225,            -0.0031582330487197638,             -0.002368989775006957,      1.7623745490850804,      -0.043118159527757695,       0.036141898450436076, -1795.189893396017,3.8145148562199784,-1791.3753785397969, 0.0005346217642472145
                      0.3173566888032692,                    0.013938721805374431,               0.25193240132233324,             -0.002748970114324077,            -0.0025781443935145305,      1.7631713215310179,       -0.04281875971592604,       0.038399280301349654,-1794.9761961539375,3.7427875687276178,-1791.2334085852099, 0.0006619941746194735
                     0.31300456727872017,                    0.015536553563550186,               0.25209878469637687,            -0.0029833786650416767,            -0.0023371330543879173,       1.770030273275663,       -0.04189948424806301,       0.033284198923943624,-1796.7618604831682,3.9083703258779687,-1792.8534901572903, 0.0001110069072661345
                     0.31229324195153074,                    0.015539828349658528,                0.2513841460469179,            -0.0029631018730871816,            -0.0022950118886117176,      1.7645298637371187,       -0.04158608532576489,        0.03508352024447783, -1795.320367194095,3.8824331704477943,-1791.4379340236474, 0.0004692265571397978
                        0.31510187411316,                    0.017125391843881687,               0.25181350786375933,             -0.002808602850345833,            -0.0024832062652486923,      1.7644757237246036,       -0.04085204351361565,        0.03657937730993213,-1795.5225530529765,3.8499305832759814,-1791.6726224697004,0.00038333138773057095
                      0.3140384712020093,                    0.013354959606003641,                0.2519590990936924,              -0.00301439275784273,            -0.0024120485830966755,      1.7667587854103246,      -0.043125728879676854,        0.03550249889650896,-1794.6965860057712,3.8224322024519957,-1790.8741538033191, 0.0008755628217165459
                     0.31522683237995475,                     0.01809533963252722,                0.2518074575278131,            -0.0027631557659648126,             -0.002372713904229202,      1.7640274359280896,       -0.04004013281038432,       0.036610414183453475,-1795.9149899381287,  3.86847156485831,-1792.0465183732704,0.00025890545903685044
                     0.31124014075346035,                    0.015455793888907627,                0.2513954447718519,            -0.0031513514416575193,            -0.0021119328825268797,      1.7633383339352826,      -0.041496071049667384,          0.034867263659898,-1795.6542329433046, 3.896077454159368, -1791.758155489145, 0.0003360365611072623
                      0.3133594750048886,                    0.017011776873719398,               0.25269460219545004,             -0.002967372571595132,             -0.002366539388579866,      1.7768316408754579,       -0.04162057141860205,       0.031248762336753756,-1798.6256392986375,3.9540365015772023,-1794.6716027970604,1.7215559750338627e-05
                      0.3139805526658911,                    0.013802764815177074,               0.25144602489130946,            -0.0030578389299299406,             -0.002415428737614423,      1.7603360044589982,       -0.04251369584827365,       0.037548125084264916, -1795.174892410872,3.7924085803085417,-1791.3824838305634, 0.0005427020721552108
                      0.3135176590148222,                    0.012922262138160709,                 0.251912529796305,             -0.003116676999330435,              -0.00239207815355407,      1.7661462892871524,       -0.04340842250641831,        0.03527787164320587,-1794.6121241294554, 3.823202693186201,-1790.7889214362692, 0.0009527273638415816
                      0.3149950449569856,                    0.015869292581631254,               0.25243971603295895,             -0.002872990171808135,             -0.002490135611979553,       1.772007032123383,      -0.042147828482840516,        0.03364548449469047,-1796.1661278404504, 3.881860483731222, -1792.284267356719,0.00020140646291539978
                     0.31679573561012897,                    0.014828128623600651,                0.2529370266675724,             -0.002778753952646275,             -0.002678812693834328,       1.776194494105632,       -0.04326628273735883,        0.03348867014604025,-1796.0510759126141,3.8444647298892582,-1792.2066111827248,0.00022596429443233276
                      0.3185348672680637,                    0.013028572556100411,                0.2526777072879955,            -0.0027092816029587203,             -0.002782688769831447,      1.7707339954179402,      -0.044100503096034915,        0.03630306555023585, -1795.222753227667,3.7499265070591044,-1791.4728267206078, 0.0005173396812722888
                     0.31605617308113326,                    0.014210173384194273,               0.25209530120913004,             -0.002783799971943643,             -0.002688285433719563,       1.768452539507793,       -0.04316268635732038,        0.03575785226415193, -1795.888669849281, 3.802974280733662,-1792.0856955685474,  0.000265810343703826
                      0.3185417644835078,                    0.016749791382975762,                0.2530179888781099,            -0.0025981655936233015,             -0.002682684674436353,      1.7741243562102262,       -0.04192189004000427,        0.03495800668342291,-1794.9357152782773,3.8370801127886054,-1791.0986351654888, 0.0006893420775337781
                      0.3157157532818752,                     0.01132905315856763,               0.25137984582254397,            -0.0029283721378553836,             -0.002713665291066146,      1.7607871649576088,       -0.04430782384174587,        0.03887453401227485,-1795.3824701914368,3.7020267356417413, -1791.680443455795, 0.0004409725897399689
                     0.31560445195106734,                    0.015143052916076158,               0.25227005129020086,             -0.002809975378601148,            -0.0024663827017094965,        1.76802581917952,      -0.042084269889862205,       0.035378000956326774, -1795.628770461642,3.8424952061251685,-1791.7862752555168,0.00034470274899431504
                       0.313725827703081,                     0.01347592435564162,                0.2519479566331299,             -0.003075415787720026,             -0.002610227776845747,      1.7694318332138228,        -0.0437302092709223,       0.034464738398866816,-1794.8717223443696, 3.830895255526118,-1791.0408270888433, 0.0007348971561357306
                     0.31647134439813895,                     0.01461864530112663,                0.2520006963150454,            -0.0026967176372430252,            -0.0026376704707471495,      1.7655299166984153,      -0.042273734368177565,        0.03695680063037265,-1796.7125645986193, 3.796604884446266,-1792.9159597141731, 0.0001166162129149211
                      0.3129806724605143,                    0.014031373823755891,                0.2522060914747869,            -0.0031243849908200345,            -0.0024816664133313114,      1.7727364283563312,      -0.043455851865843165,        0.03282789050096169, -1794.305419859244,3.8771826623066596,-1790.4282371969373, 0.0012946983995688695
                     0.31449641336441225,                     0.01338263399759891,                 0.252345006577526,             -0.003033225698287791,            -0.0025745586468409586,       1.773228533858072,      -0.044181793716984726,         0.0334551608340268,-1794.7052402075965, 3.835072343152521, -1790.870167864444, 0.0008680182176974807
                      0.3182854388224596,                    0.016067918553132384,                0.2529460426123419,            -0.0025587067998998733,             -0.002667368436700221,      1.7733817277008779,      -0.042123716397939534,       0.034850904552871306,-1794.4562887258521,3.8358918840508136,-1790.6203968418013, 0.0011133894322873173
                     0.31507868481174856,                    0.014905736365549054,               0.25233047049319157,            -0.0028715196242106457,            -0.0024887620853062554,        1.77009781150592,      -0.042559623046140665,         0.0344653168307722,-1794.7985158978695, 3.853279343170198,-1790.9452365546992, 0.0007907145357464163
                      0.3144684102105152,                     0.01707268966762771,                0.2520458685654673,            -0.0028159623444434815,             -0.002261251445993122,      1.7672197732205754,      -0.040633551036841783,        0.03517152793443424,  -1794.31280507548,3.8908156839866415,-1790.4219893914933, 0.0006859163959165365
                      0.3139287924369914,                    0.016384668794566952,                0.2520443255093871,             -0.002816619039803193,            -0.0023742789151839964,      1.7697375286515773,       -0.04137194691765137,       0.034016126524837834,-1793.3034541053235, 3.900556078304726,-1789.4028980270186, 0.0018820308621702872
                       0.317814291736202,                    0.015717212224369465,                0.2526256347416338,            -0.0026499378495925385,             -0.002659682483669134,       1.770465192816563,      -0.042122120833443785,        0.03584057771023491,-1794.8362809384848,3.8172278445481984,-1791.0190530939367, 0.0004063764250897773
                      0.3138176052592068,                     0.01494687066365648,                0.2520209863479099,             -0.002969879732985363,             -0.002363902607060658,      1.7679434517811354,       -0.04217409116742464,        0.03461555728461304,-1794.9053679082094,3.8680591693230473,-1791.0373087388864, 0.0003792489750778642
                      0.3150424425937038,                    0.018287138222620656,                0.2520135786401579,             -0.002668236594657958,             -0.002313405829880944,      1.7675281520373796,      -0.039948427701104836,         0.0351901456877387, -1794.316556633686, 3.903551579048237,-1790.4130050546378,  0.000683347961460731
                      0.3121887410149136,                    0.015293320228815315,               0.25156582115422066,             -0.003003262280397881,            -0.0022013240484866007,      1.7640676759763343,      -0.041352707518615396,        0.03507350872254359,-1800.1605492952053,3.8893847094212424,-1796.2711645857842, 1.979831081575825e-06
                      0.3124083729763069,                    0.016942709978595753,               0.25159144816480494,            -0.0029698798457972494,            -0.0021220980398454583,      1.7630037428738332,       -0.04016663613838683,        0.03539184756275658,-1794.8065558972771, 3.910601280760602,-1790.8959546165165,0.00041863730589111823
                      0.3122479784020205,                    0.016188273918302663,                0.2516880575753829,            -0.0029954439806298572,             -0.002234065794369843,      1.7665749221619045,       -0.04133329776148931,        0.03409047551494797,-1793.5393808206495, 3.910509338462851,-1789.6288714821867,  0.001486500536402672
                      0.3133214935359916,                    0.017410186427649105,                0.2515196951672713,            -0.0028700162518688803,              -0.00210004477549864,       1.761254888909157,       -0.03993284260848359,        0.03607977624593951,-1793.2719498796582,3.8951515816639732,-1789.3767982979944, 0.0019422666460244895
                     0.31514830877486477,                    0.015337314831412405,                0.2517987170837278,            -0.0028434990486503023,             -0.002511587441388025,      1.7642609283933666,      -0.041841064468333536,        0.03680025772190836,-1794.3271988897227,3.8196597138533503,-1790.5075391758694, 0.0006761141577618083
                     0.31294468511684426,                    0.014324184228101533,                0.2513776693084104,             -0.003043873245987363,             -0.002298300951161792,      1.7606808387395096,       -0.04196076780702034,         0.0367041718845786,-1794.4767439099937,3.8327295087608455,-1790.6440144012329, 0.0005822016782706376
                     0.31384143388918234,                    0.017910929629470464,               0.25196053139488217,             -0.002798809169383547,            -0.0022168449475503623,      1.7678845096816256,       -0.04016589032899632,        0.03449711190995569,-1794.5131774179922, 3.920849109994278,-1790.5923283079978, 0.0005613717858773609
                     0.31174025174614983,                    0.015575364852508785,               0.25117897712378745,            -0.0030750433737301835,            -0.0022247468262430563,      1.7606498906885055,      -0.041250072474577265,        0.03588669241289704, -1795.775523623944, 3.876787381488696,-1791.8987362424555,  0.000158862206388177
                     0.31289031617513846,                     0.01663169643769796,               0.25133145174231586,            -0.0029656882700711575,             -0.002173857228546741,       1.761773143155647,      -0.040658877167498726,        0.03628560524212311,-1793.9085836792397,3.8753150567951358,-1790.0332686224444, 0.0010275957657435075
                      0.3152459572966159,                    0.017036341004220128,                 0.251884509939512,             -0.002669456457513499,             -0.002458388296849893,       1.766902126027434,       -0.04072343459104549,       0.035870421513375106, -1796.532608260965, 3.868216337687392,-1792.6643919232774, 7.451143197722507e-05
                     0.31407300026202933,                    0.015722098621912487,                0.2521298825190794,            -0.0029901117222161946,            -0.0023616642243703212,      1.7687679032298727,       -0.04185502508266897,       0.034710214790810094,-1794.3781238107317, 3.872590246309594,-1790.5055335644222, 0.0006425451027930934
                      0.3133546796229807,                    0.014864257149083104,                0.2516726217405506,            -0.0030104676258236192,            -0.0025454434793594875,      1.7664699174548872,       -0.04247172477001338,       0.035178989435730106,-1794.4884639519673,3.8510159328428366,-1790.6374480191246, 0.0005754180798424226
                      0.3174907268806215,                    0.012566076765860508,               0.25174332575378755,             -0.002807762780000573,             -0.002710089339291103,       1.761655405764058,         -0.043702366385137,       0.039312683838829375,-1795.0284379398822,3.6964385313260406,-1791.3319994085562, 0.0003353326029993308
                      0.3157800435866297,                    0.016139877380063807,               0.25269570712525163,             -0.002731401940866993,            -0.0025066416682360468,      1.7741199114555963,       -0.04195525684640785,        0.03323094650265204,-1794.0679651568976,3.8904668787399412,-1790.1774982781576, 0.0008762011317529218
                      0.3158089763469247,                    0.014389743660906876,                0.2523118000000908,             -0.002794291288800313,             -0.002547262840119621,      1.7694612227860071,       -0.04266674339088837,       0.035336316632171044, -1795.190499422963,3.8269975212520277, -1791.363501901711,0.00028516312956962305
                      0.3118431360042266,                    0.016093473567541497,                0.2513323805893796,             -0.003032558601129832,             -0.002256487040828996,       1.762643413061492,      -0.041085824185976116,        0.03533265120295061,-1795.5348231963549, 3.892525099852575,-1791.6422980965024, 0.0002020949482043194
                      0.3136903328144595,                    0.016496269552080337,                0.2516503897129073,            -0.0029142881552802037,            -0.0023437341427223314,      1.7637926743034158,       -0.04098200840149052,        0.03596596818707538,-1794.3932233345108,3.8694745315550674,-1790.5237488029557, 0.0006329158591821815
                     0.31310425255599855,                    0.017531521240275294,                0.2521339975414411,              -0.00288287073955859,            -0.0022305962187163042,      1.7699660788895846,      -0.040588864278755146,        0.03317218662738795, -1794.231493716184,3.9429979706576885,-1790.2884957455265, 0.0007440193985052399
                     0.31693249820848013,                     0.01488438753488743,                0.2529243523515867,             -0.002755964689361603,            -0.0026763373055577436,       1.775848319607484,       -0.04329990911678801,       0.033399076790638985, -1794.399076216719,  3.84452739891098,-1790.5545488178082, 0.0006292222967475238
                     0.31735992000516206,                    0.016150962601235004,                0.2520865957427498,            -0.0026307015911885695,             -0.002531952954991782,      1.7648424243945724,       -0.04132379257875014,        0.03765894560534218,-1794.6895067866994, 3.798841321337816,-1790.8906654653617,  0.000470621441468842
                     0.31608988208279754,                    0.014652583908978703,               0.25192673242663166,             -0.002846032216521239,             -0.002599147757385982,      1.7653303311252402,        -0.0425498278944727,       0.037063452023252695,-1794.5030899554072,3.7893179411844278,-1790.7137720142227, 0.0005670632607715612
                      0.3129196613719419,                    0.017246387673079046,                0.2523249469054698,             -0.002883527207259744,             -0.002279923119929515,      1.7733665216880523,      -0.041008437144019964,        0.03197833124510766,-1795.3006501238647, 3.957890071857948,-1791.3427600520067,0.00025542037061577165
                      0.3108432305190425,                    0.016304284654573113,                0.2512331454995423,            -0.0031476287841024973,             -0.002009718005980518,      1.7613471681566668,       -0.04067845978466914,        0.03508170716292655,-1794.2444381751425, 3.914469330783186,-1790.3299688443592, 0.0007344505354268226
                     0.31401549699570624,                    0.016388402439356586,               0.25237714230039143,             -0.002820344700822144,            -0.0024039593633430733,      1.7730511157256144,       -0.04164787316156453,        0.03278975179148012,-1795.5959948197283, 3.918493978873676,-1791.6775008408547, 0.0001901029949947937
                      0.3138652954356841,                    0.016599550624606635,               0.25184123629915867,            -0.0028964677289223897,            -0.0022846031711361643,      1.7654538493415532,       -0.04103831887701673,        0.03522081862780349,-1793.1342228341941,3.8834140810620985, -1789.250808753132,  0.002229066105000017
                      0.3149444449819981,                     0.01719251431780762,               0.25144711648953477,             -0.002756550836024213,            -0.0023997794702864538,      1.7606164953329726,       -0.04027718613451172,        0.03776122342677908,-1794.6647835825884,3.8378663619585307,-1790.8269172206299, 0.0004824017346824908
                      0.3149989671559481,                    0.016109398376385704,               0.25181979473208405,            -0.0027893588449532172,            -0.0024052666078917505,      1.7644623499706802,        -0.0413303910422685,        0.03629166147560627,-1796.3254971067604, 3.845073739734076,-1792.4804233670263, 9.165795033076491e-05
                     0.31652500922069166,                    0.014948370708260782,                0.2514990115209751,            -0.0027743058778684822,            -0.0025080369276797576,       1.759037928874221,       -0.04175624431439859,       0.039462429220635246,-1794.3028369742565,  3.74987660383195,-1790.5529603704244, 0.0006927878708632883
                       0.313795790255119,                    0.014704553497391451,               0.25180426111905746,             -0.003038646499020356,             -0.002503210508052139,      1.7667949058290917,        -0.0425942944156159,        0.03534602884603364, -1794.643373795519,3.8413820679514243,-1790.8019917275676, 0.0004928412077855309
                      0.3153941874526496,                    0.011674788885603617,               0.25145166241366856,             -0.002939696930627864,             -0.002671778293410157,       1.762222730354586,      -0.044260278105177825,         0.0381052357786407,-1795.8022856401253,3.7237430630470474,-1792.0785425770782,0.00015466711833321024
                      0.3137343067246898,                    0.017041000811431176,               0.25204439434749915,            -0.0029580139611687616,            -0.0023904669985063912,      1.7687460088127918,       -0.04112959723310899,        0.03437611285440433,-1794.6885431922196, 3.900278135031567, -1790.788265057188,0.00047107514825148606
                     0.31215345642024284,                    0.015357246107973642,               0.25096459015478007,             -0.003021969298838034,            -0.0022398064835587265,      1.7581476682694692,       -0.04111472863104277,       0.037366963175760506,-1809.5795731166313,3.8438542165810117,-1805.7357189000502,1.6069341023412818e-10
                      0.3104739165274508,                    0.018451700344786933,                0.2513542558188214,            -0.0030331359790235573,             -0.001953293999997928,       1.763060743039577,      -0.039224789278366604,        0.03408933032892658,-1799.2301164876549,3.9735611984346693,-1795.2565552892202, 5.020072301464832e-06
                      0.3185918521203248,                    0.015255130343475129,               0.25227781566962526,            -0.0025962556115903686,            -0.0026414817897326514,      1.7658641644811004,        -0.0422714591483504,       0.037905872595987204, -1793.363092782119, 3.760871422087142, -1789.602221360032, 0.0017730704528733322
                      0.3153362298070247,                    0.014835883010112353,                0.2517524020168003,            -0.0028573891276873773,            -0.0024774014423566567,      1.7644167605100995,      -0.042215675456779435,        0.03679918413627907,-1794.9418917695452,3.8088051962280547, -1791.133086573317,0.00036564724398743776
                     0.31357787607848064,                    0.015153572898013645,                0.2521489170442143,             -0.002989540978328876,            -0.0023969072681101333,      1.7715412505344124,      -0.042612701258596015,       0.033385433163424155,-1793.5085241822385,3.8840572216045595, -1789.624466960634, 0.0015330839537121166
                      0.3138314269010795,                    0.014548931623966766,               0.25167913635714173,            -0.0029713386966632414,            -0.0023345983063116833,       1.763991856092436,       -0.04202510397030764,       0.036358888909395634,-1792.8318205944156, 3.833317550721624, -1788.998503043694, 0.0030161613615034377
                     0.31275087682934205,                    0.014672913638483774,               0.25150553853088764,            -0.0031122226727246446,            -0.0023045168005263995,      1.7639515279167681,      -0.042242304763423534,       0.035858241924677126,  -1794.20873669203, 3.845691078290103,-1790.3630456137398, 0.0007611451928975697
                      0.3156940875407853,                     0.01567720552559796,               0.25229063558881903,              -0.00277629013186278,            -0.0025197064667667065,       1.769518878184174,       -0.04210610745155327,        0.03485497331314303,-1793.7376237701678,3.8526940429309473,-1789.8849297272368, 0.0012191839905909558
                      0.3139375952955105,                     0.01434722645554132,               0.25212520533274074,            -0.0030178367238932278,            -0.0025154002871908402,      1.7708831287138904,      -0.043185863175641485,        0.03387149263067449, -1794.143833007001,3.8566296067903307,-1790.2872034002105, 0.0008121847321511746
                      0.3138930298908933,                    0.012279254516504943,                0.2516979832413913,            -0.0031595480631964874,             -0.002399955814688559,      1.7627076685547762,      -0.043814255158806534,        0.03650093608281455,-1794.7660166002865,3.7826018381474094, -1790.983414762139,0.00043595726550587466
                      0.3131730722477458,                     0.01726568316238815,               0.25133137979962317,            -0.0029013479326311284,            -0.0021274746165832643,       1.759309408610977,      -0.039929409828985095,         0.0369610523669314,-1796.6237992275014, 3.876149115877088,-1792.7476501116244, 6.801726679749753e-05
                      0.3149204410240462,                    0.014899084989513072,                0.2525041696535218,            -0.0029752273807069733,             -0.002501843504041753,      1.7731851702605017,      -0.043057667326668776,        0.03349291568508058,-1794.5371570442153, 3.861725711894949,-1790.6754313323204, 0.0005480704185640393
                      0.3140066256001236,                    0.013216868377439385,                0.2522100365163436,             -0.003026639190219476,            -0.0025660303312299874,       1.771751711884031,      -0.043949487130816485,        0.03355906432231234,-1793.6035823933148, 3.842361488124984,  -1789.76122090519, 0.0013940639014512234
                      0.3132336990096158,                    0.014894750150212334,                0.2515882484914236,            -0.0030534198520837494,            -0.0023594440665541507,      1.7641212852370436,       -0.04220342906675393,        0.03594394927978346,-1794.4308522528659,3.8417227262265907,-1790.5891295266392, 0.0006095424361775582
                     0.31791253395582525,                    0.015483839120831431,                0.2525677410731203,            -0.0026959332556745386,            -0.0025716695116198176,      1.7694311684447812,       -0.04229609870519327,       0.036355918806564864,-1794.7426070862025,  3.80042353437274,-1790.9421835518297, 0.0004462832043061653
                      0.3156419044565275,                    0.013980738281352238,                0.2518283788323616,             -0.002810325231200025,            -0.0025841081715272294,      1.7648328858245264,       -0.04279109170017233,        0.03690724371506625,-1794.6955262591578,3.7894236446139864,-1790.9061026145437, 0.0004677970578415862
                      0.3129616994122679,                     0.01582470729360534,               0.25135021311357275,              -0.00292169679901048,             -0.002311250290882355,      1.7629458768670125,      -0.041194338102787144,        0.03619235687651968,-1796.5865484870596, 3.863619341850569, -1792.722929145209, 7.059874279309382e-05
                      0.3149908573468106,                    0.015437089896160312,               0.25113939678217523,            -0.0027965168443152433,             -0.002387070673294901,       1.756493044799177,      -0.040966677675282365,        0.03935744121957396, -1793.181912948225,3.7822020582008182,-1789.3997108900244, 0.0021252567035048692
                     0.31446868105294645,                     0.01426496210252463,                0.2515403687525581,             -0.002866538023748544,            -0.0024592011748493887,      1.7629804521201953,       -0.04248643816708079,       0.036675274418096655, -1792.653788370923,3.8100363344546415,-1788.8437520364682,  0.003603902096096054
                     0.31192102263312255,                     0.01693716594993287,                 0.251208620822559,            -0.0029399745222121005,            -0.0022568093604819544,      1.7626395286237106,       -0.04045568415059329,        0.03552261891903621,-1795.4722382214109, 3.903510466953003,-1791.5687277544578,0.00021514723388620227
                      0.3174760574012922,                    0.014830229445553149,               0.25283200206474643,            -0.0027823677203001433,             -0.002637231513910458,       1.773963888294729,       -0.04325803619134515,        0.03451749833490691,-1794.5519307369964,3.8185205027213023, -1790.733410234275, 0.0005400329125894124
                      0.3138943019869995,                     0.01602409361428688,                0.2526246329904414,             -0.002980114533478067,              -0.00242715649114187,       1.775472090678461,       -0.04225660515471314,        0.03202199903448733,-1794.8312264822412,3.9191587330434814,-1790.9120677491976, 0.0004084356366622688
                     0.31415835972015016,                    0.012892008922095617,                0.2519378033515298,              -0.00300852494404142,             -0.002541991815715703,      1.7683097062805042,       -0.04391129555422439,        0.03502259977950372,-1794.9262862480678,3.8111399138318705, -1791.115146334236,0.00037139811587425664
                      0.3127267547218269,                    0.015258470004171942,                0.2515678094390258,             -0.003058242277269217,             -0.002421111500770831,      1.7651600520786952,        -0.0419424201130357,        0.03544247277128061, -1795.034304062527,  3.86286380511999, -1791.171440257407, 0.0003333712591893588
                      0.3139087834800777,                    0.015025387673912712,               0.25192974098833487,             -0.003004039999037122,            -0.0024691897579771894,      1.7680956869090427,       -0.04239574898189921,        0.03501732026820701,-1795.9805050244554, 3.853012767416206,-1792.1274922570392, 0.0001294190772196015
                      0.3131946918257704,                    0.017462676042576113,               0.25214232823015664,            -0.0028768740308675613,            -0.0022902941798473102,      1.7706805293908272,       -0.04075078266437144,        0.03307879132163422,-1794.1777561672639,3.9403272655196036,-1790.2374289017444, 0.0007850949427702724
                      0.3129143124118648,                    0.013602566039656015,                0.2511605663904461,             -0.003057307079776389,             -0.002457002593297904,      1.7605545431055463,       -0.04269105857593901,       0.037159861099024534,-1793.3011905449362, 3.803446275375536,-1789.4977442695606,  0.001886295777803583
                      0.3114554510924871,                    0.017239486788667904,               0.25214532508575555,            -0.0030791876005110295,             -0.002095956278630879,       1.770586358601569,       -0.04070584284833764,        0.03199204083944884,-1794.0024179991556, 3.974446946724489, -1790.027971052431, 0.0009355577025469728
                      0.3186736407491526,                    0.015977183666561017,                0.2530009426280482,             -0.002594903716110167,            -0.0026792042783837736,      1.7739605174530881,       -0.04241257897327538,        0.03498883036200305,-1794.1807448774302,  3.82288713285359,-1790.3578577445767, 0.0007827520244291526
                     0.31232178063438215,                     0.01717832779967361,                  0.25146821192911,            -0.0029063868886728965,            -0.0022217835468602057,      1.7653195862970368,       -0.04042610078599701,        0.03482715613210204,  -1795.53419161176,3.9169247468591846,-1791.6172668649008,0.00020222262857654306
                      0.3134378509376357,                    0.017531780926201716,                0.2520176974609378,            -0.0028938743069583735,            -0.0022469191513092026,       1.767494727419973,        -0.0404934752704658,        0.03417601821596405, -1794.854740798292, 3.922250914641627,-1790.9324898836503,0.00039894358888145723
                      0.3189495393594426,                    0.013203815676406674,               0.25226081361177966,             -0.002641037739540696,            -0.0027827173160729617,      1.7656920417866777,       -0.04359351510422561,        0.03837674485074344, -1794.008734044562,3.7126966002525115,-1790.2960374443096,  0.000929667299226571
                      0.3142051639723145,                    0.014294892668896032,               0.25212012760022595,            -0.0030609538068446015,             -0.002470504737745939,      1.7688714345796028,        -0.0429317990235756,       0.034864263299665084,-1794.2933300701975, 3.840504776104466,-1790.4528252940931,  0.000699405545641696
                     0.31098018186240495,                     0.01778953054023852,                 0.250925235033873,            -0.0030015851700391514,            -0.0020001846920813114,      1.7581410251575538,      -0.039398175832570596,       0.036102941574536127, -1794.275104475812,3.9222610604817043,-1790.3528434153302, 0.0007122694979304408
                     0.31574524681482036,                    0.013413135775581946,               0.25232914869548967,              -0.00283407462979438,            -0.0026697887040930592,      1.7712600783705659,      -0.043794580098880556,        0.03448784818300788,-1795.6021866442302,3.8158762603186034,-1791.7863103839115,0.00018892954725277368
                     0.31281511525245315,                    0.014518110017648628,                 0.251646254768581,             -0.003087063751768987,            -0.0023640580116132573,      1.7658040134663868,       -0.04248416283868425,        0.03525754670565023,-1794.3710652894201,  3.85230919697032,-1790.5187560924498, 0.0006470965654958876
                     0.31260804822019495,                     0.01349465401303311,                0.2513947334754494,            -0.0031247999259453423,            -0.0023541725629343552,      1.7626787742047583,      -0.042855597752041716,        0.03623150712243905,-1793.2744079374875,3.8222446932871863,-1789.4521632442004, 0.0019374983051184758
                      0.3137641221533826,                    0.013653910064197926,               0.25211850080433856,              -0.00309286260409088,             -0.002377543652623333,      1.7679421084022797,      -0.043199186322829465,        0.03457696985802698,-1794.0988181237976,3.8424036618512387,-1790.2564144619464, 0.0008495805016078528
                     0.31285924894119094,                    0.012240476553177459,               0.25147451459515185,             -0.003206238237047916,             -0.002364719753590151,      1.7614446822811538,       -0.04361985048479235,       0.036450734959292685,-1794.8595873549252, 3.795492554820575,-1791.0640948001046, 0.0003970147640393937
                      0.3149271662170127,                    0.013896230868093594,                0.2525302668569452,            -0.0029541654471014886,            -0.0025438987365570495,      1.7730574265448915,       -0.04352855844714169,       0.033563506931885374,-1793.1988188737137, 3.847765836415098,-1789.3510530372985, 0.0020896292778858666
                     0.31563692367689505,                    0.014761030051710944,                 0.251303225254776,            -0.0028393916143776995,            -0.0023995445412658706,       1.758019158309723,       -0.04181512337345626,         0.0393617169974508,-1795.2893244403617, 3.756386099999705, -1791.532938340362, 0.0002583296244398911
                     0.31533619321047474,                    0.015476854492297125,               0.25191254200255414,            -0.0028471747319518564,             -0.002516046868258233,      1.7658414124939288,       -0.04193925289103654,        0.03645168479141325,-1796.1413201918099,3.8238645148792996,-1792.3174556769306,0.00011019379981642496
                     0.31672189633791203,                     0.01093312948281873,               0.25199490928741286,             -0.002957717080429854,            -0.0027631345913101185,      1.7661881956047132,       -0.04524381618719448,        0.03756450544836571,-1797.6697403212697,3.7010171252745545,-1793.9687231959952, 2.389861488528143e-05
                      0.3133997243490843,                    0.014778123412582014,               0.25202682840304064,            -0.0030324913626486893,             -0.002400342055825431,       1.768886634624907,       -0.04252235518941138,        0.03411233898912825,-1794.5131618547707,3.8723973863550283,-1790.6407644684157, 0.0005613805226987922
                      0.3164148826218935,                    0.016245333877030924,                0.2526742268149802,            -0.0027970925163175926,            -0.0025920904166683804,      1.7733648541129048,       -0.04228787102970048,         0.0341255277989441, -1795.358285574363, 3.859042702195044, -1791.499242872168,0.00024111530174923928
                      0.3135771247428456,                     0.01502411021941529,                0.2525535205121966,            -0.0030513284686298457,             -0.002457053419096036,      1.7752330343189215,       -0.04297223736228938,       0.032076967821817876,-1795.2728338952707,3.9013848787628183,-1791.3714490165078, 0.0002626249394652624
                     0.31578265557212093,                    0.013859055929379306,                0.2511197678303746,             -0.002801216838853272,            -0.0025779911551716576,       1.757348482278605,       -0.04239903787883065,        0.03980751053208357,-1795.9091612521565, 3.729470880866441,  -1792.17969037129,0.00013898966415662025
                     0.31774832422982796,                    0.015114318941745702,                0.2523977974515289,              -0.00264479105825579,            -0.0026358262363203573,      1.7688298573163963,       -0.04249927189830911,        0.03646801634106516,-1795.0612037134847, 3.793643474024079,-1791.2675602394606, 0.0003245232266942117
                      0.3132835102793544,                    0.013809646356310554,               0.25137012827668465,             -0.003060785408243262,            -0.0024481067995875162,       1.761586772591993,       -0.04264153364294566,       0.036734577603100366,-1794.9833317439711,3.8122436781844677,-1791.1710880657868, 0.0003508044970981564
                     0.31308635092584614,                     0.01806423491988387,                0.2516479927859435,             -0.002857732062397592,             -0.002109129846467945,      1.7633468579188005,        -0.0396160559722183,        0.03543023231525774,-1793.9824089107847,  3.91876105685015,-1790.0636478539345, 0.0009544658963114313
                      0.3174360396940372,                    0.014158134635446684,                0.2520636731388542,            -0.0027278182011146908,               -0.0026403359716055,       1.764958241998046,       -0.04278092478443373,        0.03790168221130527,-1793.8891983150602,3.7551477617227427,-1790.1340505533374, 0.0010477104189232323
                      0.3136428583135182,                     0.01621009953759417,                0.2518215848387257,            -0.0029337273015352335,            -0.0022837214601813525,       1.764991743886997,      -0.041154294759307944,       0.035302864056603676,-1793.3501325714237, 3.880174467135882,-1789.4699581042878, 0.0017961993736228656
                      0.3186579031753965,                    0.013780404237451596,               0.25207737246867346,            -0.0026283343844665605,            -0.0027566368021332277,      1.7639297399599647,      -0.043025959178896324,       0.038901995883329425, -1794.780996279976,3.7170155193547942,-1791.0639807606212, 0.0004294754343920371
                      0.3161868381016396,                    0.014457275610401258,                0.2522104344242301,            -0.0028386836010467144,            -0.0025952161774654703,      1.7687488357469683,       -0.04293806025412992,        0.03580291959455111,-1794.1542809773705, 3.807087835527681,-1790.3471931418428, 0.0008037432252316225
                      0.3130270214488904,                    0.013094927388181788,               0.25178461204033326,            -0.0030998958249868207,            -0.0024911653015307258,      1.7676212616029832,      -0.043627179938974144,        0.03459546048123429, -1793.142235958779, 3.835221176624528,-1789.3070147821545, 0.0022112756941753474
                      0.3153096034604496,                     0.01597333880112388,               0.25171877660422737,            -0.0027166024762200224,            -0.0024816291361483746,      1.7644757262271336,      -0.041370253150175784,       0.036639513488358415,-1795.9537802617683, 3.834219487160848,-1792.1195607746074,0.00013292440220815082
                      0.3156962019336108,                     0.01583795029679369,                0.2532324634831769,            -0.0028314497922519726,            -0.0025095585552265746,      1.7803364546623022,      -0.042854230982161734,       0.031174215068659545,-1795.4398062274863,3.9087689345166745,-1791.5310372929696, 0.0002222392704861024
                      0.3129739059133836,                    0.014330004280065688,                0.2515938189053208,            -0.0030348780037889357,              -0.00233408816679782,      1.7640201505952597,      -0.042355908848463845,        0.03560080731592166,-1795.1537955582212, 3.847088745349878,-1791.3067068128714, 0.0002958241724145126
                      0.3144016757809579,                     0.01478354163438195,                0.2517914608185368,             -0.002991038579454484,            -0.0024170075524438625,       1.765171277322444,       -0.04248509038893602,        0.03609179908456884, -1795.811129819845,3.8237122825670182,-1791.9874175372781,0.00015330524574198528
                      0.3160342416747494,                    0.013834865530878392,               0.25122529868739857,            -0.0028023818576096452,             -0.002573656457470108,      1.7580901720518338,       -0.04244686003736696,        0.03964882507032478,-1794.8482485294348, 3.730576601193743,-1791.1176719282412, 0.0004015420637911069
                      0.3151733471911038,                    0.014672146348342366,                0.2522237985587257,            -0.0028198861745791512,            -0.0025714073575378213,      1.7705348741534583,       -0.04282543661482046,       0.034348975440783934,-1794.5660953722213, 3.848192402550716,-1790.7179029696706, 0.0005324374637477527
                      0.3118641148748856,                    0.015781872619093078,               0.25151021212232655,            -0.0030095243528034978,            -0.0021439873300099378,      1.7633897542584265,       -0.04089466204272779,       0.035126390916166865,-1795.6829518599502,3.9018060169324373,-1791.7811458430178,0.00017427054778623824
                     0.31400968809363805,                     0.01651941701465102,                0.2516292845433877,            -0.0029286085411090604,            -0.0023033572041675256,      1.7629811412697636,      -0.040841460212385695,        0.03651319470533876,-1794.2674106860181,3.8586656023326995,-1790.4087450836855, 0.0007177706850762487
                      0.3125688807523023,                    0.014707792560137677,               0.25197681108814396,             -0.003139968327993921,            -0.0023135447690623436,      1.7698215527106251,       -0.04280788118215243,        0.03349595316047499,-1793.9778403551222,3.8830143271062334, -1790.094826028016, 0.0009588364027359161
                     0.31106182987921593,                    0.014949544954971092,               0.25095805918862407,            -0.0031316658043899514,             -0.002143747387915116,      1.7590513797010252,        -0.0414396833310028,        0.03635988313857216,-1793.8193381367605,3.8655657334089133,-1789.9537724033516, 0.0011235208922959514
                     0.31758257466218687,                    0.012791562812203566,                0.2516143833382886,            -0.0027071956250213614,             -0.002710932390527069,      1.7607427646023375,      -0.043460647197624436,        0.03950430832105612,-1793.7885736883895,3.6975602326941956,-1790.0910134556952,  0.001158622566138683
                     0.31405421524608984,                    0.013890630273565276,               0.25128624816102557,            -0.0029548658372144207,             -0.002416124975818909,      1.7600951807887313,       -0.04256742469756995,       0.037589340222111946,-1794.8310280581331, 3.789408191128664,-1791.0416198670046,0.00040851668818017907
                     0.31395816736180737,                     0.01662145239722594,               0.25194676003668987,            -0.0029257224640572396,             -0.002270243767904185,      1.7660621162845462,       -0.04102302705723064,       0.035052283690051964,-1794.3578970537578,3.8869452372486535,-1790.4709518165091, 0.0006556740367018818
                     0.31366665990491926,                    0.015201230103684633,               0.25177514010810514,            -0.0029925992392006166,             -0.002546963451086295,      1.7671340045482502,       -0.04238473343484939,        0.03510093160338502,-1794.2037218916953, 3.852985081960481,-1790.3507368097348, 0.0007649717708084782
                      0.3117246961613332,                    0.014097477439154472,                0.2511987295031786,            -0.0031344471587819184,             -0.002271110379939588,      1.7609464871945768,      -0.042156811608052396,       0.036206764590270175,-1794.7063568636672,3.8465869361350338,-1790.8597699275322, 0.0004627578708966312
                     0.31605172249271674,                    0.015553994054180537,               0.25235637408030615,            -0.0027241297557696817,             -0.002595924977881642,      1.7706587556448872,      -0.042298627703064286,        0.03468529626225255,-1794.4653869607614,3.8491305001560168,-1790.6162564606054,  0.000588851401987604
                       0.314611125538225,                    0.015497157622166443,                0.2521239607548005,             -0.002932804564459018,            -0.0024813218879511543,      1.7690238935423857,      -0.042131770228281885,        0.03496951451413285,-1795.1679028307276,3.8564566301692156,-1791.3114462005583,0.00029168019900722834
                      0.3154289962458513,                    0.015368858836043801,                0.2518496971786385,             -0.002835076442888704,             -0.002427996278929555,      1.7650618147311068,       -0.04180379636486274,        0.03671664764520997,-1795.4062411378432, 3.820704912769748,-1791.5855362250734,0.00022982535309054347
                      0.3148285181337363,                     0.01257763441619001,               0.25122928478232914,             -0.002969699429665302,            -0.0024731087840670785,      1.7577848279502637,       -0.04315358738409643,         0.0389511600402344, -1793.283144120231,3.7367401264029017, -1789.546403993828, 0.0019206456868198299
                      0.3118273957890582,                    0.016942870782768328,                0.2515379500960365,             -0.002979738034614492,            -0.0021692739419056795,      1.7654669887469654,      -0.040505877623611276,       0.034330731779902056,-1794.9399119197874,3.9288029241610976,-1791.0111089956263,0.00036637188770103827
                      0.3116663783726864,                     0.01569963506976177,                0.2511343985356474,             -0.003033951603488618,            -0.0021175840709245076,      1.7596811596216133,       -0.04077554228182639,        0.03622950199935031,-1798.1635640786958, 3.881498539870379,-1794.2820655388255,1.4585045824997676e-05
                      0.3139219455706684,                    0.016290368579664538,                0.2520865299668685,            -0.0028968348289428224,            -0.0024216878393427334,       1.769596929667805,      -0.041709987055792215,        0.03392755302249958, -1793.171629266672, 3.893870160714609,-1789.2777591059573, 0.0021472249301838983
                      0.3155982415767755,                    0.018352325329855777,                 0.252432034333371,            -0.0026331072638873247,              -0.00239267264767875,      1.7716776220333028,      -0.040313459417586385,       0.033946276217883646, -1797.284021177716,3.9178218254991455,-1793.3661993522169,3.5147013359835245e-05
                     0.31353807210991147,                    0.013491301878182909,               0.25122857725411885,            -0.0030688660330486705,             -0.002375982603191349,      1.7599789553463365,      -0.042830002921485234,        0.03764575872121493, -1794.358121364828,3.7844805376921204, -1790.573640827136, 0.0006555269782509973
                      0.3148936366589526,                    0.013271339753460447,                0.2516871549990978,             -0.002982092854847828,             -0.002627148887507627,      1.7645290847424253,      -0.043362385621894796,       0.036852444383118556,-1794.4314046660552,3.7804004741751323,  -1790.65100419188, 0.0006092058098833231
                      0.3137494912962329,                    0.015731216524042146,                0.2523028287313656,            -0.0029455064052140763,             -0.002267191900744921,      1.7695941881193584,      -0.041588846750690654,        0.03384788120167247,-1793.2310330095202, 3.899868895383028,-1789.3311641141372,  0.002023386383869059
                     0.31111182370892854,                    0.015315322761392166,               0.25146830460455244,             -0.003192455473595317,            -0.0022904032009327417,      1.7656142774047536,       -0.04190683320464946,         0.0342709764313163,-1795.4271864666466,3.8992954996486184, -1791.527890966998,0.00022506164833839976
                      0.3168744265557076,                    0.013118638153213168,               0.25217768069390845,             -0.002857211176692104,            -0.0026447165745485408,      1.7669379949940307,       -0.04361023922326966,        0.03715763573960905,-1795.2394403066323,3.7541585379540816,-1791.4852817686783, 0.0002715430030134603
                      0.3159442177929804,                      0.0148064910136875,               0.25104468849702793,             -0.002722641468511011,            -0.0024741349625091655,      1.7554073935940364,      -0.041532486255657475,       0.040402414499661664,-1797.3043946661542,3.7358196792162066,-1793.5685749869378, 3.443819119751263e-05
                      0.3151831236734139,                      0.0165691263150082,                0.2516341103950094,            -0.0027396811823351434,             -0.002367442088093894,        1.76259568388751,       -0.04085102720718117,        0.03716248331477634,-1794.1504546388983, 3.836009793627227, -1790.314444845271,  0.000806824510116163
                       0.313374923752173,                    0.010952467963078439,                0.2512704561084078,             -0.003261846615023486,            -0.0024685339076196957,       1.759689459707796,       -0.04458523839603116,        0.03779785423142497,-1796.4173925059463,3.7349035958450356,-1792.6824889101013, 8.361043375548922e-05
                      0.3114046586969562,                    0.016991397602152642,                0.2515247223381132,            -0.0030519118005675775,            -0.0022330350895111346,       1.765891379895368,       -0.04071475988138627,        0.03403779400336665,-1794.2048792631535, 3.932488900909691,-1790.2723903622439, 0.0007640869264601471
                     0.31355279827654836,                    0.014726239211408258,               0.25209195088346253,             -0.003044316514374532,            -0.0023208282873504937,      1.7677579852396479,       -0.04236382792715145,       0.034442499968746605,-1794.3538691613026,3.8685360204491865,-1790.4853331408533, 0.0006583203471565943
                      0.3123830063457014,                    0.017329494888995697,               0.25139513878947145,            -0.0030120535176113663,            -0.0020800784113470415,      1.7610836133359387,       -0.04010408134554809,       0.035984544865531744,-1793.5102067782268,3.8989910065806006,-1789.6112157716461, 0.0015305065617646058
                      0.3188163140724485,                    0.016547302570158687,                0.2528209089172951,            -0.0025648742730707626,             -0.002632026280183574,      1.7712681787445343,       -0.04181107625184673,       0.036016410837391016,-1793.4688647342032, 3.814754952762615,-1789.6541097814406, 0.0015951069874392922
                     0.31191496937457625,                     0.01643150027883277,                0.2515124066960817,             -0.002969306652889751,              -0.00218263204372223,      1.7639280072999788,       -0.04063605980545765,         0.0347148292938419, -1795.594054974215,3.9168426270860435, -1791.677212347129, 0.0001904721233469421
                     0.31456304872629864,                    0.014170943556231162,                0.2526029279590656,            -0.0029813227440832683,             -0.002492610200031793,      1.7748751967980398,       -0.04356619311745338,        0.03283809997839005,-1797.1697416443426, 3.863962297797032,-1793.3057793465455, 3.940210256974696e-05
                     0.31142458174336646,                    0.016493576140455653,               0.25147516535208597,            -0.0030870365973873423,            -0.0021411013256920704,      1.7634027816165294,       -0.04077746281430426,        0.03468157927770839,-1795.0524166078899, 3.917071707789675,   -1791.1353449001,0.00032738741207544733
                     0.31311989631122006,                    0.014988091426995654,                0.2521240292349366,             -0.003092616618336299,             -0.002422332452211505,      1.7708434157666852,       -0.04261071329492141,        0.03362338778264546, -1794.538058458696,3.8821612035216644,-1790.6558972551743, 0.0005475766025521794
                     0.31245693987190404,                    0.014853827182525153,                0.2516008053784017,             -0.003133549699336981,            -0.0023901403168063943,       1.765304309346825,       -0.04228443304507316,        0.03507468244934877,-1793.6297242191263,3.8638163838508968,-1789.7659078352754, 0.0013580927500751116
                     0.31203120579904875,                    0.016035887111838825,                0.2511105697715515,            -0.0030717384691721413,            -0.0020873009238167803,      1.7588929833150626,       -0.04074114770726804,        0.03663378288207064, -1795.198621839328,3.8708372741161297, -1791.327784565212, 0.0002828562971086655
                     0.31195587327411367,                     0.01655711763645888,               0.25133263659173155,            -0.0030262730315302874,             -0.002123645899862956,      1.7613171709219855,       -0.04057019855279116,       0.035498576538524174, -1794.664423532026,3.9010417889039424, -1790.763381743122, 0.0004825754549705567
                      0.3157491112480551,                    0.015481324802517685,                0.2517466720829725,            -0.0028319586111816533,             -0.002406743084156511,      1.7625533194707033,       -0.04156352100529999,        0.03764609136210049, -1793.976972690372, 3.803311987863891, -1790.173660702508,  0.000959668712314529
                      0.3160301297989891,                    0.015416966678534136,               0.25191776600057514,            -0.0028364134409519844,            -0.0024542360357924704,      1.7642693882756095,      -0.041938935935708466,        0.03719029404583083, -1794.440297757044,3.8024925258602496,-1790.6378052311836, 0.0006038121060821289
                     0.31588644505350877,                    0.014934972804980734,                0.2522764413299935,             -0.002787030286948321,            -0.0025383122730589483,      1.7688756629342282,      -0.042406344352734424,       0.035516442974001076,-1794.4314731516038,3.8292736064169746,-1790.6021995451867, 0.0006091640895178716
                     0.31445805861314835,                    0.014226965373285789,                0.2518136418631598,            -0.0029647935699431893,             -0.002395732430467857,      1.7640260475974543,       -0.04242779597486012,        0.03628318716248807,-1794.3625886678415, 3.820661486651336,-1790.5419271811902, 0.0006526050719853658
                        0.31148345543412,                     0.01640560832608917,                0.2509114072000183,             -0.003057640471959016,            -0.0021755072539835635,      1.7577233182819476,       -0.04046001753389095,        0.03678155210487524,-1793.8726921731418,3.8778934861655725,-1789.9947986869763, 0.0010651475900998154
                      0.3128686218435614,                    0.017551891942610875,               0.25115770699950085,            -0.0028916272061387293,            -0.0021248487865617267,      1.7587010539111319,      -0.039679203846688375,        0.03723615850272129,-1796.6051786322219, 3.877765418955893, -1792.727413213266, 6.929565402276801e-05
                     0.31064267779774757,                    0.015649296944775876,               0.25126135508611896,             -0.003173394703036677,            -0.0020237416939324062,      1.7608196614367566,       -0.04083678496228751,        0.03518386111101281, -1794.809175329387,3.9096747503118356,-1790.8995005790753,0.00041754214886060713
                      0.3143453716340833,                    0.016855387050404486,                0.2526496910974128,             -0.002853961456021131,            -0.0023821552478964507,      1.7748339320234408,      -0.041566025301058386,        0.03229043977233161,-1793.4969380158168,3.9285939059904154,-1789.5683441098263, 0.0015509498181194893
                      0.3140231319175345,                     0.01362740466353848,               0.25124265347880187,            -0.0029863239781408556,            -0.0024776251700715135,       1.759312974087644,       -0.04250523216845054,         0.0380310209497388,-1792.5756534091747, 3.780986005203574, -1788.794667403971, 0.0022147430410408182
                      0.3136858845547045,                    0.017022113236942426,                0.2518476181998646,             -0.002876061102150381,            -0.0021711595627616864,      1.7649521555858845,       -0.04046913522910822,        0.03518818146898547,-1798.3135312485206,3.8994769336764654,-1794.4140543148442, 7.135011251301797e-06
                       0.311373632852519,                    0.015612530945133799,               0.25166485247086157,            -0.0031259613229058913,             -0.002151009223845439,      1.7657914707529685,       -0.04136489859393021,        0.03404785646897136,-1794.4755310258256, 3.916253239583477, -1790.559277786242,0.00033129660128810483
                      0.3153228759157559,                    0.013106185313532153,               0.25141550206845126,             -0.002945663089530312,             -0.002549938084640551,       1.761102466315893,        -0.0432856974527576,        0.03840434466862272, -1793.405383043429, 3.743227953581222,-1789.6621550898478, 0.0009659982599683632
                      0.3142686535654462,                    0.016556961069920162,                0.2511452678218773,             -0.002860262917870179,            -0.0022574176077750866,      1.7575936645062427,       -0.04039750265751081,       0.038525065237868666,  -1792.32044440876,3.8210189258767255,-1788.4994254828835, 0.0028586382887161818
                     0.31612139567057385,                      0.0134773844128358,               0.25165154486537955,             -0.002732587732293054,             -0.002563352268520667,      1.7624116811419932,       -0.04287373410743144,       0.037827799024172694, -1800.413473854503, 3.762749099535171, -1796.650724754968, 8.737781415780841e-07
                     0.31719218667677546,                    0.014661378550171187,               0.25153747198678456,             -0.002700982323330431,            -0.0025406017300688235,      1.7587408004619383,      -0.041814920431696934,        0.03981431819516898,-1794.0970382117926,3.7354872234333163,-1790.3615509883593, 0.0004837203084467523
                      0.3156943449643909,                    0.015488180380327147,                0.2518603030081306,            -0.0026998729647378164,             -0.002448934331923267,        1.76468444310129,       -0.04156968782435789,        0.03672097989844582,-1793.6327293827994,3.8248853913388285,-1789.8078439914607, 0.0007695575147998738
                      0.3190451676424179,                    0.013667594912265322,                0.2518564709121025,             -0.002564402358266125,            -0.0027345905306571778,      1.7613193153908486,       -0.04290386016387733,        0.03998305510699114,-1793.9378946152106, 3.691145300766523, -1790.246749314444,   0.00056716511029631
                     0.31439933882417775,                    0.015455717299586611,                0.2516696505255099,              -0.00292483362669698,            -0.0023619993928300186,      1.7640912972039398,       -0.04173878277755872,        0.03650715966820101,-1794.0835063947802, 3.833614564192777,-1790.2498918305873, 0.0004903104106149206
                        0.31562117823074,                    0.015132544924358195,               0.25169864347440585,             -0.002801724454748995,            -0.0024664079030034536,      1.7621877517832971,       -0.04166215811102733,        0.03764107214375093, -1793.535869853325, 3.801792021011055, -1789.734077832314, 0.0008478258278755468
                      0.3129065572578511,                    0.014261098466945971,                0.2510999843694901,             -0.002988940715110095,            -0.0023864128347482146,       1.759015014979814,      -0.041947309018420136,        0.03737721400289232,-1793.2139200304896,  3.81777096337958,  -1789.39614906711, 0.0011698432516587694
                      0.3135079962661906,                    0.013756438040684176,                0.2512919091969208,            -0.0030826007456730255,            -0.0023523686889476876,      1.7604897352350595,       -0.04261498428905113,        0.03746182276012212,-1794.7210215034033,3.7946485293209045,-1790.9263729740824,0.00025918020007521564
                     0.31721362609469256,                    0.014807326037413112,               0.25243598777043513,             -0.002722786924337089,             -0.002627317307697944,      1.7695985002603385,       -0.04271586243512215,         0.0359845328297492, -1793.853354120844,3.8023411914926832,-1790.0510129293514, 0.0006171986637832132
                     0.31597790415460214,                    0.015809137909187903,               0.25215903122811184,             -0.002734700532548201,             -0.002490235673632516,      1.7670835203487276,      -0.041604859441606176,       0.035969351720627304, -1793.361192353986,3.8392553816963115,-1789.5219369722897, 0.0010096436465490545
                     0.31543170457969455,                    0.015444934143888462,               0.25179582995661953,            -0.0027692111118346337,            -0.0024561476074872715,       1.764390893728463,       -0.04173702550670225,        0.03681585700142707,-1794.7557466033518, 3.820081990209616, -1790.935664613142, 0.0002503346125192039
                      0.3124035519861741,                    0.017006278071350616,               0.25192391509829454,            -0.0029586297133364046,            -0.0021272792308637883,      1.7674773256483307,       -0.04060770066041055,       0.033583236361837354,-1797.3406097321235,3.9384515354963034,-1793.4021581966272,1.8876831890772878e-05
                      0.3159600222555848,                     0.01565036989815662,                0.2519273772732728,            -0.0027685095057409324,             -0.002533657870273755,      1.7647345133020056,       -0.04166561991620563,        0.03699424237736609,-1793.4485112250563,3.8145473927155193, -1789.633963832341, 0.0009252221319289169
                      0.3120530985589405,                     0.01688790578057083,               0.25142950461730385,            -0.0029527872477021315,             -0.002234754314417604,      1.7636677395263873,       -0.04057531526363823,        0.03494849332043381,-1794.3642379163825, 3.912322466655869,-1790.4519154497266, 0.0003702976567723021
                     0.31799204622782484,                     0.01337470642086604,                0.2523160004071845,            -0.0027198223723299856,            -0.0026969143407032255,       1.766589823544707,        -0.0433018859292486,        0.03753653866876655, -1794.242315142094,3.7465168212079636, -1790.495798320886,0.00041831299085243136
                     0.31413124600276987,                    0.016128221815190958,                0.2517296939328322,            -0.0028645914937706508,            -0.0022928409774498294,      1.7642205081249722,       -0.04119387354332806,        0.03581608047717934,-1793.0071924624704, 3.864676092817868,-1789.1425163696524, 0.0014384948658631748
                      0.3145483610079698,                    0.013825920821781237,                0.2521111456248434,            -0.0029614257061577314,            -0.0025290357602091745,      1.7689256309784476,      -0.043094661889047585,        0.03486666081993232, -1792.955877940271,3.8340119195599045, -1789.121866020711, 0.0015142372655638215
                      0.3110867316340101,                    0.015830555246645603,               0.25107390281319647,             -0.003055377845876305,            -0.0020954332497004403,      1.7595685714799227,       -0.04075390847100918,          0.035711846508191,-1794.2889374527153, 3.897219348974581,-1790.3917181037407, 0.0003992579198229451
                      0.3122675544535438,                    0.014836735457968514,               0.25184336165437565,             -0.003079230161401131,            -0.0024020699290264458,      1.7689676360502646,      -0.042424601954278114,        0.03364548200834877,-1793.5272589218443,3.8919155264201746,-1789.6353433954241,  0.000855157920756614
                      0.3106983766559662,                    0.016120204161493602,               0.25131899533589563,             -0.003158361563618132,             -0.002048690388991017,       1.761706606939937,      -0.040569498652437724,        0.03504069877724561, -1793.665200820175,3.9191278110895436,-1789.7460730090854, 0.0007449702287636686
                     0.31615661297284675,                    0.015399700981712916,                0.2519399987788899,             -0.002745774679551236,            -0.0024888826688490525,      1.7655369561308631,       -0.04192282047416923,        0.03688698231502705,-1793.2328174150039, 3.809084845782655, -1789.423732569221, 0.0011479438463582983
                     0.31297211808181225,                     0.01645121023496739,               0.25213826425945574,            -0.0029594305639254466,              -0.00221265585214908,      1.7693011706863977,      -0.041172852667529264,       0.033303257337543725,-1793.1998218806516, 3.926607097448794,-1789.2732147832028, 0.0011864526831307928
                     0.31180938973516104,                    0.015222523650755975,               0.25118441437663835,            -0.0031324380216498065,            -0.0021718157139426447,      1.7602632690648727,      -0.041555222572748365,       0.036174444624899736,-1794.1150946616167, 3.862117446372543, -1790.252977215244, 0.0004750644194568723
                       0.313348497826127,                    0.017217645786670892,                0.2512463701093586,             -0.002895822482330345,            -0.0022154391021355197,      1.7594146605957204,       -0.04001131976509358,        0.03725853185116521,   -1793.0967020794, 3.866204106684948, -1789.230497972715,  0.001315330175288172
                     0.31258337558862676,                    0.018787507384930464,               0.25173892789523744,            -0.0027735283290352803,            -0.0021996500185513953,      1.7676298027882793,       -0.03946067150347899,       0.033779252141247884,-1793.9397144488698,3.9611362129861516,-1789.9785782358838, 0.0005661339027359314
                     0.31706214293715185,                     0.01441567560781126,                0.2517160600882653,            -0.0026965966397941967,             -0.002595904111851393,       1.761163209758604,       -0.04229657019476766,        0.03882169849379035,-1793.7848885368562,   3.7481567938266,-1790.0367317430296,  0.000660935687602197
                     0.31210180231268037,                    0.016310945860001622,                0.2511993211093867,             -0.003030575956134032,            -0.0021144324270362127,      1.7603465474203683,        -0.0405730752889047,        0.03642968414298561,-1793.6379374473913, 3.879217673236922,-1789.7587197741543, 0.0007655600281755153
                      0.3152067729332173,                    0.016067623601783924,               0.25275589804525095,            -0.0028059448110096473,            -0.0024622305486625435,      1.7753971615269775,        -0.0422121565106675,       0.032536095263293804,-1793.5340502561307,  3.90162455227624,-1789.6324257038546,  0.000849369933772546
                     0.31198253310436597,                    0.015554665883293649,               0.25092475562183514,            -0.0030364801678074856,            -0.0021518641851262506,      1.7572512208629276,      -0.040899771667285985,         0.0373784199459888,-1792.9554627926777,3.8500295471257764, -1789.105433245552, 0.0015148660280257808
                      0.3178885950975035,                    0.014784199495314261,                0.2523569656388725,            -0.0026480401113771835,            -0.0025981171657456096,      1.7668890173116796,       -0.04232650332905779,        0.03729257013219644,-1793.3971350740208,3.7783979590700874,-1789.6187371149506,  0.000973998732536285
                      0.3167629478440085,                    0.016182082270535553,                0.2520093011348339,            -0.0026815088535153374,            -0.0025226582284225574,       1.763980028324473,       -0.04117582110892386,       0.037565885348126465, -1793.685913140966,3.8086172788694714,-1789.8772958620966, 0.0007296988650454933
                      0.3161162488157195,                     0.01304677745813321,               0.25259258552931185,             -0.002880082501522567,            -0.0026941986325562453,      1.7734502954868738,       -0.04413319371208006,       0.034298792814549776,-1793.3096504074097, 3.808495159529604,  -1789.50115524788, 0.0010630470819646615
                      0.3141898667892114,                    0.013336852540206608,                0.2512638013946204,            -0.0028968103619507004,            -0.0025144054674564767,       1.760810675777229,      -0.042742411766252195,        0.03763165887120917,-1793.9712353464179,3.7830845755880653,  -1790.18815077083, 0.0005485671680644512
                     0.31580029088273015,                    0.011916721380941391,                0.2517634701205989,             -0.002952079615739524,            -0.0026394114760084457,      1.7640331751795901,       -0.04424021988020647,        0.03753941984493267,-1793.8806438177367,3.7350652811110505,-1790.1455785366256,  0.000600583245343015
                     0.31590071301735967,                    0.016185068631761664,               0.25160689991136803,            -0.0026796627156955317,            -0.0024152728669543915,      1.7606917322489821,       -0.04077747032274817,        0.03808163333136955,-1793.2281077120474,  3.81190571222323,-1789.4162019998241, 0.0011533630723405382
                      0.3110399263067548,                    0.017816977113276955,               0.25132785055917767,            -0.0029843114152689775,            -0.0019667019140363648,      1.7616797480731854,       -0.03950418572745018,       0.034730660072471324,-1794.2804382760555,3.9495993827731715,-1790.3308388932824, 0.0004026657447554716
                     0.31016686265913485,                    0.016152804578154774,                0.2509704714467445,            -0.0031315974306383616,            -0.0020236536439228953,      1.7592064443889193,       -0.04050347431723555,        0.03538718743050854,-1793.3061368731237,3.9163695810028845,-1789.3897672921207,   0.00106678870364359
                      0.3105653582611736,                    0.015353006532998672,                0.2511892599991399,             -0.003146328451002609,             -0.002122128814226309,      1.7613197614691045,       -0.04113021962684265,        0.03507741419086611,-1793.8882340720224,3.9051082082529645,-1789.9831258637694, 0.0005960419224915513
                     0.31214573897975595,                    0.016523427588105984,                0.2517091490008159,             -0.003058239041420098,             -0.002096700376574667,      1.7645391263677077,        -0.0408028582643624,       0.034583345490708906,-1794.4764113921979, 3.914026413123316,-1790.5623849790745, 0.0003310050672482994
                     0.31564138114916984,                    0.014400368489037193,                0.2516874748165312,             -0.002837008043331326,             -0.002467811486424442,       1.761800077744898,       -0.04209954769410128,        0.03798327620168921,-1793.7735979844933,3.7823847214440462,-1789.9912132630493, 0.0006684403024935499
                     0.31186837354995595,                     0.01692154196293876,               0.25127331133960995,             -0.003026307371975495,             -0.002045888935002427,      1.7606795282090832,       -0.04017228906493255,        0.03586946466590738,-1793.5096983186045, 3.903163921776261,-1789.6065343968282, 0.0008703076394965093
                     0.31036857781957383,                    0.016729912198425238,                  0.25108749186727,            -0.0031019851522111606,              -0.00195188091498737,       1.759443553659325,       -0.04000873215401324,       0.035322990052378496, -1792.609128225909,3.9287182190018486, -1788.680410006907,  0.002141832072601164
                     0.31778882484445053,                    0.014583721126377925,                0.2518994193143882,            -0.0026500251153437297,            -0.0026089960383418294,      1.7626475801672363,       -0.04222960288531894,       0.038653188274810374,-1794.4849060576103,3.7493647870860816,-1790.7355412705242, 0.0003282051987615814
                      0.3114086966663308,                    0.016781709899508366,                0.2511851442719267,             -0.003066182671476554,              -0.00205987960948954,      1.7610143848687339,      -0.040361388600241625,        0.03563359060647582, -1794.803598823259,3.9066117447652995,-1790.8969870784938, 0.0002386376405539748
                     0.31219822214788534,                    0.015381923368818226,               0.25117351404136073,            -0.0030227988280168696,            -0.0022687125805687753,       1.760857721497567,        -0.0414700669722769,        0.03632439153350879,-1793.5373027915189,3.8584361761167028, -1789.678866615402, 0.0008466118158748792
                      0.3130677445830774,                    0.015359122731809725,                0.2516634498965536,            -0.0029807124786055406,            -0.0022515278212899286,       1.763707521796042,       -0.04138716554347546,        0.03567049355460698,-1793.7934200505092,3.8698655396898816,-1789.9235545108193, 0.0006553208911727102
                      0.3108154902703426,                     0.01728284586781033,               0.25124056878669887,            -0.0031280290655678468,             -0.001993286095583058,       1.760872146267012,      -0.039977143985219364,        0.03519757308006042,-1793.4297543574626, 3.929409181596665, -1789.500345175866, 0.0009427401792018717
                     0.31260740561459127,                     0.01714282521190806,                0.2520875172720267,            -0.0029829537592686657,            -0.0021111970035567803,      1.7685377968813576,      -0.040691764461210214,        0.03328173322003031,-1792.7806897486557, 3.941326643210119,-1788.8393631054455, 0.0018041689111715988
                      0.3117555597836988,                    0.016634132850735343,               0.25164091245344505,             -0.003030900506905808,             -0.002053548502345828,      1.7642497688429455,       -0.04047510382302992,        0.03460725854399056,-1794.0818307625855, 3.924133031394357, -1790.157697731191, 0.0004911326792418653
                     0.31403648987186783,                    0.016223097766263083,                0.2513066790789776,            -0.0028945404881702136,             -0.002221341092869382,      1.7597196505276635,       -0.04084532754000468,       0.037613114471844705,-1793.9384673134368,3.8329034992177355, -1790.105563814219, 0.0005668403888362135
                      0.3129786898701303,                    0.016844488564003772,                0.2511860973371328,            -0.0028761763203259114,            -0.0022923304882469307,      1.7603878936150483,       -0.04035792198747602,        0.03676804097592838,-1793.3175772167147, 3.871305522833679, -1789.446271693881, 0.0010546538203046985
                     0.31647313694302914,                     0.01600322199031758,                0.2523762958804844,            -0.0027220022854386535,             -0.002507215510359888,      1.7690335104708363,       -0.04168697982468565,       0.035569925021939994,-1793.8335920293052, 3.842896183389153, -1789.990695845916, 0.0006295171185884419
                        0.31346301613597,                    0.014303599052500247,               0.25122430598645085,            -0.0029909914469000033,            -0.0023492447233659105,      1.7606968393149491,       -0.04220668456951283,       0.037372120176570406,-1793.8670823930465, 3.807581661675494,-1790.0595007313711,  0.000608783487602112
                     0.31502878099111786,                    0.016982951502118013,                0.2516331224796017,             -0.002782686520102742,            -0.0023515861577204714,      1.7617617513307597,       -0.04040233366557893,        0.03737190551140833,-1793.9672207165963, 3.843381091301131,-1790.1238396252952, 0.0005507738887960537
                      0.3128351946816941,                    0.016508591524599103,                0.2511293356470736,             -0.002946175685446802,            -0.0020932507535586804,      1.7569493079620353,        -0.0400248638385136,        0.03772132219807308,-1796.7643216483307,  3.85838587867612,-1792.9059357696547,3.3589832870351455e-05
                      0.3122896875169502,                    0.015511605075667751,                0.2512254452248879,            -0.0030451076693485575,             -0.002229150152780006,      1.7607064864352597,       -0.04136450458498041,        0.03630622684927848,-1792.9603976417452, 3.860968805651652,-1789.0994288360935, 0.0015074088080811205
                     0.31843141474408876,                    0.015681727640627943,                0.2526309426948051,             -0.002605214178669152,             -0.002630752647875384,      1.7692559781337633,      -0.042068964231813506,        0.03651113490367262,-1793.3447826807765,3.7995205852877323,-1789.5452620954886, 0.0010263482525639887
                      0.3154684675054713,                    0.014139873936648466,               0.25183294215628144,            -0.0028753745532773736,            -0.0024585134908444695,      1.7648576372210758,       -0.04279083300233687,        0.03683861417825285,-1792.7557517598484,3.7919963435518995,-1788.9637554162964, 0.0018497269572730565
                     0.31267175475458997,                    0.016723190313115626,               0.25139788223007614,            -0.0028924371644047067,             -0.002303644075287536,       1.763614359029241,       -0.04064661682116308,         0.0355498637676593,-1793.8433760201547,3.8934935398888717,-1789.9498824802658, 0.0006233879615622168
                        0.31216324759136,                    0.017396358803043372,                0.2513525030337032,            -0.0029594869068764822,            -0.0020437088703210335,      1.7608138076359912,       -0.03978728893064403,       0.035765345138667345, -1793.244999262422,  3.91305476570532,-1789.3319444967167, 0.0011340446007061977
                     0.31346181519110566,                     0.01326483941236452,                0.2512305840348474,            -0.0031075613567959114,             -0.002416985673734848,      1.7608988075831136,      -0.043182976530616264,       0.037389976583772876,-1793.2089687038301,3.7816098680564583,-1789.4273588357737,  0.001175649891159802
                     0.31266231816127515,                    0.017105520978512936,                0.2516897877980696,            -0.0030007878504282794,            -0.0021332939750360607,      1.7643342542192961,       -0.04049816692397833,          0.034961612619883, -1792.917597538059, 3.910126993662476,-1789.0074705443965, 0.0015733266441549031
                      0.3149503826003096,                      0.0158993036564864,                0.2512172498548981,             -0.002780041397216027,             -0.002357354428785714,      1.7584943757134528,       -0.04098263966450287,        0.03862489646885818,-1794.0068839246392,3.7997072139359416,-1790.2071767107032, 0.0005293559885367756
                      0.3160827936447756,                    0.015135118757574513,                0.2516900748145213,            -0.0027588151633521525,            -0.0024792065004151827,       1.762013970091144,       -0.04185538044810386,        0.03783155757437041,-1792.8075791501947,3.7893405580994406,-1789.0182385920953,  0.001756302324890725
                      0.3121136413382752,                    0.015116812078861215,               0.25151424970169944,            -0.0031104530527565955,            -0.0023343081008922613,       1.765590698472208,       -0.04220173911458681,       0.034794362992995355,-1793.9375126164673, 3.874078406809242, -1790.063434209658,  0.000567381808042157
                      0.3130780048019239,                    0.018445218209857554,               0.25164851141849087,             -0.002731498708889159,             -0.002227989410916464,      1.7658590778881393,       -0.03951521190557488,        0.03462490893517348,-1794.4164327714157, 3.938761337193975,-1790.4776714342217, 0.0003514657633525231
                      0.3121402200287408,                      0.0179030163242252,                0.2512962742458121,            -0.0029173937109963624,             -0.002091933345797938,      1.7617775027546774,       -0.03962184673806782,       0.035728338618001815,-1794.8008168512729,3.9179428244104626,-1790.8828740268625,0.00023930244809406505
                      0.3129219747643047,                    0.014099680403969259,               0.25122872767456234,            -0.0029780511811955436,             -0.002359849201528409,      1.7605654607175472,      -0.041964812569056334,        0.03695360083684319,-1792.5926382845423,3.8270635304404474,-1788.7655747541019,  0.002177443566672868
                      0.3141649686643612,                    0.014804777488882231,               0.25152157979006506,            -0.0029307316133904875,            -0.0024293937985451967,      1.7629142697065547,       -0.04196364237312757,       0.036986501574140664,-1794.2464249591135,3.8184449906288447,-1790.4279799684846, 0.0004165973289462669
                     0.31214822588420016,                    0.016747654115037237,               0.25105188546510104,            -0.0029973020317150077,            -0.0020769427067794844,      1.7580429853587234,       -0.04011804242803952,        0.03712752636165012,-1794.2018380739232, 3.874150380863218,  -1790.32768769306,0.00043559242558427187
                     0.31411228543400344,                    0.015493330798032699,                0.2515647806701623,            -0.0029593768018920416,             -0.002329153111436808,      1.7627941457243212,       -0.04159170150534539,       0.036644588112722525,-1794.5902708713206,3.8360832987684264,-1790.7541875725522, 0.0002953834093092822
                      0.3144390210121977,                     0.01620572893917873,               0.25205352418419935,             -0.002846649186660027,            -0.0024068884686450683,      1.7677967927869251,       -0.04144841316867164,        0.03487277632690499,-1794.3613778729373,3.8770915200675757,-1790.4842863528697,0.00037135824009258206
                      0.3163471767822581,                    0.014766487121502176,               0.25137517785876423,            -0.0027642969189514326,            -0.0025167590084178826,       1.758025694451434,       -0.04170985645645761,        0.03971227175375397, -1793.669346027817,3.7460675331222713,-1789.9232784946948, 0.0007418885639611497
                      0.3155353397927667,                    0.015791933363357633,               0.25165926137119593,             -0.002716244109377538,            -0.0024722866355604807,      1.7626601948865073,       -0.04141360527805762,        0.03723311807187205,-1793.5911693063294,3.8180352918868485,-1789.7731340144426, 0.0008022142926837366
                      0.3136062018832348,                    0.015445257449850909,                0.2513397472995221,            -0.0028850203184807785,            -0.0023892909215790553,       1.762583308920092,        -0.0415381436705266,        0.03664219857109296,-1794.0365988096132, 3.840651441589209, -1790.195947368024, 0.0005138576423838018
                      0.3137727716034239,                    0.012564338905709098,                0.2515183333021912,            -0.0030886158650414233,            -0.0025069454218780533,      1.7633527857305054,       -0.04354284051674055,        0.03670606419631873,-1794.1015469413019,3.7860103660496467,-1790.3155365752523,0.00048154425372521877
                     0.31223754804653087,                    0.015279582344436814,               0.25114162067712953,            -0.0031134701092560323,            -0.0022227700478937196,      1.7599753519176824,       -0.04153902852636224,        0.03671412085829504,  -1793.96069035573,3.8476103643777906,-1790.1130799913524, 0.0005543824106967348
                      0.3121353240997419,                     0.01485946456766155,                0.2516648999658035,            -0.0030886582739927584,            -0.0023443800385298664,      1.7668502932339258,      -0.042260288428006956,       0.034346569210745026,-1793.2084654913801,3.8821332191108575,-1789.3263322722694,  0.001176241641697489
                     0.31188824119390823,                     0.01664835848967035,               0.25120619003365163,            -0.0029935858616210033,            -0.0021515568048047673,      1.7613067184311972,      -0.040545157920228954,        0.03584874488545924,   -1792.5632521159, 3.894240463332827,-1788.6690116525672,  0.002242379730173345
                      0.3164224925321376,                    0.013691751047668803,               0.25215092740026784,            -0.0028501187207810594,             -0.002644269742075693,       1.767349354803686,       -0.04326467562468484,        0.03647766797546773,-1794.1239473219825,3.7818532253579003,-1790.3420940966246, 0.0004708773959924354
                     0.31564709518073486,                    0.014939149036658462,               0.25192813954283566,             -0.002761336599949122,             -0.002489901763030715,       1.764562324948825,       -0.04187277858843227,       0.036714796186259176,  -1794.61456865631, 3.817691191350935,-1790.7968774649592,0.00028829273937431915
                     0.31192506381443097,                      0.0168512357023408,               0.25134486357467545,            -0.0030604617733269723,            -0.0021704088093255406,      1.7621335152010513,      -0.040508626856407666,        0.03572289976037152,-1794.0611619780943, 3.897783716436477, -1790.163378261658,  0.000501389426862279
                      0.3150412657239977,                    0.014970190087709523,               0.25144813624036605,             -0.002847354388194054,            -0.0024916090923655363,      1.7602949208248095,      -0.041707784622788714,        0.03813474882171636,-1793.4252428851019,3.7926500240303245,-1789.6325928610715, 0.0009470029338835224
                      0.3161829968135338,                     0.01631482341686417,               0.25151614872568084,             -0.002647689395732903,             -0.002447838830922924,      1.7600225464580275,       -0.04079404105612335,         0.0385715119496375,-1794.3756669739764, 3.797942417110103,-1790.5777245568663,0.00036608959641408115
                      0.3117019307998324,                    0.016512844738874804,                 0.251534522960286,            -0.0030515971396574667,              -0.00213277418097524,      1.7642189775755335,      -0.040783007375606764,        0.03449875992380639, -1793.919743377192, 3.919118926828692,-1790.0006244503631,  0.000577553858300067
                      0.3136669672134042,                    0.014142426048423654,               0.25135340401846074,            -0.0029525934694644347,             -0.002409293259347084,      1.7606338546614093,      -0.042084901576049244,        0.03731211918334126, -1793.586379631834,3.8109834527267257,-1789.7753961791072, 0.0008060658545218195
                     0.31649848234889416,                    0.014922194870926483,                0.2517761977997584,              -0.00279301042816327,            -0.0025128082902164013,      1.7621482647060533,       -0.04201970900223372,       0.038279803753664736,-1793.9485822677457,3.7719095234802764,-1790.1766727442655, 0.0005611357240525751
                      0.3137775352310413,                    0.014464817290785147,               0.25181254054415814,            -0.0029842832285510348,             -0.002366259707773606,      1.7653500177758499,       -0.04227966426570573,       0.035696891097451534,-1794.5007535101909,3.8419209312572917,-1790.6588325789335, 0.0003230449786047304
                     0.31453124585073067,                    0.014394077914495616,               0.25188644687018036,             -0.002930616054186529,            -0.0024954854125727325,      1.7661961752545567,       -0.04258748054378437,       0.035907813721797036, -1795.034528797693, 3.824442799657896, -1791.210085998035,0.00018942937782422513
                      0.3136612453481169,                    0.014756095056632256,               0.25132918084080264,             -0.003019180000033468,            -0.0024093034730793914,      1.7607861261139077,        -0.0420142263684129,        0.03720850305102332,-1793.0686568018868, 3.815193684734173,-1789.2534631171527,   0.00135274112322316
                      0.3142797711721766,                    0.014382846329349852,                0.2519418201727635,            -0.0030078690236684464,             -0.002434515197455578,      1.7675641889148253,       -0.04289439539558227,       0.035230395496880035,  -1793.32447360791, 3.832900238512245,-1789.4915733693979, 0.0010474055372095138
                      0.3165385324310994,                     0.01458939022609114,               0.25267250235197497,            -0.0028225042552926394,             -0.002566395818545328,       1.772593099834945,       -0.04309352924015727,        0.03444963129114686,-1793.2356537906521, 3.830334299039351,-1789.4053194916128, 0.0011446924596437613
                      0.3121068444294192,                    0.013752123656154858,                 0.251327415042288,             -0.003092191994064299,            -0.0022821314191392886,      1.7621146202124645,        -0.0423813065098703,        0.03602335515167174, -1793.398192175278, 3.842493972456276,-1789.5556982028218, 0.0009729696612637316
                     0.31796393605852064,                    0.013411432156866522,               0.25152809516532915,            -0.0026606834513830287,            -0.0026687683641264752,      1.7586646827488315,      -0.042768522357784486,        0.04043240202043356,-1794.0178889509903, 3.690377142116458,-1790.3275118088739, 0.0005235623499787942
                     0.31218913198365095,                    0.015173166897712745,               0.25171424139832277,             -0.003121205962172062,              -0.00240520769889512,       1.767231262054441,      -0.042141036525512245,        0.03429246463567279,-1793.6613447182112,3.8861124304582786, -1789.775232287753, 0.0007478484557275533
                      0.3109427697560494,                     0.01669638083844333,               0.25099196749354746,            -0.0030990835656353544,            -0.0020273832351573786,      1.7588195983806625,        -0.0402206422524442,        0.03614493707816331,-1793.5432543430447, 3.901592220119464,-1789.6416621229253, 0.0008415881262328212
                        0.31325413766157,                    0.015762197474790234,                0.2519590334580437,             -0.002999130332384729,             -0.002294099734514228,      1.7680744511480906,       -0.04175611041098701,         0.0342175299890711,-1795.0294771638733, 3.890796076946948,-1791.1386810869262,0.00019038872677535034
                     0.31397280811466927,                    0.017712442071115192,                0.2514043707892978,             -0.002756862431562636,            -0.0022085789810306965,      1.7614044726215417,      -0.039718645350294984,        0.03695249288464839, -1794.382356567275, 3.876391653546351,-1790.5059649137288, 0.0003636487790432955
                      0.3127845867495679,                    0.015843915783318598,               0.25153102137748184,             -0.002971653043355237,            -0.0022872919207696566,      1.7643101332134674,      -0.041209125473310786,       0.035439587957974604, -1793.813954185453, 3.881214703054275,-1789.9327394823988, 0.0006420016609987022
                     0.31326414390485724,                    0.015070630239082087,               0.25121039983272414,            -0.0029902387349374604,             -0.002329811293131875,      1.7602557976197177,       -0.04164492130814912,        0.03708519929292355,-1793.2084308596445,3.8299673309644158,-1789.3784635286802,   0.00117628237769242
                      0.3136077648017021,                    0.015993319337654403,               0.25124297980127674,             -0.002912627164947375,             -0.002344776975271324,       1.760687577833273,      -0.041141882524651424,        0.03726751094347331,-1793.4940047714922,3.8362571443146405,-1789.6577476271775, 0.0008840735891986937
                      0.3156699544350063,                     0.01574742416044891,                0.2520622612240486,             -0.002822496006894524,            -0.0025006999395303106,       1.766325293540571,       -0.04169651843551101,        0.03625163716640607,-1794.0401698705923, 3.832546829616488, -1790.207623040976, 0.0005120258979903505
                     0.31575158130509784,                    0.014418572155963386,                0.2510988785120607,              -0.00275013454140123,            -0.0024674455269522323,      1.7555568046603316,      -0.041588244372658414,        0.04015522631132094,-1793.2882008537158, 3.741931434549216,-1789.5462694191665, 0.0010860952704392637
                      0.3117778867556309,                     0.01600786514478612,               0.25132557731464644,              -0.00304575021307959,            -0.0021950000589913174,      1.7625109939253338,       -0.04100433127991909,       0.035310681333814216,-1794.7673094407087,3.8954909807434794,-1790.8718184599652,0.00024745670456507096
                     0.31256529075285633,                     0.01771643526687199,               0.25145437858503616,             -0.002891265519432495,            -0.0021300814211639976,      1.7629475320850752,       -0.03984984558327546,       0.035522259284062094,-1794.8555742749472,3.9143138587221555, -1790.941260416225,0.00022655116227349195
                     0.31541915787449987,                    0.015642348922430473,                0.2513908339927363,             -0.002800206259627282,             -0.002418723717662494,      1.7590271151432044,      -0.041239278730407856,        0.03859014163135925,-1794.4825722006385, 3.791194302076218,-1790.6913778985622,0.00032897207729719075
                      0.3124557198509411,                    0.015148848351937885,                0.2513596143922707,            -0.0029856503530084227,            -0.0023232667064991565,      1.7631902832040054,      -0.041767748316527124,        0.03566068728994269,-1793.4462298180538,3.8641103246205075,-1789.5821194934333, 0.0009273353498180884
                      0.3134819896126327,                    0.015416533262318923,                0.2517529388202757,            -0.0030387206667686953,            -0.0024353610931139007,       1.766489036297775,       -0.04224119264695748,       0.035241319397059344,-1794.4300696970363,3.8547182851677486,-1790.5753514118685, 0.0003467053831270907
                      0.3161691882981676,                    0.016502398100918976,               0.25243825408787507,             -0.002723027349061917,            -0.0025253436701712963,       1.770464663539187,      -0.041573380443651546,        0.03484319111932511,-1793.7157630798688,3.8636013082674587,-1789.8521617716012,  0.000708239275607828
                     0.31297659065069366,                    0.018047793130233646,                0.2522488491957912,              -0.00294324898461651,             -0.002086832672009287,      1.7693770229241115,         -0.040137396665092,       0.033036217440103675,-1793.4463666911356,3.9577545415541007,-1789.4886121495815, 0.0009272084312569357
                     0.31328577233797217,                    0.016935624968074582,                0.2520852818111021,             -0.002942292771092662,             -0.002248857421857387,      1.7685345125676628,       -0.04101024502458224,       0.033762652743186246,-1793.4504172724123,3.9190674750412136,-1789.5313497973711, 0.0009234602943369932
                     0.31250261126640805,                    0.017187522830535026,                0.2515277012062463,            -0.0029894615539837336,            -0.0020983454934992373,      1.7620669653111012,        -0.0400455910178451,       0.035740481512618244,-1794.1945613098483, 3.905224834762008,-1790.2893364750862,0.00043877368951396784
                      0.3137374777050272,                    0.013978166409361746,               0.25126366609561307,             -0.003021771979588794,            -0.0024384919177701386,      1.7603756929572085,      -0.042468747543781334,        0.03770562713826655, -1793.446905995133,3.7913357252770545,-1789.6555702698558, 0.0003912563164357125
                      0.3117965005168932,                    0.015454409925491078,                0.2511674239997435,             -0.002996218017774871,            -0.0021965307374935423,      1.7610406132122716,      -0.041058784902386736,        0.03602126098828037, -1792.450577466187,3.8782536689129055, -1788.572323797274, 0.0010596473201612748
                      0.3126072430402873,                    0.014465550349091236,                0.2514515030002317,            -0.0030321624178885147,             -0.002287574040136559,      1.7630419330338927,       -0.04209625200008476,       0.035812117375129356,-1794.3891445170243,3.8514063346449112,-1790.5377381823794,0.00015249386474797293
                     0.31493533434958976,                    0.014518341567512149,               0.25172619285878156,             -0.002917008558071923,            -0.0024759250798019263,      1.7639311384576573,       -0.04236679465740541,       0.036992277383190435, -1794.598517703353, 3.803013100040701,-1790.7955046033123,0.00012368662854866087
                     0.31359084253590885,                    0.015244738008926758,               0.25155034557073014,            -0.0030129492844787114,            -0.0023715694773314006,      1.7636215371461712,      -0.041992084600497366,        0.03626345493306201,-1793.2144162288837, 3.837721009106952,-1789.3766952197768, 0.0004936627798558502
                     0.31292093922572944,                    0.013584274007092617,               0.25123775306319807,             -0.003008448810896294,            -0.0024073635280293343,      1.7610792334156002,      -0.042508017569236174,        0.03666482758209627,  -1793.17125389904, 3.819596604827992,-1789.3516572942121, 0.0005154369471770997
                      0.3124464750924259,                    0.013546912733236412,               0.25123172311440034,            -0.0031027311946125557,            -0.0024086408086288497,      1.7620231734861944,        -0.0428043823981597,        0.03618496715847219,-1793.4675200504657, 3.825676762812525,-1789.6418432876533, 0.0003832734988831716
                      0.3120923341763704,                     0.01586265582837231,                0.2514123610195919,             -0.003020402130424472,             -0.002254140594838749,      1.7633445687033977,       -0.04108951027502462,       0.035426880329016225,-1792.9268483373958, 3.888867190289805, -1789.037981147106, 0.0006581418882422891
                      0.3129342281007592,                    0.015290549135959237,                0.2514225243168739,            -0.0030397442165969913,            -0.0022989486550642492,      1.7625740682702142,       -0.04161873264581164,        0.03618420559007149,-1792.4723374447044,3.8532841385160723,-1788.6190533061883, 0.0010368384771905928
                     0.31558206340208184,                    0.014476145049189131,               0.25180950265098934,            -0.0028136290100777405,            -0.0024886250943516996,      1.7633046789240294,       -0.04211539483080585,        0.03726575282959194,-1793.1669994845502, 3.799182866949659,-1789.3678166176005, 0.0005176345009314056
                      0.3126437157140887,                    0.015839967533454097,               0.25132937459159144,            -0.0030882215375392695,             -0.002266773565318747,      1.7619426528503075,       -0.04144188761049842,         0.0363126643947756,-1793.4217882919315, 3.856620189952096,-1789.5651681019795, 0.0004012082379572056
                      0.3144945872855364,                    0.013316415121088838,                0.2510167728481548,            -0.0029387906951488076,             -0.002456981980448622,       1.756980841912977,       -0.04265084600272095,        0.03906135368005382, -1792.195637668689,3.7493683701870024,-1788.4462692985019, 0.0013673518778469598
                      0.3132135499114084,                    0.015120643213385975,                0.2514122389677018,             -0.002987105293283376,             -0.002331255473177399,      1.7618870063715515,      -0.041564468520633946,       0.036460755063575226, -1793.196293886091, 3.846706744594477,-1789.3495871414966, 0.0005026906620883801
                      0.3146274757136747,                     0.01609264764879092,               0.25247818991837645,            -0.0029145859456479045,             -0.002428357469621691,      1.7728261403200682,       -0.04206043737467408,       0.033419876190881236,-1793.1228990134427,3.8910910665038165, -1789.231807946939,  0.000540973269207922
                      0.3118088176645189,                     0.01574427910191752,               0.25120735775088837,              -0.00310809330122075,            -0.0023008514802861637,      1.7620958290983504,       -0.04146442925908746,        0.03577912529796589, -1792.917497869615,3.8732908937602195,-1789.0442069758549, 0.0006643246837310243
                      0.3126995382786137,                     0.01665316931475953,                0.2513443489490127,             -0.002954796925423368,            -0.0022533664266214232,      1.7616318549485546,        -0.0405717777295678,        0.03610573549427748,-1793.5886903363958,  3.88282430409539,-1789.7058660323003,0.00033953551277881796
                     0.31244570981855824,                    0.013347362410203291,                0.2512767257706327,            -0.0031697879928397456,            -0.0024302815965382054,      1.7624583963837532,      -0.043109199839651426,       0.036264899361284644,-1792.9642980751664,3.8158461089172513,-1789.1484519662492, 0.0006339504557856557
                     0.31262680797324505,                    0.017258764974699803,               0.25193027245637245,            -0.0029795966711538176,             -0.002150857940853818,        1.76707812349943,       -0.04052280111306766,          0.033952560960806,  -1792.93966326294,3.9313908842918073,-1789.0082723786481,  0.000649761659634463
                      0.3135918888051074,                     0.01475751295375411,                0.2519942297187595,            -0.0030006066354495635,            -0.0023820475255074205,      1.7678345154940613,        -0.0422698100347464,       0.034818101418983075,-1793.3538898898682, 3.862646614613727,-1789.4912432752544, 0.0004293957514466952
                     0.31390743948555755,                    0.014336306159429628,                0.2521437441711331,            -0.0029392014693983576,             -0.002494998216336749,      1.7704544406835376,       -0.04284237457384498,        0.03393051330532465,-1792.9312678640367, 3.864689313305873,-1789.0665785507308, 0.0006552396306599819
                      0.3153222502019831,                    0.015459069523556433,               0.25199116212347544,            -0.0028110616286259743,             -0.002451838089873001,      1.7664601954081989,       -0.04178938992985463,        0.03596031822581067,-1793.1992959625281,3.8388923385281357,    -1789.360403624,  0.000501183809271975
                      0.3125055729311754,                     0.01609260231135958,               0.25127025565032635,             -0.002985830520926628,              -0.00235445494533534,      1.7619229028772267,      -0.041162576718609394,          0.036004290104996, -1792.995618503281, 3.871529171041981, -1789.124089332239, 0.0006144025780198757
                      0.3132428923115334,                    0.016252319493286847,                 0.251844110711361,            -0.0029074498411111767,             -0.002308572272323979,      1.7666721343988114,       -0.04112234334084235,        0.03463379118963059,-1793.0405717563694,3.8980736738810116,-1789.1424980824884, 0.0005873947756686476
                      0.3139188247552346,                    0.015789018931162264,               0.25116302290651166,            -0.0028463751180867543,            -0.0023474240786159565,      1.7586938382855712,       -0.04089955129138123,        0.03797324694605961,-1793.6945046013238,3.8239386544635803,-1789.8705659468603,0.00030544333536203396
                      0.3137782930247306,                     0.01446696924195393,                0.2517746894850078,            -0.0029706305102732717,            -0.0023752456070932366,      1.7652113796053133,       -0.04216218985234655,        0.03588935276990862,-1792.5788971272336, 3.840702302244049,-1788.7381948249895, 0.0009320362920246034
                     0.31715924731256095,                    0.015202305777151561,               0.25176165236271425,             -0.002668279916764644,             -0.002540366422389917,      1.7614699535869407,       -0.04179256069562566,        0.03870787234723846,-1792.6554098822667,3.7632330647539987,-1788.8921768175126, 0.0008633835227843504
                     0.31466618735616697,                    0.013775104636848303,                0.2520240001669513,            -0.0029222512329126565,            -0.0025501018943552864,       1.768655203377563,       -0.04322055860342176,       0.035112848804639295,-1792.7797789662422,3.8244891844860125,-1788.9552897817562, 0.0007624141521961437
                        0.31335969971407,                    0.013737611813148691,               0.25173793143146017,            -0.0029782696150260322,            -0.0024728240778452287,      1.7668256141734178,      -0.042979889611005406,        0.03495442696572194,-1792.9948583983473, 3.842543494148379,-1789.1523149041989, 0.0006148697659841888
                     0.31551115750570213,                    0.015348084903913631,               0.25242247827111364,            -0.0028335343900653047,              -0.00246774085572439,       1.770922389811741,       -0.04236009978569159,       0.034381435561458916,-1792.6052654703667,3.8574890315307973, -1788.747776438836, 0.0009077812275369776
                     0.31356605484482863,                    0.014317579125954086,                0.2510932877528553,              -0.00294470279108508,            -0.0024096768378678232,       1.759675321362873,        -0.0421869328846826,        0.03762161670351488,-1793.1289784285023,3.8016159955216215,-1789.3273624329806, 0.0005376944449337238
                     0.31548886313539437,                    0.012946529500100378,               0.25215425752796167,            -0.0029402804508990507,              -0.00260095241433516,      1.7686925004402472,      -0.043775473082611455,        0.03566086481513918,-1792.5472315107786,3.7924548528476754, -1788.754776657931, 0.0009620220489630337
                     0.31214422375555406,                    0.015533375330056788,               0.25161702839928357,            -0.0030278793426915546,            -0.0022685349662579296,      1.7654594449520622,       -0.04147736361778175,       0.034687389144357435,-1792.5516701912125,  3.89486677219513,-1788.6568034190173, 0.0009577614033347884
                       0.312554082211805,                    0.016463044499113764,               0.25120937920076325,            -0.0028810535358415237,            -0.0021890591166804376,      1.7611074481899813,        -0.0404621596585952,       0.036336531627610524,-1798.7416580904141,  3.88119258205393,-1794.8604655083602,1.9632687047859135e-06
                     0.31373758505200444,                     0.01463697272031475,                0.2520115155101553,             -0.002982682967657307,            -0.0023793314616196363,      1.7684671141808574,       -0.04243368513966277,        0.03468763572080916,-1792.7362358589794,3.8602509004299828,-1788.8759849585495, 0.0007963454085971512
                       0.312598366083229,                     0.01619397513704981,               0.25134353978779256,             -0.002927211351001858,             -0.002276058681051159,      1.7625045997245332,      -0.040822819389842516,        0.03596997870918768,-1793.9178416601749,3.8802584877917417,-1790.0375831723832,0.00024430738839431154
                     0.31353596717731025,                    0.015751532570180186,               0.25144838348119436,             -0.002969564415296575,             -0.002278644036728703,      1.7614326803272184,      -0.041233983058420014,        0.03681988318470025,-1793.8154347230188,3.8447762208252265,-1789.9706585021936, 0.0002706520799098925
                      0.3119850695135549,                    0.016635697815234548,                0.2515693008497905,            -0.0029860896013124377,             -0.002104252804315691,       1.763508936569375,      -0.040411821448953646,        0.03488470706443262,-1793.6892918867711, 3.918281343962759,-1789.7710105428084,0.00030703968131448774
                     0.31265140772990513,                    0.016100055467261523,                0.2515172488218404,            -0.0029967660528806127,            -0.0022999783838161154,      1.7643659498123436,       -0.04127411091911646,        0.03538873754008663, -1792.179560141341, 3.881448624463329,-1788.2981115168777,  0.001389513187220867
                      0.3163015944976108,                    0.013732598687186626,               0.25238481907925986,            -0.0028162127515607796,            -0.0026403003068471756,      1.7701211131643062,      -0.043300573015950854,       0.035422395976392046,-1792.4310801126862,3.8052946292653527, -1788.625785483421, 0.0010805103647118955
                      0.3150271698509138,                    0.016316598504788813,               0.25153677653436685,             -0.002781415622015509,            -0.0023235907319215303,      1.7611466649235832,       -0.04086829977539188,        0.03760284406359557,-1792.7741974660435,3.8263377038843167,-1788.9478597621592, 0.0007666814648630888
                     0.31402080865910226,                    0.013732368964226287,                0.2514831983838146,            -0.0029649888278541602,            -0.0024738811479739016,      1.7634022056594423,       -0.04282618232704464,       0.036736115964525445,-1793.7484163483227, 3.802639577841017,-1789.9457767704816,0.00028941236302155706
                      0.3137126524607402,                    0.016367743926871403,                0.2511219448823556,             -0.002827002716272115,             -0.002254519597092625,      1.7583726800403066,      -0.040526619225310326,        0.03776668842526648,-1791.1786354511955,3.8393038772058947,-1787.3393315739897,  0.003780582698993403
                     0.31298871730051847,                    0.014504624893720586,               0.25113866575297544,             -0.003005357253908837,            -0.0023791212007061016,      1.7599224108949634,       -0.04196389802632305,        0.03732774050034547,-1792.7126737782578,3.8179265927923716,-1788.8947471854653,  0.000815331764034111
                      0.3126695428598416,                    0.015458582863979784,               0.25117688291053275,            -0.0030120619932743793,             -0.002220764269679711,      1.7593409926287025,       -0.04113071142595735,        0.03719394488759999, -1793.466858093891, 3.844230203968126,-1789.6226278899228,0.00038352729328684727
                     0.31424685103595285,                    0.016028397243804504,                0.2515537489197454,            -0.0028552698698183793,             -0.002392681481166897,      1.7629553185410622,       -0.04132029855280122,        0.03658732716230082,-1793.2846417593805, 3.843362993452391, -1789.441278765928, 0.0004601843277508266
                     0.31264444254220125,                    0.015103452868279639,               0.25136725409307414,            -0.0030570922003232987,             -0.002338320012704328,      1.7631355992984807,      -0.041999442622273786,       0.035824397437693924,  -1792.38354806309, 3.853336867404236,-1788.5302111956858, 0.0011331094043441688
                     0.31367098946989747,                    0.014694692165269297,                0.2517241177906598,            -0.0029118813147521825,             -0.002444913679332544,      1.7659383566686246,      -0.042299001583306864,          0.035268876676183,-1792.8887285774604,3.8514861895858488,-1789.0372423878746, 0.0006837144116737968
                     0.31447977950921696,                     0.01622176939532112,                 0.251425802723873,             -0.002828715352207566,             -0.002352950812649685,      1.7605191308171046,       -0.04080533589456611,        0.03750893418136356,-1793.2209397377705,3.8336633508479174,-1789.3872763869226, 0.0004904528477182888
                      0.3143331927712681,                    0.015012430478302323,               0.25184277495986096,            -0.0029256858192929134,            -0.0024774432365220725,      1.7664128047570835,      -0.042186186241044796,       0.035699481002982036,-1794.1245603280663, 3.840762514809677,-1790.2837978132566,0.00019868259533329725
                      0.3134968024911951,                    0.016075584705018048,                0.2515992080501477,            -0.0029135424434962643,              -0.00233202674664675,      1.7645169472306859,       -0.04124100334450622,        0.03573468020284643,-1792.5964801961386,  3.86932440769591,-1788.7271557884426, 0.0009157914691246705
                      0.3150397183815166,                    0.013901565748600544,                0.2516823440159339,             -0.002921778769615073,            -0.0024593517632337043,       1.762936143789422,      -0.042579013767054016,        0.03723588385560677,-1791.7735732754331,3.7912417147557473,-1787.9823315606775, 0.0020853575485970475
                      0.3149224461962365,                     0.01503216172126548,                0.2520089428316396,             -0.002881048517762865,            -0.0024544220162916377,       1.767764373111377,       -0.04234739089590594,       0.035389036897155106,-1792.9100337679388,3.8396580433310574,-1789.0703757246076, 0.0006693018225440382
                      0.3141350429490783,                    0.013982990905400125,               0.25176650931426225,            -0.0030167554906347987,            -0.0024441154275581193,      1.7652287317111441,       -0.04279959876334043,        0.03614877278859678,-1793.2214056451571,3.8159838801973542,-1789.4054217649598, 0.0004902243953367313
                     0.31214182848673977,                    0.014804621279483444,                0.2512606333468427,            -0.0031222551164595998,             -0.002338714115239653,      1.7620803505992226,       -0.04197719958542511,         0.0360272183321828,-1793.0162170504614, 3.852637187269627,-1789.1635798631917, 0.0006018762326941611
                     0.31185724631515105,                    0.014761529135572032,                0.2517229429328337,            -0.0030921118923662263,            -0.0023100371651580604,      1.7677275264702268,       -0.04221876900282787,       0.033842346664820215,-1793.9241184101743,3.8956885301767734,-1790.0284298799975,0.00024277873450227844
                     0.31245611566224774,                      0.0163436193492579,               0.25165240188699195,            -0.0029944543896779953,             -0.002133593249513103,      1.7633112635492836,      -0.040604868380786016,        0.03519924890405174,-1792.6831015973235, 3.903729898551405,-1788.7793716987721, 0.0008398029523456831
                     0.31509165575701575,                    0.014630377871964651,                0.2516566879203961,             -0.002829655328959863,             -0.002496188263085647,      1.7642016158216127,      -0.042341986099989556,        0.03681725632583911,-1793.2895880061992,3.8066215542522137, -1789.482966451947, 0.0004579137625009306
                     0.31452643908962064,                    0.015325818436607084,               0.25188039800962136,            -0.0029097917823913853,             -0.002515779795527695,       1.766817652422663,       -0.04220635450036891,        0.03550018744397629,-1793.6385369356362, 3.843390472100909,-1789.7951464635353, 0.0003230257190082968
                      0.3134399262477742,                    0.014905974125570255,               0.25131733151672814,             -0.002923924110369333,            -0.0023666906980129537,      1.7609493771851825,       -0.04161137773957311,        0.03706610410871843,-1792.2045085013092,3.8301994489212072, -1788.374309052388, 0.0013552759690776835
                      0.3151500380148165,                    0.013193027741893567,               0.25169602951192754,             -0.002927831832671859,             -0.002559712393711692,       1.764255153901575,      -0.043268933448842875,        0.03702308139673122,-1792.9116775018206, 3.777281974420409,   -1789.1343955274, 0.0006682025721462407
                      0.3143027452831659,                    0.015041149236250738,               0.25156438103499945,             -0.002862534026711097,            -0.0023862839466447486,       1.762156678143985,      -0.041568174610851466,       0.036858169498079345,-1793.7748945131111, 3.830684203560903,-1789.9442103095503,0.00028184981777358824
                      0.3113579280252149,                    0.015219041073487765,                0.2510583417141802,             -0.003154074271420393,            -0.0022732229219949327,      1.7602118992302607,        -0.0415237029677668,        0.03624221240788921,-1791.8863469969187, 3.864299195821081,-1788.0220478010976, 0.0018629599712320184
                      0.3190471063610576,                    0.014606169292216647,               0.25200820942378016,             -0.002531118678592286,            -0.0026453765358755424,      1.7618731458435737,      -0.042202933812946965,       0.039498260096207535,  -1791.49571376845,3.7214241189653814,-1787.7742896494847, 0.0027532990127094336
                      0.3128779414510529,                    0.016438267250860568,               0.25152503998076875,            -0.0029531352779435865,            -0.0021682112324813746,      1.7626361416225962,      -0.040746057040179126,        0.03562198750705402,-1792.6575098119988,3.8881294154096544,-1788.7693803965892, 0.0008615723803560836
                     0.31665269529047824,                    0.014416468248188506,               0.25196949055165874,            -0.0027674888456222894,            -0.0025653678186054346,      1.7640444275145521,        -0.0423958814386442,        0.03765167649475005,-1793.3429141071442,3.7760979091238376,-1789.5668161980204,0.00043413466498608733
                     0.31574200489190685,                    0.013330293649469476,                 0.251585440475381,             -0.002871126267235751,             -0.002552707465977253,      1.7620154695249903,      -0.043202921212710306,       0.037948605240169686,-1793.4219337242062, 3.753584559026862,-1789.6683491651793, 0.0004011498935732438
                     0.31205133835239107,                    0.016962370376752113,                0.2511294068338147,              -0.00305517324413333,            -0.0022048572817085876,      1.7599550975300344,      -0.040361890079471066,        0.03660101847194584,-1792.8998809158961,3.8808538606595504,-1789.0190270552366, 0.0006761317579125686
                     0.31672854506996856,                    0.013886433429532226,                0.2524778684691536,              -0.00278198213695807,             -0.002629278721843465,      1.7707170666474128,      -0.043447688408021934,         0.0352426897076096,-1792.6338025126374,  3.80251366381279,-1788.8312888488247, 0.0008822419767745511
                     0.31593100861399864,                     0.01373336961551476,               0.25144417849865175,            -0.0028244672230401113,            -0.0025500131198049865,      1.7606953412211608,       -0.04278194346186979,       0.038676898079374834, -1791.784618512736, 3.746114244331049, -1788.038504268405, 0.0020624510165301755
                      0.3114202550848176,                      0.0169673484972405,                0.2510938908028323,             -0.003052796718826916,            -0.0020608637871298375,      1.7593830471120429,       -0.04007527804794349,       0.036151896427150464,-1793.5164217990218, 3.902027865769665,-1789.6143939332521, 0.0003649816513627343
                      0.3135819061581468,                    0.016382846798873953,                0.2512276761698286,             -0.002867608969758982,             -0.002262958480389029,      1.7599918009871196,       -0.04062189375284147,        0.03741576139399266,-1793.3452008207764, 3.845991705210892,-1789.4992091155655,0.00043314305752270213
                     0.31299762827112027,                     0.01483255648383622,               0.25125460275338707,            -0.0030017978932510066,            -0.0023493251894646174,      1.7603064382717322,      -0.041694596505194845,        0.03703136362616485,-1791.7139659417803, 3.831671427327694,-1787.8822945144527, 0.0022134395438302237
                      0.3131250044771779,                     0.01694749391263571,                0.2516565838363016,             -0.002920882040867923,             -0.002220091108922855,      1.7644227380661714,       -0.04059935902609934,        0.03533363768965646,-1792.6280486109786,3.8965645104933606,-1788.7314841004852, 0.0008873329427613452
                      0.3153320464244632,                    0.016495777672146408,                0.2520289883123355,              -0.00275880200834803,            -0.0023674869114042544,      1.7662688675583014,      -0.041120134503937325,        0.03586175160570741,  -1793.87345083219, 3.857916772037723,-1790.0155340601523,0.00025539670671823224
                      0.3132639600774454,                     0.01545415879064979,                0.2514498036828651,            -0.0029497513679624388,            -0.0023824620251664255,      1.7630688423528031,      -0.041633200000537204,       0.035974559855231535,-1792.7575908692138,  3.85551660775259,-1788.9020742614612, 0.0007795197398324538
                      0.3137143253275447,                    0.013779936096374602,                0.2515626570927823,            -0.0029727755882218206,            -0.0023969693674077957,       1.762864618417066,       -0.04249617273832328,        0.03654764785425763, -1792.184796344765,3.8175763912134735,-1788.3672199535515, 0.0013822564290237895
                     0.31718860782158936,                      0.0152260228091718,                0.2530987225330944,             -0.002717227058529715,            -0.0025984837165316976,      1.7766282458897884,       -0.04288802619166785,         0.0333033895394378,-1794.6159236929957,3.8557853677819702,-1790.7601383252138,  0.000121552368709721
                      0.3172377238984044,                     0.01502644412760407,                0.2519658950131778,            -0.0026996091590282567,            -0.0025245164037615395,      1.7635776398701197,      -0.042084469988546876,        0.03803992834267233,-1792.7650340023379, 3.771179800101236,-1788.9938542022367,  0.000773739209949629
                     0.31270485071031284,                     0.01607563616875358,                0.2513052050255447,            -0.0029442725443797565,              -0.00223348438658016,      1.7611551723828185,        -0.0406923994430172,       0.036515148783687605,-1793.2350157442766, 3.870593486788409, -1789.364422257488, 0.0004835975907516435
                      0.3139535820886226,                    0.014815007257945854,                0.2521041755641136,            -0.0030017425062319296,            -0.0024409056604068934,      1.7692349417218887,       -0.04245428880506167,        0.03454674483362134,-1793.2090871100522, 3.861443945072473,-1789.3476431649797,  0.000496300589831076
                      0.3128599417885583,                    0.015489982735588503,                0.2512748412106915,             -0.003036797265025239,            -0.0023174775442502786,      1.7606523265630392,       -0.04140800608455385,        0.03687934681688621,-1792.5573985654296,3.8432919419611107,-1788.7141066234685, 0.0009522906717644207
                     0.31285348912558797,                     0.01664749946251823,               0.25121059625266556,            -0.0029279762465799545,             -0.002130746668290524,      1.7589435579520845,       -0.04027051548616095,       0.036989221783278965, -1792.919376617539,3.8691660480087893,-1789.0502105695302, 0.0006630777568081182
                      0.3126981184028566,                      0.0173655618430556,                 0.251740590073199,            -0.0029594751156609158,            -0.0022844850071783865,      1.7666512762936986,      -0.040638872578297056,        0.03440230838739474,-1791.9677916082296,  3.91845765057455, -1788.049333957655, 0.0017172462560179126
                     0.31351387685227255,                    0.015260779304023968,                0.2513396297397433,             -0.002850080045391021,             -0.002331123961630571,      1.7612819491206686,      -0.041207617866208135,       0.036849238093835356,-1797.6102455462237, 3.844976105291261,-1793.7652694409326, 6.086196479963025e-06
                      0.3150563040186866,                    0.014980734474801076,               0.25196262186474533,             -0.002858929903774288,             -0.002525540366664452,       1.767292298702091,       -0.04243731017489649,        0.03560812098916626,-1792.9111609995457, 3.831642699121934,-1789.0795183004238,  0.000668547789439917
                      0.3117963748803998,                    0.015868455938856815,               0.25119612838126815,            -0.0031152825442891576,            -0.0022701922529450892,      1.7613344932018395,       -0.04126856697654652,        0.03607575215548788, -1792.564863276059,3.8717128613752334,-1788.6931504146837,  0.000945208563295497
                      0.3129353188707897,                    0.015391812256575878,                0.2514532155865793,             -0.003013264234253643,            -0.0023780618865613737,      1.7637466881005777,        -0.0418005956245555,        0.03590398380268943,-1793.3936465691081,3.8548604661837986,-1789.5387861029244,0.00041265929956655045
                      0.3113469159223679,                     0.01751585689242195,                 0.251637331456521,            -0.0030081282942141154,             -0.002043986751842369,       1.765001288920101,      -0.039972507758803934,        0.03386083507120795,-1792.7586255225792,3.9549210234835406,-1788.8037044990956, 0.0007787136242072576
                      0.3181073795269854,                    0.014889051326858188,               0.25203271953712636,            -0.0025794687982878795,            -0.0025974701061334438,       1.762671731949501,      -0.041838601572095284,       0.038676392583790374,-1792.5712525912672, 3.756900818015283, -1788.814351773252, 0.0009391885801117591
                     0.31340501155276823,                     0.01637894477274993,                0.2516387072713141,            -0.0029215799457545373,            -0.0022401019975242364,      1.7644495936181854,       -0.04095196207009561,        0.03559438522328389,-1793.3113907500851, 3.880272159712102, -1789.431118590373,0.00044803803618806805
                      0.3140000679022021,                    0.014697062943223815,                0.2520272294278103,            -0.0029365908773698324,             -0.002436353849160287,      1.7694633842197747,       -0.04272586290780841,        0.03425792537409053, -1792.611182571492,3.8600892629917887,-1788.7510933085002, 0.0009024256545731985
                     0.31504727779481384,                    0.014318994159804312,               0.25148286448753343,            -0.0028746066158454185,            -0.0025167605863832113,      1.7614267423511083,      -0.042387330601288485,       0.037659350833642885,-1792.5988514965443,3.7862591992996038,-1788.8125922972447, 0.0009136224251861881
                      0.3123590239618405,                    0.015529760628445785,               0.25157458857194437,            -0.0029875117177129307,            -0.0022890726133629464,      1.7657017846005463,        -0.0416275065979988,        0.03471109962906862,-1793.0251402875433, 3.889099698956022,-1789.1360405885873, 0.0005965294392065838
                      0.3155780547046786,                    0.015211437115613211,               0.25196852120377083,            -0.0028445077851298045,            -0.0024210881195755184,      1.7657191078550416,       -0.04203389258105972,        0.03658189067702646,-1793.1072553473327,3.8168858751909465,-1789.2903694721417, 0.0005495026155851384
                     0.31405443732814936,                    0.015261965353472462,                 0.252292756637133,            -0.0029021696675703723,             -0.002446398160893328,       1.771878163682645,       -0.04235860682660456,        0.03332794707633809,-1792.2612934298572, 3.888961092330324,-1788.3723323375268, 0.0012804610037407936
                     0.31308387202005017,                    0.014722158453628849,               0.25126830211355666,             -0.002999186306973287,            -0.0023154554006811568,       1.760892317251934,      -0.041848564703690395,        0.03703319582777409,-1793.5596573494263,3.8270735378518124,-1789.7325838115744, 0.0003495377375527462
                      0.3196386604608886,                    0.015275840401867306,                0.2525319186425977,            -0.0025106761086646414,             -0.002693332071559234,      1.7671129434667354,      -0.042209457016125995,       0.037960776963827984,-1793.7598389990285, 3.754569704896885,-1790.0052692941315, 0.0002861253158250709
                      0.3158761854352897,                     0.01548599358815057,               0.25251118924652327,            -0.0028147864278154676,            -0.0024909803204330966,      1.7715504549674268,      -0.042238805437899325,       0.034597503849402925, -1793.796334317632, 3.853721743176301,-1789.9426125744558,  0.000275871330581427
                     0.31098602818607307,                    0.017710703333104483,                0.2510931051113189,            -0.0030771544286738455,             -0.001981286703534406,       1.758900116297521,      -0.039485630691197274,       0.035933545113236855,-1792.8050256342226, 3.923987095968482,-1788.8810385382542, 0.0007434066824644472
                     0.31239870334996445,                    0.014953534364178043,               0.25143901245607186,            -0.0030393902702501602,            -0.0023061658542622167,      1.7641542216255695,       -0.04189356341786951,        0.03545598846404579,-1794.9011396055753, 3.865829076880294, -1791.035310528695, 9.138937966892481e-05
                     0.31281967940490785,                     0.01659412481913562,                0.2516879302245284,              -0.00293897339105797,            -0.0022098741694210624,      1.7654632948374251,       -0.04089326733691433,       0.034862803033688175,-1792.8610414788604,3.9014249062633546, -1788.959616572597, 0.0007029089747262059
                     0.31332549923496344,                    0.013607230020967304,                0.2513706368052498,            -0.0030486350605094317,            -0.0024723602395933185,       1.762240632272176,       -0.04280664834751594,        0.03659973533286913,-1793.6158871435614,3.8107288441154656, -1789.805158299446, 0.0003304256717204689
                     0.31139014570736817,                    0.016846983548714056,                0.2513787805750009,            -0.0031132313798686597,            -0.0021785121658315105,      1.7639959030601053,       -0.04078234546922361,       0.034745508748421555,-1793.3050869847752,3.9157205044149768,-1789.3893664803602, 0.0004508712834989961
                     0.31521819033676446,                    0.014552104693801141,                0.2524877488618495,             -0.002868285185299775,             -0.002483585813429344,       1.771809908875093,      -0.042755005181576176,        0.03412941052046535,-1791.8464019015396, 3.854496315123447,-1787.9919055864161, 0.0019388823534244937
                      0.3109200782909417,                     0.01548252430195737,               0.25108692987930475,             -0.003179007058470427,             -0.002194892261753034,      1.7616048087590777,      -0.041543748913736425,        0.03545900226914984,-1794.2698645019595,3.8839006234565048, -1790.385963878503,0.00017181260535831518
                     0.31427936274591983,                     0.01566503477295721,                0.2511940340252183,            -0.0028627800538197873,            -0.0022690740555247313,       1.757673410567676,       -0.04088921399460894,       0.038545750923384706,-1793.6005007256404, 3.808261019475306, -1789.792239706165, 0.0003355490533668141
                     0.31304198094252933,                      0.0147901861752249,                0.2514735047759063,            -0.0030791939659099753,             -0.002398950040063323,      1.7635117510307334,       -0.04219948256522939,        0.03614644433329337,-1793.3969480168485, 3.838550686461894,-1789.5583973303865, 0.0004112991728834459
                      0.3151656556873823,                     0.01588732955717213,                0.2519429953391094,            -0.0028250236452645925,            -0.0023957360955010596,      1.7653435984723886,       -0.04146016995582093,       0.036292606014988855,-1793.5114450559045, 3.840758297955216,-1789.6706867579492, 0.0003668025987193017
                      0.3148622631460906,                     0.01615142627390399,                0.2519782125108342,            -0.0028654649194947367,            -0.0024050197314086255,       1.766631353791209,       -0.04144128540807338,        0.03574196449570117,-1792.4559035596499,3.8555021478724294,-1788.6004014117775, 0.0010540185425004956
                      0.3128841910200427,                    0.016103800546152024,               0.25104107429226924,             -0.002951450887065886,            -0.0021517337008946117,      1.7573724044373917,       -0.04055550955444304,       0.037705339461989576, -1791.893209176032,3.8452836823698204,-1788.0479254936622, 0.0018502197689973861
                     0.31338875349483797,                    0.014343364254239682,                0.2513645830482972,             -0.002996552042381373,            -0.0023757239027139875,       1.762545912240159,       -0.04234886552039164,       0.036519116183278445,-1792.1970164825575,3.8240016528599563,-1788.3730148296975,  0.001365467853272695
                     0.31473478104604274,                    0.014611596189158117,               0.25218621007031616,            -0.0028907847784774474,             -0.002471286634236804,      1.7695292424200058,       -0.04275720364680783,        0.03459460924334758,-1793.3538160339772, 3.847451086492736,-1789.5063649474844, 0.0004294274660236753
                     0.31282088946670267,                    0.016054720763590262,                0.2518151525751951,            -0.0030376474178450182,            -0.0023263061557802483,      1.7672634461416878,       -0.04162597283901239,        0.03435348479931796,-1793.3112442252473,3.8939370729089795,-1789.4173071523383, 0.0004481036896984992
                      0.3116518517420204,                     0.01519699421188938,                 0.251410090692545,            -0.0031219136065402968,             -0.002257665190232898,       1.764283815835229,      -0.041750998781303526,        0.03487493578034731,-1794.9103501904642,3.8869142936668135,-1791.0234358967973, 9.055149465852568e-05
                      0.3121404078673703,                    0.015399015397618131,                0.2510443583872081,             -0.003077526664370422,            -0.0023243605924102035,      1.7597527523818584,       -0.04147819491557409,       0.036857388371899856,-1792.5523973267004,3.8465054161845704, -1788.705891910516, 0.0009570652341647365
                     0.31328600215226904,                    0.014062964397476512,                0.2514848608989932,            -0.0029665812908315835,             -0.002412104508936218,       1.763656374377648,      -0.042334561028752486,       0.036192909180163955,-1792.6317091490687,3.8325061699946508, -1788.799202979074, 0.0008840907644047441
                      0.3136719553297007,                      0.0160329934929088,                0.2513676843747991,            -0.0029681561847670333,            -0.0023641021367251155,      1.7611628562800115,      -0.041187341245812234,       0.037087369257783845,-1792.4863058138494,3.8389466202558706,-1788.6473591935935,  0.001022456216807738
                     0.31614947073159366,                    0.012147211422438653,               0.25149458759154203,            -0.0028572827542476757,            -0.0026495932647243206,      1.7606222335229744,      -0.043805658745657325,        0.03879654703114225,-1793.8698095496743, 3.714699636118084,-1790.1551099135563, 0.0002563283734825063
                      0.3143917354389069,                     0.01619462650995569,                0.2521638704080489,            -0.0029095063944368643,            -0.0023633588123886905,       1.768660322704712,       -0.04147142894872111,          0.034724426889598,-1793.3831572773747, 3.880049657239433,-1789.5031076201353,0.00041701058439835235
                      0.3117497287245259,                    0.015375078296520085,               0.25130475303154515,             -0.003089010535756649,              -0.00226314239452401,      1.7634229389740084,       -0.04164052812653675,        0.03525884217528874, -1793.941380891822,3.8806868157675485,-1790.0606940760545, 0.0002386237370169765
                     0.31279127331320017,                     0.01631128453274035,                0.2515070715770291,            -0.0029512166104435186,            -0.0022040018767114596,      1.7632946080828233,      -0.040899604589212046,       0.035637329641275674,-1792.3024148879726, 3.884475780390198,-1788.4179391075825, 0.0012288745053065273
                      0.3137508239609053,                    0.015571605068598338,                 0.252068628617774,            -0.0029707843472205485,            -0.0023731736677598397,      1.7695072628936885,      -0.042108064330506116,         0.0341838024680023,-1793.1822353963285,3.8793163148279293,-1789.3029190815005, 0.0005098076434026324
                      0.3134976573012146,                    0.016008322714433622,                0.2513208223968972,            -0.0029040558549607333,             -0.002206866319066938,      1.7598766097249028,       -0.04082413575767383,        0.03719651271913032,-1793.2095302002294, 3.846589868323708,-1789.3629403319057, 0.0004960807326266572
                     0.31258460607067245,                    0.016178900501364443,                0.2519693078854547,            -0.0029809443301520066,            -0.0022859384019793378,      1.7696200443315897,      -0.041492223614608525,        0.03331687319234798,-1793.3893373876804,3.9206468062509154,-1789.4686905814294,0.00041444136020994584
                      0.3191509767778196,                    0.014380455343397972,               0.25241162612487283,             -0.002575002746566792,            -0.0027415027953108365,      1.7670445506837478,       -0.04290253572108085,        0.03784468418182592,-1793.9755608712317,3.7423425528887977,-1790.2332183183428,0.00023060539657242103
                     0.31300604678843047,                    0.015740899905229724,                0.2512078586148837,             -0.002970988983457529,             -0.002202919410991365,      1.7599523191188022,       -0.04107368529403029,       0.036954375409319465,-1796.3324243433403,3.8490149288580913,-1792.4834094144821, 9.649524061944706e-06
                     0.31310484479696793,                     0.01564602718009409,                0.2512989409573208,             -0.002922523204314133,            -0.0023231381555294662,      1.7612656471919788,       -0.04129411883911215,       0.036591194603109486,-1792.6340267668043, 3.851158122394268,  -1788.78286864441,0.00038967231604079415
                     0.31307572243962634,                    0.013773189241476295,                0.2515493697269954,             -0.003073888514509791,            -0.0023870170820511293,       1.764358073721367,       -0.04281596395692181,        0.03581301675674924, -1791.902577392429,3.8297306181184076,-1788.0728467743106, 0.0008097742823281941
                      0.3145182056968014,                     0.01566819676449485,                0.2521262032193804,            -0.0028683353182926818,            -0.0023356165851649243,      1.7681466032120416,       -0.04169111220092102,        0.03492200189759728,-1792.6271627814535, 3.869346793334224,-1788.7578159881193, 0.0003923562217167817
                     0.31263042080372594,                    0.014909486741051617,                  0.25133450891435,            -0.0030221103726802774,            -0.0022864743944037338,      1.7621336335015743,      -0.041902786798492055,        0.03609811373527376, -1793.871317569778,3.8497727418901735, -1790.021544827888, 0.0001130709352899643
                      0.3125820948938812,                    0.014600585439605662,                0.2512768611164387,             -0.003009299262280196,            -0.0023573459244840625,      1.7618699261754722,      -0.041871278703106765,        0.03633417457162128,-1792.4099107569405, 3.845693156719952,-1788.5642176002204,0.00048756430065951303
                      0.3158885976229343,                    0.015080292098201307,                0.2521892992289359,            -0.0028012878454288515,             -0.002475761586414566,       1.767367432179435,       -0.04213656994815398,        0.03598635690535628,-1792.8952347393156,3.8257976015179604,-1789.0694371377976,  0.000300094732003006
                     0.31549264279674183,                     0.01474296692808114,               0.25180049242359037,             -0.002780500923624689,            -0.0024735295677054407,      1.7640155987328625,      -0.042073288657115335,       0.036796362982851834,-1796.4709183919745,3.8115826860751634,-1792.6593357058994, 8.401535993438135e-06
                      0.3140102113827696,                    0.014658615850956357,                0.2519581495995093,            -0.0029124417975242996,            -0.0024673080006474973,       1.767901897713747,       -0.04238893822661934,       0.034741559104358936,-1792.5583506010066,3.8585729771315256,-1788.6997776238752,0.00042030571378681773
                     0.31401957122661084,                    0.015373608616525427,                0.2512134219371898,            -0.0028769343116449254,            -0.0022848096983590876,        1.75892334127891,      -0.041203122142759174,        0.03785083410400974, -1795.555764898541,3.8185304966429774, -1791.737234401898, 2.097996718646958e-05
                      0.3140967582304061,                    0.014336809285425118,                0.2512265635408049,             -0.002876203822393489,            -0.0023857485712715527,      1.7590398894420494,       -0.04174054028824429,        0.03807526502823798,-1791.9185308651527,3.7991944670145363, -1788.119336398138, 0.0007969580737433087
                     0.31277495195141086,                    0.014655743282014268,                0.2513135932873747,            -0.0030306707563991634,            -0.0023466966370600624,      1.7616297173787294,       -0.04193719073757607,       0.036423424184734515, -1790.770988542597,3.8407463687699246, -1786.930242173827, 0.0025107690882973867
                     0.31441090626407947,                    0.015307167766802651,               0.25173204214049905,             -0.002878149074768234,            -0.0023726519002720656,      1.7649145472187582,       -0.04189586693472954,        0.03612517964620303,-1791.8826931564913,3.8381082716701354,-1788.0445848848212, 0.0008260371769960443
                       0.313888669471063,                     0.01564910460479494,                0.2515445896161448,             -0.002862961280301713,            -0.0022731570178302044,      1.7622665487587423,       -0.04118518023947733,       0.036544840533853526,-1793.0141239869586, 3.850055741314425, -1789.164068245644,0.00026645595303054963
                     0.31391347140593545,                    0.014815766641868497,               0.25146164283351324,             -0.002958388760053563,            -0.0024361733240927984,      1.7626578538537352,       -0.04215744214464329,        0.03671840266210646,-1792.2062570973935,3.8211215338648747,-1788.3851355635286, 0.0005976921607649453
                     0.31333689360870953,                    0.014701944977972241,               0.25154633444465746,            -0.0029780970853814544,            -0.0024174062009406105,        1.76418696742365,       -0.04222519040741064,        0.03571889149899039,-1792.2018343631175,3.8455709319036417,-1788.3562634312138, 0.0006003414486004361
                      0.3122592879863776,                    0.013667737032969265,               0.25104892359889946,            -0.0031238035742406902,             -0.002302228934544724,        1.75953546955297,      -0.042498537477605014,       0.037023972891240604, -1790.953509477687, 3.815683559539453,-1787.1378259181477, 0.0020918904544459716
                     0.31284884842283817,                    0.014262376909835098,               0.25116105611104805,            -0.0030419676652862805,            -0.0023591794085578446,      1.7597117443405732,       -0.04196539992730367,       0.037347105879908894,-1792.2924239562412,3.8183940459944763,-1788.4740299102468, 0.0005483473745184251
                     0.31422567489316666,                    0.015384060749065159,                0.2514471879272521,            -0.0028071147650635033,             -0.002361166935477879,      1.7621539785205924,       -0.04145374804343871,        0.03682204443432067,-1797.6931606444555, 3.834773404111745,-1793.8583872403437, 2.474831450797342e-06
                      0.3157492466968417,                     0.01475606527327788,                0.2518838338185655,            -0.0027885482681999016,             -0.002500769417209591,      1.7645167055291688,       -0.04218499600900308,        0.03691267822190892,-1792.5461328148926, 3.804394590737678, -1788.741738224155, 0.0004254724176706506
                     0.31240940152966135,                    0.015727517371695997,                0.2513580219409425,             -0.003016021849866858,            -0.0023049622460132673,      1.7624789728993406,       -0.04131563950447171,        0.03593065435421046,-1792.5237683600976,3.8699377959270267,-1788.6538305641707,0.00043509507802216797
                     0.31237838901706555,                    0.015356574436963989,                0.2511885458471812,              -0.00295378699275272,             -0.002249090208688855,       1.760441610880938,      -0.041182226010576105,         0.0364338191979643, -1792.045953777822,3.8621788112492217,-1788.1837749665729, 0.0007016110282489107
                     0.31570641194175275,                     0.01515557414597696,               0.25225050841220176,            -0.0027390151012644786,            -0.0025127079307402395,      1.7692640079869029,       -0.04217857430386653,       0.035146833188657266,-1794.3030507640683, 3.844434573325542,-1790.4586161907428,   7.3426299363517e-05
                      0.3140916891979179,                    0.014262866754059586,               0.25175977028475327,            -0.0029714185316069854,             -0.002403723443191659,      1.7653891008954172,       -0.04266024641230512,       0.035838526294913714,-1791.8567659676387,3.8267822270418588, -1788.029983740597, 0.0008477340529762044
                      0.3109807980356858,                    0.016132432984295658,               0.25112475998843947,            -0.0030774788915522845,             -0.002231920006727454,      1.7620069798426141,       -0.04093288314224234,        0.03523131861102731, -1794.156355805812,  3.90400459760058,-1790.2523512082114, 8.502770390295556e-05
                      0.3129272952634896,                     0.01624598796172418,               0.25145227985476704,             -0.002903056972895591,            -0.0022253649006423837,      1.7630268195413414,        -0.0408013291468214,       0.035821405412252136, -1792.173662011965, 3.882017260969252,-1788.2916447509958, 0.0006174949717192628
                      0.3132031034782801,                    0.015122559042420344,                  0.25134323194452,             -0.002944358541967536,            -0.0022608191648612794,       1.760786416227052,       -0.04138211850539313,        0.03683983469864413, -1791.604051734062, 3.842698699798216, -1787.761353034264, 0.0010914705598228727
                      0.3137669346576192,                    0.016084878983839646,                0.2512565849028916,              -0.00292231741487153,             -0.002345140113209057,      1.7599167465596735,       -0.04101013983873991,        0.03747883236366615,-1791.5745263846798,   3.8336995923516, -1787.740826792328, 0.0011241770690512778
                      0.3128216260164116,                    0.015086372870228688,               0.25161742270477533,            -0.0029718008853873287,             -0.002338498615937369,      1.7652037895697568,       -0.04183079499847419,       0.035108413486264055,-1791.2767401924189, 3.872433657977128,-1787.4043065344417, 0.0015141246240631076
                     0.31514662993100767,                     0.01453227059012565,               0.25198519138253933,            -0.0029112142233186193,             -0.002472097193221479,      1.7663087798725352,      -0.042492822299735514,       0.036145757827100604, -1792.130630834315,3.8176893245805887,-1788.3129415097344,  0.000644646499107018
                     0.31419119563098785,                    0.013161807337725808,               0.25180672120852693,            -0.0030046405853490356,            -0.0025578032676907953,      1.7665842036271737,       -0.04349200967364766,       0.035660654670100475,-1792.4135836457922,3.8082366597280535,-1788.6053469860642,0.00048577681580117346
                      0.3146310485017675,                    0.012723278465432501,               0.25176173967350624,             -0.003018604480026362,             -0.002524557268906086,      1.7647270389817313,      -0.043570493998374885,        0.03669262534076912,-1793.1973094736763, 3.780131458771565,-1789.4171780149047,0.00022185487764061346
                     0.31426677898499816,                     0.01488507862148737,                0.2512672905251657,            -0.0028988603431921185,            -0.0024058096610363676,      1.7594911035883312,       -0.04165361514003661,        0.03796810917722561,-1791.0418890638489, 3.802838196541412,-1787.2390508673075, 0.0019149444121975242
                     0.31292136802887116,                    0.015663866306286016,                0.2516080722368456,            -0.0029858298308767057,            -0.0022977926760846096,      1.7643043367769828,       -0.04138625138082115,        0.03543118174458827,-1792.5604929031629, 3.876066337463519,-1788.6844265656994, 0.0004194062557493392
                     0.31358725998590375,                    0.014999354766836982,                 0.251152091861481,            -0.0029468215885107146,            -0.0023936462192430275,      1.7593760338161848,       -0.04163507897114315,       0.037600061845155616,-1792.5069526110406, 3.816236492638502, -1788.690716118402, 0.0004424733897266052
                     0.31309146089015333,                    0.015387265107775138,               0.25127371414793326,            -0.0029463465094617977,            -0.0023812894627679485,      1.7615325203910535,      -0.041594446625179804,        0.03649052153804508,-1792.3853577961468, 3.845922766704379,-1788.5394350294423, 0.0004996836215876804
                     0.31212666213268114,                    0.014937762608502696,                0.2513874573174032,            -0.0030736449250144842,            -0.0023492695818767397,      1.7637955238324459,       -0.04200281357732542,        0.03535653353765967,-1792.2717597816131,3.8669302883786925,-1788.4048294932345, 0.0005597964054096448
                      0.3153742789230007,                    0.015387670180467352,               0.25207323718868324,            -0.0028170928449150396,             -0.002438753686070291,      1.7666718503902852,       -0.04185215078298736,       0.035908358829189045, -1792.859393143523, 3.838110501710455,-1789.0212826418126,  0.000311045683584498
                     0.31524617937962923,                     0.01459377898128907,                0.2518390741405891,            -0.0028044453713220066,             -0.002496029099128512,      1.7651311296538732,      -0.042349175932496194,       0.036352772077498645,-1791.4994948599692, 3.816071996752559,-1787.6834228632167, 0.0012117708456413317
                      0.3140202951592504,                    0.015670588553307253,                0.2517828445642852,             -0.002955097500913132,            -0.0024125596123679718,      1.7657533552305273,       -0.04185055782854619,       0.035594455115756894, -1792.669514023854, 3.853630040586502,-1788.8158839832674, 0.0003760864035308492
                      0.3136305126084607,                     0.01577982293553132,               0.25107539617598207,             -0.002897530205051838,             -0.002261803317198153,      1.7576623253909327,        -0.0408114504813073,        0.03815756304559942, -1791.010486063999,3.8235729073360067, -1787.186913156663, 0.0019760335827263107
                     0.31228387376647376,                    0.014914349022270068,               0.25102907958966414,             -0.003013156528343218,            -0.0022688651560604494,      1.7593736309787573,      -0.041536332990150894,       0.036943919145939766, -1790.193608568546, 3.842132481029206,-1786.3514760875169,  0.004472596399247671
                      0.3124628353110255,                    0.013774284780036195,               0.25147841835837675,            -0.0030671268471083413,            -0.0024132109115278123,       1.764355631261626,        -0.0426891557481808,        0.03530000274219093,-1792.8067304107176,3.8483226535926054, -1788.958407757125, 0.0003278651929347904
                     0.31338287904081813,                    0.013903065489392595,               0.25106021199968037,            -0.0029745849254585086,            -0.0023740728001848677,       1.758334301418273,      -0.042229549753948235,        0.03783475912225368,-1793.5405120861137,  3.79671691982929,-1789.7437951662844,0.00015740480319287008
                      0.3134272827810731,                     0.01446848075040198,               0.25153165597325744,            -0.0029964779267695357,            -0.0024641547125015405,       1.764032550108067,       -0.04240404040220372,        0.03593630913051994, -1793.095495156204, 3.835547815065808, -1789.259947341138, 0.0002456328106655705
                      0.3132558852270715,                    0.014592842350447525,                 0.251561713732905,             -0.003018029310331458,            -0.0023445878002747666,       1.763446807763017,      -0.042043009659443194,       0.036022707481549544,-1792.7499817514777,3.8440685476626757, -1788.905913203815, 0.0003470091630184923
                      0.3138887151361065,                    0.015532393823926252,                 0.251612481603599,             -0.002851732032543493,            -0.0023236030446910434,      1.7634610682090308,       -0.04124240584291343,        0.03624567082273657,-1797.1970693959342, 3.855456115597101,-1793.3416132803372, 4.064389476897487e-06
                     0.31270856729469954,                    0.015043308744916696,               0.25124816073798034,             -0.002991826855080517,             -0.002301772919960066,       1.760986278565123,       -0.04152148656640333,        0.03651905823339511, -1791.431956300286,3.8496162124148943, -1787.582340087871, 0.0012964391076832156
                       0.313814316531056,                    0.013826628408580819,               0.25112705583247136,             -0.002967933277528898,             -0.002380069124912895,      1.7589963811910079,       -0.04251393662950356,        0.03796810959683056,-1791.9202875463893,3.7833730043130105,-1788.1369145420763, 0.0007955593014070298
                      0.3146802132051518,                     0.01547573126057048,                0.2520802728380064,              -0.00290597920342104,            -0.0023743954894024895,      1.7681020919107295,       -0.04202014501886418,        0.03512221676657349,-1792.3048693526457,3.8554893448173106,-1788.4493800078285, 0.0005415652646368244
                     0.31466409642400117,                    0.014940347934515855,               0.25245326207650615,             -0.002885214946977951,            -0.0024843147347947524,      1.7729413831140193,       -0.04276935747522354,       0.033292898698000194,-1792.6507276036032,3.8750917603643806, -1788.775635843239,0.00038321850431997765
                      0.3150736852316809,                    0.014418734191651487,                0.2520255753005086,            -0.0028885987730975318,             -0.002493197065746706,      1.7668521970274265,       -0.04253441945207537,        0.03590753752103577,-1793.1980270338968, 3.822429191818814, -1789.375597842078, 0.0002216957405077749
                     0.31329827386114945,                    0.015620863908339631,                0.2514023492907697,            -0.0028907446673465662,            -0.0023611131398590993,      1.7622352918657316,       -0.04126909654010095,        0.03626874711148613,-1791.9188641335363, 3.857955156285531,-1788.0609089772508, 0.0007966925170675105
                      0.3137692316062946,                    0.013663162840368594,                0.2513508620186738,             -0.003035237589951746,             -0.002453072877573413,       1.761165933821168,       -0.04273489902360367,        0.03725154484809667,-1792.3530445854653,3.7948053905249823,-1788.5582391949404, 0.0005160937071532402
                     0.31366916880589923,                    0.015837590690053267,                0.2513049398481981,              -0.00287222367823771,             -0.002308139663298561,      1.7603264554893228,       -0.04099275987732987,         0.0370746690543713,-1791.7655328149963,3.8441524763504504,-1787.9213803386458, 0.0009287133396556244
                      0.3150321173104828,                    0.012882366639674044,               0.25155082966847137,             -0.002959420667891703,            -0.0025618395169111447,      1.7624218437489378,       -0.04336426216358325,       0.037676561633034324,-1792.4864876020742, 3.760299865935015,-1788.7261877361393,0.00045162190453996895
                     0.31403268323548156,                    0.014609877562343405,                0.2516448851072755,            -0.0029333630190032747,             -0.002407564013665338,      1.7634048236229725,       -0.04204746784136648,        0.03642413683894175, -1791.273491714303,3.8300047358608564, -1787.443486978442, 0.0015190512224101972
                       0.314823043013367,                    0.015110871434029212,               0.25192592242991596,            -0.0029089441173184623,              -0.00246867447198801,       1.766320912336261,       -0.04222523721407713,        0.03583537457932169,-1792.1353489447097,3.8335931806163526,-1788.3017557640933, 0.0006416121495856031
                      0.3140190977459155,                    0.014161130319238047,               0.25130081339242394,             -0.002896648134566881,             -0.002402172130112172,      1.7602469363771043,       -0.04213695689494904,        0.03742254948677476, -1792.098031777124,3.8047738220451484, -1788.293257955079, 0.0006660076522539137
                     0.31387802017729677,                    0.015402346346633128,               0.25176473443300595,             -0.002943463163074398,             -0.002405136537946589,      1.7653368519866226,       -0.04183468231710145,        0.03569033859268536,-1791.8773259242957,3.8528530205329994,-1788.0244729037627, 0.0008304826295434298
                      0.3130941167749257,                    0.014957827651953194,               0.25134678136333444,            -0.0029836060848856243,             -0.002277525692552108,      1.7608275682086463,       -0.04142580630383316,       0.036937758155905345, -1793.086339583237, 3.840095285235991, -1789.246244298001,0.00024789204630344767
                      0.3130782193869711,                     0.01499726962389964,               0.25149000893211026,            -0.0029826225675036633,            -0.0022700911317086055,       1.762736433269463,      -0.041624737076710966,        0.03624114910330624,-1792.2193126200705,3.8509414282252665,-1788.3683711918452, 0.0005899396935767059
                     0.31441900560949326,                     0.01486274595537178,                0.2512039688689483,            -0.0029118394876024283,            -0.0023412773535890683,      1.7582962338853285,       -0.04160891868731906,        0.03862000769555985,-1792.3259058466006,3.7874139427420004,-1788.5384919038586, 0.0005302916248927113
                     0.31427031153644597,                    0.015822440910161606,               0.25198866931550234,              -0.00289156006704667,            -0.0023971832810886834,      1.7674493845487342,       -0.04159818938433527,        0.03511402624597258,-1792.9552203356848, 3.869139229779849, -1789.086081105905, 0.0002826226460788373
                     0.31433754550730897,                    0.014316670153994857,                0.2511314835073687,            -0.0028889380435023777,            -0.0023695628288444535,      1.7581031377030307,      -0.041994416104896085,       0.038467010126480156,-1790.4218102156678,3.7816914028828688, -1786.640118812785,  0.003560024556805583
                      0.3133014238352035,                    0.014025765037219263,                0.2515022659409393,             -0.003008702936272474,            -0.0024263599545529847,      1.7631132259925528,       -0.04238953967816787,       0.036289544357622536,-1792.2682113687283, 3.828840694060017,-1788.4393706746682, 0.0005617863226234529
                       0.316681534964403,                      0.0140761260242807,               0.25219978790282555,             -0.002767642330334779,            -0.0026092171971091697,       1.767509302628118,      -0.043024606364015165,       0.036357903768530896,-1793.1129581348355,3.7891980838868067,-1789.3237600509487,0.00024138056662669687
                     0.31261687452514236,                    0.016202492584640293,                0.2511825283192621,              -0.00297244361076863,            -0.0022071529056156285,      1.7599699984677923,      -0.040767836220629496,       0.036760169587340234,-1791.2469727435277,  3.86357537721467,-1787.3833973663131, 0.0015598737912743282
                     0.31385656734277984,                    0.014660896375880614,                 0.251265203015682,            -0.0029227621487595066,             -0.002394891593317006,      1.7607515556188944,       -0.04200053008597959,       0.037334895403711064, -1791.625063424744,3.8112976702546653,-1787.8137657544894, 0.0010687761766524442
                       0.314504758521551,                    0.013537881798827369,                0.2510901735679568,            -0.0029530954061384625,            -0.0024457784013587037,      1.7577828305039311,       -0.04265607345368512,         0.0388674242571337,-1791.3824047798093,3.7538356724644473, -1787.628569107345, 0.0013622978624002148
                      0.3142170862061588,                    0.015681554732483487,                0.2518758236668177,            -0.0028411392733275007,             -0.002330754080076391,      1.7657947859511292,       -0.04139333828889877,        0.03555439706039071,-1792.4569621289324,3.8649805129063006, -1788.591981616026, 0.0004651550582184806
                      0.3151700559483214,                    0.013250713248479101,               0.25177641456014754,             -0.002919034368495432,             -0.002568285196902845,      1.7645017143963213,       -0.04328792144762588,        0.03685021139483264,-1792.3196507001344,3.7806179610938218,-1788.5390327390405, 0.0005336190726634084
                       0.316145786744732,                    0.015475619144692086,                0.2519649769081271,             -0.002718778171102043,              -0.00248435700499294,      1.7657425740968395,       -0.04188643293003165,        0.03663542897987893,  -1792.04103951771,3.8158279298219364, -1788.225211587888,  0.000705067413170453
                       0.314223134865801,                    0.013786555960441272,               0.25158096445023354,             -0.002975550616383927,            -0.0024478974549424124,      1.7627622044937186,       -0.04258900055095821,        0.03689961396967322,-1791.9775808117479,3.8039250464048875, -1788.173655765343, 0.0007512602470236687
                     0.31558501884394724,                    0.014914596278121365,               0.25132885109731684,             -0.002794366722138042,            -0.0024378775006260087,      1.7588247918912174,       -0.04164094019071612,        0.03889525169309996,-1791.5571125443762,3.7726012864545018,-1787.7845112579216,  0.001143924751474271
                      0.3135998329447187,                    0.014494942179733433,                0.2513165458899478,            -0.0029858562176205156,            -0.0024005380947233266,      1.7609756050173737,      -0.042199447682035165,       0.037127951534572004,-1792.0463872446066,3.8125979336817606, -1788.233789310925, 0.0007013069690769429
                      0.3139837168936842,                     0.01495111731991473,               0.25114376242440795,            -0.0029276675708953164,            -0.0023347966856360194,      1.7581381784583474,      -0.041531596939626096,        0.03836153753311683,-1791.6281793749008, 3.798328817880247,-1787.8298505570206, 0.0010654511064240413
                      0.3153951668917566,                    0.014906607556554962,                0.2520855379832307,             -0.002823301612557239,             -0.002485856989451369,      1.7676044311724033,       -0.04247030291509516,       0.035489244879159255,-1791.8193785970175, 3.831240089204361,-1787.9881385078131, 0.0008800285414848006
                     0.31525517677863607,                    0.014347379303300309,               0.25224473743972897,            -0.0029003539464828683,               -0.0025269976882917,      1.7693066530627775,      -0.042867099748578545,       0.035067596310297156,-1792.0078488013573,3.8311182467325056,-1788.1767305546248, 0.0007288617976929637
                      0.3153099550640675,                    0.015425685003698857,               0.25226054771562395,             -0.002864714433155549,            -0.0024625405255165045,      1.7696690141333062,       -0.04226945747103656,        0.03487430184024347,-1792.6504467673508,3.8504797858229804,-1788.7999669815279,0.00038332614108202103
                     0.31336098107686655,                    0.013485616659281833,               0.25136831412510213,            -0.0030094161194657385,            -0.0024489889259692943,      1.7620691365861516,      -0.042778125953690946,        0.03676367675219005, -1792.960383757813,3.8074755558732587,-1789.1529082019397,0.00028116710706916096
                     0.31210976636488075,                    0.016419840113946996,               0.25135790043631473,            -0.0030231342592870135,            -0.0020850757573924227,      1.7609565751603358,      -0.040463813932048426,        0.03592031073243246, -1792.849409735852, 3.893383257111342,-1788.9560264787408, 0.0003141665318776012
                      0.3143475672041238,                    0.013263807622656918,                0.2513257868458619,             -0.002945491197013575,            -0.0024741811240359454,       1.760023477989755,       -0.04277817479229205,          0.037878314778854,-1791.7016340028208, 3.775365466191815, -1787.926268536629,  0.000989994051622455
                       0.316771107234092,                    0.015254496753911306,                0.2518271795583992,              -0.00267891343189431,            -0.0024961856042920224,       1.762326024381224,       -0.04167555037464202,       0.038065784057634264,-1792.0950312873388, 3.784071299216219,-1788.3109599881225, 0.0006680090024253276
                     0.31509486161367756,                    0.012572888823389363,               0.25181646377778566,             -0.003004600172493384,            -0.0026401752341653666,      1.7659632643781784,        -0.0440538047576992,        0.03656260034421601,-1794.0108994257266,3.7671291600327796, -1790.243770265694, 9.834026057762707e-05
                      0.3155142250287299,                    0.014007638136994372,               0.25254122502337634,            -0.0028745590084327845,             -0.002556077104376716,       1.772469736156803,       -0.04325662081035898,        0.03411888017749659,-1792.1233880577215, 3.839627875209528, -1788.283760182512, 0.0006493324789497605
                      0.3132483489793199,                    0.015579315994665648,               0.25152921024558217,            -0.0028994275601762036,             -0.002324748029410318,      1.7645143771029663,       -0.04153947062718474,       0.035592928932479034, -1792.327747395781,3.8664329174808456,-1788.4613144783002, 0.0005293159654236807
                     0.31488232723308623,                    0.015145000869135105,               0.25165546015897305,            -0.0028512949784409436,             -0.002438029143513104,       1.763109656598771,      -0.041790731229511144,       0.036920769697622716,-1791.3630083828853,3.8198478734359034,-1787.5431605094493, 0.0013889794593832353
                     0.31261674296412156,                    0.015224317039082775,                0.2512437062023118,             -0.002980926767184894,             -0.002299566338825955,      1.7616684410384593,        -0.0415284301131156,       0.036315475289072405,-1791.8486103996543, 3.854567664851084, -1787.994042734803, 0.0008546760752673232
                      0.3125956158575228,                    0.013723920356379557,                0.2511435932029095,            -0.0030757293251480653,             -0.002340617208898691,      1.7601133732069452,      -0.042428810027979054,        0.03697774636286616,-1790.4423792377615, 3.816488348186972,-1786.6258908895745, 0.0034875462919107293
                     0.31573733913830654,                     0.01431489790279485,                0.2521740833690247,            -0.0028020950788355953,             -0.002511684917920769,      1.7677742915556038,       -0.04263505340351721,       0.035788497187880006,-1792.6788940679603, 3.818232675094677,-1788.8606613928657,0.00037257518989186573
                     0.31377339599869275,                    0.015022601574168218,                0.2518847082962681,            -0.0029701279525085117,             -0.002377508939616647,       1.766609436678913,      -0.042016706651841706,        0.03528343793679603,-1791.9175909867422, 3.857875898081211, -1788.059715088661, 0.0007977074695461662
                      0.3138102764160921,                    0.014284808851553756,               0.25120699448423717,             -0.002969938275994994,             -0.002409376398264929,      1.7596651241281158,        -0.0422304403876988,       0.037722832998025486,-1791.5386378461849, 3.796610644178143,-1787.7420272020067, 0.0011652548428257626
                      0.3134910233371648,                     0.01410196051331924,               0.25136125589027547,            -0.0030026414190899168,             -0.002352343955174751,      1.7610824336231907,       -0.04217582093221438,        0.03714718330913235,-1791.7252407600631, 3.813533714075279, -1787.911707045988, 0.0009668971959134369
                     0.31340253689025416,                    0.014675521273193229,                0.2517409599688909,            -0.0029489222278439153,             -0.002380439950927196,      1.7658937331229765,      -0.042264314478544104,        0.03512707235174983,-1792.0694973243712,3.8571717175147144,-1788.2123256068564, 0.0006852855502634457
                      0.3148145377724304,                    0.014348208736692925,                0.2521284440993552,            -0.0029297688128622937,             -0.002505175342566189,      1.7686471129819676,       -0.04276906722889864,        0.03512006384864906,-1792.2366849158157,3.8353450781514256,-1788.4013398376642, 0.0005797795943943435
                      0.3137778124920962,                    0.014824496320788645,                0.2510511602778178,            -0.0029561550651465607,             -0.002319690103526183,      1.7571610118051875,       -0.04146223070947637,       0.038616638831982235,-1791.4713851416395,3.7953245632869286,-1787.6760605783527, 0.0012463166444443617
                     0.31537157627595924,                    0.014013753262338587,                0.2516288693424334,             -0.002867639835658527,             -0.002482291132697897,      1.7623345014676977,       -0.04253776900355728,        0.03752878274464932,-1791.7950005801017,  3.78335831911372, -1788.011642260988, 0.0009017455251523541
                      0.3153710605628132,                    0.014689752961329969,                 0.251469163799569,            -0.0027918315512145985,            -0.0024505817553106338,      1.7604704751433757,       -0.04194736394206667,       0.038042164988288635, -1792.448921388555, 3.786516447100775,-1788.6624049414543,0.00046891032661342284
                      0.3130250583848788,                     0.01529838891265651,               0.25172480861104174,            -0.0029911289962516233,            -0.0022968287622266285,      1.7655755878116774,       -0.04172927546815518,        0.03509100183290468,-1792.3552595939304, 3.874129891883351,-1788.4811297020472, 0.0005149518203344621
                     0.31503498138330605,                    0.014632312488985826,                0.2520240623009303,            -0.0028660590936624665,            -0.0024674536127053783,      1.7668838524627528,      -0.042337974357812114,        0.03582167776897788,-1791.1555358777982,3.8296921122353362, -1787.325843765563, 0.0017092279557348303
                     0.31426993953945825,                     0.01629339867816969,                0.2518211339689231,             -0.002845321487498255,             -0.002293948029795192,      1.7651943295698955,       -0.04112240800171185,         0.0357132560589008,-1791.9633907028933,3.8678782123420463,-1788.0955124905513, 0.0007619967073207312
                     0.31322462613453034,                     0.01424248097625872,               0.25109460548134793,             -0.003025273252029198,            -0.0023679864259371426,       1.758973102461495,       -0.04221480615974452,        0.03767114519019974, -1791.683809385327,3.8019066381009265,-1787.8819027472261, 0.0010077985244767022
                      0.3140154050038798,                    0.013613842873652327,               0.25149685077827255,            -0.0029846949299709297,              -0.00244927546180707,      1.7625026719644405,       -0.04274556218965266,        0.03687764892647765, -1791.257673416762,3.8016043393865533,-1787.4560690773753,  0.001543271080064419
                      0.3153050009522733,                    0.014165700430456823,               0.25127002196420956,             -0.002825977212293635,            -0.0024376515889897045,      1.7580972160926263,      -0.042031349805336876,          0.039041971387654, -1792.541143711052, 3.760814800987724,-1788.7803289100643, 0.0004276004478113324
                     0.31388075428328643,                     0.01295663924154054,                0.2512639487773974,             -0.003010505124522117,            -0.0024582343906796767,      1.7604304594473505,       -0.04319921151317497,        0.03758038742285955, -1794.427294634001, 3.774116163686153, -1790.653178470315, 6.484749636529263e-05
                      0.3121640881634253,                    0.015797371486523798,               0.25121654618956457,            -0.0030260510690554693,            -0.0022070487151322417,       1.760822082824318,      -0.040973157887602786,        0.03633312478374689, -1791.668926556526,3.8710712945254655,-1787.7978552620004,   0.00102290958613208
                      0.3143234093783616,                    0.013715386586415464,               0.25139732630332223,             -0.002912246940725725,              -0.00244717641772188,      1.7607792889858302,       -0.04252085122753426,       0.037586675067337344, -1792.454259772741, 3.789066495658402,-1788.6651932770826, 0.0004664137728517244
                      0.3150496224267528,                    0.015635180832790658,               0.25197300444138515,            -0.0028038568151292423,             -0.002374521502935734,      1.7661317496095996,       -0.04159724163139097,         0.0358462954169405,-1795.9452919597938, 3.848018568322085,-1792.0972733914718,1.4211350519570802e-05
                     0.31493435624199423,                    0.013975070320348197,                0.2517699718465837,            -0.0029050611439914394,            -0.0024437773025059078,      1.7644231197094242,       -0.04270462024788671,       0.036645851234510175, -1796.091603107759,3.8021174245957896,-1792.2894856831633,1.2277027457682017e-05
                      0.3146877424038084,                     0.01472333601174529,               0.25154295862543574,            -0.0028908465563451534,            -0.0024956951016553495,      1.7627245533199356,       -0.04226639068710007,       0.037022987749874496,-1792.4872047940366,  3.80642796292245,-1788.6807768311141,0.00045129812106132447
                      0.3140887973169377,                    0.015091050968644274,               0.25172825865273324,            -0.0029355550449177096,              -0.00235250370748424,      1.7646696683688246,       -0.04203635082861802,         0.0359121501184014,-1793.4524207337586,3.8413312473774957,-1789.6110894863812,0.00017189987817826965
                     0.31400726457555084,                     0.01460901211511196,                0.2515767889210936,            -0.0029410846791589626,            -0.0023490499649368403,      1.7628253726003897,      -0.041942286881345034,         0.0368220179250178,-1792.0870937161949,3.8237694552652917,-1788.2633242609295, 0.0006733324711623345
                      0.3138638137449371,                    0.016350505977080234,                0.2515054601672644,            -0.0027957017532825013,            -0.0022710068417443794,      1.7623910834659824,        -0.0407088446083366,         0.0364586207772769, -1792.766998104165,3.8640674057888518,-1788.9029306983762,  0.000341154288297072
                     0.31513345875027315,                    0.014666782218068594,               0.25227977009302843,            -0.0028857150713573108,            -0.0025220433727922713,      1.7706229255868031,      -0.042877371800419235,       0.034416615155909665, -1793.073569311738, 3.845622643275468,-1789.2279466684627, 0.0002510779944517278
                      0.3129669657842652,                     0.01393426557392173,               0.25126906702785434,            -0.0029962879104624314,            -0.0023793495953178183,      1.7611854689554018,       -0.04237535131860542,        0.03672130381802358,-1793.4222927980804,3.8213994726545053, -1789.600893325426,0.00017715767219202876
                     0.31297039990892905,                    0.013927110724774571,                0.2511811893444576,             -0.003003140350664807,            -0.0024036082867461457,      1.7610745362411575,       -0.04245096164799017,        0.03682242622420707,-1792.0287524687533,3.8170833065681413,-1788.2116691621852, 0.0007137840522157829
                     0.31370232391305336,                     0.01581148301292466,               0.25166300675100756,             -0.002867327505572217,            -0.0023851918505495193,      1.7652801066632116,       -0.04148296165419755,       0.035409729130509646, -1792.995181949092,3.8691007876188768,-1789.1260811614732,0.00027155127734604915
                      0.3129092017507147,                     0.01546935171078473,                0.2518725332739762,            -0.0029779164181376813,            -0.0023112673681303557,      1.7678724700392356,      -0.041778371519515314,        0.03427352920492683,-1793.3078248644529, 3.891230366238778,-1789.4165944982142,0.00019864276743529705
                     0.31583138986575404,                    0.015530863363403044,                0.2525688941201772,             -0.002776493995916301,            -0.0024891829963674364,      1.7721533521645754,      -0.042255604089992946,        0.03411728513365179,-1792.2925952800565, 3.863811225176754,-1788.4287840548798, 0.0005482534376011767
                     0.31371358982823877,                    0.014714303709399152,                0.2515815785092291,             -0.002926333734014316,            -0.0024124137430968666,      1.7633423611775694,       -0.04186894465192805,        0.03631998834205995,  -1792.07365456442, 3.838998426681176,-1788.2346561377387, 0.0006824425673049235
                     0.31530816896303343,                    0.015475827436099387,                0.2521942552901719,             -0.002835000690819862,            -0.0024657639908411823,      1.7683973487158577,      -0.041907628534722303,        0.03537090091350565,-1793.4206359207224, 3.849061787945591,-1789.5715741327767,  0.000177451444032642
                      0.3131624276365758,                    0.013080261323774411,                0.2513097564180685,            -0.0031000381981326746,            -0.0023901906937792935,      1.7610742403721371,      -0.042954390062443316,         0.0371376715268588, -1792.568624866029,3.7955048981916075,-1788.7731199678374,0.00041600948955866635
                     0.31283775411642306,                    0.014483721340420384,               0.25118688659276883,            -0.0029370259058593452,             -0.002376858659248343,       1.761511581340558,       -0.04204544911742789,        0.03645098355690051, -1793.387928311025, 3.836855742352638,-1789.5510725686725, 0.0001833514176542752
                      0.3127521845084082,                    0.016975491554872685,               0.25111669584340224,            -0.0029367115142227233,             -0.002199227092092239,      1.7590310874637294,       -0.04021419228023125,       0.037162569985785245,-1791.9418386256334, 3.867152333050421, -1788.074686292583, 0.0007785975681708566
                      0.3158433272692214,                    0.015046636893695543,               0.25233039446353767,            -0.0028390685085416395,            -0.0024862386074683265,      1.7693982702585451,      -0.042409380008595336,        0.03535136112950276, -1792.372100846556,3.8330912650844606,-1788.5390095814714, 0.0005063520057246995
                      0.3124393827144879,                     0.01307312618780212,               0.25110354861757106,             -0.003104074387627562,            -0.0023646654102362726,      1.7598434860186747,      -0.042791521328531805,        0.03708780138041224, -1791.352404629261,3.8054759395260698,-1787.5469286897348, 0.0014037862202432437
                      0.3158486815461969,                    0.014548806814788071,                0.2519674487966671,            -0.0028021718464033094,             -0.002527404446452653,      1.7654752024270652,       -0.04246995147854979,       0.036616086227467835,-1792.8649651183373,3.8031529311328898,-1789.0618121872044,0.00030931736441648297
                      0.3126721988324522,                    0.014480623204816702,               0.25154298159972144,            -0.0030780764361603465,             -0.002345937840990368,      1.7644434776316755,       -0.04230840773012449,        0.03552204848354199,-1791.8821664119118, 3.851981357731602,-1788.0301850541803, 0.0008264724022176714
                       0.313760994524894,                     0.01594382263884787,               0.25147780309494805,              -0.00288335701485465,             -0.002362015609158227,      1.7623094730070936,      -0.041130976705755155,        0.03655153095334858,-1791.4476708397237,3.8521025480946065,-1787.5955682916292, 0.0012762254046872609
                     0.31481747579984265,                    0.016068428345373226,                0.2516956298984409,            -0.0028567557318865296,             -0.002321674977328089,      1.7633294490900697,       -0.04121723548063679,        0.03685038325554603,-1792.4881631354233, 3.836361124579515,-1788.6518020108438,0.00045086583056821485
                      0.3134624475172308,                    0.013523136171594076,               0.25132626006335124,             -0.002991171221880571,             -0.002430619283114891,      1.7611168909742128,        -0.0425426401378489,        0.03714278669143785,-1791.6506959516187,3.8043204217414255,-1787.8463755298772, 0.0010417288688864392
                      0.3124005162938353,                    0.015769699405520265,               0.25119260960742545,             -0.003041773833597399,             -0.002213505119093711,       1.760839833768451,        -0.0412052654087565,        0.03649731087814561,-1791.5513536455442,3.8599488023471267, -1787.691404843197,  0.001150531503939636
                      0.3127890376694265,                    0.015789276846836342,               0.25106637855228975,            -0.0028770791444283576,            -0.0023069413541508777,      1.7594551085745382,      -0.040948665583383226,         0.0368995973638585,-1794.1216209863865,3.8547938629629037,-1790.2668271234236, 8.803301821398454e-05
                     0.31348052649493546,                    0.014794715295644637,               0.25145255528781235,             -0.003011013167315662,            -0.0023883139949650595,       1.762131306749554,       -0.04197226344900828,         0.0366345489051574, -1791.822933173366, 3.830617683687137, -1787.992315489679, 0.0008769059658497924
                      0.3128395658519862,                    0.014793248426690846,               0.25174974152511626,            -0.0030411173044092962,             -0.002410025637015944,      1.7667121185049104,      -0.042315905006367976,       0.034678479037032785,-1792.5282599886991,3.8691803997884193,-1788.6590795889108, 0.0004331451749238444
                      0.3142487756497399,                    0.014483198743168533,               0.25137024057613166,            -0.0029384088087588663,            -0.0024230840066839115,       1.760734609885525,       -0.04203965967646705,       0.037591579271126635,-1791.7826014436737,3.8019234853049446,-1787.9806779583687, 0.0009129959948609107
                     0.31284695159701514,                     0.01495745793925499,               0.25123807091054084,             -0.002980128429669165,            -0.0022774966342491588,      1.7612050125496346,       -0.04170553987309925,         0.0365241616927132,-1795.0956732092923,3.8438470289275104,-1791.2518261803648, 3.323686754983213e-05
                     0.31482961255292136,                     0.01563741254621118,                0.2516239262611127,            -0.0027710857948128604,             -0.002394474803863432,      1.7626592018810279,        -0.0413260104445589,        0.03687472347721743,-1792.6815071883707,  3.83302625771519,-1788.8484809306556, 0.0003716028769973684
                      0.3139263292820047,                    0.014786045086690413,               0.25180165260232706,            -0.0029350281962561516,            -0.0023666607428115462,      1.7652008724032084,      -0.042045679554145954,        0.03576631673633001,-1792.4493822473837,3.8454631994990534,-1788.6039190478846,0.00046869427493798484
                     0.31326273665300636,                    0.012782691681327863,               0.25109490552119273,            -0.0030470567545741443,            -0.0024561859142797115,      1.7592356008414785,      -0.043095185133925594,         0.0377298753843227,-1792.3612092650806,3.7773178216999836,-1788.5838914433805, 0.0005118971225798613
                       0.314637230369441,                    0.014631390602778079,                0.2511057013685874,             -0.002788013429201411,            -0.0024137864431638626,      1.7575430928618119,       -0.04163477715617447,       0.038623873095890805, -1792.627633052451,3.7852873476630613, -1788.842345704788, 0.0003921717513439371
                      0.3134998462987844,                    0.013594444056361819,                0.2512302342641393,            -0.0029814575727734696,             -0.002457076942588023,      1.7611403926668157,       -0.04276285502283149,        0.03706185528330035,-1792.1830304176933, 3.800090235440511,-1788.3829401822527, 0.0006117370417141979
