galaxies.lens.bulge.profile_list.29.centre.centre_0,galaxies.lens.bulge.profile_list.29.centre.centre_1,galaxies.lens.bulge.profile_list.29.ell_comps.ell_comps_0,galaxies.lens.bulge.profile_list.29.ell_comps.ell_comps_1,galaxies.lens.disk.profile_list.29.centre.centre_0,galaxies.lens.disk.profile_list.29.centre.centre_1,galaxies.lens.disk.profile_list.29.ell_comps.ell_comps_0,galaxies.lens.disk.profile_list.29.ell_comps.ell_comps_1,galaxies.lens.point.profile_list.9.centre.centre_0,galaxies.lens.point.profile_list.9.centre.centre_1,galaxies.lens.point.profile_list.9.ell_comps.ell_comps_0,galaxies.lens.point.profile_list.9.ell_comps.ell_comps_1,    log_likelihood,          log_prior,     log_posterior,                weight
                                0.08382818770652098,                               0.058041101399766565,                                      -0.1619424614281817,                                      -0.1802119559913366,                              -0.07369504320892421,                              -0.04862706993494323,                                   -0.030326999604716052,                                    -0.16638923079853107,                               0.01625017598888101,                              0.009862420401805183,                                     -0.3477023650728006,                                    -0.06895249448453383, 7785.450295693112,  0.532255482774605, 7785.982551175886, 2.045288566326879e-08
                                0.08071123980968095,                                0.05228436325667171,                                     -0.17253629831071282,                                     -0.16780021766943468,                               -0.0417589406167871,                              -0.02408182786950691,                                     0.03552786028967164,                                    -0.14616140092011495,                              0.017698624955230932,                              0.008946531925874135,                                    -0.32669725860794246,                                    -0.01215078727369543, 7781.538564173919, 0.6740798295833288, 7782.212644003503, 4.091769653377135e-10
                                0.08160802930000813,                                0.05666801415768902,                                     -0.14816405539712782,                                      -0.1894145697638927,                              -0.07198807999796476,                              -0.04658560880007276,                                    -0.02099711411837056,                                    -0.15580058202768002,                              0.017675633154683276,                               0.00909806459927523,                                      -0.337625555505047,                                    -0.10439004169248489, 7781.479540879383, 0.5629484319555703, 7782.042489311339,2.4536771946296387e-10
                                0.08210631322717635,                                0.06395894588388534,                                      -0.1523623134966432,                                      -0.1817364173211116,                              -0.06185274133099315,                             -0.046437873218355886,                                   -0.036200993178659796,                                    -0.17055750977743098,                              0.015118328966936684,                              0.010368454870326893,                                    -0.34352198260692457,                                    -0.08451857799659963, 7781.839146554255, 0.5387259024142147,  7782.37787245667,3.5155411573259765e-10
                                 0.0761519602848538,                                 0.0486447780724612,                                      -0.1349955179510277,                                     -0.17763172361113716,                              -0.06131608565112517,                             -0.034330121062734004,                                    0.007463763698536038,                                    -0.14643390706459228,                              0.015626993958287372,                              0.007839772197859612,                                     -0.3487409712850274,                                   -0.023016127781133877, 7785.456885106396,  0.640770876672999, 7786.097655983069, 3.970108357739406e-09
                                0.07556918814766794,                               0.052213162505261146,                                     -0.14872518906197046,                                     -0.17891558467116228,                               -0.0619695335771024,                             -0.039871273902046866,                                   -0.026217428974067737,                                    -0.15450204339577978,                              0.016792864342885364,                              0.009999326391213259,                                     -0.3250116414436514,                                    -0.04459003235027504, 7788.342260304625, 0.6803063313586714, 7789.022566635983, 7.110577710166345e-08
                                0.07519163076911092,                                0.05629450222970939,                                     -0.14063799271159236,                                     -0.17792908536647117,                              -0.06734274593431949,                              -0.04779134810064006,                                    -0.03939088433989942,                                    -0.13178214365388916,                              0.015827190222068174,                              0.009399058093925022,                                    -0.32949195529530145,                                    -0.06966686120549173, 7784.867138818629, 0.6943876737541437, 7785.561526492384,2.2012978113891136e-09
                                 0.0750374357535741,                               0.058510412863731154,                                     -0.15434306577196494,                                     -0.18624004720714582,                              -0.06432546510277781,                              -0.04547797205423668,                                   -0.013729347958550648,                                    -0.16676049924323677,                               0.01502826797836436,                              0.008121526664805007,                                     -0.3454712074348982,                                    -0.09678780830973606,  7789.72234221389, 0.5196736097551241,7790.2420158236455, 2.826616207833157e-07
                                0.07868883229646625,                                0.05836118684854899,                                      -0.1620491921640496,                                      -0.1640877410554888,                              -0.06877925766930065,                              -0.04854972664358377,                                   -0.035817939554071095,                                    -0.16063716883696402,                              0.011733764021509205,                              0.006287058099123305,                                    -0.32688523180053597,                                    -0.12201180585460432, 7784.981415921848, 0.5930632956106673, 7785.574479217458,1.9406633892874677e-09
                                0.07361031753714775,                               0.048128623675318644,                                     -0.14907935949360113,                                     -0.16727412947222833,                               -0.0773651990826024,                              -0.04832814346447648,                                   -0.010070318704028273,                                    -0.15823715788197673,                               0.01218583651984409,                              0.005304992200741737,                                     -0.3600250279932019,                                    -0.08616918398861954,  7783.96704029841, 0.5354185148712758, 7784.502458813282, 7.037403896234634e-10
                                0.07727637611032867,                               0.062151606631985795,                                     -0.15645709598465798,                                     -0.17633022045173288,                               -0.0723858378862994,                              -0.05327304829936408,                                   -0.040118905534942996,                                    -0.15642946034001964,                              0.015669798770430482,                               0.00890051909389096,                                     -0.3492020642915344,                                     -0.0805329691750215, 7782.526740421549, 0.5482537110942552, 7783.074994132643,1.6668564054546467e-10
                                0.07864698739478232,                                0.04956937357312871,                                     -0.15114523355605114,                                     -0.16477391250870085,                              -0.06878255016857586,                             -0.045667154381061975,                                   -0.018663492714721088,                                     -0.1289774320660984,                               0.01483639449912695,                              0.009554777745694201,                                    -0.33655383169876935,                                    -0.06997607368258266, 7787.539435864646, 0.6867790037039497,  7788.22621486835, 2.505440876536131e-08
                                0.08179416410161794,                                0.04816191143464446,                                     -0.14253645021724604,                                     -0.18080687244606655,                              -0.08664272369784258,                             -0.049896768473440746,                                    -0.03681173109524497,                                    -0.12531278224076794,                              0.013246292449916194,                              0.007889027577553456,                                    -0.37262804823288753,                                    -0.04231185012338641, 7786.335636431839, 0.5447559128030726, 7786.880392344642, 7.517625858843893e-09
                                0.06992827580516406,                                0.05254670646365189,                                     -0.13442713464462883,                                     -0.19015616744331623,                              -0.07992426965836116,                             -0.054945113361561146,                                    -0.03514602459746619,                                    -0.16594658167635024,                              0.012918529830959674,                              0.005644923276069275,                                     -0.3384953663877092,                                   -0.053022436715192266, 7789.618703793327, 0.6020564198719304, 7790.220760213198, 9.566187170895462e-08
                                0.07273185074003063,                                0.05303446479281512,                                     -0.13859889602800268,                                     -0.18723425727662682,                              -0.07943593968021245,                             -0.053733275611652614,                                   -0.044690499826466994,                                    -0.14580290456560588,                              0.015254317417710522,                              0.009298893686503051,                                     -0.3601850510000184,                                     -0.0935271435150882,7792.5017892417345, 0.5153418590449164,  7793.01713110078,1.7094128923467317e-06
                                0.06909157741533783,                                0.05012739476680381,                                      -0.1298221931809966,                                     -0.19045868111131997,                                -0.071382398795236,                              -0.05326366693990784,                                    -0.02600104360079817,                                    -0.14178289532479962,                              0.012433515451856156,                              0.006843267799376163,                                     -0.3434331285651357,                                    -0.09280636397739352, 7790.718077186941, 0.6016560626663215, 7791.319733249607, 2.872041244416079e-07
                                0.08263860144497484,                               0.056059134648608205,                                      -0.1453198769724347,                                     -0.18539342725903857,                              -0.08093008553499761,                              -0.05299041431058561,                                     -0.0697036493016001,                                    -0.11076755609541751,                               0.01420074600800196,                               0.00843759264920603,                                     -0.3530315377280495,                                    -0.06860282274757448,   7791.4889126993,  0.593388485309257,  7792.08230118461, 6.208122556010914e-07
                                0.07713388287259279,                                0.05185837800937465,                                      -0.1339273703917212,                                     -0.17241200945448762,                               -0.0856814531314308,                              -0.05236207183043832,                                    -0.07268907434857273,                                    -0.13914276624018435,                               0.01474582111221856,                              0.009173757839953264,                                    -0.35223063924739917,                                    -0.04301830649699974, 7794.786490906645,  0.614112947829893, 7795.400603854475, 1.679114457255344e-05
                                 0.0740724747412399,                               0.053034253869021025,                                     -0.16090165748978053,                                     -0.14957869657331446,                              -0.07604270612642239,                             -0.052568795755757555,                                    -0.03458558827420818,                                    -0.14548535515451577,                              0.011817279303896755,                              0.005851132249153984,                                     -0.3356711011721492,                                    -0.10199152766913383, 7792.255598668984, 0.6392307766001925, 7792.894829445584,1.7237225997962527e-06
                                0.07971370722256252,                               0.053098093251111506,                                     -0.15620592622552606,                                     -0.16640112288406178,                              -0.08174061338600205,                              -0.05005435732712349,                                    -0.05429942939963258,                                     -0.1343311958798212,                              0.013533541502105867,                              0.008090571773253591,                                    -0.37269081015647104,                                    -0.05694281051661863, 7796.780708494971, 0.5196685224965701, 7797.300377017467, 0.0001591100466783368
                                0.07722408683887125,                                0.05493749033674994,                                     -0.14438276108010076,                                      -0.1714862487664918,                              -0.08445868261836255,                              -0.05776631527222342,                                    -0.06834660217635201,                                     -0.1598467760425631,                               0.01537928471709768,                              0.007342005426403356,                                      -0.322767598614193,                                    -0.10550416937455456, 7792.232468654943, 0.6276553526373478,  7792.86012400758,1.6843104309710155e-06
                                0.07601242962484858,                                0.05403506913492864,                                     -0.15683795997304528,                                     -0.16040168229665738,                              -0.08180057960158005,                               -0.0534568229654731,                                   -0.032669463952430214,                                     -0.1448741120654685,                              0.014236870146771663,                              0.007723951443262239,                                    -0.32522342964570355,                                     -0.1131065096988904, 7793.377910847865, 0.6545453982116666, 7794.032456246076, 5.295187732955337e-06
                                0.07359969757334758,                                0.04577016954995905,                                     -0.13933459508877372,                                     -0.15061921750536816,                              -0.08883169662588623,                              -0.05210273605651457,                                    -0.03904035753432311,                                    -0.11588773763459802,                              0.012473061344835862,                              0.005641170530008427,                                    -0.32905010124965717,                                    -0.06461543155726855, 7793.651508668303, 0.7736703474999095, 7794.425179015803, 6.961508947316108e-06
                                0.07602836686706416,                                0.04962750025005805,                                     -0.13803181379081844,                                     -0.17142442394205712,                              -0.09379654534749333,                             -0.054926787841447944,                                     -0.0738974917076218,                                    -0.11794601884924298,                              0.013582775580996145,                              0.005714425444973845,                                     -0.3595122859422943,                                    -0.07501216754433783,  7798.61977402963, 0.5893169699456301, 7799.209090999576, 0.0006499722763885173
                                0.07884220528804073,                                 0.0624389257393447,                                     -0.15263284171881505,                                     -0.19379668119645835,                              -0.07892162234771338,                             -0.059679631540916316,                                    -0.09644502632124294,                                     -0.1525478177652075,                              0.014926518472255415,                              0.007407929870885038,                                     -0.3321543538252134,                                    -0.10143234536746236, 7796.099801537129, 0.5262373762552032, 7796.626038913384,5.2297952322381046e-05
                                0.07426565141303032,                                0.05126110137173889,                                     -0.15345229988923853,                                     -0.15744055617362257,                              -0.08463821359472434,                             -0.057085258398760635,                                   -0.061609336855523215,                                    -0.13288096808103622,                              0.010977186725158267,                               0.00466141218881258,                                    -0.34381722108970153,                                    -0.06661527473687738,7796.0340008726735, 0.6462672528726614, 7796.680268125546,4.8967487296196166e-05
                                 0.0778763134678638,                                0.05558002826214059,                                      -0.1420987736818044,                                     -0.18557448020560507,                              -0.07960951878240717,                              -0.05759923560972227,                                    -0.07871275208062178,                                    -0.14520262012008175,                              0.012044923699213589,                              0.007600090961699918,                                     -0.3428141203409688,                                   -0.056323319567593594, 7795.153843191156, 0.5897827563951091, 7795.743625947551,2.0307674561029956e-05
                                 0.0743161952910982,                                0.05089831548854512,                                     -0.13498968292511287,                                     -0.18043256617149178,                              -0.07901859700498298,                              -0.05481018788350763,                                    -0.05270843068434805,                                    -0.13455218439010394,                              0.014304672911378422,                              0.006087218830925958,                                    -0.32651656899172565,                                    -0.08139669994864426, 7794.631689635324, 0.6881394110511947, 7795.319829046375,1.2047357194976874e-05
                                0.07199293363231127,                               0.054338037641115666,                                     -0.13598446836466624,                                     -0.17375390322661102,                              -0.08952034380288251,                              -0.06285903702137244,                                    -0.08250179173078341,                                      -0.124298901868187,                              0.014718726556439798,                              0.006662744990615185,                                    -0.33545393126487816,                                    -0.12899600249370155, 7800.719407644558, 0.6036439731718536, 7801.323051617729, 0.0023671913692122227
                                0.06824758439485126,                                0.05084207426785753,                                     -0.13483244849000162,                                      -0.1917745459008486,                              -0.08425925358363244,                              -0.06019200114870692,                                    -0.07650617098559605,                                      -0.128832975502223,                              0.011536153364130719,                             0.0048280299057327225,                                     -0.3286052726982504,                                    -0.10198127648748241, 7797.990783543302, 0.6276343311258522, 7798.618417874428,  0.000154599106056015
                                0.07362031836102176,                                0.04905585601180662,                                     -0.14703658118749954,                                      -0.1566807002520447,                              -0.08408995089785092,                              -0.05744608638513834,                                    -0.07485988071965129,                                    -0.12716430508491197,                              0.010908016788108751,                              0.006415142980057742,                                     -0.3314161720272079,                                    -0.09290008118102985, 7798.174694921545,  0.679742869812236, 7798.854437791357, 0.0001858141038137389
                                0.07400691530574807,                               0.054034377092101266,                                     -0.15950709460720247,                                     -0.17365948540057574,                              -0.07833650565777592,                             -0.059035528111114934,                                    -0.05411956380733686,                                     -0.1577294525404565,                              0.012233567376395388,                             0.0069615941042745905,                                    -0.34900760501207506,                                     -0.1142871500776922, 7799.411772368441, 0.5027149026916812, 7799.914487271133, 0.0006402278822372096
                                0.08499863343040906,                                0.05479709714764899,                                     -0.15000232999556004,                                     -0.17411746216628762,                              -0.08554992873025315,                              -0.05509156188906247,                                    -0.09168899171328225,                                    -0.13068986846959058,                              0.013358786115301696,                               0.00853690247001719,                                     -0.3556871982464049,                                   -0.057888378693618535, 7799.657378273947, 0.5588635058733595,  7800.21624177982, 0.0008184645496235258
                                0.07827058256671962,                                0.05478972777302535,                                      -0.1615953841920605,                                     -0.16154881464323917,                              -0.08568365526864291,                             -0.058519720782031735,                                    -0.06710434261339401,                                     -0.1435498509852173,                               0.01170344523538644,                              0.005348738608115439,                                      -0.343774479067859,                                    -0.10632482627551207, 7801.774009778233, 0.5664315535417537, 7802.340441331775, 0.0025143024697668946
                                0.07364953867400079,                               0.052268781275065235,                                     -0.14603338261869833,                                     -0.17563780606479432,                              -0.08084000770457925,                              -0.05416829210652127,                                    -0.07310257824362781,                                    -0.15582759636353186,                              0.013315447863011337,                              0.006206283281401118,                                      -0.344132951223656,                                    -0.11032414039081596, 7800.392491225548, 0.5353592357510549, 7800.927850461299, 0.0006315847539875391
                                 0.0729433362957301,                                0.05470896418625812,                                     -0.13669614202824149,                                      -0.1831588327265918,                               -0.0727718085698331,                              -0.05445301183330185,                                   -0.052787932435092826,                                    -0.15295957146016312,                              0.015062780373867254,                              0.008073907627083071,                                    -0.31598914732551925,                                    -0.14115216020523846, 7800.833079080066, 0.6143050993185832, 7801.447384179385, 0.0009812428651579423
                                0.07083777074032327,                                0.05501680330885786,                                       -0.144181381432982,                                     -0.18586773409155027,                              -0.08933808310440518,                              -0.06032945674206185,                                    -0.07730159157667896,                                    -0.13818681659830143,                              0.012873605248873973,                              0.004817594798802283,                                     -0.3428300310130848,                                    -0.09463651379895106,7801.1529510163755, 0.5659414634451013,  7801.71889247982, 0.0013511237521910036
                                0.07443650950522637,                               0.051224894087640666,                                     -0.15303311493099364,                                     -0.17337915792174088,                               -0.0897618217305433,                              -0.05929918526762849,                                    -0.07675572835275608,                                     -0.1387752518772603,                              0.015388400004305108,                              0.008359518795183568,                                      -0.326706601386295,                                    -0.06755076882197367, 7798.108339137247, 0.6601910678064642, 7798.768530205053, 6.433347196133379e-05
                                0.07486814970965447,                                0.05916684830807681,                                      -0.1494934161294999,                                     -0.19390538416455758,                               -0.0762291844073971,                              -0.06316060995750786,                                    -0.06831490567604288,                                    -0.15693448918128444,                              0.013782203431096623,                              0.008060190006976262,                                     -0.3442683970803267,                                    -0.12793397690215508, 7800.827588204369,0.47018560899017814,7801.2977738133595,0.00016788475993813418
                                0.07298376940928111,                               0.052987462591967516,                                      -0.1431436631977657,                                     -0.19631128778633283,                              -0.08163401358785688,                             -0.058735409993652364,                                     -0.0698170291690165,                                    -0.13773008656616462,                              0.015663853494846752,                               0.00737239862655828,                                     -0.3517064970184855,                                    -0.11533887739741816,7803.1017084296855,  0.493841333226976, 7803.595549762912,  0.001631733158928861
                                0.07320684281642151,                                0.05434798818258643,                                      -0.1489149341267205,                                       -0.161648338922203,                              -0.08287008272819033,                             -0.061248433597895564,                                    -0.08322486215058297,                                    -0.13595021566727317,                              0.014214118577714527,                               0.00795497851573676,                                     -0.3396462673541136,                                    -0.10962235809735978, 7801.086436131896, 0.5981825043002121, 7801.684618636196,0.00021748409443237782
                                0.07624229672434724,                               0.051376282537785395,                                     -0.14293085886822202,                                     -0.17648481070496536,                              -0.08337970607604472,                              -0.05583590326324218,                                    -0.05968664416686436,                                    -0.16003950004266893,                               0.01212829454444464,                              0.007220071356879826,                                     -0.3384530108509196,                                    -0.06105825208460397, 7800.028975451962,  0.609635413360091, 7800.638610865321, 7.554020558913073e-05
                                 0.0774110633718259,                               0.057699390420458685,                                     -0.15921434206862675,                                     -0.18588176057929395,                               -0.0838506416805431,                              -0.06200032988565892,                                    -0.08761660679840177,                                    -0.16239867874779998,                              0.014237391324350243,                             0.0060936930016887575,                                    -0.34643453096741267,                                    -0.09934272604253247,  7799.91163434418, 0.4718171291789287, 7800.383451473359, 6.717653003488322e-05
                                0.07227376054414011,                                0.05496642691764872,                                     -0.13627211288911975,                                     -0.18770115927434497,                              -0.08577066447282203,                             -0.059099202304068635,                                    -0.08568122419879676,                                    -0.13494409934841686,                              0.015493470378303814,                              0.008082832239035498,                                    -0.32785750497198046,                                    -0.10304355598104223, 7802.037808921474, 0.6183481496091793, 7802.656157071083, 0.0005631232430656371
                                 0.0734596343421686,                                0.05892884838843973,                                     -0.15261612750569617,                                     -0.17653715642676518,                              -0.08497832693179638,                              -0.06529999142884615,                                    -0.08496386475398571,                                    -0.15221906033258822,                              0.014174512586946839,                              0.007297878353232437,                                    -0.32937929393815607,                                    -0.14961850025523238, 7803.694136456401, 0.5168956416016918, 7804.211032098003,  0.002950783606293482
                                0.06993490833503724,                                0.05130852978235351,                                     -0.13951362208717688,                                       -0.184443437881236,                              -0.09508065939770204,                              -0.06395865428000777,                                     -0.0947589194883156,                                    -0.13528437265226695,                               0.01246899496012896,                              0.006192187007423217,                                    -0.35058125517915495,                                    -0.08493477042738437, 7801.174556264645, 0.5437694580905156, 7801.718325722735,0.00023751857989615693
                                0.07456537537961425,                                0.05614427930732166,                                     -0.15593283972005095,                                      -0.1832573907714566,                              -0.08063205028385081,                              -0.05838585967301367,                                    -0.08383685999556814,                                    -0.15025466128687126,                              0.015320893633503571,                              0.008405041329734075,                                    -0.32099609432438264,                                    -0.09123447680601288, 7803.736475125727, 0.6105475253401963, 7804.347022651067, 0.0030783983135536856
                                 0.0758768274110358,                               0.056473501580662194,                                      -0.1580240690798227,                                      -0.1877111539849025,                              -0.08148780144875349,                              -0.06235816332164496,                                    -0.06946357739563519,                                     -0.1614392365991521,                              0.013582207305100208,                              0.008349063990153824,                                     -0.3340853574879024,                                    -0.10854329862505087, 7802.545161666547,  0.523747821095829,7803.0689094876425, 0.0009352849605138907
                                0.07211947108833311,                                0.04912546944651694,                                     -0.14741575958188474,                                     -0.16195427522177377,                               -0.0900769162971512,                             -0.059040747448017655,                                   -0.061278321329974905,                                    -0.12187866647101259,                               0.01185207432007103,                              0.004229391087453321,                                     -0.3367426110751917,                                    -0.11227100185376425, 7801.490124052265, 0.6455210088122704, 7802.135645061077, 0.0003256468914199678
                                0.07351918438082822,                                0.05381496838924771,                                      -0.1444372504928218,                                      -0.1867351274590893,                              -0.09132935474343887,                              -0.06425407206468416,                                    -0.09220094025079915,                                    -0.14973681093251176,                              0.012928042197299636,                              0.005603993969046248,                                    -0.35827134254240367,                                     -0.0476446543884827, 7801.649507031048, 0.5082308885071528, 7802.157737919556,0.00038191444515519305
                                0.07675525093458552,                               0.053606959145712674,                                     -0.14290572875910068,                                     -0.19373417812484628,                              -0.09053296576834269,                             -0.060892766225458334,                                    -0.08844599464875558,                                     -0.1344831635442151,                              0.015176482185133094,                              0.008185351670393665,                                     -0.3536404147691098,                                    -0.06614758591217584, 7802.818075442943,  0.530354114369204, 7803.348429557313, 0.0012287651854699505
                                0.07644357486993733,                                0.05390350836115121,                                     -0.15961798601012664,                                     -0.17307086742320574,                                -0.089626966929292,                               -0.0651749886266373,                                    -0.08018359129294625,                                    -0.15929140316921084,                              0.011745324867154405,                              0.007464900229342347,                                     -0.3478203953222412,                                    -0.07428131997218478,  7800.81198845411, 0.5279602947497231,  7801.33994874886, 0.0001652861213656941
                                0.06914366780499448,                                0.05362286090613899,                                      -0.1314849524156965,                                     -0.20115280625845758,                               -0.0754009198944722,                              -0.05911771329257082,                                    -0.05800660823074202,                                    -0.14747760119027564,                              0.015203578478440491,                              0.007800538441353755,                                    -0.34206834865769153,                                    -0.08268549629854362,  7800.25841827202, 0.5669521162136707, 7800.825370388234,  9.50219444306157e-05
                                0.07617589642487763,                                 0.0520148470871144,                                     -0.15045859287205982,                                     -0.17162969641383438,                              -0.08851645894350044,                              -0.05471216407462266,                                    -0.07127332773037223,                                    -0.13824311661951985,                              0.012668225832615801,                              0.005564187018964287,                                     -0.3243852396069782,                                    -0.07541863644334353, 7800.481667826491, 0.6753602177902572, 7801.157028044281,  0.000118790021988144
                                0.07010065260418319,                                0.05601825777438227,                                      -0.1383577617305632,                                     -0.19480992657913737,                              -0.09146066793618278,                              -0.06668624622056435,                                    -0.11252895765274382,                                    -0.15115920760690119,                              0.015902523521034828,                              0.007609732595965271,                                    -0.34051876919573726,                                    -0.11113244838629237, 7800.485267009857, 0.4880837647786074, 7800.973350774636,0.00011921833939346127
                                0.07464417706422999,                               0.051045889443662396,                                     -0.15703174681615464,                                     -0.15207772180920218,                              -0.09503973770570508,                                -0.062200455998574,                                    -0.07830484446111112,                                     -0.1393672052039807,                              0.011825581324939646,                              0.004835278691376482,                                    -0.34075759956186064,                                    -0.11078089197198904, 7802.156859851511, 0.5946364654564023, 7802.751496316968, 0.0006343173862638571
                                0.07790920363371673,                                0.06155982380485833,                                     -0.14916641317714055,                                      -0.1914494102973693,                              -0.07806346554503155,                              -0.06125121427335685,                                    -0.08949981713766553,                                    -0.14807885512504362,                              0.014992497048842202,                              0.007410809497284232,                                    -0.33891598135621215,                                     -0.1311274344654966, 7803.050314292097,0.48813707991316657,  7803.53845137201, 0.0015499901871291516
                                0.07109095112877648,                                0.05744718109805322,                                     -0.14558294538500982,                                      -0.1872134475965427,                               -0.0803233105749604,                              -0.06353246502431381,                                      -0.085090442292368,                                    -0.15794250726595038,                              0.015438211125503878,                              0.007498967861679251,                                      -0.310508326440248,                                    -0.16039607478612625, 7802.151343654563, 0.5455131749124252, 7802.696856829475, 0.0006308279995535589
                                0.07614055041344645,                               0.049706285206472106,                                      -0.1516932771917411,                                      -0.1693590976219848,                              -0.08947320313287137,                              -0.05983976080311598,                                     -0.0546193858389626,                                    -0.13923483894083555,                              0.011604418200214989,                              0.005667670663372523,                                    -0.34945375051833266,                                    -0.08345348690020005, 7801.420313032775,  0.586771115526335, 7802.007084148301, 0.0003036885348232265
                                0.07760230380267091,                               0.052447420707839226,                                     -0.14575779651345913,                                      -0.1700361331638978,                              -0.08073033739708496,                             -0.052289142690187064,                                    -0.06308379880502187,                                    -0.13393094807884343,                              0.012942262506464991,                              0.006523322079333885,                                    -0.35147247040539614,                                    -0.09248926643255496, 7803.328778526271, 0.5811240710545345,7803.9099025973255, 0.0020476910354516853
                                0.07797158855056285,                               0.052701877704401906,                                      -0.1430852012156454,                                     -0.18346583506583333,                              -0.08573146467829468,                             -0.055277305229719534,                                    -0.09205338192158913,                                     -0.1268431571302908,                                0.0136474123494877,                              0.007775924202786139,                                    -0.33033486817840124,                                    -0.08160799383974866, 7802.196941785924, 0.6349282896021303, 7802.831870075525, 0.0006602584655540923
                                 0.0734667288075018,                               0.059403921332761817,                                     -0.14732644445731907,                                     -0.19097701319378987,                                -0.081209047386013,                              -0.06168097337727737,                                    -0.09050282586070475,                                    -0.15839679277819524,                              0.013872866877558246,                              0.005932023691540375,                                    -0.33008111525008876,                                    -0.11388112335312403, 7803.563261889261, 0.5299117880095587, 7804.093173677271, 0.0025888045286152177
                                0.06997963978295402,                               0.054524050252039075,                                     -0.13901527970783867,                                     -0.19496706130243668,                              -0.09112805910619536,                              -0.06488547151399629,                                    -0.09668026059316497,                                    -0.14220918046270012,                              0.015537793366762379,                              0.007016412397974348,                                      -0.351267854501308,                                    -0.09303078647926209, 7802.613825445609, 0.4989578965465922, 7803.112783342156, 0.0010017613028136842
                                0.07029538512521225,                                    0.0536471081122,                                     -0.13781624889077104,                                      -0.1837132283289553,                              -0.09328815463254769,                              -0.06627504604014542,                                    -0.09451948682628038,                                    -0.11841587396379259,                              0.012463907955299391,                              0.004722583217392315,                                     -0.3418067677878727,                                    -0.10158409905786785, 7801.040725802819,  0.588404799965595, 7801.629130602784,0.00020776661152209884
                                 0.0754549750811617,                                0.05182055177194375,                                     -0.14953799069809076,                                     -0.17546975445185065,                              -0.09820638227224808,                                -0.068733232869366,                                    -0.09422689357567753,                                     -0.1203978376825566,                               0.01049944791999527,                              0.005169451092656624,                                     -0.3631483246872691,                                    -0.07450456290365663,  7801.75973314026,  0.526727517783739, 7802.286460658044, 0.0004264191263112045
                                0.07795599896272401,                                0.05977684461003149,                                     -0.15667893533345287,                                     -0.18454880928083295,                              -0.08087954788759719,                              -0.06050199350275942,                                    -0.06941884019516613,                                    -0.13999383847749441,                              0.013893592539427874,                              0.006567798992879917,                                     -0.3384987209351668,                                    -0.13092726357913625, 7801.965106345155, 0.5223169255872977, 7802.487423270742, 0.0005236355526158739
                                0.06830581089443419,                                0.05200425512297105,                                     -0.13479755588946726,                                       -0.185095283556565,                              -0.08153911860731296,                              -0.06456483150906656,                                    -0.07082448524980235,                                    -0.15733559529381205,                               0.01297016110005382,                             0.0072531140973733504,                                    -0.33537812502526676,                                    -0.12054759083235828, 7800.993128340553, 0.5530707237317466, 7801.546199064285, 0.0001981091076112864
                                0.07420716649261203,                               0.056140152675725336,                                     -0.15567460909255626,                                     -0.18979363360572737,                              -0.08843692577468738,                              -0.06448269795505665,                                    -0.10271582058392945,                                     -0.1628462280292885,                              0.014048751246643218,                              0.006555867862504422,                                     -0.3206569784502072,                                    -0.11632301949087712, 7802.194250821629, 0.5282588736189257, 7802.722509695248,  0.000658484122016249
                                0.07450290149272609,                                0.05121712048007873,                                     -0.15686296609791506,                                     -0.16508495163992662,                              -0.09151281779490657,                             -0.057923070025993874,                                    -0.08014707104866152,                                     -0.1245123979878421,                              0.012605850291221701,                              0.005379326951478511,                                    -0.32685129292435416,                                    -0.06578746364472146, 7804.110317446055, 0.6878805627677695,7804.7981980088225, 0.0009608748752719542
                                0.06502461428346151,                               0.052177073519578315,                                     -0.14207534284533863,                                     -0.18365628197103687,                              -0.09193789577835215,                              -0.06667291307560202,                                    -0.10038390249786708,                                     -0.1462729436248994,                              0.013390049500530438,                              0.004998308342152091,                                    -0.33706891779668446,                                     -0.0948715100079658, 7802.884964484761, 0.5597799298523396,7803.4447444146135, 0.0002821647828334622
                                0.07424175247525319,                                0.05000324877832407,                                     -0.15673727376866767,                                      -0.1615978385366243,                              -0.09219214318578141,                              -0.05789990925616607,                                    -0.07626851747382656,                                    -0.12005747924147551,                               0.01248806602572558,                             0.0063987632122339405,                                    -0.32477171678728206,                                    -0.06281319141837438, 7803.170387309093,  0.713504980388582, 7803.883892289481, 0.0003753706961989777
                                 0.0759544998032034,                                 0.0556222053582755,                                      -0.1530173672062506,                                        -0.18101595055837,                              -0.08528473651084505,                             -0.061753159015825496,                                    -0.10751652876013383,                                    -0.15307357302567584,                              0.013322212063327038,                              0.007830714320624182,                                    -0.35419668225863904,                                    -0.08075977921384767, 7803.897164417995, 0.4756352088790302,7804.3727996268735, 0.0007764181047002049
                                0.07333246217801562,                                0.05907140203744776,                                     -0.13876220201573358,                                     -0.19828760514551427,                              -0.07963171424479913,                             -0.059820740100464495,                                    -0.06745534314715892,                                    -0.15111401260007182,                              0.015691449281491618,                               0.00723657985873935,                                    -0.33951872647285847,                                     -0.1243563417634349, 7804.920451296957, 0.5114895802797239, 7805.431940877237,  0.002160247438038601
                                0.07540075628632789,                                0.05277209259156754,                                     -0.14040826269200035,                                       -0.193880824246044,                               -0.0896037530108702,                              -0.06680635735831086,                                    -0.10184672521785834,                                    -0.13038955234245933,                               0.01319247821164049,                              0.007803651782928342,                                     -0.3491561171164684,                                    -0.08805808435926483, 7803.264981492353, 0.5245639756534891,7803.7895454680065,0.00041261223109921504
                                0.07656950944014643,                                0.05746177468095112,                                     -0.14999631378402292,                                     -0.17841460069734064,                              -0.08755646120609421,                              -0.06273342210490623,                                     -0.1007158383632959,                                    -0.13327106355654153,                              0.013515361461897163,                              0.006375691166346842,                                    -0.36769069604800464,                                    -0.10274607456598094,  7803.74717571873, 0.4487525379455358, 7804.195928256676, 0.0006682768077332571
                                0.07074737449810461,                                 0.0501014471485389,                                     -0.14247316388467868,                                     -0.17910268845455166,                              -0.09218077477521285,                              -0.06332873018551749,                                    -0.07179534199110947,                                    -0.14302412401403636,                              0.013407049294669807,                              0.006530667916320107,                                     -0.3296106035101143,                                    -0.10002471723355859, 7802.954108307573, 0.6229402243009105,7803.5770485318735,0.00030236504913862163
                                0.07282737732636488,                                0.05335504910336916,                                     -0.15645290685589908,                                     -0.18046751325983465,                                -0.087875986111067,                              -0.06625538918512172,                                    -0.08104532428445453,                                    -0.15958339866194424,                              0.013054507100061591,                              0.006150079640149866,                                     -0.3350438045587784,                                    -0.10409390089110852, 7803.694774547625, 0.5366280483334059, 7804.231402595958, 0.0006341600069143874
                                0.07462735256604552,                                0.05330910548613205,                                     -0.15330547338782707,                                     -0.18895866182334148,                              -0.09400707809070717,                              -0.06820388047416401,                                     -0.0934786825484922,                                    -0.12313442558751396,                              0.013207147909315362,                              0.006466495476581957,                                     -0.3577823266253531,                                     -0.1070981468680863, 7801.781497409131, 0.4787648877008278, 7802.260262296832,  9.35994175715728e-05
                                0.07499932083018168,                                 0.0533878591585569,                                     -0.15317106655662918,                                     -0.17243255897905266,                              -0.09432819530774907,                              -0.06656395182560232,                                     -0.0868014887946671,                                    -0.14639294875883485,                               0.01319631428103396,                              0.007267960115055441,                                     -0.3393414798162411,                                    -0.11113301510795347, 7803.193653046988, 0.5505624283243454, 7803.744215475313, 0.0003842063579715235
                                0.07212542900115382,                               0.053980007354806486,                                      -0.1416007549136345,                                     -0.18693869194959684,                              -0.07380306823376213,                              -0.05475917842386824,                                   -0.044381873813797115,                                    -0.15179816735869162,                              0.013305750964739044,                              0.006354589031970309,                                     -0.3315902296180397,                                    -0.10214479551637151, 7805.164194165382, 0.6020514371824237, 7805.766245602564, 0.0027565106929236154
                                0.07540216042980072,                                0.05347607705279611,                                       -0.138329187959394,                                      -0.1765134132214696,                              -0.08526853539553428,                               -0.0600778480688538,                                    -0.06828425643737503,                                    -0.13961881011122682,                              0.014943011885776597,                             0.0073125940045260795,                                    -0.36111424797567027,                                    -0.09150919008703653, 7803.643265701994, 0.5307702663032366, 7804.174035968297, 0.0006023221612845231
                                0.07017975684694391,                                0.05070555588328604,                                     -0.13240660728418058,                                     -0.19765201828391535,                              -0.09761235982473045,                              -0.06858030488064407,                                     -0.1102709991229294,                                    -0.13373083439446673,                              0.012886782900445232,                              0.005161432376770109,                                     -0.3669610406802502,                                    -0.09301535865775767,7800.3269476181395,0.43783588542052876,  7800.76478350356,2.1855975664639453e-05
                                0.07203823467535905,                               0.058422952199138706,                                     -0.14661123071338053,                                     -0.19760961254622103,                               -0.0825556473646615,                              -0.06689862387788909,                                    -0.09743859285760029,                                     -0.1633640470941233,                                0.0163010400637095,                              0.007862184161212801,                                     -0.3421981116139819,                                    -0.10561368440427134, 7803.456114894005, 0.4654659992781136, 7803.921580893283, 0.0004995170071275037
                                0.07586506302649995,                                0.05122250552125407,                                     -0.14815303008435166,                                     -0.17617261463660003,                              -0.09629346800082421,                              -0.06715853026234087,                                     -0.1184391451444415,                                     -0.1289482718575124,                              0.012390956547445528,                               0.00787015869643344,                                    -0.35144187086570133,                                    -0.06347300016645285, 7803.507412961062, 0.5421242903461662, 7804.049537251408, 0.0005258098854346652
                                 0.0741752585479982,                                0.05195700699166203,                                     -0.15934375276507642,                                      -0.1671617444415764,                              -0.09512893915870752,                              -0.06882483874648573,                                    -0.09260403981547595,                                    -0.13204213735201942,                               0.01119227144925046,                             0.0053211685070446435,                                     -0.3402083222919169,                                    -0.12242070404904665, 7804.227034707404, 0.5482863060305053, 7804.775321013434,   0.00107983276316992
                                0.07375046089235715,                               0.055775552066556655,                                     -0.14677416733065834,                                      -0.1974799931279201,                              -0.09404972136793327,                              -0.06707157215973147,                                    -0.11051549387873658,                                    -0.13759101308138494,                              0.012766964509401596,                              0.005408825353279134,                                     -0.3522413668214409,                                    -0.11763292301694481, 7803.976180405822, 0.4398151709527711, 7804.415995576775, 0.0008402564624077768
                                 0.0747648531093657,                                 0.0507077447152659,                                     -0.15927584623180907,                                     -0.18160491179795502,                              -0.09018269430442998,                             -0.058017330705793235,                                    -0.06560683642210376,                                    -0.14562293274086632,                              0.012400345931931442,                              0.005866560458498898,                                     -0.3417038947121245,                                    -0.07114799669198886, 7801.358338843816, 0.5726730955366286, 7801.931011939352, 6.130525686473444e-05
                                 0.0745346150991884,                                0.05073794168430529,                                     -0.14105203608545316,                                     -0.17652096961906227,                              -0.09362602811250313,                              -0.06747588404070293,                                    -0.10669802101423864,                                    -0.11813962041231219,                              0.012868371960677472,                              0.007090548668388763,                                    -0.35429994630713707,                                    -0.10564130592574748,7800.4342973350185, 0.5315493129395387, 7800.965846647958,2.4332772075554565e-05
                                0.08199963889704476,                                0.05503138434858251,                                      -0.1561346279062844,                                     -0.15802714641969556,                               -0.0879215941437863,                             -0.055730353385023856,                                     -0.0842297266635552,                                    -0.13836352448390205,                              0.012506616278612201,                              0.006998271233221123,                                     -0.3511445362394638,                                    -0.07438232993873689, 7802.449070243041, 0.5796625103462605, 7803.028732753388,0.00018247204712422773
                                0.07222837591741307,                                0.05144246736787225,                                      -0.1518274853046924,                                     -0.18842982841544892,                              -0.09163168835173525,                              -0.06000940434450652,                                    -0.07579841950694248,                                     -0.1382262277153926,                               0.01313886700671281,                               0.00552474998320876,                                    -0.33783406271661287,                                    -0.08002920874320353, 7805.115698264512, 0.5823243158678046, 7805.698022580379, 0.0026260209068678015
                                0.07291712598574057,                                0.04838098585706249,                                     -0.14124120135699264,                                     -0.18712402394941705,                              -0.09310885976078508,                               -0.0580782435088969,                                    -0.08035911269983023,                                     -0.1316913805282959,                              0.012610502724264533,                              0.005325167187724952,                                     -0.3366875099517784,                                     -0.0812575421050676, 7801.272861994721, 0.6113234971836323, 7801.884185491905, 5.628278673280918e-05
                                0.06898504049343218,                               0.055558977278980765,                                     -0.14801004125850536,                                     -0.20289426347372946,                              -0.08575191211888357,                              -0.06614087555664828,                                    -0.07967186135212573,                                    -0.16820009892661972,                              0.014202812415536559,                              0.006391468334438419,                                     -0.3536315184153293,                                    -0.11425724285758274,7801.2148952726675,0.40523488556891063, 7801.620130158236, 5.311301620470905e-05
                                0.07152995171051224,                               0.050697010615169485,                                     -0.15317100730449237,                                     -0.18047154796235235,                               -0.0893038464065253,                              -0.06037186036288575,                                    -0.06660845917585222,                                    -0.15738724121828684,                               0.01337000659123555,                               0.00648958022597497,                                      -0.348869637992497,                                     -0.0893711656777406, 7799.899185650935, 0.5212676877576756, 7800.420453338692,1.4249365832504672e-05
                                0.07638143077510598,                               0.054995013160535094,                                     -0.14819748535062455,                                      -0.1857064951031156,                               -0.0853229866045955,                             -0.057344389998053316,                                    -0.07180174784465594,                                    -0.14593944017266008,                              0.012700790422978628,                             0.0066914625004632355,                                    -0.33616696168520616,                                    -0.08151360820118511, 7804.093009025748, 0.5900459909380681, 7804.683055016686, 0.0009443867523747585
                                0.07397204336323726,                                0.05351787556757581,                                      -0.1436135795464694,                                     -0.18097630929565142,                              -0.08119836080715215,                             -0.058082557684068795,                                    -0.08717806204701087,                                    -0.13372598465436764,                              0.014145586097862692,                                0.0081251600763175,                                     -0.3515994528117183,                                    -0.07599592143549544, 7802.125363645147, 0.5583704859770712, 7802.683734131125,0.00013201167913330606
                                 0.0745208082426054,                               0.052578234993205436,                                      -0.1540232543464139,                                     -0.17185685074266435,                              -0.09483980651274136,                              -0.06750927710628941,                                    -0.09948386259883964,                                     -0.1468605757666862,                              0.013872734532416137,                              0.007020831736326144,                                    -0.33962269548416335,                                    -0.08199430871810916, 7802.988239240613, 0.5665251743879851, 7803.554764415001,  0.000312863186898104
                                0.07141366083755549,                                0.05119088758727411,                                     -0.14152924977429443,                                     -0.18293192150092033,                              -0.09008995436267013,                              -0.06384534132102171,                                    -0.07760726642404504,                                    -0.13998142516793324,                              0.011862455074381661,                             0.0046029879989388095,                                    -0.35861146550319867,                                    -0.07131136973597277, 7803.466693426048, 0.5331354595286455, 7803.999828885576, 0.0005048292119191113
                                0.07187799168742884,                                0.05538211162559423,                                      -0.1405554920603199,                                     -0.17312610484411375,                              -0.08752534009568443,                              -0.06506143054789046,                                    -0.11293042785303987,                                    -0.13633304537156493,                              0.014207065382440764,                              0.006005394698416655,                                    -0.34457591385741904,                                    -0.11114180966447194, 7800.701467586639, 0.5367257967241211, 7801.238193383364, 3.178499548839334e-05
                                0.07610859618675136,                                0.05638872666640063,                                      -0.1480646416733999,                                      -0.1949217089964202,                              -0.08383225321879677,                              -0.06400476807723307,                                    -0.09031266503809765,                                      -0.136658854353241,                              0.014617474781714934,                              0.008664015273088382,                                     -0.3579028372153822,                                    -0.09842544109777625, 7802.779582920168,0.46795856647326095, 7803.247541486641,0.00025394295926479493
                                0.07236981973033033,                               0.051901679302475384,                                     -0.14387081275753194,                                     -0.17317095556560602,                              -0.07794805372704318,                              -0.05375228172873157,                                    -0.03918720405741463,                                    -0.15080327603484397,                              0.012971009803975503,                                 0.007395971308974,                                     -0.3449272804919409,                                    -0.08101063320996062, 7803.522712989181, 0.6014576324352164, 7804.124170621616, 0.0005339166501886635
                                0.07586503588232038,                               0.054629734853005346,                                     -0.15408857822841202,                                     -0.17677269358401995,                              -0.09267777510524075,                              -0.06459083532717194,                                    -0.11276035216821899,                                    -0.14930731401122738,                              0.014609893924975803,                               0.00826688720428656,                                     -0.3452801280335412,                                     -0.0768171567942922, 7803.991375506977, 0.5202527357228435, 7804.511628242701, 0.0008531217414199296
                                 0.0735376218864387,                                0.05093786908708639,                                     -0.14696491080641397,                                     -0.18320160675685404,                              -0.08754901956519061,                             -0.061978561831481774,                                    -0.08778413828212216,                                    -0.15864771009918538,                              0.011997004020155397,                               0.00782134777243923,                                     -0.3380066672337515,                                    -0.07238377875821655, 7803.417485222178, 0.5624422105367444, 7803.979927432714,0.00048058877844920104
                                0.07302829022070112,                                0.05457284688418046,                                     -0.15356950788526766,                                     -0.17815804759485446,                              -0.09544995668555858,                              -0.07012860338389464,                                     -0.1095318353596774,                                    -0.13252730810333052,                               0.01346423471522254,                              0.006163682606455792,                                     -0.3663086787048042,                                    -0.08952405740528842, 7804.077769986514, 0.4537943445811522, 7804.531564331095,  0.000930104307371008
                                0.07090260051649136,                               0.051541441670753724,                                      -0.1441465981065471,                                     -0.18580242955006956,                              -0.08253573983209705,                              -0.06295259373161158,                                    -0.06281181106638371,                                    -0.13809502333263948,                              0.014225409303560782,                              0.007015150735805317,                                    -0.33907600082607114,                                    -0.11343620437886821,  7802.08772538359, 0.5700418363750781, 7802.657767219965,0.00012713533327070005
                                0.07774964073237248,                                0.05455992206773577,                                     -0.14586537064066032,                                      -0.1908172498999088,                              -0.09341169086648919,                              -0.06557071271921111,                                    -0.10669654838028524,                                    -0.15643272419113888,                              0.013735051230213374,                              0.006931454805233897,                                    -0.34915836878039336,                                    -0.09603325270486383, 7803.137475306516,0.46714971688105666, 7803.604625023397,0.00036321758351730955
                                0.07087290936062479,                               0.053601625033848604,                                     -0.13776509916672366,                                     -0.19849931072684598,                              -0.09143923390092322,                               -0.0712555852549435,                                    -0.11089369496051862,                                    -0.13643472782580332,                              0.012241885877295647,                              0.005809496795284752,                                    -0.35096057530051666,                                     -0.1022778360955095, 7803.648977745248,0.47687252433712934,7804.1258502695855, 0.0006057724963728886
                                0.07691941163144175,                                0.05116164873861484,                                     -0.15662680199462933,                                     -0.15397484130470893,                              -0.09749367326124632,                             -0.061585906955546166,                                    -0.08345720693019647,                                    -0.13161870141821302,                              0.012296579750548473,                              0.005647991921415657,                                     -0.3536870426891398,                                    -0.07778016804267344, 7804.910183154861, 0.5838394860125731, 7805.494022640874, 0.0021381792041595517
                                0.07362641104647807,                                0.05759806075333093,                                     -0.13668033547700123,                                     -0.20101277003768322,                              -0.07939997071275023,                              -0.06152057654806706,                                    -0.07277229780457889,                                    -0.15240421535979568,                              0.015683752809086432,                              0.008230234649299922,                                    -0.33008019889947743,                                    -0.12419625750050867, 7806.059417912475, 0.5376446272472659, 7806.597062539722,  0.006747616863596134
                                0.07219218477350858,                               0.051341755177087695,                                     -0.14683106389338768,                                     -0.16530754669308714,                              -0.08778694815512118,                             -0.061483340374217745,                                    -0.09201821012714526,                                    -0.13638249388259027,                               0.01331183666866051,                              0.005373545760602047,                                     -0.3320785095130145,                                    -0.12732182361039004, 7801.503104480412, 0.5906873100023918, 7802.093791790414, 7.085469510752125e-05
                                0.07352851978509037,                               0.051679035250072364,                                     -0.14913873544997672,                                     -0.19335568305676734,                              -0.08567986921199565,                              -0.05996699852722657,                                     -0.0825070376764432,                                    -0.15556502780627443,                              0.013526481163223497,                              0.007375179005549293,                                     -0.3386247226708693,                                    -0.07970429329981006, 7804.972194193877, 0.5394890672214392, 7805.511683261098, 0.0022749672727666627
                                0.07206728975066523,                                0.05087769958312979,                                     -0.13726667519688424,                                     -0.16500558511239677,                              -0.09501821835279971,                              -0.06420907789064145,                                    -0.11557114649866185,                                     -0.1463674870949555,                              0.012652131631186309,                              0.006374331436198186,                                     -0.3462488566290846,                                    -0.08055786005314831, 7802.509388570872, 0.5640957058110614, 7803.073484276683,0.00019381717594168875
                                 0.0718128384005374,                                0.05640882380713083,                                     -0.14793224596675209,                                     -0.19228397011218884,                              -0.08381239768813706,                              -0.06117250092779384,                                     -0.1067879113117096,                                    -0.14654039991825138,                               0.01542957738006416,                               0.00654100074781494,                                    -0.32429507702314253,                                    -0.13494848092170122,  7802.34635586233, 0.5202831674709357,   7802.8666390298,0.00016465997896750146
                                0.07477782684162124,                                0.05404874639879384,                                      -0.1429306100812061,                                     -0.19617963315613485,                              -0.08707724334480463,                              -0.06420229235729555,                                     -0.0965858105703645,                                    -0.12406008268364575,                              0.014936883740003945,                             0.0066878421891751055,                                     -0.3396332465464566,                                    -0.12564481531321264, 7803.366460385745, 0.5221749363413012, 7803.888635322086,0.00045668192296686257
                                 0.0740733248136981,                                0.05062316206535933,                                     -0.13429511522433266,                                      -0.1933019077111479,                              -0.09014991068731094,                              -0.06182854250057739,                                    -0.09449113078263889,                                     -0.1439612982698653,                              0.012317028144984699,                              0.007110451583339936,                                    -0.35512874081890244,                                    -0.06311503199959981,  7802.62134998008, 0.5200556471374334, 7803.141405627217, 0.0002167786380838537
                                0.07076652141348361,                               0.052897214928748826,                                     -0.14789227565318547,                                     -0.18938039262380185,                              -0.08998163828906526,                               -0.0643512930903258,                                    -0.07845381296437554,                                    -0.13210890489499724,                              0.012093837597200688,                              0.005550158790312357,                                    -0.33893415487604217,                                    -0.08006820934369635, 7804.570238871453, 0.5896226648900548, 7805.159861536343, 0.0015219772992935605
                                0.07601937617621396,                                0.05894073507707903,                                     -0.15911310170706047,                                     -0.18234650043467543,                               -0.0867297007905472,                               -0.0631061767693121,                                    -0.09885394040798214,                                     -0.1548721003570795,                              0.014799600085725381,                             0.0072708810313788785,                                     -0.3574534684445601,                                    -0.09576807344152578, 7803.748908806528, 0.4416387813673348, 7804.190547587895, 0.0006694359943098162
                                0.07181385047536323,                               0.055083477238765305,                                      -0.1432620157238142,                                     -0.19287123261031458,                              -0.09039738858672783,                              -0.06639212988931156,                                     -0.0967626995033436,                                    -0.14072323891876073,                              0.012584862308686051,                              0.004252581445658737,                                     -0.3625128404608633,                                    -0.12818291729896128,7802.1986614426805,0.41126885393095225, 7802.609930296611, 0.0001420512906988564
                                0.07617101120488393,                                 0.0515694601049331,                                     -0.14343968898305584,                                     -0.17893747115714514,                              -0.09085316405234811,                              -0.06038676167602145,                                     -0.0986117589600794,                                     -0.1332070167883458,                              0.012304475510595811,                              0.005056052791034965,                                    -0.36615986481778506,                                    -0.07084195676064502, 7801.499442194732, 0.4978366681727967, 7801.997278862905, 7.059567955626616e-05
                                0.06980769635449754,                                  0.048935742379245,                                     -0.13782895828785427,                                     -0.19067388711590016,                              -0.08672324476996307,                              -0.05671381942868098,                                    -0.07575524410246778,                                    -0.12846304951366444,                              0.013203595596386258,                              0.005013236432101054,                                     -0.3436492652190308,                                    -0.07603920936338572, 7801.772346180261,  0.596069094902862, 7802.368415275164,  9.27467751924239e-05
                                0.06900488802064947,                                  0.053766540973504,                                     -0.14156223392351028,                                     -0.18966344460963966,                              -0.08398587287462024,                              -0.06357407459024772,                                    -0.08535163542166943,                                    -0.13646129151833236,                              0.013382964838863767,                             0.0056622773505833335,                                     -0.3445723343395789,                                    -0.11633299266113724, 7805.178942044891, 0.5254558232130244, 7805.704397868104, 0.0027974646300681456
                                 0.0692558856131403,                                0.05433027457095055,                                       -0.135251615638383,                                      -0.1807675536608557,                               -0.0848747487708049,                              -0.06401568231025492,                                    -0.08443820051532722,                                    -0.14732497578219625,                              0.013902896969844883,                              0.005657750122515612,                                     -0.3235976517370416,                                    -0.13602099927637976, 7804.412343589987, 0.5874592353332966,  7804.99980282532, 0.0012996760782114964
                                0.06928046481241817,                                 0.0524311011668282,                                     -0.14095028883344796,                                     -0.17685584899648318,                              -0.09222874001193808,                              -0.06598572428979559,                                    -0.09947530532634542,                                    -0.13963495222233016,                              0.013930024531602456,                             0.0043906378737804674,                                     -0.3327405144303792,                                    -0.13598686113635333,7801.4370609593725, 0.5500959619731552, 7801.987156921346,  6.63263803143028e-05
                                  0.078688590784362,                               0.053907283061603056,                                      -0.1583698841064649,                                      -0.1798943667143824,                               -0.0870415469114889,                              -0.06006296757910559,                                    -0.10309681927835082,                                    -0.14491392092251226,                               0.01435475254857728,                              0.008722756149790373,                                     -0.3336601514474875,                                    -0.10095432844187455, 7802.723632887944, 0.5453961439647639, 7803.269029031909,0.00024012500448151512
                                0.07083867915225861,                                0.05529773788235029,                                     -0.13660935598686336,                                     -0.20545631099449124,                              -0.08303600281868674,                             -0.061959163355718556,                                    -0.08339272067436504,                                    -0.14142273684464204,                              0.014688372515885464,                              0.007663981006810164,                                    -0.33383493693088395,                                    -0.10123016963736577, 7803.368091771699,  0.551342891163951, 7803.919434662863,  0.000457427555483351
                                0.07575329647001144,                                0.05053423006571364,                                     -0.14262582008767904,                                     -0.18841636749934373,                              -0.09072913050896264,                              -0.06011965817001383,                                    -0.10164794015302181,                                     -0.1288411314162966,                              0.013492197417747362,                             0.0055552674876906405,                                     -0.3505480129898406,                                      -0.093635200335363, 7801.394911829904, 0.5240973770355393, 7801.919009206939, 6.358887805543962e-05
                                0.07256257549870956,                               0.048890435495035495,                                      -0.1552152679379832,                                     -0.17414362427962682,                              -0.08747562395211969,                              -0.05803713815631039,                                    -0.07765704784990599,                                    -0.14776800050291108,                               0.01195465685534329,                              0.005462606256980654,                                    -0.33805392429358555,                                    -0.08510043887408937, 7801.434816454823, 0.5830992235562777, 7802.017915678379, 6.617767739653738e-05
                                 0.0756543501506047,                               0.053098845458764116,                                     -0.14513928117429636,                                     -0.17568541524366998,                              -0.09277688399459111,                              -0.06972950117686666,                                     -0.1179591651469527,                                       -0.15367371080105,                              0.011894075405054078,                              0.006690267555835419,                                    -0.34473879378093464,                                    -0.09764913833582675, 7803.187976238653, 0.5051291152264127,  7803.69310535388, 0.0003820314711646861
                                0.06811954625591707,                                0.05250262150305293,                                     -0.14526601093500932,                                     -0.18178540839556928,                              -0.09129261035573119,                              -0.06795777954981816,                                    -0.09635278299119604,                                    -0.13504190313902398,                              0.014469509469304837,                              0.006682289885412307,                                    -0.32255304617822694,                                    -0.09742241065449768,   7803.2637533617, 0.6309125792778962, 7803.894665940978,0.00041210580041535255
                                0.07205116523213487,                               0.054896281061308005,                                     -0.15120611867886882,                                     -0.19496213050734545,                              -0.08748098669034725,                              -0.06694161135424428,                                     -0.0815872439470823,                                    -0.14559652922193383,                               0.01341658567698549,                              0.005746235286774912,                                     -0.3355729359829432,                                    -0.13438719461100934, 7805.594637113756,0.49648176224891805, 7806.091118876005, 0.0042393441962338034
                                 0.0749820419879145,                                0.05310885707616242,                                     -0.13964408319701935,                                     -0.18057904007062472,                              -0.08649453337033822,                              -0.05917588280824988,                                    -0.07777726631187967,                                    -0.12075734552853797,                              0.014854507238096476,                              0.006327768856491375,                                     -0.3611649335929698,                                    -0.10031701585216855,7803.3780121054615, 0.5306648262953885, 7803.908676931757, 0.0004619879725351076
                                  0.070740338985194,                                0.05498109039238766,                                     -0.13928864335037608,                                     -0.19641192888444167,                              -0.08399701764927728,                              -0.06401565154345429,                                    -0.08675290452899612,                                     -0.1468221312472185,                              0.013009636672616301,                             0.0070393169291306235,                                    -0.33602091666345885,                                    -0.10715737514718718, 7805.399981748422, 0.5406091381789254, 7805.940590886601,  0.003489481721252036
                                0.07405799877405592,                                0.05286278828617813,                                     -0.14653631723299418,                                     -0.18984633032760317,                              -0.07974051522897435,                              -0.05652592378888746,                                    -0.06592983451119984,                                     -0.1333565658001701,                              0.013535740150861675,                              0.006821699344002646,                                    -0.33077812731032513,                                    -0.12180829782707348, 7803.995305496301, 0.5825972885803913, 7804.577902784881, 0.0008564810975483222
                                0.07504227078469733,                               0.047820973985553544,                                     -0.14784488018600409,                                     -0.15343224638425407,                              -0.09565591937442143,                             -0.060591516324688885,                                    -0.07789638902348986,                                    -0.11236961417470857,                               0.01163407337172584,                              0.005122261444476431,                                     -0.3332732053738947,                                    -0.07537593409694317,7801.3681498203005, 0.7106515538727752, 7802.078801374173, 6.190968144767504e-05
                                0.07778200536590268,                               0.055739205404980646,                                      -0.1422064827594801,                                     -0.19498298237531125,                               -0.0873470646774396,                               -0.0632030906860804,                                    -0.09855189919311498,                                    -0.13368684645436862,                               0.01338143750483925,                              0.006649679713276374,                                    -0.35949263152893424,                                    -0.11926502296889235,  7802.69430026886, 0.4415521459279719, 7803.135852414788, 0.0002331838085980091
                                0.07706215945009451,                                 0.0508338241283012,                                     -0.14954203733610935,                                     -0.16237127281031047,                              -0.09957975806005856,                              -0.06378559189948585,                                    -0.12863685460280058,                                    -0.12568443145027128,                               0.01265616486877634,                                0.0067465823932817,                                     -0.3567654680091477,                                    -0.07620137069951607,7804.3004915005295, 0.5255814727925258, 7804.826072973322, 0.0011621398143537665
                                0.07682415570267173,                                0.05249733012648647,                                     -0.14673951755446338,                                     -0.18522368530935954,                               -0.0898996184864876,                             -0.061502377483838216,                                    -0.10094534739546401,                                     -0.1240689134585262,                               0.01326283985236483,                              0.007786216911437258,                                    -0.32716014975209656,                                      -0.086719616701376, 7802.155743054267,  0.626593152404251, 7802.782336206671,0.00013608365488395843
                                0.07656538051990786,                                0.05507872725354665,                                     -0.16100281704751268,                                     -0.16823661202543172,                               -0.0824807130241743,                             -0.059413599847252724,                                     -0.0727105906075346,                                    -0.14331390133312455,                              0.012283148839831864,                             0.0065662920666963165,                                     -0.3401790242443895,                                    -0.08144707673735001, 7803.501240728269,  0.590875650716157, 7804.092116378985, 0.0005225744595892845
                                0.07438700751510025,                               0.053932844256813134,                                     -0.13812877297622816,                                     -0.18799301800110707,                              -0.09175147928736145,                              -0.06435585550967768,                                    -0.10502446274059682,                                     -0.1588092108942459,                              0.012731592275994935,                               0.00644179795787711,                                     -0.3614792896430085,                                    -0.07104662154229865, 7804.019206342147, 0.4576546985855823, 7804.476861040733, 0.0008771983135066745
                                0.07331685668581381,                               0.051952253434527085,                                      -0.1445683420810759,                                     -0.18016929352421396,                              -0.08944520050735942,                               -0.0628063212023715,                                    -0.08611685172823261,                                     -0.1503697063531325,                              0.012454985041289432,                               0.00672519141601062,                                    -0.32257095010417197,                                     -0.1161153343399563, 7803.857766553452, 0.5991180648738746, 7804.456884618326,0.00020288394972915762
                                0.07702292890207854,                               0.055530554430144735,                                      -0.1474701364006966,                                     -0.16870145356675925,                              -0.08489633477975693,                             -0.059908389764788135,                                    -0.08427715461954492,                                      -0.135263984287683,                              0.015606260259236504,                              0.009110577502773443,                                     -0.3374346472205754,                                    -0.10852326981109739,  7805.57407082902, 0.5973229664532854, 7806.171393795473, 0.0011288316230867975
                                 0.0721166723869252,                                0.05172915533459782,                                     -0.14518734897983127,                                      -0.1654766325025518,                              -0.09072860334693247,                              -0.06249396016799501,                                    -0.10219398848818509,                                    -0.12656411843857476,                              0.014095275185559725,                              0.006264222772805653,                                    -0.32171822969684133,                                    -0.09928725949941027, 7804.854544287462, 0.6693312900726387, 7805.523875577534, 0.0005497215478404011
                                0.07291437194646286,                                0.05698545957422205,                                     -0.15815071185829474,                                     -0.18263542109000938,                              -0.09433602501973905,                              -0.07228410308409605,                                    -0.13986788649484494,                                    -0.15786580816634996,                              0.013902756407390623,                              0.006415801954916062,                                      -0.337183089991771,                                    -0.10337198907106429, 7803.674558099714,0.45296662744007454, 7804.127524727154,0.00016892007695281755
                                0.07632908890319162,                               0.054899334132641336,                                     -0.15082588482689355,                                     -0.17462528105573083,                              -0.08936829753028838,                                -0.065773527544663,                                    -0.11434758541914339,                                    -0.13300861685729196,                               0.01435739052883614,                              0.007625379367479951,                                     -0.3285401464567888,                                    -0.11668260371772728,  7806.70994122316, 0.5733423577077644, 7807.283283580868, 0.0035150492273035975
                                0.06884553369319554,                                0.05213868269609606,                                      -0.1425344322722735,                                     -0.18153459543041112,                              -0.09809401884463886,                              -0.07243804724013658,                                    -0.12380447795174246,                                     -0.1438551512145682,                               0.01361537487872981,                              0.006073553394761233,                                     -0.3286296866513067,                                    -0.09285749847122086, 7805.323755242572, 0.5713970445259976,7805.8951522870975, 0.0008788575527130917
                                 0.0762762536666953,                               0.051087397744372015,                                      -0.1539040273817806,                                     -0.15732008996753746,                                -0.096894867768736,                              -0.06590564769405896,                                    -0.10187127954296409,                                    -0.11780148587948475,                               0.01308331232312851,                              0.005976375521098795,                                    -0.33798898921466963,                                    -0.10721856178118423,  7804.21753195599, 0.6130044230835543, 7804.830536379073, 0.0002907313200581961
                                0.07515240118919683,                               0.053992393909281844,                                      -0.1493925673623483,                                      -0.1843402672851703,                               -0.0945622714829972,                              -0.06475116161538813,                                    -0.12115072667686279,                                     -0.1187079646680846,                              0.012980798070297464,                              0.004808920746583872,                                    -0.34348380315159477,                                    -0.09009452309639296, 7804.987941478157, 0.5422082339076533,7805.5301497120645, 0.0006281688903978773
                                0.07212107566946332,                                0.04991373652176295,                                     -0.13765725423810393,                                     -0.17341804100643088,                              -0.09314716984043475,                              -0.06059257699653197,                                    -0.09427659277453794,                                     -0.1344990267284419,                              0.014180119366955984,                              0.007397785463575238,                                    -0.33393906646576066,                                    -0.07966082812409578, 7803.904768703565,  0.638342403457132, 7804.543111107023,  0.000212647590216052
                                0.06878958380951017,                                0.05334479660707897,                                     -0.14359349890823533,                                     -0.19489661978316655,                              -0.08860588064198452,                              -0.06873735398088104,                                    -0.09190424964923395,                                    -0.14171621380243382,                              0.012796186104842261,                              0.005517797283649387,                                     -0.3244644543962506,                                    -0.10776805113236118, 7804.507161465195,  0.581885468319207,7805.0890469335145,0.00038839740343327503
                                0.08013330985205733,                                0.05515194748422805,                                      -0.1569507149934151,                                     -0.17074538147317128,                              -0.09408397126084281,                              -0.06439052841871121,                                    -0.11404714131043703,                                    -0.14798859364515204,                              0.012443443263136594,                              0.006797433139145798,                                    -0.35439371663149544,                                    -0.07868290163247935, 7805.463440742591,0.49046327266652046, 7805.953904015258, 0.0010106089293399254
                                 0.0758150910559944,                                0.05606700049225352,                                     -0.15364518109023986,                                     -0.18743394573632977,                              -0.09441277127549474,                              -0.06882674660599455,                                    -0.11389897615484051,                                     -0.1355538715100623,                              0.013087613385879424,                              0.005376138496440558,                                     -0.3373240975629343,                                    -0.09782694530007945, 7804.564949570011, 0.5295576024347686, 7805.094507172445,0.00041150334789662304
                                0.07819783706300351,                               0.057952102203339156,                                     -0.15083192614972946,                                     -0.18494008362292963,                               -0.0839449723416426,                              -0.06271333098625695,                                    -0.10184647880075509,                                    -0.15132434205483986,                              0.013270724472407111,                              0.008302162664669571,                                    -0.36299400124754866,                                    -0.08954869079076402, 7802.701518178818,0.43753167675388216, 7803.139049855572, 6.384037101274147e-05
                                0.07334134267652012,                               0.056316746818368596,                                     -0.14649987981741652,                                     -0.20222716396001908,                              -0.09231802616107009,                              -0.07268866372672922,                                     -0.1358543312452623,                                    -0.14656042387164192,                              0.014063715138504712,                             0.0064176212257059245,                                    -0.36130123311684786,                                    -0.10875976568912342, 7803.657411779919,0.35612508622672157, 7804.013536866146, 0.0001660484089174861
                                0.06770413412491996,                                0.04891027617320834,                                      -0.1504720557755079,                                     -0.17781656442854601,                              -0.09965272952344328,                              -0.06806437991306247,                                    -0.10365209362259016,                                    -0.13628031063853197,                              0.010543990485432128,                             0.0029584682987191108,                                     -0.3437987860323708,                                    -0.07850943703718992, 7805.705085697764, 0.5601455237938465, 7806.265231221558,  0.001286850814558648
                                  0.070028827836111,                                0.04939565398225643,                                     -0.14291966598604755,                                     -0.17307195774091208,                              -0.09134161721220464,                              -0.06189767290825391,                                    -0.09378517497944816,                                    -0.14427293120466225,                              0.012102813154734673,                             0.0059160282834466865,                                     -0.3205294470674564,                                    -0.07893111438745086, 7804.910865429947, 0.6655814585373334,7805.5764468884845, 0.0005815709728573773
                                0.07230416807515277,                                0.05184591561196661,                                     -0.15492414375746907,                                     -0.19150270803998265,                              -0.09075144626467785,                              -0.06565876567627438,                                    -0.10399180447944577,                                    -0.13137764761214268,                              0.012967284905373022,                             0.0050657872386102865,                                     -0.3516068773734067,                                    -0.09917121450854988,  7802.69588427815,0.48084830999265815, 7803.176732588142, 6.348171197716886e-05
                                0.07772613323229896,                               0.057848489672997994,                                     -0.15397246758275965,                                     -0.18729265906018275,                              -0.08238879292828225,                               -0.0626542174768073,                                    -0.10365546747135658,                                    -0.14605523879597893,                              0.014013620697639673,                              0.007039713816478679,                                     -0.3526560461103238,                                    -0.10931953455306377, 7803.542049922293, 0.4532471326544528,7803.9952970549475,0.00014795638112582584
                                0.07371364342784814,                                 0.0513286566435085,                                      -0.1414223298456914,                                     -0.18319778248655894,                              -0.09310397530538041,                              -0.06409942646079345,                                     -0.0974553420979709,                                    -0.14106864221602597,                               0.01387437377835328,                             0.0065426582346631845,                                     -0.3245939526134009,                                    -0.09371706928212337, 7803.023938674167, 0.6203358302420983, 7803.644274504409, 8.812940626708026e-05
                                  0.074213559745927,                                0.05128774804304301,                                     -0.14037566766851592,                                     -0.17164488525964355,                              -0.09691811973997524,                             -0.060337248898976764,                                     -0.1047226652973096,                                    -0.11996039729027935,                               0.01394517102950485,                              0.005964280717624226,                                    -0.34357841517470084,                                     -0.0835239460768052, 7804.663260875181,  0.606762087790492, 7805.270022962971, 0.0004540141936459854
                                0.06968461364778902,                                0.05076763910082055,                                     -0.14295761849615007,                                      -0.1904667106619571,                              -0.08921649489581934,                              -0.06638273973886843,                                    -0.09078666288378463,                                    -0.14675739889874087,                              0.011833046780399453,                              0.006381636633663132,                                    -0.34087063336948525,                                    -0.06698188097566155, 7805.137420795603, 0.5643912171130788, 7805.701812012716, 0.0007294482172225633
                                0.07518253780632772,                               0.048787345952286926,                                      -0.1518332524814466,                                     -0.16595753210947384,                              -0.09391682188015338,                              -0.06063523062485472,                                    -0.08832933600877911,                                     -0.1369741263497698,                              0.011640418142308678,                             0.0067408425205649075,                                     -0.3382318205551953,                                    -0.09463742137942854, 7804.441257261509, 0.6013775173625272, 7805.042634778872,0.00036362562929116824
                                 0.0751179871342752,                               0.057525822147280276,                                     -0.15440336894220882,                                     -0.18250359979219177,                              -0.09624074563468484,                              -0.06959673762791577,                                    -0.11539754777051806,                                    -0.14370185713929234,                               0.01443860576675586,                              0.006458533869466848,                                    -0.35490038600081514,                                    -0.09928024379387909,7804.3558624653815,0.45465860084910004, 7804.810521066231, 0.0003338627736748933
                                0.07774037864803038,                               0.050396566397036796,                                     -0.15816407837679033,                                      -0.1574825179135454,                              -0.09104337293039255,                             -0.058143664199472235,                                    -0.06835273976019239,                                    -0.12141287183287312,                              0.013203652431582613,                                0.0068561902613892,                                    -0.33427985171960756,                                    -0.10057986376554344, 7804.563751898169, 0.6537502840072363, 7805.217502182177, 0.0004110107969402427
                                0.07679977969699861,                               0.058722262215395366,                                     -0.15628353237064702,                                     -0.19032518451128166,                              -0.08567239875449356,                              -0.06518698390039415,                                    -0.09299881229554804,                                    -0.15982295447271072,                              0.014372453206433516,                              0.007367539103450005,                                    -0.35605091746430734,                                    -0.08662587818252622, 7804.546332921879, 0.4424861565907914,7804.9888190784695, 0.0004039134037324541
                                 0.0730414135358613,                                0.05147735495396791,                                     -0.14826001030900143,                                     -0.17873779916016233,                               -0.0969756390719075,                              -0.07151315856760299,                                    -0.11407901432853247,                                    -0.12757019732905334,                              0.012967225775047012,                              0.006183176731794179,                                     -0.3399630677252626,                                    -0.09184367722286053, 7804.581969231405, 0.5640979126305842, 7805.146067144035,  0.000418566934962933
                                0.07471182922466066,                               0.055756407180405226,                                     -0.14746554720416144,                                     -0.19943862852656769,                              -0.08462236818815347,                             -0.061252230094825826,                                    -0.08247570191166065,                                    -0.13709996980204173,                              0.014369364807144541,                              0.007137163970691529,                                    -0.35212108304469697,                                    -0.06847628309316858, 7804.317588948084,  0.516474584675175,7804.8340635327595, 0.0003213261124283301
                                0.07165835163768025,                                0.05399350106120357,                                     -0.15124092875396006,                                      -0.1890809061566208,                              -0.08498640017741346,                              -0.06413774786136366,                                    -0.09718473300902072,                                    -0.14412903836735752,                              0.012474488267901984,                              0.004787852390377628,                                    -0.33730506930763077,                                     -0.1294949400929999,7802.5794899144785, 0.4965392893014565,  7803.07602920378, 5.650660310212507e-05
                                0.07338882411080658,                                 0.0531241476627978,                                     -0.13570808449613284,                                      -0.1774142466997701,                              -0.08913777463842626,                              -0.06537310785987097,                                    -0.10259012847224622,                                     -0.1442989921653033,                              0.012589320464368642,                              0.007081944985604105,                                     -0.3433569584707818,                                    -0.10022857535118003,  7806.53859667822, 0.5532498890106474,  7807.09184656723,  0.002961538761585878
                                0.07226159252359807,                                0.05653717713003922,                                     -0.14867460692886048,                                     -0.18958935675541935,                              -0.09190172511076473,                              -0.06787641898159316,                                    -0.10668919886092779,                                    -0.16211286018318913,                              0.013066270245899722,                              0.005397998724940026,                                    -0.32549785057593583,                                    -0.12782906812557593,7803.8479759706415, 0.5042424004473747, 7804.352218371089,0.00020090728973452243
                                0.07065268397710012,                               0.055514131893055124,                                     -0.14764637212159287,                                     -0.19112978468530512,                              -0.08607381146573907,                              -0.06858018992826226,                                    -0.10287029205029175,                                     -0.1360820310006516,                              0.013892225364576571,                               0.00649278414922054,                                     -0.3284743497537398,                                    -0.11479260183998452, 7804.721942205912, 0.5570043287391752,7805.2789465346505,0.00048145356665965254
                                0.07542941044977478,                                0.05007074656236543,                                     -0.14435250658262413,                                     -0.17708455562455866,                               -0.0945419474147672,                             -0.060401136084505425,                                    -0.10359488271458445,                                    -0.12074165020988092,                              0.013008506402181236,                              0.005203418078083069,                                    -0.33695906674417603,                                    -0.10697411054925525, 7803.502055301817, 0.5904015344015692, 7804.092456836218, 0.0001421556931687764
                                0.07550774934033563,                                0.05641021937596155,                                      -0.1524328640821451,                                     -0.18430801632846713,                              -0.07627786141939995,                              -0.05633822540682308,                                    -0.06674528862547778,                                    -0.14524693008181636,                              0.014655699883615286,                               0.00868214541632957,                                    -0.34335482578475574,                                     -0.1100487917658453, 7803.478554332818, 0.5333560047375973,7804.0119103375555,0.00013885384688901736
                                0.07670178622215434,                               0.049207476453010546,                                     -0.14669577122129443,                                     -0.17569713109448395,                              -0.09460107348339448,                              -0.06166844539557212,                                    -0.09843871276969732,                                    -0.12088906336674418,                              0.011371199768049081,                              0.006678562677770297,                                     -0.3628397597194082,                                     -0.0642552528253249, 7803.520236816741,  0.534940418151722, 7804.055177234893,0.00014476393809808777
                                0.07286792104999018,                                0.04825778703761735,                                     -0.14954906537716037,                                     -0.16753658900843565,                               -0.0909288451566796,                              -0.06135163068285553,                                     -0.0909657223797824,                                    -0.13641504604474575,                              0.012591782163500626,                             0.0072924198735905554,                                     -0.3422699167488938,                                    -0.08607877895110272,7803.3077441346895, 0.5938259436357978, 7803.901570078326,0.00011705123215227642
                                0.07152464957664015,                                0.05312487209120581,                                     -0.14275285894595532,                                      -0.1879933785411514,                              -0.08089037388663335,                             -0.058390103247938745,                                    -0.08012755433968378,                                     -0.1353907672124955,                              0.016285228648707892,                              0.007999265994690058,                                    -0.33116266731910265,                                    -0.09381344924772657, 7804.808030725542, 0.6101307310534138, 7805.418161456596, 0.0005247375912527783
                                0.07401608655710132,                                0.05528015787070992,                                      -0.1532198384807382,                                     -0.18503529788124576,                              -0.09330176913764142,                              -0.06786092519767115,                                    -0.11842347464929708,                                    -0.14661077916042903,                              0.011633229539262893,                               0.00440208153216462,                                     -0.3352150787679052,                                    -0.09508853503065656, 7801.591357584719, 0.5228887899495865, 7802.114246374668,2.1035787850932755e-05
                                0.07478465803111572,                               0.054825005876408844,                                      -0.1373680240597838,                                      -0.1901738764121022,                              -0.07914568335326544,                              -0.05463398769421568,                                    -0.06439490589735199,                                     -0.1475278092340885,                              0.015002601898667464,                              0.006586112803239591,                                    -0.34471696461389917,                                    -0.11976186547972259, 7803.687856804384,  0.525801417645799,  7804.21365822203, 0.0001711814988312389
                                0.06970183883482992,                                0.05240989137646601,                                     -0.14902579575214722,                                      -0.1788254482509221,                              -0.09314940829028837,                              -0.06563958744654533,                                    -0.08548296686646571,                                    -0.12045051342440577,                              0.014046380329334099,                              0.004981146829641861,                                     -0.3309012756451204,                                    -0.11835681842287185, 7804.685203986221, 0.6069849875429321, 7805.292188973764, 0.0004640867853503842
                                0.07145448120173492,                               0.055009592422043896,                                      -0.1556268390464887,                                      -0.1889291447641717,                               -0.0848617331650055,                               -0.0625879298965076,                                    -0.07701911438908667,                                     -0.1419446618870237,                              0.015111363688030233,                             0.0058224048055647015,                                    -0.32497183301264315,                                    -0.12127240325414099,7804.2761887568795,  0.569201817575692, 7804.845390574455, 0.0003082947613790954
                                0.07733607630442205,                               0.053461498806146784,                                      -0.1600167343979199,                                       -0.166006206227189,                              -0.09629290057757692,                                -0.066023659903757,                                     -0.1162522942893385,                                    -0.11866174472386534,                              0.012847433964758154,                              0.005327070640967227,                                    -0.34790610868524935,                                    -0.08221254533463769,  7804.54356448951, 0.5567110919222386, 7805.100275581432, 0.0004027967432038483
                                 0.0694851886024441,                                0.04883131051659781,                                     -0.13847738619930855,                                      -0.1776470126089805,                              -0.08786171949173234,                              -0.06319245167430186,                                    -0.08514717483045559,                                    -0.12745704747524816,                              0.012093209451717296,                              0.005529019818413625,                                    -0.33983976901730384,                                    -0.10327266653171227,  7801.86199063093, 0.6021004490565128, 7802.464091079987, 2.757358410698821e-05
                                0.07471983501307061,                                0.05241225375618905,                                     -0.15005575880560026,                                     -0.16178574684440256,                              -0.09257454897478687,                              -0.06244966516373625,                                    -0.09684842140584322,                                    -0.12461380801476331,                              0.012861995468239323,                              0.004574279878215418,                                     -0.3481592261739393,                                    -0.11180819065790779,  7802.84897313665, 0.5636038123387754, 7803.412576948988,  7.39833984348013e-05
                                0.07607350422133247,                                0.05522435477942031,                                      -0.1532869486348101,                                      -0.1841746896431736,                              -0.08886996499799864,                              -0.06346965215333508,                                    -0.11809222054707783,                                    -0.15030258788775003,                              0.012663039973038123,                              0.006453634107846648,                                    -0.35721719005195246,                                    -0.09928021316515222, 7804.079402669482, 0.4297202999862505, 7804.509122969468, 0.0002532229321271695
                                0.07256972356838742,                                0.05224831068799479,                                     -0.14829620314290803,                                     -0.18712817289926229,                              -0.09004533928397364,                               -0.0672486351306194,                                    -0.10483262712101184,                                     -0.1647835039045326,                              0.011889459541304354,                              0.005887812478390847,                                    -0.33778625012173413,                                    -0.08737038522922881,  7804.55771985695, 0.5104380343605938, 7805.068157891311, 0.0004085390252804526
                                0.07224487631291951,                                0.05243447746681268,                                      -0.1466506625889185,                                     -0.17499797460071975,                              -0.08727550915272851,                              -0.06322920974548207,                                    -0.09920139284688927,                                    -0.14324435373542893,                               0.01290345246313998,                              0.006927326685311194,                                     -0.3280701507615495,                                    -0.12862004563046076, 7806.845227387641, 0.5672248437112576, 7807.412452231352,  0.004024254573418159
                                0.07321389690089114,                               0.052722663948257836,                                     -0.14166493590480908,                                     -0.16898411637929353,                              -0.08346800836126732,                               -0.0582152457277485,                                    -0.05967989977046697,                                     -0.1441230305340922,                              0.014417271296595022,                              0.008087213137561805,                                    -0.35023637123350937,                                    -0.08925113623550347,  7804.59968982366, 0.5843065329121522, 7805.183996356572, 0.0004260502979348933
                                0.06710984179112509,                                0.05151471572456648,                                     -0.14384454309549022,                                     -0.18186150879578625,                              -0.08576887133471171,                              -0.06459583856979534,                                    -0.08569627146177526,                                    -0.14261614048791565,                              0.013022999789643566,                              0.005426663539821214,                                     -0.3369279997847636,                                    -0.09776535583115527, 7804.647360367908, 0.5790975762720951,  7805.22645794418,0.00044685222799511787
                                0.07099391276017253,                                0.05318001687654825,                                     -0.14017624937995954,                                     -0.19430645740125022,                              -0.08579544572100346,                               -0.0652977515172643,                                     -0.1071377228138489,                                    -0.15292093195741427,                              0.013114835375775888,                              0.006401909394995714,                                    -0.32898282859496536,                                    -0.11215277422708113, 7807.238939859093, 0.5316030631277101, 7807.770542922221,  0.005965853715042794
                                0.07089972213374268,                                0.05198229513822747,                                      -0.1446731084294232,                                     -0.18267203219167533,                              -0.08650563850641615,                              -0.06260541622016355,                                    -0.08514205805341972,                                    -0.14003411718157657,                              0.014157137131987366,                              0.006924379164348848,                                    -0.31145627622215166,                                    -0.11144294824870378, 7805.717505187729, 0.6565640811893582, 7806.374069268919, 0.0013029325018059624
                                0.07456690960549875,                                0.05604659744129853,                                     -0.15100693748158864,                                      -0.1792265211273146,                               -0.0894404610417009,                               -0.0677826589015503,                                    -0.10617609412082783,                                    -0.14763304436104724,                              0.012007425311617914,                               0.00483308470088617,                                    -0.34222070516504716,                                    -0.11287245854707195, 7804.238882710314,  0.505082545908466,7804.7439652562225, 0.0002970053928029455
                                 0.0783100147728717,                               0.052772065663055256,                                     -0.15500002513952796,                                     -0.16911734082679353,                               -0.0845263456459063,                              -0.05972081360443566,                                    -0.08266538819152425,                                     -0.1340788355752899,                              0.013969646733603208,                              0.007226673464618957,                                     -0.3431257143692665,                                    -0.10201260457025292, 7804.079297921945, 0.5732553907244063,  7804.65255331267,0.00025319640903783547
                                0.07858462170395195,                                0.05406686634074351,                                     -0.15866999223400136,                                     -0.15880365257428544,                              -0.09381181252651985,                             -0.061091144112816395,                                    -0.10630067263436467,                                    -0.12786634799203622,                              0.013002825966355408,                               0.00594333146687373,                                     -0.3422996329987508,                                     -0.1209323146722567, 7804.940147362302, 0.5495895280988892, 7805.489736890401, 0.0005988522749264351
                                0.07696856433778013,                                0.05760547557461235,                                     -0.14630262626758195,                                     -0.18532448881981226,                              -0.08817203110546845,                              -0.06449746513907703,                                    -0.10200884003836108,                                    -0.16731653127790852,                              0.014132790270660417,                              0.006908268395817374,                                    -0.34608413900845897,                                    -0.11916022117453398, 7804.968531988165, 0.4480030095618365, 7805.416534997727, 0.0006160940152666384
                                0.07227198642662419,                               0.059491525397719375,                                     -0.14849988202740114,                                     -0.19729748503991124,                              -0.08359244565932283,                              -0.07066616527128335,                                    -0.11787404586733935,                                    -0.15717376259720134,                              0.014035760205631659,                              0.006956067306420316,                                     -0.3389772237723037,                                    -0.13620142470715668,  7802.85972247823, 0.4207299987039984,7803.2804524769335, 7.478296094207345e-05
                                0.07076155444962492,                                0.04914646870095171,                                     -0.14515104107381782,                                     -0.18570564755004748,                              -0.09388668204486839,                               -0.0666853439483814,                                    -0.10261603034272052,                                    -0.13549559869206276,                              0.012927267589552205,                              0.004819705956322862,                                     -0.3433827413445297,                                    -0.09521493645359938, 7802.706021740369, 0.5407892812028842, 7803.246811021571,   6.4128528433298e-05
                                0.07298452857056179,                               0.055386376876064375,                                     -0.15669811862221533,                                     -0.17555448476078786,                              -0.09791576857181976,                               -0.0709603681758243,                                     -0.1160455403155558,                                    -0.14086855614402072,                              0.013922898004279732,                              0.004774324010187431,                                    -0.33015185764747346,                                    -0.12389727266905538, 7802.176034369881, 0.5318289037731928, 7802.707863273654, 3.774684725524831e-05
                                0.07148205895408741,                                0.05171593684849998,                                     -0.13595181139548837,                                      -0.1817714575578607,                              -0.09330238211831596,                               -0.0636303321632064,                                    -0.08154937196202926,                                    -0.13137278352106196,                               0.01321654235946905,                              0.005174678529247842,                                     -0.3484599934418331,                                     -0.0989961095290884,  7805.84320720021,  0.567259545252256, 7806.410466745462, 0.0014774527751841519
                                0.07266704273924815,                                0.05368296072894871,                                       -0.142390624968337,                                     -0.17569016283181235,                              -0.08621596416460892,                              -0.06226764054010392,                                    -0.10421019320040674,                                    -0.14358127740265633,                              0.014068985087864319,                              0.007313831457967421,                                      -0.315736360606032,                                    -0.11311950229034386, 7805.624678793851, 0.6314513267185344,  7806.25613012057,  0.001187429754151286
                                0.07126355661157902,                                0.05466114110506656,                                     -0.15043561123025898,                                      -0.1841313382695083,                               -0.0833425954206469,                              -0.06431448334606141,                                    -0.08872126201860406,                                    -0.14450591622608316,                              0.014545429855341657,                              0.007678504045090323,                                     -0.3172000682232472,                                    -0.11943231261388677,7806.1667690915065, 0.6033087522438412,  7806.77007784375, 0.0020419013302715432
                                0.07657960722977053,                               0.049080817207578786,                                     -0.15518810470765335,                                     -0.17619640388725838,                              -0.09154531651375804,                              -0.06017030209327649,                                    -0.09196486314663557,                                    -0.12292547496564638,                               0.01249571114389006,                              0.006869069933432906,                                    -0.34012030014655836,                                    -0.07525745431963937, 7804.756328852489, 0.6040108275642128, 7805.360339680053, 0.0004982970765377598
                                0.06882061029686967,                               0.054021807718774045,                                     -0.15264938070085685,                                      -0.1883510699443741,                              -0.08627744290309447,                              -0.06577405781146681,                                    -0.08062523295595206,                                    -0.15362742323810893,                              0.011420329024971948,                              0.004392695075974645,                                    -0.33169075978461054,                                    -0.11093566334256354, 7803.787543759696, 0.5419940396300305, 7804.329537799326,0.00018912560018852383
                                0.07288193721922817,                                0.05015434245367564,                                     -0.14777948348581998,                                     -0.17801778781806024,                              -0.09764080597871883,                              -0.06347743085443577,                                    -0.10634271140917549,                                    -0.13052151203527257,                              0.012316349952059769,                              0.004271361125638196,                                     -0.3403655417062979,                                    -0.11549041044338496,7804.6168942016775, 0.5427983234470932, 7805.159692525124, 0.0004334436449207052
                                0.07514686341568141,                               0.055423015344349624,                                       -0.161092141403392,                                      -0.1699098436486991,                              -0.09600234631378611,                              -0.07160968068606977,                                    -0.12840780938953372,                                     -0.1391565857436576,                               0.01198718610924654,                              0.006476615699895105,                                     -0.3448211854293451,                                    -0.10297132037207513, 7805.318749891925,0.49214602444392563, 7805.810895916369, 0.0008744695533922325
                                0.07046572777249901,                               0.055080709748550116,                                      -0.1528842694151271,                                     -0.19318300944152655,                              -0.08603185888356432,                              -0.06576815774117455,                                    -0.08559882869229649,                                    -0.15981168768038598,                              0.014596319279958164,                              0.006945933646487351,                                     -0.3236213218483684,                                    -0.12618562076927498,  7805.19937793799, 0.5252800010591087, 7805.724657939049, 0.0007760721742399563
                                0.07315725363282677,                                0.05615999476293729,                                     -0.14738511243060842,                                     -0.18851294309093783,                               -0.0919652946187848,                              -0.06839109112548122,                                    -0.10110814602453279,                                     -0.1639506904233828,                              0.012408151898031197,                              0.006485834467072585,                                     -0.3567470489197974,                                     -0.0861718333957065, 7804.453452938318, 0.4428219558505909,7804.8962748941685, 0.0003680874420566773
                                0.07515793231864784,                                 0.0514946640225854,                                     -0.15572193369005302,                                     -0.16054545212051716,                               -0.0956465403258603,                              -0.06483050700416892,                                    -0.11717623478326432,                                    -0.12525138678467754,                              0.011559188717716065,                             0.0061855455280394045,                                     -0.3478709800782534,                                    -0.07074148800857644, 7805.508303309665, 0.5739070076343905,7806.0822103172995, 0.0010569798217502284
                                0.07531240799747277,                                 0.0577315874495494,                                     -0.15002341964323282,                                      -0.1820992083861382,                              -0.07994147339211947,                             -0.061229514793671384,                                    -0.10641977832266868,                                     -0.1504772849368052,                               0.01586969605185226,                              0.007949075234387967,                                     -0.3270391845277406,                                    -0.12072967533103622, 7801.129358732052, 0.5422120424448189, 7801.671570774497,1.3253031490004442e-05
                                0.07270360480547428,                                 0.0502458064449148,                                      -0.1428693903395668,                                     -0.16713364088854196,                              -0.09318319497019445,                              -0.06058398652980472,                                    -0.09404212037506425,                                    -0.13061305184860947,                              0.014666437709126387,                              0.007174344238687874,                                     -0.3328902779727797,                                    -0.08765885300432333, 7804.750482170375,  0.644528683274151, 7805.395010853649, 0.0004953921921757116
                                0.07145915013938961,                                0.05318092432353383,                                      -0.1531530792171227,                                     -0.17343051144495122,                              -0.09009303224091496,                              -0.06542760289872357,                                    -0.08922164197797926,                                    -0.13461201303357523,                               0.01106746895002464,                              0.005014124109918194,                                     -0.3383488007459812,                                    -0.09710919110899281, 7805.679492917328,  0.584662064503623, 7806.264154981832,  0.001254334589313593
                                0.07272842178273403,                                0.05417090552175191,                                     -0.15670491040026968,                                     -0.16950958585068945,                              -0.09421494606592534,                              -0.06908042114248046,                                    -0.12603362313075497,                                    -0.14421921738132543,                               0.01179183911722917,                              0.006167724488662735,                                    -0.32862830644285157,                                    -0.11371108580120623, 7805.770167720466, 0.5436878928262139, 7806.313855613292, 0.0013733871040937837
                                0.07150410538347637,                               0.051284427001316774,                                     -0.15215814549515752,                                     -0.16276395124550733,                              -0.09151325894536144,                               -0.0611770395310698,                                    -0.07630802210912181,                                     -0.1505962553314707,                              0.011385727114011049,                              0.005528972331957746,                                     -0.3332350955697419,                                    -0.10033947997941822, 7804.300404234473, 0.6083566078506795, 7804.908760842323,0.00031585139070246384
                                0.07404004842031017,                                0.05327927559885612,                                      -0.1556408524518718,                                     -0.18503356197479856,                              -0.09295925861727285,                               -0.0673486548154053,                                    -0.10873235588099615,                                    -0.15617123278585862,                              0.012457352054408038,                              0.005610319221763832,                                     -0.3648273000327785,                                    -0.09567672711123201, 7805.006325307146,0.39909729369135005,7805.4054226008375,  0.000639823842936591
                                0.07176706943103447,                               0.055349700464759594,                                       -0.152435852453379,                                      -0.1833509198285438,                              -0.09035418361786726,                              -0.06615963267640096,                                    -0.08768841203630484,                                     -0.1360650384684639,                              0.013066141810037929,                             0.0053862148417198885,                                     -0.3414106850447115,                                    -0.08779619348788176, 7806.202725578936, 0.5635419573943609, 7806.766267536331, 0.0021166568487999684
                                0.07386809111600692,                                0.05338774473379046,                                     -0.14292330681341187,                                     -0.18139108121300476,                              -0.09584446685940556,                              -0.06739361829602075,                                    -0.13388431706006268,                                    -0.13905867056443877,                              0.014839659444249614,                              0.007794391112730059,                                    -0.33578423714948824,                                      -0.094130894884883, 7803.422445852345, 0.5364465640049768,  7803.95889241635,0.00013127750458423047
                                0.06809450432607966,                               0.051642518776549545,                                     -0.13447306850559648,                                     -0.19441898520326548,                              -0.08097415402114978,                              -0.06079621961106405,                                    -0.06257536805900507,                                    -0.14198275963459686,                              0.014653229005705176,                             0.0065428469805184075,                                    -0.32520902013276115,                                     -0.1106705078938026, 7804.542322157738, 0.6155488012419089,  7805.15787095898,0.00040229664671962237
                                0.07412246797053931,                                0.05716737526830726,                                     -0.14584685625358063,                                     -0.18439508619671963,                              -0.07694552151972175,                             -0.056527223844388234,                                     -0.0637070305910258,                                     -0.1476061644092746,                              0.015731098977274732,                              0.008206604597548156,                                     -0.3503484467702673,                                    -0.11075067677285734, 7804.944332051077, 0.5146411979322437, 7805.458973249009,  0.000601363536077836
                                0.07271342660206515,                                0.05536018466766901,                                      -0.1490126674404614,                                       -0.198107900295253,                              -0.09956783841648115,                               -0.0736463028185895,                                    -0.13015765936112564,                                     -0.1506666566256505,                               0.01237303924397666,                              0.005379828303849976,                                     -0.3484324265143413,                                    -0.10097706534328448, 7805.824594284068, 0.4226093583357379, 7806.247203642403,  0.001450207414948952
                                0.07281190309844854,                               0.051376481469563834,                                      -0.1434939030865361,                                      -0.1711773927001948,                              -0.09700414446588705,                               -0.0704092011977114,                                    -0.11412360234721818,                                    -0.13124505104405115,                              0.010797002419774576,                              0.004874132019896019,                                    -0.35557914969851095,                                    -0.09461192614950732, 7804.152268471535, 0.5179698483207673, 7804.670238319855, 0.0002723630877163269
                                0.07049612362547286,                                0.05228257372798403,                                     -0.15188474824072762,                                         -0.1872581549688,                               -0.0998986415805012,                              -0.07414329997412235,                                     -0.1251663084731695,                                    -0.13515562717873292,                              0.011202217782647364,                              0.004191563675788282,                                     -0.3336910933478457,                                      -0.117776483198959,7806.5847109478345, 0.5081938529941091, 7807.092904800828,  0.003101305819088412
                                0.07456726379745723,                                0.05500322102012703,                                     -0.16112471845694953,                                     -0.17634685893998586,                              -0.09148821305638487,                               -0.0660514634403073,                                    -0.09087003652224196,                                     -0.1456160856312311,                              0.011476485465854627,                              0.004974426015938421,                                    -0.35207890336003117,                                    -0.08289122571084995, 7804.405714438595, 0.5078493001093618, 7804.913563738704, 0.0003509283334819573
                                0.07361454075257978,                               0.057172470890216154,                                     -0.15111006424248563,                                     -0.17913629047238194,                              -0.08824140037354247,                              -0.06573677592482441,                                    -0.11555875112704798,                                    -0.14337193852751842,                              0.015654759468915855,                              0.007251532706879435,                                     -0.3322970284266505,                                    -0.12121687067898641, 7806.428590371457, 0.5267552020085389, 7806.955345573466, 0.0026530307835447666
                                0.07158555862122687,                                0.05534368013316779,                                     -0.15219251354697488,                                     -0.17477492623503926,                              -0.08317171986809921,                              -0.06599180923586928,                                    -0.08099874971689404,                                    -0.16462681997759715,                              0.013713277585575362,                              0.007492466293902322,                                    -0.31843700834018723,                                     -0.1232581848530867, 7801.726720559116,   0.58221027362727,7802.3089308327435, 2.408497362557423e-05
                                0.07367546644534517,                                0.05274568835833962,                                     -0.14777625398130048,                                     -0.18172059013341507,                              -0.08497015103809677,                               -0.0643543745773422,                                    -0.06839146059202847,                                    -0.14003880163438093,                              0.013446149786745035,                             0.0073341189597748435,                                     -0.3453480449960253,                                    -0.11026668612198726, 7804.563911210955, 0.5455095265749558,  7805.10942073753, 0.0004110762814312523
                                0.07379338831464755,                                0.05387490509377965,                                     -0.15671063999205198,                                     -0.19039687723228227,                              -0.09399388602222097,                              -0.06543689059260421,                                     -0.1012811039447864,                                    -0.14261316845164804,                              0.013300480570916443,                              0.004708617530947423,                                     -0.3499375878918005,                                    -0.08904591453571557, 7806.078594865416, 0.4831839850279497, 7806.561778850443, 0.0018695675965613731
                                0.07431591867168588,                                0.04973461439119317,                                      -0.1416411623272864,                                      -0.1866689458184986,                              -0.09184827499169121,                             -0.061419007258341346,                                    -0.09442683649360961,                                    -0.11819966264442477,                              0.012432686191676479,                              0.004754839796701327,                                    -0.34982346154140403,                                    -0.07503736457279865, 7802.912015283555, 0.5720112154109902, 7803.484026498966, 7.879762599667756e-05
                                0.07532171337171126,                                0.05520502374754804,                                     -0.14267170229929263,                                     -0.16911488824287055,                              -0.08365682593243867,                               -0.0581027044858529,                                    -0.06515562023625633,                                    -0.15154487195447533,                              0.014070039252706404,                              0.007565411692663296,                                    -0.33675807177685185,                                     -0.0885119936381585, 7805.365473141952, 0.6186535885976093, 7805.984126730549, 0.0009162971648715865
                                0.07597821266106383,                                 0.0607321388274831,                                     -0.15700795462164555,                                      -0.1920447378570212,                              -0.08795086584298178,                              -0.06755958927394104,                                    -0.10811662552881032,                                    -0.15090561792463733,                              0.014230393558783777,                             0.0068699726106188075,                                     -0.3474720462506294,                                    -0.11733721598257785, 7805.468091050374, 0.4348052579363364,  7805.90289630831, 0.0010153195162599688
                                0.06834387578937304,                               0.054507334833243076,                                      -0.1377652256229718,                                     -0.20072872717286422,                              -0.08731470482812524,                              -0.06454034154637409,                                    -0.10517031550580239,                                     -0.1613635395345044,                              0.014793139302722996,                              0.006165631568535307,                                    -0.34097736575424054,                                     -0.0860261775838832,7804.7887739161615,  0.492932485301142,7805.2817064014625, 0.0005147294907935128
                                0.07363485663628341,                                0.05007969141531124,                                     -0.15378248546194992,                                     -0.16369070799793697,                               -0.0921180592642157,                              -0.06142580201339107,                                    -0.07973123825029116,                                    -0.12388429738263808,                              0.012494474447571374,                              0.005154162027498452,                                      -0.319354415793911,                                     -0.1143354099444984, 7804.096794938245, 0.6753125662988808, 7804.772107504544, 0.0002576655752535036
                                0.07352203626783985,                                 0.0560980193680187,                                     -0.16093861599862372,                                      -0.1720246783881643,                              -0.09347416802194276,                                -0.065044096865372,                                    -0.11317707448064483,                                    -0.13124144899644385,                              0.013525064040296658,                             0.0057670887193691095,                                     -0.3295883394960013,                                    -0.10373819183460321, 7802.985885542317, 0.5769277711391598, 7803.562813313456,  8.48388121236128e-05
                                0.07228525377106523,                                0.05282296905244094,                                     -0.14821495182667885,                                     -0.17392289070482736,                              -0.08836221973992034,                              -0.06337392129018565,                                    -0.08370125256668164,                                     -0.1540868088758768,                               0.01368939861555711,                              0.006219064276675221,                                    -0.32180412050417856,                                     -0.1081376780630166, 7805.510407287167, 0.6141502411192307,7806.1245575282865, 0.0010592060246343918
                                0.07409784456181343,                                0.05350173418699136,                                     -0.15077292838527612,                                     -0.18492555191441232,                              -0.09283680496388465,                              -0.06522461300524834,                                    -0.10865730511923521,                                    -0.15280597561912193,                               0.01164372649533725,                              0.005148235964344813,                                    -0.34036076011857475,                                     -0.1252265681536587, 7804.514926442545,  0.473061270962421, 7804.987987713508,0.00039142504002604296
                                0.07186568004429122,                                0.04851022943658942,                                     -0.14523482730647658,                                      -0.1725841566965126,                              -0.09153739353039564,                              -0.06107759139442267,                                    -0.08969581834363202,                                     -0.1307173555135377,                              0.012702966573673341,                               0.00619866363823654,                                    -0.35342251778247263,                                    -0.10469093412667183,  7802.17903081025, 0.5382538898249352, 7802.717284700075, 3.786012305951937e-05
                                 0.0785909407137941,                                0.05072028339432305,                                     -0.14823413576952285,                                      -0.1584620916206268,                              -0.09282756127505155,                             -0.056982495361254853,                                    -0.09629499249765348,                                    -0.11579330565321204,                              0.013619145183498563,                              0.006354446620908533,                                     -0.3314147174752378,                                     -0.0809975431140698, 7803.214932466233, 0.6811303074812813, 7803.896062773714,0.00010667641058016735
                                0.07458738901649284,                                0.05513175845618554,                                     -0.14825843176790968,                                      -0.1952721957055176,                              -0.09373968868156388,                              -0.06874671749113204,                                    -0.13073160752497515,                                     -0.1520362980766252,                               0.01399194666197015,                              0.007703175288669886,                                      -0.341809383971304,                                    -0.10062518105917356, 7805.084308358759,0.45270842677669043, 7805.537016785535, 0.0006917163305807363
                                0.07313766849172626,                               0.051841931294514476,                                      -0.1456420928748384,                                     -0.17482613997673546,                              -0.08236023528235681,                              -0.05421563180502453,                                    -0.05952548352641835,                                    -0.13845345883029622,                              0.014181871600208382,                              0.008005193352432174,                                     -0.3374691151521084,                                    -0.08937839897220477, 7805.121364661707, 0.6244546512613572, 7805.745819312969, 0.0007178296234298092
                                0.07481060917810509,                               0.050333483778991356,                                      -0.1424974087712577,                                     -0.17565601108146925,                              -0.09232930324692054,                              -0.06152588041859423,                                    -0.09121174723623038,                                     -0.1233041333580701,                              0.012608211145508919,                              0.007357992265161123,                                    -0.32633614976390674,                                     -0.0885464659963189, 7802.876406195081,  0.665246576904808, 7803.541652771985, 7.604108459437157e-05
                                0.07520154801252649,                                0.05396806044366054,                                     -0.14473456452225258,                                     -0.18882591849713154,                              -0.08562889425650827,                             -0.060581478499396345,                                    -0.07537734436151054,                                    -0.14449974711447264,                              0.013231254195935377,                              0.006833386335327679,                                     -0.3583710199560037,                                    -0.06271047037988137, 7807.408270593518, 0.5179808185346465, 7807.926251412053,  0.007066624319336953
                                 0.0747048479530105,                               0.055099178348854694,                                      -0.1533390687483539,                                     -0.17486017747194885,                              -0.09535990992785069,                              -0.06419420431775877,                                    -0.10690116998650881,                                    -0.14696574805823348,                              0.012804972800951858,                              0.004878233388072292,                                     -0.3442962127542261,                                    -0.09777081497505088, 7806.846068053326, 0.5197190205775395, 7807.365787073903,  0.004027639048553457
                                0.06829065557427227,                                0.05102378922266115,                                     -0.14734939631724628,                                     -0.18711648417494633,                               -0.0921849022134633,                              -0.06576902070782141,                                    -0.10860954121878082,                                    -0.12137999408932455,                              0.013106305470153234,                              0.004694043868045644,                                     -0.3300878119390775,                                    -0.10898020437439868, 7803.613877994623, 0.5815331878252146, 7804.195411182448,0.00015897478115184873
                                0.06905798394236504,                                0.05564488118561181,                                     -0.13827399878262683,                                     -0.20404394632172124,                              -0.07693464228413609,                              -0.06249411778447961,                                    -0.08094611786901669,                                     -0.1629724990499394,                               0.01426520627000541,                              0.007480151239433644,                                    -0.33873156630840456,                                    -0.11368496764094047, 7803.918686633233,0.48463830501603977, 7804.403324938249, 0.0002156278961557466
                                0.07052995097809087,                                0.05724525416474355,                                     -0.14916536911166997,                                     -0.19931848873576088,                              -0.09093340324873707,                              -0.07174058227437902,                                    -0.11366115035530526,                                      -0.141757655123895,                              0.013291817426217767,                              0.004710638944305748,                                    -0.34634695626925216,                                    -0.13133304571543725, 7804.469959083684, 0.4253741155798182, 7804.895333199264,0.00037421356714904434
                                0.07586297714096388,                                0.05346441985349945,                                     -0.14948204134001297,                                      -0.1838470649459973,                              -0.08293242326015264,                             -0.054547147223969514,                                     -0.0794283771545331,                                    -0.13751300159585436,                              0.013713934926383772,                              0.006112438926249908,                                     -0.3265456676641826,                                    -0.10303797467259325, 7805.551562173978, 0.6119553723670249, 7806.163517546345,  0.001103706963384894
                                0.07167050248592219,                                0.05461288209479795,                                       -0.143720829559575,                                     -0.20684661922453293,                              -0.08765895139819256,                               -0.0673318529078662,                                    -0.10485932893076194,                                    -0.14464109940687703,                              0.013875306783480035,                              0.007248783171375825,                                    -0.34613660539502833,                                    -0.07821144865072352, 7803.616007921521, 0.4859937414938392, 7804.102001663015,0.00015931374667197545
                                0.06890840463557088,                                0.05294208267919484,                                     -0.15317712537410358,                                     -0.18068043432268077,                               -0.0941548562552338,                              -0.06664320829265921,                                     -0.0987065753138597,                                    -0.13560154980005246,                              0.010899950716289714,                               0.00349721151254849,                                     -0.3453086111729734,                                    -0.10327021006862637, 7802.887381219674, 0.5256777130976743, 7803.413058932772, 7.688023378641901e-05
                                0.07834933431355645,                                0.05094202223510885,                                     -0.15169276384357372,                                     -0.17084002754789404,                              -0.09337636170025834,                              -0.06283659936805919,                                    -0.11254137412309137,                                    -0.13663353041697787,                              0.012902714315930958,                              0.006985669379293208,                                     -0.3505385046251868,                                    -0.08368135046945027,  7804.43845928271, 0.5297393178813286, 7804.968198600592,0.00036260963451830537
                                 0.0718618215122234,                                0.05125278051277135,                                      -0.1477757546307466,                                     -0.16362927157339072,                               -0.0997971851987692,                              -0.06677860898580407,                                    -0.10904494139848372,                                     -0.1449600718416349,                               0.01061241526249046,                              0.004321217629223467,                                    -0.33959132699933225,                                    -0.09438595977069288, 7805.819555996202,  0.572315379880125, 7806.391871376082, 0.0014429192279372585
                                0.07610762978478636,                               0.056130267441686754,                                      -0.1472967954615255,                                      -0.1827161035667281,                              -0.09145435582521791,                              -0.06625361894074092,                                    -0.13521263671018957,                                    -0.13857307431591404,                              0.013143183925151417,                              0.005914604624181988,                                    -0.34271104393429713,                                    -0.10271479642729563,7803.3026948476245,0.48998065250953726,7803.7926755001345,0.00011646169649972615
                                0.07426496225520227,                                 0.0522601439745988,                                      -0.1517541164490258,                                     -0.17641231813323546,                               -0.0873684069606855,                              -0.06065396382352012,                                    -0.09664045426447859,                                    -0.12270394883756354,                              0.013118452224808758,                              0.006050850648173789,                                     -0.3366223197917301,                                    -0.08547287015667336, 7806.670005459901, 0.6088762720819593, 7807.278881731983,  0.003377439124409162
                                0.07654122082786485,                               0.051516317447042104,                                      -0.1496394370581787,                                     -0.19024887618813266,                               -0.0966774731688799,                              -0.06512198135078852,                                    -0.10161303946584763,                                    -0.13510595326813457,                              0.012132966527054978,                              0.006295096324373639,                                     -0.3605735658191893,                                    -0.05913735294753639, 7804.366175034745, 0.4893790761419914, 7804.855554110886,0.00033732357087074976
                                0.07052909086139003,                                 0.0508142119158998,                                     -0.15516603921278452,                                      -0.1677037006751857,                              -0.09675341264260931,                              -0.06651199444332623,                                    -0.09912568164056164,                                    -0.12015743495707304,                               0.01152412266693574,                             0.0031146882383006336,                                     -0.3385153499982623,                                     -0.0913500341176933, 7801.699016501374, 0.6075664955534771, 7802.306582996927, 2.342688014624641e-05
                                0.07371460355118209,                                0.05833499251347615,                                     -0.15201037881617382,                                      -0.1830987363408629,                              -0.09032588843876209,                              -0.06842302076723444,                                    -0.11616795897725013,                                    -0.16802014586481917,                               0.01408919336265424,                              0.007250787239798245,                                     -0.3549119215734994,                                    -0.11274452690993086, 7804.171122231917,0.39851285527061064, 7804.569635087188,0.00027754686944530583
                                 0.0763863894862524,                                0.05605269358452425,                                      -0.1563878255839716,                                     -0.17527710705062588,                              -0.09614439502630316,                              -0.06839395313667015,                                    -0.12822537133027215,                                    -0.13908815466498886,                              0.014632709023258125,                              0.007448707577739563,                                     -0.3577621836462806,                                    -0.09094056767428269, 7803.225855902492,  0.452965206858819, 7803.678821109351, 0.0001078480711810892
                                0.07606662217797519,                               0.058941040786570115,                                     -0.14805995432792654,                                     -0.17650811737334346,                              -0.08584269312187184,                             -0.062283078695211214,                                    -0.10151449845044294,                                    -0.15326779893644651,                              0.014970099747751237,                             0.0073180198502198895,                                    -0.34168663825837026,                                    -0.12660056766402386, 7807.215093825456, 0.4950757852265746, 7807.710169610683,  0.005825274555798017
                                0.07690655077463648,                                 0.0526930509117399,                                     -0.14766465835817905,                                     -0.17469882154221086,                              -0.08787282320246495,                             -0.058950682144174205,                                    -0.09682206735950262,                                     -0.1256197995832057,                              0.015107285407847601,                              0.006511630979192537,                                    -0.34015165115401697,                                     -0.1052687930915304, 7803.917672940721, 0.5805563336975623, 7804.498229274418,0.00021540942652124623
                                0.07133953732368042,                                0.05073476765232063,                                     -0.14346650848286993,                                     -0.17307314139773655,                              -0.09664837740979443,                               -0.0650022511762735,                                    -0.11498991649660464,                                    -0.13309227163437062,                               0.01320583738376864,                              0.005460451584339193,                                      -0.315445343564207,                                    -0.10068344835109193, 7803.127226729755, 0.6536004136457414, 7803.780827143401, 9.771883413653787e-05
                                0.07089983488371085,                                0.05700839983194972,                                     -0.14341998763378624,                                      -0.1823710223756167,                              -0.09004887054549515,                              -0.07076411676842803,                                     -0.1144655555557469,                                    -0.16075949518322835,                              0.013530271615801975,                              0.005927074894279946,                                     -0.3342173061833353,                                     -0.1032937726031982, 7802.230692446072, 0.5201050468454375, 7802.750797492918, 3.986744324232348e-05
                                 0.0726129193615557,                                0.05576361562136542,                                      -0.1595513666718271,                                     -0.19231662954520942,                              -0.08919161253445734,                              -0.06740998883033666,                                    -0.10331232121122046,                                    -0.13733949049155897,                              0.012976251455978555,                              0.005617457284614269,                                    -0.34296181096578243,                                    -0.10938546315871218,  7805.34265639922,0.48443500943498274, 7805.827091408655, 0.0008956269583280894
                                0.07126367617428317,                                0.05717946681567851,                                     -0.16053626916511068,                                     -0.18560711695279597,                              -0.09161802157895217,                              -0.07183988823280865,                                     -0.1181836398382547,                                     -0.1465533125535991,                               0.01319971262566337,                             0.0057449208403494295,                                     -0.3306559019924183,                                    -0.12237225140618188, 7803.789131306014, 0.4932708101956116,  7804.28240211621,0.00018942608429180213
                                0.07973636091384981,                               0.054068532446680195,                                     -0.14973047753191293,                                      -0.1713990788885154,                              -0.08989063960677028,                              -0.06396364772840238,                                    -0.10254247818117385,                                    -0.13886869746968897,                              0.012812114041876294,                             0.0065718881359001086,                                     -0.3542772928159163,                                    -0.09773737853635399,  7804.26939619322, 0.5116825028684265, 7804.781078696088, 0.0003062077457043416
                                0.07245174762138101,                                0.05401346641922794,                                     -0.15466202046322683,                                     -0.16877777234609162,                               -0.0929961825561308,                              -0.06923549680133911,                                    -0.11147780978194427,                                     -0.1485329528732887,                              0.012630924987732814,                              0.006225839698169033,                                     -0.3543438532285151,                                    -0.13000448526663036, 7804.592968783107, 0.4411546184082942, 7805.034123401515, 0.0004231963979366949
                                0.07635807481514925,                                0.05604510288129125,                                      -0.1610974592425295,                                     -0.17967456231496304,                              -0.08594958319556005,                              -0.06228586074685265,                                    -0.09283057224944187,                                     -0.1577640460052139,                              0.012623756825337035,                              0.007141433834602376,                                    -0.33706162247915356,                                    -0.08058225108615101, 7804.018015992877, 0.5384321965929088,  7804.55644818947,0.00023814591612912028
                                0.07982703477377051,                               0.055194242145788885,                                     -0.16376524368059278,                                      -0.1643048709033729,                              -0.09071073881725984,                               -0.0589620234516896,                                    -0.08783589223245143,                                    -0.12956189004742577,                              0.012549973777460782,                              0.006644782624670831,                                     -0.3450298950629806,                                    -0.08834259651658852, 7805.592915507612,  0.575542028860813,7806.1684575364725,  0.001150305793637849
                                0.07087602224197284,                               0.052337347609383134,                                     -0.14588814082275728,                                      -0.1706943136080871,                               -0.0952479523017002,                               -0.0685380170997788,                                    -0.10316101148514485,                                    -0.15316726077871254,                              0.010955875870879955,                             0.0060146767809350354,                                    -0.33615430566434845,                                    -0.09887205573491044, 7805.145719458107, 0.5637026554489115, 7805.709422113556, 0.0007355268491637026
                                0.07103420586103448,                               0.053041019750189766,                                      -0.1539403320030086,                                     -0.18524649138009722,                              -0.09887331040190508,                              -0.07032213916997702,                                     -0.1099985560524844,                                    -0.14356595663104563,                              0.011998846286179796,                             0.0041849860796187716,                                    -0.32492161604682707,                                    -0.10544150748424577, 7802.513354653742, 0.5630414350044266, 7803.076396088746, 5.289042071905565e-05
                                0.06939734227545388,                               0.053173990821555744,                                     -0.14680780278916394,                                      -0.1914999597197236,                              -0.08994286117666225,                              -0.06827149182501174,                                    -0.11247262100911756,                                    -0.13915863985804333,                               0.01235238003468013,                              0.005751692153025914,                                    -0.32331629806903306,                                    -0.10788568806506345, 7804.695476278599, 0.5686191536450307, 7805.264095432244,0.00046887858977062637
                                0.07693116488157684,                               0.057239965218023686,                                     -0.15409880543102378,                                      -0.1831246474460963,                              -0.07789312187373004,                              -0.05753231607104993,                                    -0.08268002243957412,                                    -0.15640786762949557,                              0.013998155453625857,                              0.008627663348709458,                                    -0.32764995369670147,                                    -0.11901270001274537, 7804.336230665316, 0.5481398920687017,7804.8843705573845, 0.0003273723641173184
                                0.07202396203389685,                                0.05077160443479631,                                     -0.14890481582935672,                                     -0.18437502963806604,                               -0.0983212764566624,                               -0.0639001140763187,                                    -0.09024177790814482,                                    -0.11788478703207098,                              0.012761578247886637,                              0.004751210781013301,                                      -0.347530593766863,                                    -0.06360582997161263,7805.2476029157715, 0.5874098253529023, 7805.835012741124, 0.0008144153563772481
                                0.07479883903253562,                                0.05419366990012328,                                     -0.14153981112516045,                                      -0.1886518714007874,                                -0.092092850814765,                              -0.06805824025757845,                                    -0.10635256124053571,                                    -0.14505723325895503,                              0.013126055863423275,                              0.006709856708146639,                                    -0.36866576075216784,                                    -0.07395770029253419, 7805.252097278502, 0.4411360083089747, 7805.693233286811, 0.0008180838720473075
                                0.07110678327236933,                               0.049221529050444884,                                     -0.14173399224074096,                                     -0.17139664556767034,                              -0.09504704666298049,                              -0.06567534424539054,                                    -0.09886487133135774,                                    -0.11961377788933136,                              0.010355236241316776,                              0.004092872434279429,                                     -0.3427126423595896,                                     -0.0932641360353079, 7802.679682146632, 0.6059276299027994, 7803.285609776535, 6.246146037477129e-05
                                0.07064465089170627,                                 0.0526615243977952,                                     -0.13843789102186477,                                     -0.17463482925942786,                              -0.08824090643248579,                              -0.06176023709672251,                                    -0.06848986039809017,                                    -0.14111639652956567,                              0.013197565138648268,                              0.005859087693209669,                                     -0.3264962803718365,                                    -0.11183173347680891, 7804.493160491789, 0.6410608426762052, 7805.134221334465,0.00038299735291154953
                                0.07053328077068455,                               0.054692995421467494,                                     -0.14357819659572812,                                       -0.181759139728981,                              -0.08738950310286259,                              -0.06515442103656585,                                    -0.10270460986066904,                                    -0.15025688522310635,                               0.01471002031371689,                             0.0060236953588686665,                                    -0.35540511187432794,                                      -0.110284970203925,   7805.1597941859, 0.4639564496839642, 7805.623750635584, 0.0007459523855373863
                                0.07663334674832314,                               0.051930229455622895,                                      -0.1483470038610925,                                     -0.19257270678296043,                              -0.09471166722845531,                              -0.06458938154411628,                                    -0.10512111763500301,                                    -0.12770060437277284,                              0.013392188917062994,                               0.00657893725786643,                                     -0.3453426814454437,                                    -0.07379048017540511, 7805.067622695346, 0.5422700206886211, 7805.609892716034, 0.0006802703422223598
                                0.07486922644870772,                                 0.0537745522586216,                                     -0.14899964164127255,                                      -0.1686841753255994,                              -0.07768364085601463,                              -0.05429625168858304,                                   -0.046005950208153346,                                    -0.15060698147905344,                              0.013405954125807404,                              0.007173168122821316,                                     -0.3474027338407455,                                    -0.10984328319793453, 7804.041762350405, 0.5586428895314601, 7804.600405239937, 0.0002438686928330489
                                0.07472553527025094,                               0.055875371474795016,                                     -0.14577969160138177,                                     -0.17650041378533946,                              -0.09401049338935687,                              -0.06835884534241968,                                     -0.1171261519718953,                                     -0.1404071640503397,                              0.012333985171498946,                              0.006274716455880361,                                     -0.3615405403842272,                                    -0.12359485558769819, 7803.323716962058,0.42744504770791636, 7803.751162009766,0.00011893588280721848
                                0.07310315478006929,                                 0.0567440585307635,                                     -0.15993974472920977,                                      -0.1735133456800395,                              -0.09443421714744431,                              -0.06990142956045649,                                    -0.12056159828847826,                                    -0.14283973564266172,                              0.012842266260668908,                              0.005504319779036426,                                    -0.33173746225878187,                                    -0.11612597115842081, 7805.405989326891, 0.5255739101212992, 7805.931563237013, 0.0009541843700636699
                                0.07475817734571166,                                0.05025629761904257,                                     -0.15716374853655804,                                     -0.17455609258512664,                              -0.09593382825964443,                              -0.06679468247949874,                                    -0.10457686622671591,                                     -0.1261493213569172,                              0.012584770435684248,                              0.005553744779686995,                                      -0.342126771160489,                                    -0.07435361382629473, 7803.652076807409, 0.5786930445760455, 7804.230769851984,0.00016516490405312555
                                0.07093013182490929,                                0.05379022178532708,                                      -0.1471247747160152,                                      -0.1764211302426762,                              -0.09285996101224356,                               -0.0695683656697455,                                    -0.11030671760155576,                                     -0.1285571190043076,                               0.01288617087617798,                              0.006316315825887764,                                    -0.33274188960078394,                                    -0.10082231058540721, 7804.818591733538, 0.5912069903652292, 7805.409798723903, 0.0005303087157133492
                                0.07159878203994402,                               0.053489783644104144,                                     -0.14836890521100304,                                     -0.19194626140552276,                              -0.08479928372002137,                              -0.06500847762478348,                                    -0.08206789399484248,                                    -0.16381420029692617,                              0.011839104199571265,                              0.005298731529551487,                                     -0.3446985739956394,                                    -0.12058894878248665,7802.8426418423805,0.46099138206027224, 7803.303633224441, 7.351646746670085e-05
                                0.07070394393494825,                                0.05378489964183225,                                     -0.14763515100873512,                                     -0.19442001253309676,                              -0.09743300618265806,                              -0.06984974302547042,                                    -0.12233350438504366,                                    -0.12505409637973103,                                0.0142017228952942,                              0.004450582020410779,                                    -0.33639772895295234,                                     -0.0929994634146561,7803.0116691424355, 0.5375142019741362, 7803.549183344409, 8.705470623569281e-05
                                0.07249086987932629,                                0.05184539428307014,                                     -0.13914919507553603,                                      -0.1800530150296932,                              -0.08187179435618444,                              -0.05865712513994978,                                    -0.08708060062239192,                                    -0.13763135821238598,                              0.012833353628050936,                               0.00647445164164398,                                     -0.3264414661750641,                                    -0.10857681796669055,  7804.74425025575, 0.6228012015599335,  7805.36705145731, 0.0004923145500897811
                                0.07118141898308994,                               0.053826979246556966,                                     -0.15704507881835636,                                      -0.1802689505765754,                              -0.09165721534414265,                               -0.0660438872584747,                                    -0.09293261272707946,                                    -0.15754746731606473,                              0.012641266224033984,                               0.00482487112836591,                                    -0.34437517008260904,                                    -0.08177429607417794, 7804.527136710014,  0.515917563565533, 7805.043054273579, 0.0003962337424860567
                                0.07322046716792593,                                0.05358254341901167,                                     -0.15368742584636227,                                      -0.1787142415590585,                              -0.08584549440751968,                              -0.06175838192435627,                                    -0.07145294327107156,                                    -0.14337475717593906,                              0.014907151618765796,                              0.006086068596166408,                                      -0.328607931935733,                                    -0.11837350386052715,7803.6559223778295, 0.5863792919706325,   7804.2423016698,0.00016580128015299526
                                0.07523416298542959,                               0.058969190568858854,                                     -0.15113187510042173,                                     -0.19433217136090075,                              -0.07669818872947588,                              -0.05817979449981357,                                    -0.06588528574964082,                                     -0.1492917163358748,                               0.01432111164414751,                             0.0070809834808619465,                                    -0.33481086190841897,                                    -0.12844892951331954, 7804.833387058853, 0.5162889795092739, 7805.349676038362, 0.0005382131357222893
                                0.07298191464448153,                               0.051459713934193324,                                     -0.14383840541402246,                                     -0.18448103347178343,                              -0.09548926777728062,                              -0.06801396916939709,                                    -0.10952948462736348,                                    -0.12276164712173049,                               0.01322833115873552,                              0.005399323899837397,                                      -0.348961484404773,                                    -0.11198406894890678,7806.4928578704785,  0.514776461737235, 7807.007634332215, 0.0015621681301493493
                                0.07540940229596338,                               0.053855306881326254,                                      -0.1499699019843435,                                     -0.17806761317284675,                              -0.09387167108200772,                              -0.06163148610986572,                                    -0.09174834214834227,                                    -0.12749763117048707,                              0.012277843341797073,                             0.0036826062664337966,                                     -0.3427899012876415,                                    -0.11389833873110085, 7803.066651237494, 0.5522999022492331, 7803.618951139743, 5.078613221191471e-05
                                0.07144331442983695,                                0.04900345632788644,                                     -0.14656717453192952,                                      -0.1850148124362734,                              -0.09697084269669516,                              -0.06671467927189587,                                    -0.10176876355354526,                                    -0.13586531544909217,                              0.013106045480347259,                              0.006381757675713778,                                      -0.345062096474605,                                    -0.08418053245485375, 7805.170034259009,  0.544896032680261,  7805.71493029169,0.00041613359514331767
                                0.07372183082319017,                               0.051739006739234095,                                     -0.14833010528802168,                                     -0.18253063617306797,                              -0.09238509262001061,                               -0.0628018299792275,                                    -0.09142003019659103,                                    -0.12942032450598803,                              0.012716899185258507,                             0.0062769952981563265,                                     -0.3631545267027303,                                     -0.0900967710638064, 7807.135805833102,0.49077248324995104, 7807.626578316352, 0.0029713685739463326
                                0.07533644634073125,                               0.050835387108873586,                                     -0.15203585704900957,                                     -0.15934719920747484,                              -0.08658833630964352,                              -0.05576363183086938,                                    -0.06482260757104881,                                    -0.12744303273951046,                              0.013100561936856686,                              0.008020220123807278,                                    -0.33625918401330507,                                    -0.09027186646134235, 7803.089426436492, 0.6588600195606927, 7803.748286456053,5.1956068676301125e-05
                                0.06899707536233318,                                0.05617773331680409,                                     -0.13631915126743072,                                     -0.19055447183233992,                              -0.08226373245544985,                              -0.06507916747463877,                                    -0.09235001203821373,                                    -0.17723022912603056,                              0.014896916813095615,                              0.006897492265956817,                                     -0.3355341338364207,                                    -0.11409462710378898,  7804.10369220834, 0.4907246973237366, 7804.594416905664,0.00014326044969704748
                                0.06817552457900558,                                0.05152766807343673,                                     -0.14179460794528978,                                     -0.19402284528980687,                              -0.08907196364587852,                              -0.06775617159344602,                                    -0.09650117486198415,                                    -0.15593072713347775,                              0.014036006777257276,                              0.006650948615591831,                                    -0.34206707689981436,                                    -0.08735348186149204, 7806.169764236625, 0.5152567853096769,7806.6850210219345,   0.00113086299033825
                                0.07304309975371151,                                0.05180551773566405,                                      -0.1451830298793431,                                      -0.1941660841886093,                              -0.09045872058071797,                              -0.06406947154297121,                                    -0.11652891651785574,                                    -0.14123102122637657,                              0.013063900456651359,                              0.006409421177361402,                                    -0.35242792873951756,                                    -0.07457875191726897, 7804.823936701895, 0.4816276424997863, 7805.305564344395, 0.0002943909935316623
                                0.07541011644698947,                               0.051546075925978235,                                      -0.1545458430592226,                                     -0.17577694693393983,                              -0.08193081419526638,                              -0.05573365336215176,                                    -0.06724425254844353,                                     -0.1366579160905067,                               0.01349571161119438,                              0.007785277874540947,                                    -0.32246270093293394,                                    -0.09498423271767753, 7805.786043138503, 0.6543380823858335, 7806.440381220889, 0.0007704811812384759
                                 0.0722715727521134,                                0.05251963456201755,                                     -0.15133889816596127,                                     -0.17543051931238646,                              -0.09256958956153917,                              -0.06817423731443087,                                    -0.10638456863898009,                                    -0.15684579158995096,                              0.013152919608583849,                               0.00758805197388919,                                    -0.33189971862968354,                                    -0.09088338809277642, 7805.482665856225, 0.5597186641817455, 7806.042384520407,  0.000568862042174379
                                0.07225250747337855,                                0.05138503810949532,                                     -0.13764633746239222,                                     -0.17063017323925905,                              -0.09167877307686277,                             -0.062185534792064186,                                    -0.09072489690041816,                                    -0.13395490124304874,                              0.014003996283732084,                              0.006651324978586115,                                     -0.3446940650859482,                                    -0.08013743356506699, 7806.616417525363, 0.6071782306317354, 7807.223595755995, 0.0017676205820102817
                                0.07298257215035864,                                0.05586517932618748,                                      -0.1540916757131447,                                     -0.18071667824942497,                              -0.08684035222942536,                              -0.06744050215121351,                                    -0.11641715165335895,                                    -0.16339897273924192,                               0.01485035336671807,                              0.007794559152985395,                                    -0.33530008952549045,                                    -0.10945479824283168, 7804.186693834916,0.48723743495326577, 7804.673931269869,0.00015565872129770853
                                 0.0743913560073865,                                0.05099564453260677,                                      -0.1334062038693637,                                     -0.18075878552482977,                              -0.08545175645268609,                              -0.05764376159597822,                                    -0.08480701814552676,                                     -0.1443372823920534,                              0.014065438027182936,                              0.007681494581237458,                                     -0.3381699613285469,                                    -0.07420328853939315, 7805.968417112637, 0.6133483057409137, 7806.581765418378, 0.0009246258826452139
                                0.07959492663143833,                                0.05604044340748479,                                     -0.15844190767819472,                                      -0.1696707902921012,                              -0.08363341479495952,                              -0.05511079053414597,                                    -0.07013952560642298,                                     -0.1277311571182228,                              0.014588786311030916,                              0.007976782401060922,                                     -0.3457762157460529,                                    -0.08476552016900646, 7804.586019422248, 0.5938387748632858, 7805.179858197111,0.00023205896854123045
                                0.07254889647538326,                                0.05419477773891526,                                      -0.1421768297307604,                                     -0.17794192165946437,                              -0.09386907285736008,                              -0.06630572440048425,                                    -0.11969660104933147,                                     -0.1392812611712326,                              0.013065538949567301,                              0.005054800036120952,                                     -0.3402599499308134,                                    -0.13973227364173524, 7803.840032112927,0.48810063756837563, 7804.328132750495,0.00011005763738530562
                                0.07321451556229322,                                0.05415252661160516,                                     -0.14056289554046827,                                      -0.1876357607295556,                              -0.08692111574370415,                              -0.06466596866196775,                                    -0.08834162344075498,                                    -0.14566886520150257,                              0.013677155086618972,                              0.007351310977073117,                                    -0.36679266786719444,                                    -0.09686985824057097,7807.2898568031815, 0.4491932407415382, 7807.739050043923,  0.003466251033357802
                                0.07086059646488804,                               0.053830948403183115,                                     -0.13926311020811707,                                     -0.18250736424894654,                              -0.07964770169518909,                              -0.05756494331455029,                                    -0.07230619482311579,                                    -0.16579699026246733,                              0.014798928399874817,                              0.007669081853400067,                                    -0.33259841408756036,                                     -0.0919893651829005, 7805.563182294696, 0.5792247387696687, 7806.142407033466, 0.0006165592262760834
                                0.07205869673857865,                                0.05037883075920685,                                     -0.15010950564247794,                                     -0.16331922731652918,                              -0.09313245119288119,                              -0.06304660060319939,                                     -0.1116333075500537,                                    -0.13299026990919371,                              0.012648999249823462,                              0.006019897950817921,                                    -0.33744107364749143,                                    -0.07489185581165174, 7804.781654501996, 0.6107470655934069, 7805.392401567589, 0.0002822029784802446
                                0.07542625649597176,                                0.05836233408051297,                                      -0.1594625225443295,                                      -0.1791767239894888,                              -0.08846705627595516,                              -0.06769990030474311,                                    -0.10815014891295334,                                     -0.1521146768879254,                              0.013807252774792292,                               0.00808970269197802,                                    -0.34468278242447453,                                    -0.10842834181661443, 7804.022504701985, 0.4768518391071339, 7804.499356541092,0.00013208911307376086
                                0.07271565770817848,                                0.05509932155170058,                                     -0.14450716142639994,                                     -0.19218191599137321,                               -0.0935395521582297,                              -0.07034006756993924,                                     -0.1034416304755755,                                    -0.15615968537657537,                              0.012925822438530798,                              0.006402301088089882,                                    -0.33831291792168505,                                    -0.11534810979318744, 7805.844386223038,0.48945076301748425, 7806.333836986056, 0.0008167706349797706
                                0.07803119584146398,                               0.051340163250234355,                                     -0.15767551398518728,                                     -0.17514704958579297,                              -0.09888231759954764,                               -0.0630742231440235,                                     -0.1094403051037684,                                    -0.12062750286078422,                              0.011784034078661978,                              0.005862726056443626,                                    -0.35426300808817296,                                    -0.08862789744448141,  7805.48473793505,  0.518559813204636, 7806.003297748255, 0.0005700419912179781
                                0.07127691705003494,                               0.048771006848438436,                                      -0.1364236014173897,                                     -0.18058429832567505,                              -0.09594019926340436,                              -0.06292434264296415,                                    -0.09438090604923467,                                    -0.13503952195605526,                              0.011699410534945026,                             0.0048712399375642895,                                     -0.3395842463928166,                                    -0.07091565260667093, 7804.734285429762,  0.611400972631176, 7805.345686402394,0.00026914695233046796
                                0.07115325702125067,                                0.05161412514196928,                                     -0.13709957359006109,                                     -0.19147114167257623,                              -0.08215589378796884,                              -0.05972221220170018,                                    -0.07573717359952177,                                    -0.16027758440933174,                               0.01380411449699534,                              0.007927386366197761,                                     -0.3335840050699174,                                    -0.08778798174194799, 7805.322846227017, 0.5716480451164353, 7805.894494272134,  0.000484839699051741
                                 0.0700741440759669,                                0.05542479289062294,                                      -0.1403474549532371,                                     -0.19671374370828065,                              -0.07941467444072989,                              -0.06304758639788179,                                     -0.0933814710689489,                                     -0.1749543555676016,                              0.014288441515447767,                              0.007689848000394919,                                    -0.32030949531640995,                                    -0.11882088963245975, 7803.923605184635, 0.5240265202729129,7804.4476317049075,0.00011965077319857368
                                0.07065156639886686,                                0.05548349265940142,                                     -0.13611226734457263,                                     -0.18793438880420654,                              -0.08293490279224726,                              -0.06400576714420175,                                    -0.07426858393686778,                                    -0.15840054491363192,                               0.01428268497081367,                              0.006730484947866502,                                     -0.3382043844881074,                                    -0.13235974578349272, 7806.187486980029, 0.5133913000111996, 7806.700878280039, 0.0011510836383530577
                                0.06894830937385216,                                0.05434827859842642,                                     -0.13983700072586938,                                      -0.1921353469978357,                              -0.08193816441878324,                              -0.06446680777548394,                                    -0.07951504955761918,                                    -0.17222357697794638,                              0.012196227286045483,                              0.005860952742812092,                                    -0.34131852857378764,                                    -0.10250015665251956, 7804.258162805732, 0.4961421056994403, 7804.754304911432,0.00016719066999037135
                                0.07504943433851449,                                0.05484088456650166,                                     -0.14066134605621025,                                     -0.19821332048811208,                              -0.09130360866744147,                               -0.0679254961186202,                                    -0.11378497433700832,                                      -0.139053602318566,                              0.013627163151563829,                              0.007528783670595354,                                     -0.3518695898323822,                                    -0.08431057029424627, 7805.841041695867, 0.4804813393923282, 7806.321523035259, 0.0008140434864518525
                                0.07465660177343256,                                0.05085296042614096,                                      -0.1471245473285701,                                     -0.17760508774959577,                              -0.09866160214085311,                              -0.06569772337995748,                                    -0.11538361409532805,                                    -0.12152168588840533,                              0.012380342356916207,                               0.00484254847311065,                                     -0.3645948161898496,                                    -0.09152137583548085, 7806.135601914817, 0.4788252255961827, 7806.614427140413, 0.0010928825290431746
                                0.07650486514308005,                                0.05597511807438574,                                      -0.1531513813361564,                                      -0.1922787015431778,                              -0.09227121480042291,                              -0.06592823130074302,                                    -0.11883151907642181,                                    -0.13555208307070998,                               0.01521137374941986,                              0.007340794730211361,                                    -0.35470804515199167,                                    -0.08571268555196844, 7805.064657055042, 0.4593220967526702, 7805.523979151794,0.00037451398557139455
                                0.07528560436773032,                                0.05415947162710527,                                     -0.14299886197650388,                                      -0.1978336497718988,                              -0.08903688521847433,                              -0.06285141775899514,                                    -0.09042055383439362,                                    -0.13066398320520925,                              0.014999368587238535,                              0.007535653578807505,                                      -0.345908104219682,                                    -0.08043892086360893, 7806.590784402026, 0.5433642437372721, 7807.134148645763, 0.0017228867291652081
                                0.07400798384004909,                                 0.0543114129930333,                                     -0.15381698749791128,                                     -0.17639464828224125,                              -0.08675834441537425,                              -0.05936728673490639,                                    -0.06901497770780773,                                    -0.13691540717140324,                              0.014719285731220208,                              0.006752378510757828,                                    -0.33420332108692624,                                     -0.0836778352217858, 7807.055622918329,  0.621037264507092, 7807.676660182837, 0.0027424172272465827
                                 0.0739306752787697,                               0.053972011207500614,                                     -0.15301705569115337,                                     -0.18108386032603344,                              -0.09014237270659534,                              -0.06506757339413163,                                    -0.09351594165438333,                                    -0.16075317909546488,                               0.01358815794406118,                               0.00580288333290975,                                     -0.3507639067098808,                                    -0.10522467298496702,  7805.28066909438, 0.4659123955985379, 7805.746581489979, 0.0004648157945025633
                                0.07366564260865999,                               0.048686242457193385,                                     -0.13535064695639074,                                     -0.17760425829612844,                              -0.09189842246715957,                             -0.059208655250986286,                                    -0.09696907812299572,                                    -0.12067141644372706,                              0.013205214358633602,                              0.006395173602743734,                                      -0.340202701510447,                                    -0.07157140248599278,7804.7280888601035,  0.633756523193732, 7805.361845383297, 0.0002674843211170731
                                 0.0745137302109061,                               0.055422688398367614,                                     -0.14956958324548802,                                       -0.177435993177976,                              -0.07690343955533491,                             -0.056377563310341244,                                    -0.05737373046708451,                                     -0.1552765621366638,                               0.01300948040628229,                               0.00708226067397652,                                    -0.33872439078406247,                                    -0.10428082793939775, 7807.254777874105, 0.5661018300385854, 7807.820879704143, 0.0033467666042948296
                                0.07513241011820157,                                0.05130513143612209,                                      -0.1601008504838434,                                     -0.16166076254503073,                              -0.09237172203076197,                              -0.06199744233637997,                                    -0.07999171970852656,                                     -0.1347833994953783,                               0.01250086149934497,                              0.005620437489933433,                                     -0.3356188872605332,                                    -0.12089223939743668, 7805.208435854562, 0.5843193638466995, 7805.792755218408,   0.00043242458725053
                                0.07691502711965198,                                0.05546270907334433,                                     -0.15341327684910364,                                     -0.18389757232786472,                              -0.08650963873432979,                              -0.06288075169980367,                                    -0.10985404984036447,                                    -0.13332296048255005,                              0.013962141844909112,                              0.007014579977411145,                                    -0.35546491899910576,                                    -0.10177212660997678,7805.3261852718115, 0.4714135106949985, 7805.797598782507,0.00048646130632795995
                                0.07939104881858625,                               0.053757317607382366,                                     -0.14167450272331872,                                     -0.17237298944869675,                               -0.0880710207279651,                             -0.059048611637939646,                                    -0.09706965042783229,                                     -0.1458543634082946,                              0.014402912187756245,                               0.00876893989635244,                                     -0.3514780720389941,                                    -0.07912326725775005, 7805.152106782669, 0.5471484993338348, 7805.699255282003,0.00040873984363930347
                                0.07360511284855994,                                0.05193297383262668,                                     -0.15636203151761743,                                     -0.17291523923768373,                              -0.09090403213857838,                              -0.06141863482565466,                                    -0.08277710763537913,                                    -0.13148846545168189,                              0.012274666897298322,                              0.004389641516608811,                                      -0.353125508598021,                                     -0.0774893726652918, 7804.687193315956, 0.5531773463541666, 7805.240370662311,0.00025676606252978497
                                0.07230075500169142,                               0.051536536473239164,                                     -0.14889053827771542,                                     -0.16025472218032114,                               -0.0917632438341672,                              -0.06281258009169513,                                     -0.1033750457244944,                                     -0.1407253759653486,                               0.01364052093569823,                              0.006494782815985173,                                     -0.3440097246025461,                                     -0.0894569683647909,7803.7502444591055, 0.5782163405538441, 7804.328460799659,  0.000100606468114725
                                0.07275675223531267,                               0.054204765682504985,                                     -0.14570795068858064,                                     -0.19084683174472541,                               -0.0824659868409643,                              -0.06119542112514686,                                    -0.08231433279048865,                                    -0.13923001771159202,                              0.015728078401928608,                              0.007825259667391893,                                    -0.34340833650699104,                                    -0.07655010683641462, 7804.617232020765, 0.5620056070218684, 7805.179237627787, 0.0002394163562493186
                                0.07307925422942865,                               0.056853954517900096,                                     -0.15709958780189362,                                     -0.18442368432200776,                              -0.09248186842624342,                              -0.06926441423533168,                                    -0.11974306658466954,                                    -0.13607231017149582,                              0.012781482471659139,                              0.005961298678956312,                                    -0.34700913377479253,                                    -0.11369293042307194, 7804.731789510601, 0.4659794901690354,  7805.19776900077, 0.0002684760209384634
                                0.07231720643325501,                               0.057051769853607964,                                     -0.14246955027249958,                                     -0.19400609172123562,                              -0.08793302369689099,                              -0.06476141112355946,                                    -0.09327606869568159,                                     -0.1392179272922885,                              0.013703815164506167,                              0.005221342257304237,                                     -0.3386885244287181,                                     -0.1304546766885411, 7806.918726491072, 0.5056547172132618, 7807.424381208286, 0.0023915538567568775
                                0.07612192302193227,                                0.05556594635554332,                                     -0.16011256983957595,                                     -0.17457750629534655,                              -0.09223104737877383,                              -0.06461316571924867,                                     -0.0891576570403516,                                    -0.14709559212752257,                              0.012786597620791748,                             0.0060223894462897165,                                     -0.3468900606038997,                                    -0.12153685195170816,  7806.85563604161, 0.4886706595186977,7807.3443067011285, 0.0022453307876294003
                                0.07576663956848287,                                0.05169291725086744,                                     -0.14914194446759393,                                     -0.16555225260441192,                              -0.09055510938495251,                             -0.059122950621591924,                                     -0.0880329015670962,                                    -0.12679373999641994,                              0.014736654570742774,                              0.006455894074053475,                                    -0.34876454056597167,                                    -0.08890734494387267, 7805.811128251729, 0.5874758225274821, 7806.398604074257, 0.0007900532463221972
                                 0.0755774892666917,                               0.054296371716953756,                                      -0.1512162249363383,                                     -0.17289427478699115,                              -0.08240991428544533,                              -0.05367419181801811,                                    -0.05998509677055894,                                    -0.13972667781627168,                              0.013917182351859389,                              0.006749354170922511,                                     -0.3227483650431292,                                    -0.10075209359759768,7804.5962535232775, 0.6587008679450338, 7805.254954391223,0.00023444607759291823
                                0.07586750364056691,                                0.05283101359912051,                                     -0.15656592999138041,                                     -0.16252617185004858,                              -0.09915055672041699,                              -0.06612417699717155,                                    -0.10011328575933566,                                    -0.12265598170258345,                               0.01134764498067295,                              0.003818217755923392,                                     -0.3479877239110584,                                    -0.11705935497305799, 7804.706836050567, 0.5442834756440047, 7805.251119526211,0.00026185951101251277
                                0.07339140297901167,                                0.05452784565590446,                                     -0.15779649765358805,                                      -0.1861480581451128,                              -0.08921378417463646,                              -0.06561611610468437,                                     -0.1145469404751813,                                    -0.14168762290170878,                              0.013107014041771906,                              0.006635708499358864,                                     -0.3431063933320177,                                     -0.1078218587419626, 7805.923635636929, 0.4814967352894828, 7806.405132372219,  0.000884133198919381
                                0.07200769882847743,                                0.05716385786228423,                                      -0.1499489235072387,                                     -0.18438579165324404,                              -0.07979499687227189,                              -0.06535079697635195,                                    -0.09191444593526422,                                     -0.1733413425173153,                              0.014009881579441497,                              0.008554446543210026,                                    -0.34028298309400423,                                    -0.09902517727560407, 7800.388442353085, 0.4899300025499794, 7800.878372355635, 3.488299767787929e-06
                                0.07239392121000504,                                0.05516535434626785,                                     -0.14892123839106927,                                     -0.19164964729134065,                              -0.08268872983148212,                              -0.06240454587765111,                                    -0.08619509714965358,                                    -0.15838007593014092,                               0.01571713703402458,                             0.0074661213641786794,                                     -0.3340671741185268,                                    -0.08530238440458487,7804.2110511403735, 0.5470324534163026,  7804.75808359379,0.00015949669998182613
                                0.07408221777526774,                                0.05293759085812874,                                      -0.1530011260431214,                                     -0.19452309250687486,                              -0.09005501883439052,                              -0.06570261811130726,                                    -0.11395445551299394,                                    -0.15127484992685347,                              0.013918410689046937,                             0.0077042091549478775,                                     -0.3493542247916245,                                    -0.09221145897725969, 7803.119837698936, 0.4505254289536249, 7803.570363127889, 5.356038938161237e-05
                                0.07553327417385378,                                0.05323676773800759,                                      -0.1533717773878565,                                      -0.1691495852096348,                              -0.08718953754778949,                              -0.05986672505156613,                                    -0.10740031266381898,                                     -0.1433367569241047,                               0.01411042429384779,                              0.007633538376141336,                                    -0.33003716142395884,                                    -0.08330762971062887, 7804.523238109147, 0.6038041921576961, 7805.127042301305,0.00021793790897747995
                                0.07719449838576622,                               0.057277472919924105,                                     -0.15971414619808036,                                     -0.18990918730669423,                              -0.08757154722901637,                              -0.06300092624364205,                                    -0.10508956873554608,                                     -0.1340673436869887,                               0.01483319445001871,                              0.006750471482504072,                                    -0.34157804156110244,                                    -0.12610368096134383, 7804.841654798685,0.47552503416879355, 7805.317179832854,0.00029965352499828734
                                0.07424691430495461,                                0.05662690300179091,                                     -0.13872332591598763,                                     -0.19719593586036002,                              -0.07568329829258905,                              -0.06012718129010531,                                     -0.0711476106156858,                                    -0.16054499668239378,                              0.014272755631769218,                              0.008323641657460426,                                     -0.3374000862806789,                                    -0.12360687347762933,7805.5842491410385, 0.5037757048691592, 7806.088024845908, 0.0006296859688107387
                                 0.0766165406551805,                               0.053718806059283974,                                     -0.15304899163992272,                                     -0.17807279679249544,                              -0.08807765864273706,                              -0.06364613462626843,                                    -0.07824475758808912,                                    -0.14542641985725402,                              0.012482810813458409,                              0.007831442367639219,                                     -0.3404776776353295,                                    -0.10527233900055687, 7805.458675431744, 0.5519548121670522, 7806.010630243912, 0.0005553772005980939
                                0.07204084728650645,                                0.05214846765351616,                                     -0.13877417521835447,                                      -0.1773614125146867,                              -0.08627512445518085,                             -0.059051969595239374,                                     -0.0941250136924529,                                    -0.13377202560330848,                              0.013578869592032652,                               0.00588874444192708,                                    -0.32685699007520036,                                    -0.08889831058242931,7805.8011960928425, 0.6475331334438601, 7806.448729226287, 0.0007822451517560722
                                0.07396531783419188,                                0.05095201885994824,                                      -0.1480665358822901,                                     -0.16320737680087946,                              -0.09410799592021028,                              -0.06373266377239839,                                    -0.10362067047731789,                                     -0.1250054266181806,                               0.01230935325677436,                             0.0068673695172404015,                                    -0.34437434394810423,                                     -0.0950292739375944, 7807.118139935408, 0.5900887911073276, 7807.708228726516,  0.002919337620620481
                                0.07156708862094666,                                0.05265509839794488,                                     -0.14936119450389543,                                     -0.17332657300655016,                              -0.08725452900789737,                              -0.06282511212320527,                                    -0.09181094989333526,                                    -0.16053095650867366,                              0.013878889066417294,                              0.007651806093564931,                                    -0.33378910930689965,                                    -0.11684387209315412, 7805.118158754196, 0.5397011956074117, 7805.657859949803, 0.0003950968189232044
                                0.07068524741916518,                                0.05207062250253411,                                     -0.13833572819657117,                                      -0.1898541555859468,                              -0.08092667488272264,                              -0.05811492600923707,                                    -0.07762563981918393,                                    -0.15250762621790512,                              0.014930542980217523,                              0.006268089195976476,                                     -0.3345338974302175,                                    -0.09422373621824112, 7803.518128927509, 0.5750413883389897, 7804.093170315848,   7.9766292811613e-05
                                0.07268834214979117,                               0.048165757922398994,                                      -0.1492475404465051,                                      -0.1761161313483719,                              -0.09924149168267299,                              -0.06632945266394395,                                    -0.11122783252651144,                                    -0.13680324980728994,                               0.01152583153374416,                              0.005004702475388645,                                     -0.3525889028887114,                                    -0.06152199894684464, 7805.168876755519, 0.5348989459287234, 7805.703775701448,0.00041565219771777225
                                0.07724799767027057,                                0.05562145392944981,                                     -0.15787648794601863,                                     -0.17256977618939012,                              -0.08476100701240553,                              -0.05898818529780241,                                    -0.08714696716124977,                                      -0.137977222671981,                               0.01444380340481291,                              0.006490536575402064,                                     -0.3445678259761012,                                     -0.1252043182207763, 7805.171454188581, 0.5167969557652856, 7805.688251144346,0.00041672489524385137
                                0.07168638693778404,                                0.05199728410810431,                                     -0.15716890269160358,                                      -0.1801719838452238,                              -0.09142038052540882,                              -0.06472728990928275,                                    -0.09516432470470358,                                    -0.14972414989866908,                               0.01334746549093227,                              0.005817958477491156,                                    -0.34218818324709077,                                    -0.09138142982173034, 7807.114415540511, 0.5260182501838023, 7807.640433790694, 0.0029084850766072875
                                0.07660525322479123,                                0.05123373299097267,                                     -0.15587344688731558,                                     -0.16968983172373311,                              -0.08503584454797802,                              -0.05810414793272587,                                    -0.06609248519657177,                                    -0.12829653201527808,                              0.012653148795177066,                               0.00717196646704521,                                    -0.33478837159505964,                                    -0.08292021351870228, 7806.263440740426, 0.6438098792880755,7806.9072506197135, 0.0012419187383508436
                                0.07186767374518827,                               0.051036713331284095,                                      -0.1388339732549904,                                      -0.1827813455858067,                              -0.08678581106227636,                              -0.06045111925875384,                                    -0.10292840272457546,                                    -0.14271642745989915,                              0.013798800981392967,                              0.007274776768370114,                                     -0.3389710465620058,                                    -0.07456270619296779,  7805.72881730641,  0.581428256990254,   7806.3102455634, 0.0007276276141330134
                                0.07186493643102781,                                 0.0517985098719502,                                     -0.15689901469454728,                                      -0.1773338343946313,                              -0.08541314401427713,                              -0.06172922060428053,                                    -0.08502825681169354,                                    -0.15385678304895023,                               0.01243902136079407,                             0.0068124303505597145,                                     -0.3395689980942913,                                     -0.0965351468960445, 7804.759280933985, 0.5398429898102749, 7805.299123923795, 0.0002759591992136084
                                0.07381054852166374,                               0.055475574785287834,                                     -0.14392409307176154,                                     -0.20583237970481336,                              -0.07759000332361465,                               -0.0601862229744978,                                    -0.06352188563999508,                                    -0.15657313635961104,                               0.01505386368301416,                              0.008216735164667616,                                     -0.3361701545694541,                                    -0.10069822906733639, 7803.899533211932, 0.5221243597328367, 7804.421657571665,0.00011680493296601506
                                  0.072906942330794,                               0.053642701063320336,                                      -0.1523988064748562,                                     -0.18049835110616202,                              -0.09221058450919781,                              -0.06601824299871342,                                    -0.09325733129100391,                                    -0.13283065723551887,                              0.011280765081086913,                              0.004047399147603131,                                     -0.3392003008299181,                                    -0.11873588671946804, 7806.145135540843, 0.5414620100687291, 7806.686597550912, 0.0011033514866347154
                                0.07426164835779916,                               0.056728974910333574,                                     -0.15038748805527297,                                     -0.18659820996516382,                              -0.09504397097965846,                              -0.07028808694318295,                                     -0.1279417816751699,                                    -0.14588014293061086,                              0.013059775419566239,                             0.0046761815174231475,                                    -0.34287399375509303,                                    -0.14325815972689313, 7804.525015133041,0.41996278306292445, 7804.944977916104, 0.0002183255341566827
                                0.06803609925807763,                               0.053772908906705025,                                      -0.1479864105753477,                                     -0.19721337768821037,                              -0.08988730424906648,                              -0.06789367538089197,                                    -0.11071805394525801,                                     -0.1506887536193651,                               0.01311047345692365,                              0.004759028167196894,                                    -0.34996066047545227,                                    -0.09115761142759544, 7804.591010480116,0.45679625003405744,  7805.04780673015,0.00023322008346760768
                                0.07339211190425748,                               0.055440648878485405,                                      -0.1468870336338193,                                      -0.1746461347485545,                              -0.08777279413657571,                              -0.06610361246618593,                                    -0.09134092556733665,                                     -0.1533085992921908,                              0.012130525502643971,                              0.005840179606747903,                                     -0.3290689307421772,                                    -0.12547572143578664, 7805.435484376581, 0.5600549934236964, 7805.995539370005, 0.0005426456173362508
                                0.07359531924887863,                                0.05706234375346883,                                      -0.1468096602153995,                                     -0.19208809306989663,                              -0.08092484906999964,                              -0.06287259031068049,                                    -0.07361830463048645,                                    -0.17225937412237277,                               0.01255645288768066,                                0.0066827257253049,                                    -0.33983159287557363,                                    -0.11166195412160891,7804.2382843025425,0.48481343834769774,  7804.72309774089,0.00016389998502954384
                                0.07106944089089418,                                0.05652950809720508,                                      -0.1479622396856602,                                      -0.1834690295756117,                              -0.08882871718855513,                              -0.06981548072102274,                                    -0.10838133278544675,                                    -0.17002285076070198,                              0.013562503021566252,                              0.006204778370441838,                                    -0.32713221829066674,                                    -0.11985264644305575, 7805.432320788372, 0.5065335757341379, 7805.938854364106, 0.0005409316226753933
                                0.07554442087953803,                               0.054978405766193617,                                     -0.14705582093362088,                                     -0.18007257026588533,                              -0.08633212971073845,                             -0.060182429213600896,                                    -0.09193073174116927,                                    -0.13292029584181622,                              0.014041106989400864,                              0.005262718260681767,                                     -0.3439816168476305,                                    -0.09575823940071301, 7805.592603593577, 0.5616698796593332, 7806.154273473237, 0.0006349686867331317
                                0.07262031186246806,                               0.054912066244217766,                                      -0.1426118543048822,                                     -0.18896234231471193,                              -0.09644081182197682,                              -0.06609245520975278,                                    -0.11313057320591714,                                    -0.12896492046948968,                              0.013677223505199176,                              0.004799965077320681,                                    -0.34785550076108246,                                    -0.09243762689191581, 7805.872056255214, 0.5207812867588193, 7806.392837541973, 0.0008396862810037485
                                0.07313635354021283,                                0.05544943148724549,                                      -0.1392414522131427,                                     -0.18429445660178387,                              -0.08853171537800475,                              -0.06298347624509654,                                    -0.09373264496454643,                                     -0.1560269913557235,                              0.012978964066176019,                              0.004923419127720652,                                    -0.33854772269734806,                                     -0.1221231194231828, 7803.635155156908, 0.5152928035851699, 7804.150447960493, 8.966919152207759e-05
                                0.07344331862641126,                                0.05216470646206772,                                      -0.1366779791611936,                                      -0.1776300065938145,                              -0.09093166816639804,                              -0.05941841402439063,                                    -0.09543387891041201,                                     -0.1427111843117827,                              0.013127546914610044,                              0.005755743395649077,                                     -0.3483647800176502,                                    -0.07913502102729626, 7805.439723700854, 0.5635356271515501, 7806.003259328006, 0.0005449509511496242
                                 0.0713598809714446,                                  0.054478489109096,                                      -0.1531533707054595,                                     -0.18039454750443723,                               -0.0927595369676967,                              -0.06890217538488744,                                    -0.12153786931573897,                                    -0.14561733728672746,                              0.011605207611490045,                              0.005757900196594307,                                     -0.3260803884285556,                                    -0.11575173838214164, 7804.626294232125, 0.5392404778800798, 7805.165534710005,0.00024159585851191555
                                0.07155836176990193,                                0.05230020272247768,                                      -0.1570893858135251,                                     -0.18251854151015934,                              -0.08250290412817453,                              -0.06124002837019799,                                    -0.07383805798702849,                                    -0.14770716229801165,                              0.012939304459872722,                              0.006328794749417874,                                    -0.32183675295534925,                                    -0.10518437619377595, 7804.329809761741, 0.6047887484381724, 7804.934598510179,0.00017960892593607298
                                0.07070632586080197,                                 0.0501392069437194,                                      -0.1389453354756052,                                      -0.1812232663226559,                              -0.08351837981207501,                              -0.06065819673063777,                                    -0.08305054206885934,                                    -0.15110722257216438,                              0.012564815084808292,                              0.006590479047808628,                                    -0.33389634803358204,                                    -0.07674709356533344, 7804.439557504247, 0.6083823868850321, 7805.047939891132, 0.0002004429356705429
                                0.07051911714325204,                                0.05290686190863533,                                     -0.15006609547595703,                                     -0.18936670826828078,                              -0.09253523177596538,                              -0.06922361398216231,                                    -0.10971092954511402,                                    -0.13777210406328977,                              0.011701966557526491,                              0.005684074061197905,                                     -0.3370450541772343,                                    -0.11923076483902778, 7805.854373051491, 0.5086200735433556, 7806.362993125034, 0.0008249684501487244
                                0.06885898398122309,                                0.05002543738880458,                                     -0.14653605299675052,                                     -0.18461893691968437,                              -0.09826439099178327,                              -0.06993361679499385,                                    -0.13506474373346786,                                    -0.14970011417608795,                              0.012107203852156884,                              0.004883416003170993,                                     -0.3307558176279504,                                    -0.11212639201838016, 7807.924734575794,  0.503238146864139,7808.4279727226585,  0.006540093020461713
                                0.07007975460289378,                                0.04954036634320916,                                     -0.14475093131426306,                                     -0.17140502455630072,                              -0.09493696247761933,                              -0.06470124513230058,                                    -0.07817974780965097,                                    -0.13344193706384358,                              0.012405700530045194,                             0.0054913489132059345,                                    -0.33659521661854663,                                    -0.08485724323822852, 7806.654698130878, 0.6334208406876577, 7807.288118971566, 0.0018365979936391197
                                0.07449363680887253,                               0.054319953989055175,                                     -0.14991605779505762,                                      -0.1725754063417173,                               -0.0887154114084755,                              -0.06249361530887504,                                    -0.07916291627796958,                                    -0.14767441445486518,                              0.012326873744924444,                               0.00665151694123807,                                     -0.3611820883337851,                                    -0.09659613102728709, 7806.882264774602, 0.4924959571058084, 7807.374760731708, 0.0023059242852116898
                                0.06977113465691662,                                0.04978910256863192,                                     -0.13743375337442945,                                     -0.17473281231806004,                              -0.08993439012672903,                              -0.06356953311036526,                                    -0.09134232709088971,                                    -0.14313799820580472,                              0.012048186571403857,                             0.0064536535937750605,                                     -0.3291917791248094,                                    -0.08727242165284743, 7805.993115204994,  0.636272102545916,  7806.62938730754, 0.0009477467231276296
                                 0.0762589315020682,                               0.054504513937599225,                                     -0.14956206322966933,                                     -0.18756665899230446,                               -0.0926697299021936,                              -0.06438299117727608,                                    -0.11751448811697955,                                    -0.13712969513010173,                              0.014598084803974759,                              0.006535663742112965,                                     -0.3356564169216822,                                    -0.08687820990545757, 7806.187638497575,   0.54659364941489,  7806.73423214699, 0.0011512580609352667
                                0.07288727420783334,                                0.05284644443146727,                                       -0.147101336050004,                                      -0.1814199428785169,                              -0.08268237374512623,                             -0.057563464706111823,                                    -0.07307746118601571,                                    -0.14706737072189627,                              0.014819539093407011,                              0.007645071700546929,                                     -0.3472648356805818,                                    -0.10613028304576234, 7807.319540186345, 0.5299252906269977, 7807.849465476972,  0.003570683375677416
                                0.07047121175038087,                                0.05204816259248904,                                      -0.1550806166144333,                                     -0.17460643622012925,                              -0.08897507085202733,                              -0.06485573697959982,                                    -0.09716249404921139,                                     -0.1525677197986514,                              0.013318070127556106,                              0.005937774352189257,                                     -0.3399659456384169,                                     -0.0840256083203873, 7804.117885263927, 0.5492898297656476, 7804.667175093692,0.00014530825112657372
                                0.07103760833532838,                                0.05150132265216498,                                     -0.15927860230001764,                                     -0.17540648740948792,                              -0.09197441767876928,                              -0.06809841828453284,                                    -0.09455723870216849,                                    -0.14954027328486336,                              0.011673845134663324,                              0.006519656990630479,                                    -0.34088023865370376,                                    -0.10320123859448392, 7803.887818701805, 0.5248548585864801, 7804.412673560392, 0.0001154446037475734
                                0.07714000012737257,                                0.05176026784682289,                                     -0.14291154867093592,                                     -0.16851351532407155,                              -0.09556015635043394,                              -0.06329655438703491,                                    -0.10415946062923394,                                    -0.13959811603994496,                              0.012377906616525741,                              0.005952547424058152,                                    -0.34997255445281295,                                    -0.09918752102558526, 7805.202202388099, 0.5404882498354234, 7805.742690637934,0.00042973746682672747
                                0.07191047395535152,                               0.056105401989598985,                                     -0.14173192505909996,                                     -0.17949044008641526,                              -0.07933156779294312,                              -0.06107877852649515,                                    -0.08042349214110833,                                     -0.1522584898751643,                              0.013949875783667978,                              0.008045750909605395,                                    -0.34043551302163466,                                    -0.11298709385225958, 7804.995485850761, 0.5452578700254882, 7805.540743720786,0.00034948405650752316
                                0.07233713192700722,                                0.05017043683435554,                                     -0.14292679356677201,                                     -0.16875357213392705,                              -0.09775343449892002,                               -0.0676888624092519,                                    -0.12379608132006982,                                     -0.1425008147738391,                              0.012656818476549647,                              0.006244634841654675,                                    -0.34255380458995344,                                     -0.0906235168724533, 7807.525952303552, 0.5481703431146897, 7808.074122646667,  0.004389297170517975
                                0.07274251960176684,                               0.051869010139684785,                                     -0.14197882947323875,                                     -0.18129770937639345,                              -0.08328015940265128,                              -0.05843818457955691,                                    -0.08733867801449852,                                    -0.14718527580131852,                              0.013726450282321376,                              0.007086702817329482,                                     -0.3236895949536804,                                    -0.07498469388200384, 7805.761987756288, 0.6447118070393129,7806.4066995633275, 0.0007521681089910392
                                0.07589628501795825,                                0.05236429526939909,                                      -0.1543792904668125,                                     -0.16451121614623046,                              -0.09808989038112166,                              -0.06593199524557708,                                    -0.09576049279716632,                                    -0.13395477360115499,                              0.010508403549649284,                              0.004318847197956471,                                     -0.3570129613191349,                                    -0.09055424579180789, 7805.319299537703, 0.5283055339092123, 7805.847605071613,0.00048312316907066943
                                0.07357457907892823,                                 0.0569523719918395,                                     -0.15335438721692915,                                      -0.1901459936012581,                              -0.07888882679974983,                              -0.06081228416639226,                                      -0.078645064297017,                                    -0.16117839592637967,                              0.014448971271843858,                              0.007553662521091492,                                     -0.3503549862248217,                                    -0.10773029698908541,  7805.63831090406,0.45873977402087085,  7806.09705067808, 0.0006646648947171818
                                0.07113925793666367,                                0.05163301098113118,                                     -0.14252072562190343,                                      -0.1736934136155482,                              -0.08681877745912352,                             -0.060381840315055016,                                    -0.08510917748429231,                                    -0.13939328171016224,                              0.011534603636041307,                               0.00537605755589847,                                     -0.3296301193550215,                                    -0.10715728083219817, 7805.667372669762, 0.6192770240784833,  7806.28664969384, 0.0006842646524874648
                                0.07288866698227761,                                0.04955750546364027,                                     -0.15191575287327488,                                     -0.16250694622152378,                              -0.09142474403354592,                             -0.059100684973156646,                                    -0.06794944022859155,                                    -0.12264110874015112,                              0.011897029846676357,                              0.005393513548564793,                                     -0.3348783393202912,                                    -0.10607500247259177,7806.3464717541865, 0.6456883398972915, 7806.992160094083, 0.0013494384825509746
                                0.07311567324734491,                                0.05092892279632247,                                     -0.15803457588881012,                                     -0.16893786631734073,                              -0.09072318436209227,                               -0.0603520865863624,                                    -0.07573835353492701,                                    -0.14753050800807097,                              0.012011203800552733,                              0.005296685587820399,                                    -0.34042686092358665,                                    -0.08392470343361058, 7806.261085011729, 0.5822994370692286, 7806.843384448798,   0.00123899655802324
                                 0.0763834450480795,                                0.05477266518061516,                                     -0.15158641185921853,                                     -0.17743455411756545,                              -0.08616203413867458,                             -0.061191477446013685,                                     -0.1103286068742753,                                    -0.14167701113548908,                              0.015462710034295307,                              0.008363141414310604,                                      -0.337524252805502,                                    -0.10737027464200795,  7805.47757873204, 0.5367052536428448, 7806.014283985683, 0.0005659755185983016
                                0.07481261152869376,                                0.05166918061377576,                                      -0.1376195040130859,                                      -0.1824110696448473,                              -0.08864260774922048,                              -0.05628805508384636,                                    -0.08755903468907222,                                    -0.12854099400329522,                              0.014085445866183988,                              0.007120136654141684,                                    -0.34394326319938573,                                    -0.07327551614958579, 7806.282588875574, 0.6038645195701555, 7806.886453395145, 0.0012659283017891442
                                0.06930452245288973,                                0.05243849161326922,                                     -0.14298876959619333,                                       -0.190628826512796,                              -0.08620997263744092,                               -0.0654383099506621,                                     -0.1083387717754562,                                    -0.15594548655416873,                              0.013035560641556893,                               0.00694196878639608,                                     -0.3450203934563829,                                     -0.0985190786130113, 7804.831858581308,0.48432043484676035, 7805.316179016155, 0.0002967323853496777
                                0.07748346668676517,                                0.05553042103909034,                                     -0.15788582393808345,                                      -0.1678209303324614,                              -0.09391963456433505,                              -0.06769370500811489,                                    -0.12508241706879347,                                     -0.1322321674082907,                              0.012669914371050695,                              0.006839109213994332,                                     -0.3592499069861822,                                    -0.11184407022090304,  7804.11503581164,0.44984352261108596, 7804.564879334252,0.00014489479154455588
                                 0.0747279346648457,                                0.04897085548859623,                                      -0.1504659763213207,                                      -0.1846248361505937,                              -0.09793563605542772,                              -0.06256697009354804,                                    -0.10190118292059133,                                    -0.12110476509770798,                              0.012539546933832926,                              0.005780424026452222,                                     -0.3519742187005715,                                   -0.060217051529308875,  7804.75856002941, 0.5526426761665042, 7805.311202705576,0.00027576033065555345
                                0.06793824031560833,                                0.05217304536228848,                                     -0.14469258655287237,                                     -0.19805767452343162,                              -0.09157338278143762,                              -0.06956120815941312,                                    -0.10462785731025757,                                    -0.16486272898221727,                              0.013646191568374016,                             0.0064554441704916254,                                    -0.33450402855885003,                                    -0.10539695947461408, 7805.842658262656, 0.4859623435349856, 7806.328620606191, 0.0008153605063556678
                                0.07745772761360825,                                0.05487625586663167,                                      -0.1649560259396479,                                     -0.17301067789873367,                              -0.08488051423622403,                               -0.0580106011946637,                                    -0.08137240194845712,                                    -0.13889782071883683,                              0.012978387566041083,                              0.006847367979869068,                                     -0.3492378729923725,                                    -0.09047516901965999,7804.4465566254685, 0.5308559738734632, 7804.977412599342,0.00020185078116864477
                                  0.071511554535578,                                0.05344368725454168,                                      -0.1422450589784616,                                     -0.18959807009693144,                              -0.09767889821626927,                               -0.0688358231982316,                                     -0.1155434475337727,                                    -0.13478159672214998,                                 0.014002912506483,                               0.00450528531946448,                                     -0.3467041432937135,                                    -0.10258055882620594, 7806.326415537526, 0.5018899716740398, 7806.828305509201, 0.0013226434536180276
                                0.07525312204269971,                                0.05589680638307082,                                     -0.15911555825677645,                                      -0.1715589186857491,                              -0.09439725196963898,                              -0.06682874088809966,                                    -0.10517849479476592,                                    -0.13280679581767085,                              0.014003024325332514,                             0.0056454911831856636,                                    -0.35872907504251217,                                    -0.10659767237308655, 7805.567810157872,0.47368990955458923, 7806.041500067427, 0.0006194191906729304
                                0.07212165523828737,                                0.05521931476933192,                                      -0.1577976313178505,                                     -0.17325817364799287,                              -0.09450829475813452,                               -0.0702971762968767,                                    -0.12193926849961183,                                    -0.15489138946029155,                              0.012736946579785885,                               0.00540624252160446,                                    -0.35001434361362344,                                    -0.09795002494176222, 7805.310521174912, 0.4604495442266143, 7805.770970719138, 0.0004789006989221863
                                0.07722847763713098,                                0.05350605780923853,                                     -0.14818160397658273,                                      -0.1808441848002773,                              -0.09312715435881985,                              -0.06233495876519518,                                    -0.11651833357327732,                                    -0.13331232127647583,                              0.013136698283215884,                              0.005237620131160664,                                    -0.34756670046846655,                                     -0.1056628876099001, 7804.494087200682, 0.5043656661673104, 7804.998452866849,0.00021167652682189844
                                0.07468055150190842,                                0.05087655748199507,                                     -0.15654738732045137,                                     -0.16606846977190468,                              -0.09176761446643662,                              -0.06062182667425911,                                    -0.08604989659081867,                                    -0.12300933833041434,                              0.010843459166937436,                              0.005966548768325183,                                     -0.3415607169408478,                                    -0.07611358778998589, 7806.155912747719,  0.620474868034735, 7806.776387615754, 0.0011153068408107977
                                0.07603841774136583,                               0.053587031292065046,                                     -0.15990983835491349,                                     -0.15980436602940787,                              -0.08481213413059496,                             -0.056098529551900464,                                   -0.058871404750462014,                                    -0.13958493152769982,                               0.01373357476924461,                              0.006407262502037561,                                    -0.33598109452077213,                                    -0.10167158516358836, 7805.514897462421, 0.6193632593443712, 7806.134260721765,  0.000587496068622222
                                0.06862952512523454,                                0.05278140255118405,                                     -0.13636652806621632,                                     -0.19192191977243236,                              -0.08941164799825807,                              -0.06697587765829147,                                    -0.09934436888592514,                                    -0.15766706350731455,                              0.012759606157091236,                              0.004922550286323116,                                     -0.3520561664845172,                                    -0.08226940077488294, 7804.665799863102, 0.4883017918039758, 7805.154101654905,0.00025133129141667387
                                0.07428474688526976,                               0.057793632825742514,                                     -0.14613550687493249,                                     -0.17742529434505375,                              -0.08674063946310996,                              -0.06321849505797991,                                    -0.09402267138251241,                                     -0.1606363177915215,                              0.014917618211468836,                              0.007158778496566057,                                      -0.343208717071799,                                     -0.1221097370460712, 7806.865518928567, 0.4921197715144704, 7807.357638700082, 0.0007914801848664547
                                0.06997490864577138,                               0.053011487096748605,                                     -0.14363465806535602,                                     -0.19995217369842222,                              -0.09254111872139624,                              -0.07112237009611816,                                     -0.1217471758346777,                                    -0.14854969821175637,                              0.013417967870278644,                              0.005885469028702753,                                      -0.351548037635494,                                    -0.08681788660551507, 7806.761300172135, 0.4452202131770343, 7807.206520385312, 0.0007131459426820939
                                0.07067218759678945,                               0.052909357267175466,                                     -0.15067540034129104,                                     -0.19223461029880412,                              -0.09172637521706845,                              -0.06779001935455899,                                    -0.11546651673074117,                                      -0.140838338843509,                               0.01235312898286993,                              0.004705500408536706,                                    -0.34995946053916116,                                     -0.0964444567119686,7806.3486919308125, 0.4675880439360114, 7806.816279974749, 0.0004720466645826954
                                0.07697677641503425,                                0.05599169193962206,                                     -0.14996274048975244,                                      -0.1697518633494604,                              -0.08513963906267594,                              -0.05876368780312183,                                    -0.07796993021095862,                                     -0.1399891777334885,                              0.015978615599677864,                              0.008547349344649624,                                    -0.33893559911137944,                                    -0.09191229534124097, 7805.465959696345, 0.6025454004076922, 7806.068505096752, 0.0001952626571307415
                                 0.0705778889285057,                                0.05425651754839264,                                       -0.143751084373848,                                      -0.2022720946518472,                              -0.08506602330421495,                             -0.061800132786670306,                                     -0.0814043269683553,                                     -0.1459440534094188,                              0.013384694787302934,                              0.005791258730424631,                                    -0.34116575062051085,                                    -0.10521638837498382, 7806.575416504323, 0.5099717639516851, 7807.085388268274, 0.0005921751305991835
                                0.07409593406355194,                               0.054656267810367004,                                     -0.14652054256561964,                                     -0.19776539879517535,                              -0.09058800847012351,                              -0.06701502253226885,                                    -0.11289663253564107,                                    -0.14832983317179912,                              0.014986931682238483,                               0.00710776197418117,                                     -0.3492243749362918,                                     -0.0803931326576993, 7806.367599510513, 0.4723147209417706, 7806.839914231455, 0.0004810568363623944
                                0.07163519035082652,                                0.05490589477406177,                                     -0.14476802299771968,                                     -0.18886377996265577,                              -0.08321650563978593,                              -0.06098206492084711,                                    -0.07838178632464826,                                    -0.14829454999641203,                              0.014124013187337026,                              0.005122119754730675,                                    -0.34414458920945906,                                    -0.12519621032555114, 7805.526446613643,0.49940169881178686, 7806.025848312455,0.00020743800608391335
                                0.07127231553726923,                                0.05520649100340949,                                     -0.14614085293547344,                                     -0.17622003091572086,                              -0.09470597433766044,                              -0.06947974027882547,                                    -0.12343214642949384,                                    -0.15555671830611084,                              0.012831771307251744,                             0.0062206599907046745,                                     -0.3455617869336372,                                    -0.11900907732447118, 7806.956709740927,0.46302242416270023,  7807.41973216509, 0.0008670491426701445
                                0.06961410897924827,                               0.052765979589788736,                                      -0.1389138850583222,                                      -0.1897838599069041,                              -0.08755725925879074,                               -0.0631744931407002,                                    -0.07224264674884046,                                     -0.1478204891452119,                              0.014378533151121448,                              0.006654472925690186,                                      -0.343337019461409,                                    -0.09794911794812446, 7807.015272566568, 0.5494720244202964, 7807.564744590988, 0.0009193422623188531
                                0.06989246685183306,                                 0.0502556703100597,                                     -0.13686484094386164,                                      -0.1783187533020941,                              -0.09662774134071507,                              -0.06496967706445952,                                    -0.11083396719426694,                                    -0.12757712531614082,                              0.013282135023018976,                              0.005284837718708135,                                    -0.33025167337592726,                                    -0.09965425119558174, 7806.583752132112, 0.6148743877554248,7807.1986265198675, 0.0005971319123167291
                                0.07343682058910803,                                0.05649602795529721,                                     -0.14676976290670277,                                     -0.18924475973935545,                              -0.08891369790496723,                              -0.06279895978723571,                                    -0.08959044033290874,                                    -0.13683878535884117,                              0.015284975277672003,                              0.006688318475417621,                                    -0.32971676646954917,                                    -0.12419620295897107, 7806.574114300021, 0.5584449750449761, 7807.132559275066, 0.0005914044994654921
                                 0.0710680387090196,                               0.054996660267598085,                                      -0.1430799011724597,                                     -0.20056173979057895,                              -0.08607050944054831,                               -0.0643644535165315,                                    -0.09480211115064037,                                    -0.15118583534657878,                              0.014040389612925128,                              0.005937576705166786,                                    -0.35652084124593225,                                     -0.0845337050820369,  7806.85007301115, 0.4553869821426141, 7807.305459993293, 0.0007793489772927396
                                0.07423880655615547,                               0.054375788805545666,                                     -0.15068351519190248,                                     -0.17851634969885363,                               -0.0905811057953875,                              -0.06286759369317554,                                    -0.09049918391022319,                                    -0.14052735796805849,                               0.01256933125308149,                              0.005995719720609055,                                    -0.35224040961082503,                                    -0.06962965205495675, 7808.666047709878, 0.5407274272460745, 7809.206775137123,  0.004790708661067185
                                0.06901425317159043,                                0.05209511363615299,                                     -0.15045246345538024,                                     -0.18653956543064074,                              -0.09788053082623252,                              -0.07025734538245712,                                    -0.11297941743797772,                                     -0.1364817325863772,                              0.013005751577799818,                              0.005037380398362323,                                     -0.3567866542300377,                                    -0.10485070553350377, 7806.616847575047,  0.453606825477186, 7807.070454400525, 0.0006172249169199228
                                0.07626943172603448,                               0.053985775644220385,                                     -0.15343575028283277,                                     -0.16288428859686413,                              -0.09860302511989265,                              -0.06755059051432824,                                    -0.11906614219248401,                                    -0.12252877487876157,                                0.0133615607558768,                              0.006530339069423463,                                    -0.34592992647492116,                                     -0.1088964240375595, 7807.404242580227, 0.5443020442950823, 7807.948544624523,  0.001356453016612647
                                0.07081407955958549,                                0.05454709630815921,                                     -0.14194622370604212,                                     -0.18367884879677907,                              -0.09078787012574084,                              -0.06683478029491156,                                    -0.09292196662643688,                                     -0.1630512594267872,                              0.013100501700250483,                              0.005373567022403658,                                    -0.33700052727535257,                                    -0.11243014960755389,7806.7565393083805, 0.5191524003996448,  7807.27569170878, 0.0007097588212216757
                                0.07227801919317284,                               0.056031417261863586,                                     -0.14481143556134374,                                       -0.179928196393726,                              -0.09298202467404718,                              -0.06862308899309966,                                     -0.1005458711235302,                                    -0.14753009192503724,                              0.013950207669350914,                              0.006506410488089906,                                     -0.3307691013316136,                                    -0.12027962807718948, 7805.332054838173, 0.5537204762351908,7805.8857753144075,0.00017079102851225015
                                0.07268668722603255,                               0.055799815356115445,                                     -0.14714730849250143,                                     -0.18364566680713326,                              -0.08926927224678116,                              -0.06932257606619785,                                    -0.11865221763284564,                                      -0.162307808278124,                               0.01314226530249181,                              0.006796971132458779,                                    -0.32925384303272703,                                    -0.12586433652488446, 7808.152439291687, 0.4928556773730395,  7808.64529496906, 0.0028664373816080085
                                0.07079691781185696,                                 0.0524358099832882,                                     -0.15069163379187142,                                      -0.1783301778964536,                              -0.09322852679259898,                              -0.06987900330964417,                                    -0.12464095498029866,                                    -0.14985897717253396,                                0.0133239106514033,                              0.007036218383215956,                                    -0.34261922753168333,                                    -0.09126296338785221,  7806.59924182711, 0.5030256438716533, 7807.102267470981, 0.0006064533099418308
                                0.07449347947834342,                               0.057108837986569905,                                     -0.14660883086722873,                                      -0.1751163982848877,                              -0.08713931394219661,                              -0.06355133153211692,                                     -0.0942721853974847,                                    -0.15692686255306007,                              0.013599119464386161,                              0.007413505322547961,                                    -0.34864906208041563,                                    -0.09361309343231432, 7806.378536119257, 0.5153967437792663, 7806.893932863036,0.00048634684139499927
                                0.07475608035369419,                                0.05175613977925739,                                     -0.14030286490139937,                                     -0.18448918107316806,                               -0.0908794010632563,                              -0.06109042062280939,                                     -0.1073196442233864,                                     -0.1365005070902294,                              0.014312690921728377,                              0.006633211656314877,                                      -0.347936201604451,                                    -0.07659722676288995, 7806.938014931213, 0.5442577731070515,  7807.48227270432, 0.0008509903992142121
                                0.07274151300989662,                               0.051244087720705433,                                     -0.14323160997366016,                                     -0.16793154069688582,                               -0.0958160204541354,                              -0.06338176430651335,                                    -0.10258472062477712,                                    -0.12443009212240048,                              0.012920267163998786,                              0.005096357325044182,                                     -0.3281735483597773,                                    -0.08509490200275653, 7805.062212050078,  0.661679953450253, 7805.723892003529,0.00013039886762609672
                                0.06629848994612356,                                0.05396901450519587,                                     -0.14593958135628357,                                     -0.19196038951692188,                              -0.08816707762212972,                              -0.06933308904716516,                                    -0.10697237625301313,                                    -0.16091877201413324,                              0.014131454457699102,                               0.00504038889429359,                                    -0.33319461001254064,                                    -0.13391857599427393,7804.1778611608715, 0.4684791935736049, 7804.646340354445,  5.38524056838323e-05
                                0.07428994506568459,                                0.04848233131274757,                                     -0.14708367047618676,                                      -0.1703030157449489,                              -0.09339740170135392,                              -0.05949906577900272,                                    -0.09855342470372558,                                    -0.13028031927031244,                               0.01270868537707004,                              0.005691048248206959,                                     -0.3351047644810614,                                    -0.07493579220336283, 7805.064193175769, 0.6307285692502668, 7805.694921745019, 0.0001306574602404453
                                0.07350082497719942,                                0.05205825700801406,                                     -0.15337644853618243,                                     -0.17555743442898974,                              -0.09077267347138424,                             -0.062373494944626046,                                    -0.10391288159996351,                                    -0.12982229279662205,                              0.014365222271814845,                              0.007138135518566277,                                     -0.3233957892421851,                                    -0.09085387041707794, 7806.441364052651,  0.632935868395002, 7807.074299921046, 0.0005178833211688395
                                0.06935105336537223,                                0.05327625071363734,                                     -0.14044066172211223,                                     -0.19854654353177517,                              -0.09196609984770193,                              -0.06889550289905234,                                    -0.11038531558232077,                                      -0.170813057168207,                              0.012869255949391256,                              0.005852428127816611,                                    -0.33983762127337386,                                     -0.1122420301440268, 7806.162740713902,0.44538872792425155, 7806.608129441826,0.00039194700112164034
                                0.06930880553455845,                               0.053141917457670745,                                      -0.1490300069445372,                                     -0.17289028232828704,                              -0.09828181608929727,                              -0.07079916508641895,                                     -0.1098449825708058,                                      -0.138506360459569,                              0.012979466476361681,                              0.004411511040050081,                                    -0.34454458702094387,                                    -0.11348263699336347, 7807.168416678376, 0.5212443048727773, 7807.689660983249,  0.001071486905267812
                                0.07204142041117076,                                0.05303378082195365,                                     -0.14542363171853154,                                     -0.18240618954495053,                               -0.0956683171347764,                              -0.06796499008445434,                                    -0.09178338337554769,                                     -0.1398415647602293,                              0.012644275301159302,                              0.005987047302986631,                                     -0.3448744267086978,                                    -0.08771882647705834, 7806.956998718896, 0.5540628607641536,  7807.51106157966, 0.0008672997369767213
                                0.07481627312077851,                               0.057431610280243656,                                     -0.15050025084683358,                                     -0.18333547257257302,                              -0.08506470392053472,                              -0.06271821293670893,                                    -0.10655059696370416,                                    -0.15206230845589896,                              0.014216607962211553,                              0.006307822522510789,                                     -0.3327229924574734,                                     -0.1332663164236194, 7807.152406940973,0.49756379900598424, 7807.649970739979, 0.0010544692687135607
                                0.07747373488482831,                                0.05351527181610491,                                     -0.15846117944684612,                                       -0.177424609417496,                              -0.09371878308505106,                              -0.06349845286087717,                                    -0.10815138508533116,                                    -0.12006415187938156,                              0.013714752549952136,                              0.006068618186318583,                                    -0.35272920749722286,                                    -0.08860990609347544, 7807.249795843318, 0.5210722868785543,7807.7708681301965, 0.0011623298473122591
                                0.07711942718070583,                               0.053899511076287626,                                      -0.1596386723415076,                                      -0.1638996013038769,                              -0.08655207138678866,                             -0.061051462455967376,                                    -0.08880495122643638,                                    -0.14410957910930386,                              0.013567822513867053,                              0.007805125354885936,                                     -0.3374731096411628,                                    -0.11353348701631243, 7807.296810943755, 0.5610264079211202, 7807.857837351677, 0.0012182818912287354
                                 0.0760740822901875,                               0.057070647744447006,                                     -0.15463021397152138,                                     -0.18679215565208976,                              -0.09575785724824151,                              -0.06978399340676614,                                    -0.12774557018468116,                                    -0.15702932950847306,                              0.012421552758148005,                              0.005504045005511521,                                    -0.34853402223102653,                                    -0.12264100819518309, 7805.935068471772,0.40260247745160527, 7806.337670949223,0.00031214080600427583
                                0.07089314363930774,                                0.05119356903168246,                                     -0.13714840062170597,                                     -0.19572174298272094,                              -0.09093723786172073,                              -0.06481714468866315,                                     -0.0894450120048572,                                    -0.12861850642754383,                              0.013612330618338594,                              0.005760275040708418,                                    -0.34126302473824693,                                    -0.07823704665754184,  7806.40390837851, 0.5806826591000077,  7806.98459103761, 0.0004988444351986893
                                0.07503726398453489,                               0.052863312537841434,                                     -0.15705978426694497,                                     -0.17594475700295462,                               -0.0924075800640169,                              -0.06454557999890859,                                    -0.08637288446259891,                                    -0.13053618784700824,                              0.012736271394329604,                             0.0063517086505896075,                                     -0.3522311107382045,                                    -0.11198380891053754, 7806.860425590336, 0.5112930406104028, 7807.371718630946,  0.000787459157500232
                                0.07364200581478289,                                0.05016132343076024,                                      -0.1494788884896588,                                     -0.16038964418134427,                              -0.09602276411720193,                              -0.06551657589825502,                                    -0.10319680205044086,                                    -0.13322923312001483,                              0.011139560931957226,                              0.005032107027252319,                                     -0.3520518780298002,                                    -0.09445358708445305, 7805.873811901125, 0.5524099526963535,7806.4262218538215,0.00029359398710777386
                                 0.0729507053624418,                                0.05669258025262866,                                     -0.14356785036311154,                                     -0.18393734183919194,                              -0.08419309275178727,                              -0.06475633466253605,                                    -0.09059995845912285,                                     -0.1612570080917188,                              0.012730201012366799,                               0.00697983836656331,                                    -0.33951091752948975,                                    -0.11370258089794237, 7807.513861463685, 0.5106188470103968, 7808.024480310696, 0.0015136017874342776
                                0.07153430932232316,                                0.05237419191981829,                                     -0.14975780318102974,                                     -0.19034000776083376,                              -0.09809411562808895,                              -0.07127500299677503,                                    -0.13636791437864024,                                    -0.15587042206549268,                              0.012076499614717656,                              0.006033293463478737,                                      -0.346718815913345,                                    -0.09061175092046106, 7808.825729493321, 0.4377291087255525, 7809.263458602047,  0.005620159980976255
                                0.06974672153072112,                                0.05268281617124268,                                     -0.15233011717106096,                                     -0.17314028273786763,                              -0.09105204978913806,                              -0.06650382586861947,                                      -0.082858398138108,                                    -0.15227551495177358,                              0.012465099471312732,                             0.0048559357849730506,                                    -0.33181894667049766,                                    -0.11284701885499704, 7806.450057359401, 0.5705030514720163, 7807.020560410873, 0.0005224050657199435
                                0.07114732460078163,                                0.05296437347423291,                                      -0.1412187662809784,                                     -0.18656540139198258,                              -0.08202009377348432,                              -0.05919031539566825,                                   -0.052181675069134174,                                     -0.1444909947260633,                              0.013923139271830379,                              0.006785714797757109,                                    -0.33419694469378364,                                    -0.08723321723415853, 7806.592253061733, 0.6173165847254312,7807.2095696464585, 0.0006022297260558251
                                0.07176292082474064,                                0.05119334146576213,                                      -0.1406830748203357,                                      -0.1824531834801767,                              -0.09866901433820222,                              -0.07123423807790019,                                    -0.12215842899388343,                                    -0.13328886916392063,                                0.0128967582215153,                              0.005902036156223908,                                     -0.3537945397194814,                                    -0.07742387656275326,7806.5208974552625,   0.51016473267306, 7807.031062187935, 0.0005607545967050701
                                0.07111962881354433,                                0.05571682444924017,                                     -0.14590925833934099,                                      -0.1857876534573912,                              -0.08892330169717941,                              -0.06422353585371754,                                    -0.10194311831501145,                                     -0.1488058557550527,                              0.014381613329083054,                              0.005775560417947398,                                    -0.32029069748720623,                                    -0.11794340439150532, 7806.705756623787, 0.5773625418736618,7807.2831191656605, 0.0006746152573896997
                                0.07625584762318155,                                0.05430768635170402,                                     -0.14186568205290054,                                     -0.19173245943193673,                              -0.07971067467370578,                             -0.058492951767563944,                                    -0.06906014331098038,                                     -0.1493850620547357,                              0.014289440801306494,                              0.008730184974720487,                                     -0.3465462661727941,                                    -0.09606835382126312, 7807.087867371239, 0.5303796105059094, 7807.618246981745, 0.0009885639028131157
                                0.07402416751288149,                               0.055814802469589864,                                     -0.14900697273354818,                                     -0.18582516891783074,                              -0.08852452138106393,                              -0.06519812619779043,                                    -0.09251557116273797,                                    -0.15231679629131456,                              0.014680171773493206,                              0.006133594330022918,                                     -0.3573959667087403,                                    -0.11937894520620636, 7806.702844173714,0.43492979307713875, 7807.137773966791, 0.0006726533325247326
                                 0.0713199741186405,                                0.05494102958574737,                                     -0.14097497534367953,                                     -0.20238820975277286,                              -0.07553424258069891,                             -0.056167755461891795,                                   -0.051949447695122816,                                     -0.1486406646662112,                              0.014592513030100715,                              0.006340910387917592,                                    -0.33583063588493534,                                    -0.10781042188444996, 7804.571622308877, 0.5485064139142927,7805.1201287227905, 7.983869002803348e-05
                                 0.0729958560079311,                                0.04945047550605455,                                      -0.1518656292657915,                                     -0.18391215092437255,                              -0.09677193925502849,                              -0.06393700039151468,                                    -0.10261252842178535,                                     -0.1337427619436979,                              0.012583663309296722,                              0.006124924170923696,                                     -0.3436125266397583,                                    -0.07193458482523928, 7806.492582332435, 0.5567595670532113, 7807.049341899488, 0.0005450994461197933
                                0.07047609447834174,                                0.04891928072115831,                                     -0.14592914722991684,                                     -0.16437424978950585,                              -0.08917897377229883,                             -0.058284119329243204,                                    -0.06678169324859397,                                    -0.12340134324376129,                              0.012811788846531516,                              0.006019449071459793,                                     -0.3291536809601028,                                    -0.08745395612503246, 7805.712597147963, 0.6931774710808264, 7806.405774619044,0.00024988056494553714
                                0.07502750176425863,                                0.05467973227434239,                                     -0.14646361451728007,                                     -0.17387881424784582,                              -0.07860813965534609,                               -0.0577363870172134,                                    -0.07099900086837853,                                     -0.1573566918244093,                              0.014829191527034519,                              0.007601823280087933,                                     -0.3337229254907951,                                    -0.11409688366600854, 7805.625922551781, 0.5715981785017646, 7806.197520730282,0.00022913433958843003
                                0.07189631750174408,                                0.05574280109467089,                                     -0.14382533969824862,                                      -0.1946511165027147,                              -0.08158564771184677,                              -0.05988164644281535,                                     -0.0797464042250452,                                    -0.15089220395216107,                               0.01594769800063449,                             0.0076037750633930895,                                    -0.32185226142404827,                                    -0.13009105704093973, 7806.719954484783, 0.5586049333191261, 7807.278559418101, 0.0006842616681968911
                                0.07606665217208061,                               0.054607595201031645,                                     -0.14564858732738034,                                      -0.1916599384670802,                              -0.07988136032606874,                              -0.05499219015530446,                                    -0.06862000521879193,                                    -0.13666568677238064,                              0.013663003132955404,                              0.006270490677439636,                                    -0.33566951463111533,                                    -0.08653670452229133,7805.6468849627345, 0.5959349925308536, 7806.242819955265,0.00023398824481487136
                                0.07294698108891037,                                0.05377528434315071,                                      -0.1407982151220326,                                     -0.18677819442530322,                              -0.09221903996689265,                              -0.06497146144460571,                                    -0.10739984753257908,                                    -0.12922470671076783,                              0.013700384687939701,                             0.0046150634882568264,                                       -0.34803742875808,                                    -0.11812488762672309, 7805.403672145834, 0.5040925374249289, 7805.907764683259,0.00018347126502470156
                                0.07557263122460803,                               0.055387871329478366,                                      -0.1507473558084607,                                      -0.1672933113462711,                              -0.08381722620719773,                              -0.05724656533855467,                                    -0.07617053684063381,                                      -0.135602621901012,                              0.014950773261350928,                               0.00822068900189521,                                    -0.32839043243431615,                                    -0.11405468806717883, 7805.948105229708, 0.6278532997817758,  7806.57595852949, 0.0003162367510450048
                                0.07264907379397836,                                0.05380226924433967,                                     -0.15366766822343209,                                     -0.17457220580958624,                              -0.09401017402815542,                              -0.06799036759217429,                                    -0.11333508931494612,                                    -0.16300495448730917,                              0.012989113660115598,                              0.006695032789150915,                                     -0.3428284480324829,                                    -0.11389711081880625, 7807.208473130573, 0.4708645522753351, 7807.679337682848, 0.0011152780735291796
                                 0.0763031648462307,                                0.05165612964381841,                                     -0.15776362825132545,                                     -0.16579258301796576,                              -0.09654001337242385,                              -0.06150737045820973,                                    -0.08920714485793278,                                    -0.11568085760722337,                              0.012462834597541675,                              0.005551263986496191,                                    -0.35612606696040433,                                    -0.06759425726448509, 7806.841032419985, 0.5758494628978797, 7807.416881882883, 0.0007723349550405065
                                0.07169867406838515,                                0.05147504154460872,                                     -0.15979942474968054,                                     -0.16461865453727126,                              -0.09996819445257094,                               -0.0713264918462795,                                    -0.12194946853288377,                                    -0.12923868212949022,                              0.011988894621595428,                              0.005240443502770226,                                    -0.33516184617780004,                                    -0.11938744518748975, 7807.778688079732, 0.5442660466164605, 7808.322954126348,  0.001972533419442355
                                0.07867966012735406,                               0.054452966718916945,                                     -0.15862125986947714,                                     -0.16198496464568912,                              -0.09819235660271332,                              -0.06459521059755435,                                    -0.11222263956919111,                                    -0.12274190092277072,                              0.013308215208227031,                              0.005726690220594938,                                    -0.33678283292627137,                                    -0.10349147320685648, 7805.377935321265, 0.5865093971691834, 7805.964444718434,0.00017880954353535435
                                0.06980964680366714,                               0.052851409501407515,                                     -0.15017505416439264,                                      -0.1865699192843623,                              -0.09260843179427906,                               -0.0676637192336439,                                    -0.10126546491227652,                                    -0.14511409516038187,                              0.011080657855457574,                             0.0034890114463558275,                                    -0.34549785485945106,                                    -0.10618599432245784,  7805.48124486429, 0.4969237290154531, 7805.978168593305, 0.0001982702065313647
                                0.07362598387314531,                               0.052074999451793474,                                      -0.1564228852776361,                                      -0.1731119150582637,                              -0.09132562015284602,                              -0.06152098277910164,                                    -0.08847123022740253,                                    -0.12849259327314624,                              0.013897433742631679,                              0.006581412936598391,                                     -0.3301593014897674,                                    -0.11895615542963586, 7806.867691258474, 0.5935282802563415, 7807.461219538731, 0.0007932014098000832
                                0.07744757103911284,                                0.05566098840935557,                                     -0.14650212459486886,                                     -0.18281597068134048,                              -0.08737463878652499,                              -0.06122465707825978,                                    -0.10054114197297652,                                     -0.1232212795701183,                              0.015048304137131693,                              0.007422760491343161,                                    -0.33544525816719495,                                    -0.11040929874818005, 7807.741678701754, 0.5770771661481161, 7808.318755867902, 0.0019008655561353611
                                0.07359014342373929,                                0.05316531533009103,                                     -0.14522987379746538,                                      -0.1768688238564978,                              -0.08982584535400678,                             -0.060440189167086135,                                    -0.10134807127836845,                                     -0.1367601252090432,                              0.014356149494332018,                              0.006882690128831276,                                     -0.3521531537832218,                                    -0.09768659384817431,  7807.20134018359,  0.521447812038366, 7807.722787995629, 0.0011073511588997928
                                0.07326609938121947,                                 0.0535451064668013,                                      -0.1539984447370496,                                     -0.16880066470736377,                               -0.0870757829459839,                              -0.05935851419552865,                                    -0.06611281340638502,                                    -0.14200431499237776,                               0.01379930946977967,                              0.006628232903145098,                                    -0.34449929159932935,                                    -0.10000636032133567, 7807.575523687545, 0.5740990667860005, 7808.149622754331, 0.0016098714387341236
                                0.07125746248720996,                                0.05691969442665609,                                     -0.14235857082772915,                                      -0.1968787943632463,                              -0.08958059682971811,                              -0.06945712072315502,                                    -0.11487394832549346,                                    -0.17062534834976406,                              0.013647426351187625,                              0.007143956301404547,                                      -0.349683970607029,                                    -0.10119821499489119,7805.7898655612535,0.41615537288680726, 7806.206020934141, 0.0002699539737247362
                                 0.0749706960971448,                                0.05349676331891759,                                     -0.15006606470922615,                                       -0.180444936098746,                              -0.09135672506452963,                               -0.0668632387459887,                                    -0.09503885708071283,                                     -0.1420952192690442,                              0.011240283655076455,                              0.005831447137342544,                                    -0.35409492280845556,                                    -0.08121485520716105, 7807.165592960986, 0.5137859972128566, 7807.679378958199,  0.001068465596728347
                                 0.0742768717245437,                               0.054816027010656604,                                      -0.1550773920992141,                                     -0.17753818527181597,                                -0.090504698043392,                               -0.0658550366419614,                                    -0.09255650489660536,                                    -0.14586060777869017,                              0.012060653355965775,                              0.006046338395102047,                                    -0.36090877682975825,                                    -0.10422068014357001, 7807.696956979144, 0.4568680964788481, 7808.153825075622, 0.0018177284473221338
                                0.07937387382854788,                               0.055303253936269614,                                     -0.15784451405432334,                                     -0.16719134129212426,                              -0.09651835907049629,                              -0.06509634313631885,                                    -0.11985199910553543,                                    -0.13996712494423647,                              0.012566527728870305,                              0.006597698046402714,                                    -0.35266866382303985,                                    -0.10089491820660929, 7806.832492207983,0.48547820589544455, 7807.317970413878, 0.0007657671359900854
                                0.07470508051783639,                                0.05178045085183894,                                     -0.15181305674771226,                                     -0.17557160606652014,                               -0.0831111603520995,                              -0.05953368092397532,                                    -0.07856375078492948,                                     -0.1547374615356677,                              0.012776897627433087,                              0.007374725140506119,                                     -0.3493795863017846,                                    -0.08619043053849829, 7804.856711994412, 0.5293375409005694, 7805.386049535313,0.00010617598039687082
                                0.07581014698510943,                                0.05191266371269204,                                     -0.15464109293642767,                                      -0.1751491154859784,                              -0.09779385492681064,                               -0.0676357619828746,                                    -0.11929648877013126,                                     -0.1461906153294512,                              0.011033298397627317,                             0.0053300889736143525,                                     -0.3590332459923045,                                    -0.09219960493822896, 7806.847637122184, 0.4509117422042518, 7807.298548864388, 0.0007774528799971414
                                0.07399535365860141,                               0.054280211242169585,                                     -0.15360724518732463,                                     -0.16884843611884465,                              -0.09432118794096335,                              -0.06711842702964833,                                    -0.11295749123375903,                                    -0.14373173311953188,                               0.01321609883242758,                              0.005874844403095714,                                     -0.3457042481448311,                                    -0.08302072856721486, 7807.085427650214, 0.5379840353126608, 7807.623411685527, 0.0009861550223683173
                                0.07237758562155072,                                0.05267102677360758,                                     -0.14198252655928262,                                     -0.18130138756960304,                               -0.0864626109482708,                             -0.060174140016147626,                                    -0.09161449536908745,                                    -0.15694102779754707,                              0.012351074186065028,                              0.006395719707601444,                                     -0.3429869780577518,                                    -0.08841849519999855, 7807.002665701613, 0.5402963924297548, 7807.542962094043, 0.0009078249894620367
                                0.07307322745590208,                                0.05323515311083618,                                     -0.14876968519775036,                                     -0.19436345449206405,                              -0.08529315649176064,                              -0.06379332698780307,                                    -0.09465511337863901,                                    -0.14720845401352528,                              0.013766953992174452,                              0.007721421699337899,                                     -0.3294243841657705,                                    -0.08360531727469803, 7805.855447922029, 0.5706356441187713, 7806.426083566148,0.00028825163680563313
                                0.07650881488363898,                                0.05111404149886986,                                     -0.14452198383046808,                                     -0.17851251672081395,                              -0.09094014385796947,                              -0.06145257946972388,                                    -0.09777801681752106,                                    -0.13559645616857588,                              0.013257232360835786,                              0.007442156767910935,                                    -0.35623247210285186,                                   -0.057663725744753425, 7806.934885348044, 0.5435402200937131, 7807.478425568138, 0.0008483313170638553
                                0.07660442350990057,                               0.049684768324252226,                                     -0.14707112626432373,                                      -0.1609223990439663,                              -0.09221502791804145,                              -0.05746146839257612,                                    -0.07869765863574098,                                    -0.12063705419196415,                              0.012077044164930384,                               0.00525939463984379,                                     -0.3421732217352557,                                    -0.07720136176768921, 7806.344577707595, 0.6524947891868094, 7806.997072496782, 0.0004701085488896233
                                0.07206704227836622,                               0.054323836963808325,                                      -0.1501177786031724,                                     -0.18747191130386195,                              -0.08725868522058405,                              -0.06381618792493698,                                     -0.1093948536663789,                                     -0.1388291974722826,                              0.014834712608130005,                              0.006815592116685781,                                    -0.32577529435306823,                                     -0.0989826351962813, 7807.102701135825, 0.5773068414293976, 7807.680007977254,  0.001003337328892862
                                0.07496721507382254,                               0.053673359971950635,                                     -0.14745304440735651,                                      -0.1746083147220757,                              -0.09464610766668372,                              -0.06365617643815172,                                    -0.09986134406491794,                                    -0.14944846776320372,                              0.012657039955657257,                               0.00661757079872223,                                     -0.3511268336759045,                                    -0.08515077914338794, 7807.311137519419, 0.5204770891799201, 7807.831614608599, 0.0012358613247845725
                                0.07547160362672348,                                0.05170453421137716,                                      -0.1397345641186588,                                     -0.18069088660440305,                              -0.08803464698777842,                              -0.05780454906065965,                                    -0.08035112427081087,                                    -0.13342834491670033,                              0.014661824647237115,                              0.006979916326293495,                                     -0.3307623772360896,                                    -0.10317259246258316, 7807.391546742563, 0.6237859758791721, 7808.015332718443, 0.0013393405676063231
                                0.07258756766713037,                                0.05446639344887533,                                     -0.15151085763450645,                                     -0.18087971649836096,                              -0.09135766519102195,                              -0.06522697964692058,                                    -0.10613293017589234,                                     -0.1255502268134591,                              0.013324311234653566,                              0.006001639683501869,                                    -0.33943931725363236,                                    -0.10404298500576924, 7808.674642397498, 0.5556673223880819,7809.2303097198865,  0.004832060755104272
                                0.07036487643185135,                                0.04989056184732074,                                     -0.14557436134834773,                                     -0.17586573777809933,                              -0.09290298577834946,                              -0.06423236650145571,                                    -0.09564877389397096,                                    -0.13359018348263704,                              0.012585723863640652,                              0.004505558076043553,                                     -0.3421156232196304,                                     -0.1107389412127797,7805.6698253113045, 0.5574571709457656,  7806.22728248225, 0.0002394180595108656
                                0.06778035091499768,                                0.05344525287594887,                                     -0.13406134288152619,                                     -0.19330160489160916,                              -0.08801676085585705,                              -0.06731967440005494,                                    -0.09850350947197535,                                    -0.16458198589908998,                              0.013142380419946503,                              0.005163140403441208,                                    -0.34216449002414967,                                    -0.11359884463760207, 7805.803084783289, 0.4814156649585686, 7806.284500448247, 0.0002735462464564798
                                0.07755376295841598,                                0.05350495807714786,                                     -0.15522130874099518,                                     -0.15773220280578348,                              -0.09147589590149148,                              -0.06366213284930271,                                    -0.10315421052953308,                                      -0.143623648790437,                              0.013425448617964866,                              0.008114628345831279,                                    -0.33792228386293477,                                    -0.10855237735769878, 7805.053379806945, 0.5697080350358233,  7805.62308784198,0.00012925222429318385
                                0.06988911505169612,                                0.05465478264728796,                                      -0.1492492668781703,                                     -0.19425330969911575,                              -0.09436591530455124,                              -0.07061238399281042,                                    -0.11090198303378733,                                     -0.1502654486261981,                              0.013978846764176961,                             0.0050774332630127705,                                     -0.3496571371398712,                                     -0.1299988690527842,7806.0374199786365,0.41508730336908894, 7806.452507282005, 0.0003457810924892744
                                 0.0693706786288655,                                0.05132425499960888,                                     -0.14626912790565086,                                     -0.17911598441233947,                              -0.09798463817785621,                              -0.07251006200629481,                                     -0.1331166130858181,                                    -0.15723186397365377,                              0.012852973784635208,                              0.006536507721978252,                                    -0.33873838043308596,                                    -0.09881592014325867, 7808.484824769175, 0.4907601064896754, 7808.975584875665,  0.003996645585701548
                                0.06907626605738154,                               0.055398854436936956,                                      -0.1433171306843981,                                     -0.19201088724881185,                              -0.09423389274533314,                              -0.07186941983538958,                                    -0.11203909278785858,                                     -0.1628150523463968,                              0.013571495541871093,                              0.005824324855666307,                                    -0.33735820038477415,                                    -0.11331406050524466, 7807.507922718498, 0.4758003831703874, 7807.983723101668, 0.0015046395307234672
                                 0.0703661311080207,                                0.05295225229965253,                                     -0.14568483568211588,                                     -0.16858217333756717,                               -0.0949303531087758,                              -0.06839614361502877,                                    -0.11519837668300385,                                     -0.1411518512778805,                              0.012098765026781616,                              0.005947131548955695,                                    -0.32624906209557636,                                    -0.11514950237731045, 7806.112113340931, 0.5901543942121125, 7806.702267735142, 0.0003725976892502371
                                0.07412419670318623,                                0.05628860370575717,                                      -0.1542848550268741,                                        -0.18736699376388,                               -0.0853646642458415,                              -0.06478308111014852,                                    -0.10275571925985445,                                    -0.15054159317396767,                              0.015304498547360351,                              0.007207434314362021,                                    -0.32373076447232957,                                    -0.12983036734974307, 7806.046714113605, 0.5276385160440474, 7806.574352629649, 0.0003490098094564621
                                0.07615350884700223,                                0.05800315726799826,                                     -0.15623600014142686,                                     -0.18024359671006074,                               -0.0918284123986165,                              -0.07035492231589396,                                    -0.12446882172415732,                                    -0.15275470760627072,                              0.013590736276672538,                              0.007027277655719685,                                      -0.350229590470137,                                    -0.12132266347140441, 7807.279851249887, 0.4203349784086484, 7807.700186228295, 0.0011977944249531927
                                0.06948350441296755,                                0.05236700044293818,                                     -0.14898751619149972,                                     -0.18676829985413018,                               -0.0963314563400708,                                -0.071505981694583,                                    -0.10367080745121911,                                    -0.14278399266251662,                              0.011003836197021805,                              0.004186735771969402,                                    -0.35151754288935616,                                    -0.10761181570401583, 7807.248840198391, 0.4744706248391283,  7807.72331082323,  0.001161219603274487
                                0.07938178211726232,                               0.054626674936445435,                                     -0.15137403770571825,                                     -0.17590660329951485,                              -0.09156847546068295,                              -0.06081915611919831,                                    -0.10666328389883266,                                    -0.13457796479465892,                              0.014592723804560823,                              0.007859312490761924,                                    -0.35073269623310477,                                    -0.10311927144333136, 7806.370654541346, 0.5098425307370733, 7806.880497072083,0.00048252872702074723
                                0.06824665526683243,                                0.05024449596703551,                                     -0.13670337173939712,                                     -0.18104230012614766,                              -0.08779725944065633,                              -0.06204495178736658,                                    -0.08113757429970396,                                    -0.14443304099675228,                              0.012518880587296957,                              0.005277899675607101,                                    -0.32960659982474777,                                    -0.10956936958084725, 7805.954140333418, 0.6067216001422743,  7806.56086193356, 0.0003181510433003585
                                0.07569256132325497,                                0.05732779568348012,                                     -0.14611677235918732,                                     -0.19376956645501817,                               -0.0805032003437956,                              -0.06276691636565244,                                    -0.08613346584475082,                                    -0.14952800912660888,                               0.01630839903370425,                               0.00879762329993461,                                     -0.3387848342032512,                                     -0.1066048502939128, 7805.788139699787, 0.5219448194763345, 7806.310084519264, 0.0002694884723748077
                                0.07707002699180004,                                0.05558853439008882,                                     -0.15260789798663887,                                     -0.19125322911084888,                              -0.08672174232208528,                              -0.06234828010585153,                                    -0.08692881617374101,                                    -0.13642362627081198,                              0.015074035010047587,                             0.0070084625276990165,                                     -0.3514902065239088,                                    -0.08144739729617674, 7806.080300107702, 0.5141674673925878, 7806.594467575094,0.00036093071807669736
                                0.06830717769702144,                                0.05219946163754732,                                     -0.14244661659486846,                                     -0.18180385602084714,                              -0.08827134100028083,                              -0.06497584548708815,                                    -0.08145924314752499,                                    -0.14764654803056884,                              0.014022062552117132,                              0.007020257867218424,                                      -0.334126248322145,                                    -0.10835413704345494,7806.2519775827495, 0.5755801115751779, 7806.827557694325, 0.0004285311788967665
                                0.07739815730528177,                               0.057360958923751953,                                     -0.15164835448125394,                                      -0.1919699246759561,                              -0.07788499699559359,                              -0.05860783885105211,                                     -0.0690565188190125,                                    -0.16129320649513187,                              0.013610427068097827,                              0.007452461990775469,                                    -0.34648119627211144,                                      -0.102197976338327, 7806.120846419127,0.48686977006128707, 7806.607716189188, 0.0003758658638473051
                                0.07430107957263604,                               0.055780843588563084,                                     -0.14451636591773942,                                      -0.1845231320244471,                              -0.08674067772612452,                              -0.06517700431798558,                                    -0.08928480818485471,                                    -0.13221265314801076,                               0.01413193588571042,                              0.006584135078278777,                                     -0.3334933990057315,                                    -0.11095777610559014, 7807.960351547701, 0.5824943158042346, 7808.542845863505, 0.0023654828931380556
                                0.07400778652038834,                                0.05450470427055121,                                      -0.1563139706177256,                                     -0.17522632050420253,                              -0.09003230048543723,                             -0.062019117090712894,                                     -0.0792082729997882,                                    -0.13346285739814392,                              0.013837369017629594,                              0.006866771955252565,                                     -0.3390048594992787,                                    -0.10870376566014733, 7807.167289569063, 0.5711042885647309, 7807.738393857628, 0.0010702799027372358
                                0.07399865339179484,                               0.055817252454430116,                                      -0.1481927345446583,                                     -0.18556620025227505,                              -0.09500075540947728,                              -0.06806018399807912,                                    -0.12155579777130675,                                    -0.14669033561355005,                               0.01175072825571885,                              0.004972476755445543,                                     -0.3437466814649673,                                    -0.09571970227651243, 7805.049332366401, 0.4930576155248494, 7805.542389981926,0.00012873014086381892
                                0.07525298738395855,                                0.05345696157635424,                                     -0.14912532199204723,                                      -0.1764499359383976,                              -0.09974790785612558,                              -0.06915920590672431,                                    -0.10582439794193875,                                    -0.12922516850151006,                              0.011885138425161326,                              0.005453541871207529,                                     -0.3500902013503127,                                    -0.08720101257252397, 7806.902701677108, 0.5407007022088371,7807.4434023793165, 0.0008214635715200346
                                0.07142177656601914,                               0.051487473101931636,                                      -0.1365524335428327,                                     -0.18406460462507634,                              -0.09430283734827127,                              -0.06881303981194604,                                    -0.10381842145767774,                                    -0.14452796851922123,                              0.011990854960266223,                             0.0059969890909276485,                                    -0.34321362076807194,                                    -0.10123656513713716,  7807.03330208564, 0.5362600294259575, 7807.569562115065, 0.0009360678855710797
                                0.07303380165321291,                                0.05369534257413994,                                     -0.14391172642748426,                                      -0.1827367841659773,                              -0.07871709244367334,                              -0.05632396040531037,                                   -0.051970950010586395,                                    -0.15120759742511183,                              0.014222634373564524,                              0.006334517614787455,                                     -0.3404476189902493,                                    -0.09331537870955864,  7806.86474084691, 0.5804655853561256, 7807.445206432266, 0.0007908645881754817
                                 0.0742460000822038,                                0.05263952456922191,                                     -0.14576396504268488,                                     -0.17178661002571968,                              -0.09170981669396885,                             -0.062227214788545676,                                    -0.09884243926675433,                                    -0.13549481769367305,                              0.012306398992911194,                               0.00509676668520756,                                    -0.33102205478230806,                                     -0.0877848781607931, 7805.950612968383, 0.6255330505640909, 7806.576146018947, 0.0003170307853753519
                                0.07698181454938205,                                 0.0514818331092291,                                     -0.15250218474977384,                                      -0.1757264635140058,                              -0.09218194665398935,                              -0.06059375844839691,                                    -0.09891213761942168,                                    -0.11732348074940807,                              0.013184954946016722,                             0.0060824774621688615,                                    -0.33481441868422834,                                    -0.07577771213923384,7807.0617594664345, 0.6290894885920705, 7807.690848955027, 0.0009630885713407135
                                0.07595998615209482,                                0.05306671735398935,                                     -0.15263556228090497,                                     -0.18264430948895266,                              -0.09287090145848788,                             -0.061114402302565096,                                    -0.09802332536963772,                                    -0.12708189720646587,                              0.014482709245987227,                              0.007067241875702776,                                     -0.3386294779268832,                                    -0.07780879778020354, 7807.154524361547, 0.5868061616112528,7807.7413305231585, 0.0010567043891476855
                                0.07611923213603244,                               0.056680015665210276,                                     -0.15461947607501475,                                     -0.16954724517250824,                              -0.09465925602385897,                              -0.06947715844976526,                                    -0.11082343770501558,                                    -0.15030395909460617,                              0.012220134551996636,                             0.0060253696950519214,                                     -0.3544934647645315,                                    -0.12295885611189865, 7805.483899693852,0.44696177194445885, 7805.930861465797,0.00019879727947191484
                                0.07221414899560427,                                0.05474573875638686,                                      -0.1560519620992734,                                     -0.18418721743814687,                              -0.09147240791958738,                               -0.0692834088497861,                                    -0.10540002768523245,                                    -0.15564171285877815,                              0.011874054317603536,                              0.006038262024014696,                                     -0.3394422707195196,                                     -0.1302499783592898, 7806.653629853998, 0.4609300801364392, 7807.114559934134, 0.0006403505556019038
                                0.07552607150418025,                                0.05273816102715709,                                     -0.14832387181122533,                                     -0.17324905306928928,                              -0.09903749582304701,                              -0.06398744517971114,                                    -0.10738999766494071,                                      -0.136392910053474,                              0.011933902320362177,                              0.005527531028095889,                                       -0.35074692920527,                                    -0.09492581353652692, 7807.272092139975, 0.5254389984798503, 7807.797531138455, 0.0011885365691652286
                                0.07463408988008743,                                0.05562185782858839,                                     -0.14423052911558049,                                     -0.19808426180825872,                              -0.07601981896035516,                              -0.05762630731002914,                                    -0.06368330756301124,                                      -0.147887599817434,                              0.014118297892396381,                              0.007319059350351778,                                     -0.3481305608235284,                                    -0.08492110103811754, 7804.180729925856, 0.5243976337268904, 7804.705127559583, 5.400711738925586e-05
                                0.07194801135247614,                                0.05663071118698482,                                     -0.14831726002504875,                                     -0.18992293058355778,                              -0.09316484667034147,                              -0.06757249750165736,                                    -0.12374479002607833,                                    -0.15513241893308968,                              0.013784743196086871,                              0.005871808803646197,                                     -0.3275988592492112,                                    -0.12198476530549768, 7805.419031382964,0.49508508780691074, 7805.914116470771,0.00018631099591517292
                                0.07780892710260584,                                0.05896859704442162,                                     -0.14488651600094812,                                     -0.18694778470879456,                              -0.07480860666313016,                              -0.05593564831958929,                                    -0.07040012108621076,                                    -0.15311500817170445,                              0.014893963224251142,                              0.008082693367606433,                                     -0.3461143858545882,                                      -0.112422539381696, 7805.152673668739, 0.5110457002186649, 7805.663719368958,0.00014274496611430004
                                0.07282254988391829,                                0.05126279600195088,                                      -0.1422250568716953,                                     -0.17986451710986207,                              -0.09499818993612852,                             -0.061756686868490646,                                    -0.09918885284648576,                                    -0.12464457736817353,                              0.013268243575406083,                              0.005270428756385573,                                    -0.35414185185696245,                                    -0.09412978538967706, 7806.634183221546, 0.5362966819493438, 7807.170479903495, 0.0006280181938035048
                                0.07184085418940653,                                0.05224699241864225,                                     -0.13911461945586887,                                      -0.1862534870828685,                              -0.09455590950228832,                               -0.0679156951355164,                                    -0.11486058226052216,                                    -0.14610587564328947,                              0.012300623636717398,                               0.00511753560303474,                                    -0.34453390696487785,                                    -0.08071253163279651, 7807.461683050067, 0.5275718674223568, 7807.989254917489, 0.0014366495290092948
                                0.07282309065135045,                                0.05489395686853457,                                      -0.1477099191970437,                                     -0.18143714499947328,                              -0.08596350061618496,                              -0.06256910718530842,                                    -0.09189559106084247,                                    -0.14251816066353987,                              0.015375681194757962,                              0.007579986227414029,                                     -0.3159104567126346,                                    -0.13097348937688102, 7806.969954878399, 0.6017601434924552, 7807.571715021892, 0.0008786097194652418
                                0.07305730125176774,                                0.05176531613952634,                                     -0.15780254451236747,                                      -0.1842171008667173,                              -0.09305344735263094,                              -0.06477033772286939,                                    -0.09749014819445244,                                    -0.13790076088907857,                              0.011918187812881051,                              0.005876715063348664,                                     -0.3303822663594213,                                    -0.07300673629451221, 7804.432604935355, 0.5940179076357631, 7805.026622842991, 6.947665875306038e-05
                                0.07380970464555456,                                  0.052302615640302,                                     -0.15332000103868829,                                     -0.18257957415869022,                              -0.09734999825082538,                              -0.06724724841243573,                                    -0.11712921662677743,                                    -0.13172288406349528,                              0.013177841876012758,                              0.006466174532216873,                                    -0.34029447330911855,                                    -0.11181654568879638, 7807.517482357196, 0.5141578741783099, 7808.031640231375,  0.001519092312628975
                                0.07030748677218507,                               0.051455350040350845,                                     -0.15017297940052193,                                     -0.18685619753098534,                              -0.08987692366810253,                              -0.06688689854727994,                                     -0.0958743852393383,                                    -0.15564771837622277,                              0.011959878403425911,                              0.005358306065612425,                                    -0.34207162277856523,                                    -0.11443310823671936,  7806.34870545724,0.48761654082827544, 7806.836321998068, 0.0004720530497307278
                                0.07773967897843567,                                0.05364741487362498,                                     -0.15669456970832588,                                     -0.16897191088738034,                              -0.08639169316839698,                              -0.05847691728580143,                                    -0.07679925285013146,                                    -0.12729573229741104,                              0.015255109460107635,                              0.007732848988086266,                                    -0.34073349383613516,                                    -0.10127846788498646, 7806.311946306757, 0.5955584198627111,  7806.90750472662,0.00045501583579228257
                                0.07506524791597549,                                0.05009777530520668,                                     -0.15033587078498475,                                     -0.18170766025171808,                              -0.09328650817451489,                              -0.06139120972582281,                                    -0.09742769962201984,                                    -0.11330863600299115,                              0.013413386092236884,                              0.005580002321623659,                                     -0.3425788156730201,                                    -0.08357432488867256, 7806.346994084139, 0.5914984265823539,7806.9384925107215, 0.0004712458817189933
                                0.07316217526276819,                                 0.0576251011027199,                                      -0.1482608822071851,                                     -0.18266438632853607,                              -0.08779547950271581,                              -0.06803212457801072,                                    -0.11221501390307526,                                    -0.15954339372564086,                              0.013855674639849228,                              0.006816758638237316,                                    -0.34119595258803787,                                    -0.11107515592140423, 7808.783210573092,0.48121078678256635, 7809.264421359875, 0.0053862058312594925
                                0.07459903125038012,                                0.05166456116706872,                                     -0.14250218437788903,                                        -0.17528696496181,                              -0.09199509978574158,                              -0.06327732685133036,                                     -0.0915648483002989,                                     -0.1374862289088948,                              0.013905566565001817,                              0.006944322079337303,                                    -0.35259231862826695,                                    -0.09341618210157211, 7808.242730646659, 0.5410959863486148, 7808.783826633007, 0.0031372960024486705
                                0.07279751170981688,                                0.05538765870485679,                                     -0.15081500491932512,                                     -0.18789558416344154,                              -0.08846377733029895,                              -0.06454461160240793,                                    -0.10912813247405356,                                    -0.13186942765188117,                              0.014947131059992153,                                0.0065915333309636,                                    -0.33342240757788805,                                    -0.11183034246409264, 7808.374455305488,  0.542995789580904, 7808.917451095069, 0.0035790089841925467
                                0.07457179634824326,                                0.05431759825437463,                                     -0.15290881166095768,                                     -0.17167925600014503,                              -0.09536717523213321,                              -0.06953904393833911,                                    -0.11048952909475764,                                    -0.14129725920761235,                              0.013456815443334963,                              0.005745019184759087,                                    -0.35287503592370845,                                    -0.09668419116436376, 7806.075358126793, 0.4992657448662261, 7806.574623871659, 0.0003591514056437974
                                0.07678811330024335,                               0.051520548245457404,                                     -0.15479868002193375,                                     -0.17040679279184187,                              -0.09698023790065093,                              -0.06479801889388434,                                    -0.09904469195066766,                                    -0.12520032253044278,                              0.011574801999954906,                              0.004686898447943566,                                    -0.36297495796204365,                                    -0.08462222561183948, 7805.839545175197, 0.5075908982898212, 7806.347136073487, 0.0002837039005924015
                                0.07258007819031967,                               0.058519797226952525,                                     -0.13952985895422035,                                     -0.20222708158092398,                              -0.08895705700883855,                              -0.06957137299682106,                                    -0.11536633209269172,                                    -0.15552968204075518,                              0.014737889212916563,                              0.006225026218368471,                                    -0.34454479393270987,                                    -0.14161088697371213, 7805.221847880737, 0.4007565334573535, 7805.622604414195,0.00015296877204276537
                                0.07564532700853005,                               0.052246399691854156,                                      -0.1490250906075914,                                     -0.18246414611928982,                              -0.09473592453513019,                             -0.061423186934474364,                                    -0.10161062784175144,                                     -0.1351506556437935,                              0.013905523126654912,                              0.006680508110267214,                                    -0.34924266410559485,                                     -0.0868784949566087,  7806.72909914364, 0.5286322667788731, 7807.257731410419, 0.0006905477057507462
                                0.06924925933813975,                                 0.0549254447409932,                                     -0.14730163833499657,                                      -0.1903671249310305,                              -0.09585980775627878,                              -0.07398702004655057,                                    -0.12801963780064593,                                      -0.149053191958544,                              0.013768009750801197,                              0.005846860279823729,                                     -0.3565964153075748,                                    -0.10982107825380802, 7806.518185021336, 0.4055511764073295, 7806.923736197743, 0.0005592356478678638
                                0.07296575357970284,                                0.05423903803111835,                                     -0.13621715759757852,                                     -0.20669027866790793,                              -0.08124300687477451,                             -0.061261414259886286,                                    -0.08611842651028713,                                    -0.15914547465949122,                              0.015042252752551416,                              0.007984011571881264,                                     -0.3384396302857789,                                    -0.09647435962984138, 7805.187300786593, 0.5049769154207466,7805.6922777020145,0.00014777438753454356
                                0.06631483130877472,                                0.05347111026533144,                                     -0.14897214108083584,                                     -0.18867670465303063,                               -0.0925933500463483,                              -0.07266063143274576,                                    -0.12307875201510275,                                     -0.1589907609083219,                              0.013679828674594677,                             0.0051976556430931575,                                     -0.3308926433579814,                                     -0.1203164095106977, 7807.143307026872,0.48100090124424777, 7807.624307928117, 0.0010449172162900013
                                 0.0688875164266668,                               0.051773345357828016,                                      -0.1367903246357063,                                     -0.18946962673391202,                              -0.09216332091137029,                              -0.06625878094762491,                                     -0.1074021875876311,                                    -0.15737940622856586,                              0.013271915101116916,                              0.005485914663531544,                                    -0.34467305439964446,                                    -0.11259642697679449, 7805.694414462889,0.47984928571925045, 7806.174263748608,0.00024537812261785335
                                0.07228947435740293,                                0.05401826462788037,                                     -0.14106811333645058,                                     -0.19178197141636993,                              -0.08309051712160766,                             -0.062043742960672825,                                    -0.07997161262918503,                                    -0.15356494637970153,                              0.013191418856751375,                               0.00720768306106008,                                     -0.3281979853961479,                                    -0.07608493091820577, 7804.790831285086, 0.6033508773555232, 7805.394182162441, 9.940646985346548e-05
                                0.07538288059354994,                                0.05639785353279045,                                     -0.13997843434683196,                                     -0.18718357287648762,                              -0.08535943890858017,                              -0.06214698243534372,                                    -0.08324886433230139,                                     -0.1534040216592632,                              0.013212982939089485,                              0.007121558360301844,                                    -0.34444561193329687,                                    -0.10548848218544314, 7808.311645963702, 0.5216597901885405,  7808.83330575389, 0.0033611278935400542
                                0.07389547179124192,                                0.05573661236559932,                                     -0.14565286451780554,                                     -0.18754397650471585,                              -0.07904493667174638,                              -0.05658219179728882,                                    -0.07250856721090569,                                    -0.15653517327662528,                              0.015246765968683351,                              0.008202919699035707,                                      -0.327054195302318,                                    -0.12296903093451525,7807.3245245975595, 0.5585005494871935, 7807.883025147046, 0.0012525171344774757
                                0.07734422004741909,                                 0.0564431672814977,                                      -0.1476375848904225,                                     -0.19285562817778906,                              -0.08895876969771786,                              -0.06325860761625009,                                     -0.1029964343136355,                                    -0.14792774513374118,                              0.013629774311282608,                              0.006327829713672781,                                    -0.34122284729520186,                                    -0.09628450999890216, 7807.710030107031, 0.5087744975716928, 7808.218804604603, 0.0018416478538448948
                                0.07734408194582232,                               0.051609057666204994,                                     -0.15511066325678863,                                     -0.16824112908707928,                              -0.09786463959453354,                              -0.06623420433424868,                                     -0.1138506506972415,                                    -0.12590966640441545,                              0.012076041977093666,                              0.006653634682612847,                                    -0.35850252261956306,                                    -0.06638349917662434, 7807.234735592912, 0.5258541287802482, 7807.760589721693,  0.001144956024201441
                                0.06915325342555456,                                0.05497461238618706,                                      -0.1440267621343452,                                     -0.20092418596223435,                              -0.09776576095073705,                              -0.07333108289887541,                                    -0.13405909335057806,                                    -0.15216526096594754,                              0.013345498304301567,                              0.005461140843657647,                                     -0.3441151361582923,                                    -0.12219444813248492, 7806.001118656797, 0.4065395946707455, 7806.407658251468, 0.0003334538824630993
                                0.07598777053210798,                               0.054346402597792526,                                      -0.1518180190748487,                                     -0.19268457762136343,                               -0.0902305932141593,                              -0.06319550394001075,                                     -0.0966724882833446,                                    -0.14480195490110603,                              0.012145056396418191,                              0.005524904113359513,                                    -0.34124964979561284,                                      -0.106098058892784, 7805.839059203239, 0.5031490328290319,7806.3422082360685, 0.0002835660619480623
                                0.06966137368186284,                                0.05458215326464794,                                     -0.13548393636651915,                                     -0.19410069003950137,                              -0.08216793444445122,                              -0.06530649631902047,                                    -0.09406303986743789,                                    -0.16112541198637723,                               0.01456111030561677,                              0.007201230664921593,                                     -0.3386777157664219,                                    -0.11736203513825133, 7807.096965915677,  0.496930610033703, 7807.593896525711, 0.0009975994381905737
                                0.07430334765412785,                                 0.0555315715538654,                                      -0.1471180646366341,                                     -0.18227473698092436,                              -0.08521947190476425,                             -0.058565174051469306,                                    -0.09099338665940677,                                    -0.14472049871683978,                               0.01345378756656082,                              0.005976673860063203,                                      -0.346436351848438,                                    -0.09932140454131952, 7807.727433832679, 0.5266092770448455, 7808.254043109724,  0.001873979920961997
                                0.06905718952192647,                                0.05084519369604418,                                     -0.14258599972716915,                                     -0.17571450024383112,                              -0.09424463809519926,                               -0.0653149395329163,                                    -0.09946654803615432,                                    -0.12773009216735037,                               0.01329892910077031,                              0.004740460469646046,                                     -0.3389691485555993,                                    -0.07957210525825258, 7806.085900123804,  0.611763632519434, 7806.697663756324, 0.0003629576059149766
                                0.07422602098747691,                                0.05729328172087622,                                     -0.14914056650279692,                                     -0.17771280110094603,                               -0.0885027769388979,                              -0.06732143945471858,                                    -0.11094349896158179,                                    -0.15869750732670604,                               0.01365353721673497,                             0.0071209953666364345,                                    -0.33866639455218894,                                    -0.12899928927895626, 7808.771253035977,0.47839072510976544, 7809.249643761086,  0.005322183611989619
                                0.07090818758956768,                                0.05505652070049594,                                      -0.1411646864161901,                                     -0.20162911104488687,                              -0.08863714852308817,                              -0.06800745519734547,                                     -0.1047122208400773,                                    -0.14319233956837654,                               0.01553695530639261,                             0.0063023502233574835,                                    -0.34787301872496545,                                     -0.1055853155328348, 7806.207906643547, 0.4697212364979618, 7806.677627880045, 0.0004100555175027173
                                0.07039186273689238,                                0.05464679603371447,                                      -0.1523316743182941,                                     -0.18976253574836385,                              -0.08990057527642815,                              -0.06986617408233899,                                    -0.09311766476842041,                                    -0.16052062070485676,                              0.012394019151503885,                               0.00546733403065798,                                     -0.3505789196353572,                                    -0.12097016622285867,  7806.14015883842, 0.4309571825129995, 7806.571116020933,0.00038319528967723925
                                0.07458631738241348,                                0.05240192135825014,                                      -0.1459000477633284,                                     -0.18880936855350913,                              -0.08176935012074266,                              -0.05542174317357608,                                    -0.06884652532176734,                                    -0.13793035784770877,                               0.01452690856582843,                              0.006406738645881524,                                     -0.3491928923596516,                                    -0.08576261482835766, 7806.467050862118, 0.5487380531455001, 7807.015788915264, 0.0005313584165588355
                                0.07408570038256393,                               0.055880996530191795,                                     -0.15073630101306554,                                     -0.17916275769486104,                              -0.08301283799566446,                              -0.05910441690828579,                                    -0.07052901257963999,                                     -0.1421213711789301,                              0.014975967779493726,                               0.00804578453849332,                                    -0.33488577171794903,                                    -0.08863805337453312, 7807.022181075822, 0.6042524691353359, 7807.626433544958, 0.0009257155364093704
                                0.07192930349586743,                                0.05285779994881068,                                     -0.15540797291597686,                                     -0.17156109846316817,                                -0.093314283734819,                              -0.06639138487486691,                                    -0.10138164167927546,                                    -0.13449467442282123,                               0.01248232279443151,                             0.0057727305243358285,                                     -0.3540095472620583,                                    -0.09211749687361791,  7807.47411211854, 0.5166882497016912, 7807.990800368241, 0.0014546171736134626
                                0.07147914003034603,                               0.051467477457552285,                                     -0.15417374642726714,                                     -0.16237656173879841,                              -0.09560677681682495,                              -0.06463190788499587,                                    -0.10295346545843016,                                    -0.13594660707248094,                              0.011103249582780944,                                0.0051826643034385,                                    -0.32795026802099986,                                    -0.08748262426512195, 7805.578200710883, 0.6352389180076087,  7806.21343962889,0.00021845643803762382
                                0.07670709692083941,                                0.05253945296576068,                                      -0.1543229185352841,                                      -0.1805220072136202,                              -0.08578891284028971,                              -0.05901222690587116,                                    -0.08494440543078717,                                    -0.12453483232331244,                              0.012923278343981812,                              0.007461544756544508,                                     -0.3375778942452178,                                     -0.0845458977702118, 7805.878089671056, 0.6029394596467011, 7806.481029130703,0.00029485260475677034
                                0.07684236832188121,                                0.05425336357035801,                                      -0.1552380226664783,                                     -0.17007183453829833,                              -0.08696421835833579,                              -0.06178322588372651,                                    -0.07661763300534226,                                     -0.1394966635790054,                              0.014229636160950146,                              0.008140249732602745,                                     -0.3404427104878436,                                    -0.10052298652883364, 7808.266674084383, 0.5800289868447717, 7808.846703071228, 0.0032133201618245386
                                0.07733306684099281,                               0.051443824388273524,                                     -0.15626915617446965,                                     -0.15468278999281418,                              -0.09815117709543503,                              -0.06260658740613112,                                    -0.10868656887572177,                                    -0.11597293280191442,                               0.01235417811780315,                              0.006242452907844892,                                     -0.3510129242015854,                                    -0.07843663542792852, 7807.109006336632, 0.5877360898710143, 7807.696742426503, 0.0010096835583295837
                                0.07068078363820537,                               0.049312607446329926,                                      -0.1523333463043785,                                      -0.1677029529827426,                              -0.09200138004683553,                              -0.06266837111491819,                                    -0.07952819951494937,                                    -0.14712602828597837,                              0.011032330428995915,                              0.005004326149097821,                                     -0.3425735882474732,                                    -0.08317059046145764, 7805.845164373988, 0.5843868831305883, 7806.429551257119,0.00028530257664043584
                                0.07204877036386373,                                0.05203044825593514,                                     -0.15359127414577764,                                     -0.17196128678445757,                              -0.09583272393906382,                               -0.0644527104946415,                                    -0.09300317340413831,                                    -0.12780198938676038,                              0.012791785921101084,                               0.00465258853526726,                                    -0.32566556935149726,                                    -0.11962749088792152, 7807.278042341003, 0.6125082164486786, 7807.890550557452, 0.0011956296824785103
                                0.07863223444376405,                                0.05278420911097123,                                     -0.16285551250353045,                                      -0.1640712223803302,                              -0.09536432222600659,                             -0.060336078015718636,                                    -0.09142731945416958,                                     -0.1257445012824892,                                0.0123440477005409,                              0.005553471102339086,                                     -0.3544431764476666,                                    -0.08380728814708836, 7806.660679983201, 0.5472146433904428, 7807.207894626591, 0.0006448810613139492
                                  0.077962992033772,                                0.05806190128577582,                                     -0.14782312108493958,                                     -0.18739874908230306,                              -0.09114427095341598,                              -0.06581609378326533,                                    -0.10897018266418032,                                       -0.15031235231667,                               0.01323087995940031,                             0.0060799864960424665,                                     -0.3566918002495136,                                    -0.11549932962650558, 7806.167589448538, 0.4264265290862731, 7806.594015977625, 0.0003938520629586424
                                0.07042774986026717,                               0.050788304375325444,                                     -0.14576380856276555,                                     -0.16600573983316277,                              -0.09288471759575052,                              -0.06228615850972179,                                    -0.08906664039726468,                                    -0.13489259463052058,                              0.014054697236777769,                              0.005855961446498886,                                     -0.3251114087112595,                                     -0.0989639731394422, 7805.860683369823, 0.6574389604601598, 7806.518122330283,0.00028976472058106733
                                0.07534106034349283,                                0.05796284829643458,                                      -0.1495994347608904,                                     -0.17995086978792976,                              -0.08136743288078258,                              -0.05955827887989031,                                    -0.07427104287425601,                                    -0.16235515583184038,                              0.014395159108459718,                              0.006723121599171919,                                    -0.33550270294824286,                                    -0.10892908124149436, 7806.858303484455, 0.5427715651109248, 7807.401075049566,  0.000785789857633417
                                0.07434418169316961,                                 0.0544985387815064,                                      -0.1555397621729299,                                     -0.16720661510257553,                              -0.09950751928072625,                              -0.06970947144264085,                                    -0.11054531290731769,                                     -0.1386540914064188,                               0.01190936334674246,                              0.005438787118117183,                                    -0.36016660421138474,                                    -0.08211839135375483, 7805.219866038236,0.49280486105890586,7805.7126708992955, 0.0001526659122383874
                                0.07086172834276758,                                0.05203177687973032,                                     -0.13911318121394345,                                      -0.1849395336826223,                              -0.09775811335421904,                              -0.07017791755241588,                                    -0.12034483359602596,                                    -0.12487308931268568,                                0.0131620590213722,                              0.005567544816900166,                                    -0.35060923525035914,                                    -0.08974722819060196,   7807.1803612835, 0.5230639137443582,7807.7034251972445, 0.0010843621349346272
                                0.07235326123914049,                                0.05488814025463237,                                     -0.14880568358252086,                                     -0.16902256116999798,                              -0.09498886611979794,                              -0.06907172363405648,                                    -0.11755210549833042,                                    -0.14909027908097364,                              0.013969714470622147,                               0.00594860785405775,                                     -0.3350293388779318,                                    -0.12015441399649565, 7806.715610365529, 0.5295792967355276, 7807.245189662264, 0.0006812956010486205
                                0.07591668004224184,                                0.05659062887011429,                                     -0.15511855197788685,                                      -0.1755153987254968,                              -0.08687847001535809,                              -0.06082650217775349,                                    -0.07962587584276454,                                    -0.13709347670950137,                              0.015531720569896684,                              0.006743441346746357,                                     -0.3432752052401498,                                    -0.10885266868753411, 7806.719025789584,  0.550417162045017, 7807.269442951629, 0.0006836264926586406
                                0.07599149938748936,                               0.050173131366184676,                                     -0.15249863192166357,                                     -0.17199189203926907,                               -0.0860893951758201,                              -0.05685712151570342,                                    -0.08047284994215113,                                    -0.13385990207079146,                              0.012579118896040686,                               0.00696291990728215,                                    -0.33631312429339405,                                    -0.09412714817015443, 7807.183283177981, 0.6087019265478332, 7807.791985104529,  0.001087535160036905
                                0.06864894122455897,                                0.05439841280451552,                                     -0.14178501526546206,                                     -0.19629871025171325,                              -0.08688433468533623,                              -0.06516931498753815,                                    -0.08056704337873587,                                    -0.14702209328992505,                              0.015588182508100346,                              0.006186817638021508,                                    -0.33896523855428484,                                    -0.11842042860097433, 7805.351948264203, 0.5172257308112383,7805.8691739950145,0.00017422266756206577
                                0.06839362640560101,                                0.04852667477497441,                                     -0.15118410918773076,                                      -0.1667325155019981,                              -0.09860223361773368,                               -0.0672092930947524,                                     -0.1116012265604245,                                    -0.13846547559392497,                              0.011905296517063818,                              0.005022751398283051,                                     -0.3240872338354491,                                    -0.10682387946418853, 7807.528107505832, 0.6113134241224072, 7808.139420929954, 0.0015353189467852786
                                0.07544517235432097,                               0.052319417106884425,                                     -0.14456973729904932,                                     -0.18762281068631886,                              -0.09570074918465692,                              -0.06530975576825265,                                     -0.1200701859867441,                                    -0.12451603917931557,                              0.013797312910102735,                              0.006072834235549676,                                     -0.3440293263140407,                                    -0.09073661822847236, 7807.478421892905, 0.5341724896594542, 7808.012594382565, 0.0014608997739905037
                                0.07089571744803744,                               0.052631050192637335,                                     -0.14486631551211196,                                     -0.18853809396098525,                               -0.0918588266093402,                              -0.06637362233827807,                                    -0.08992750632143039,                                    -0.13501520506592113,                              0.011836676725243953,                              0.005375963712243609,                                    -0.34070931059087123,                                    -0.10860280373308843, 7807.341221835986, 0.5446547414444796, 7807.885876577431, 0.0012736062870446808
                                 0.0742468238428329,                                0.05010305303555282,                                     -0.14801405475717544,                                     -0.18268431102923208,                              -0.09128121641726326,                              -0.06145708197561944,                                    -0.08397615508894765,                                    -0.11890460101419939,                              0.013034084062359064,                              0.005500835901790999,                                    -0.34593025340316585,                                     -0.0834923370267388, 7807.684733245942, 0.5869636320508954, 7808.271696877993, 0.0009190879070413331
                                 0.0726676491971838,                               0.055005509443860845,                                      -0.1489529345643108,                                     -0.18861591539540642,                              -0.08504613640137283,                              -0.06304173649563392,                                    -0.09065275600513072,                                    -0.16905316321881378,                              0.013304616746370887,                               0.00652221924796445,                                    -0.34330982423836504,                                    -0.09324929664712496, 7807.957634038754, 0.4869293324085572, 7808.444563371162,  0.001207470030428464
                                0.07416556056003942,                               0.056489037994353564,                                     -0.14792343254345286,                                       -0.182935070626813,                              -0.08835818414318355,                              -0.06543852774682501,                                    -0.08800336259573797,                                    -0.14082139672090915,                               0.01556058717738458,                             0.0068123587685106485,                                    -0.34372963584643196,                                    -0.12470403076576218, 7807.113067238383, 0.5118954643726252,7807.6249627027555, 0.0005189023760244244
                                0.06845827110579278,                               0.054402847016704364,                                      -0.1346041316721557,                                     -0.19946534952772418,                              -0.08938139753703098,                              -0.06951576417609338,                                     -0.1113474508282798,                                    -0.14724013744992914,                              0.014010832533202594,                              0.005764871912232142,                                    -0.33726492286412785,                                    -0.10353612231522066,  7807.47255068173, 0.5128567409577762, 7807.985407422688, 0.0007433739448895684
                                0.07023667086963589,                               0.054717055030801126,                                     -0.14753378436943212,                                     -0.18705245713550175,                              -0.08517080666131421,                              -0.06327682168876655,                                    -0.07140792698795162,                                    -0.15597853615914065,                              0.013465337342095651,                             0.0066968212116375325,                                    -0.33571670902521594,                                    -0.10786482971810538, 7807.713143691898, 0.5457800875554629, 7808.258923779454, 0.0009455740646186249
                                 0.0711309808793712,                                0.05277351303493111,                                      -0.1360857319057537,                                     -0.18312490531679684,                              -0.08511409910911294,                              -0.06166820977519295,                                    -0.08807566333176009,                                    -0.15098541775868196,                               0.01429641393470786,                             0.0072684728339279525,                                    -0.33992387702397725,                                    -0.08315793205657245, 7808.407116079068, 0.5760706718946627, 7808.983186750963, 0.0018927093612551849
                                0.06884702035282084,                               0.052238236986369535,                                     -0.14555637795111961,                                     -0.19859283245749051,                              -0.08904300921907832,                               -0.0673254538990683,                                    -0.09879727938033606,                                     -0.1534664624049632,                              0.013015319480316895,                              0.006378513266416738,                                    -0.34885550828882095,                                    -0.09693707522785135, 7805.532595356994, 0.4651588278872809, 7805.997754184881,0.00010683054461856077
                                 0.0738331473647196,                                0.05202767724239707,                                      -0.1440834905536258,                                      -0.1847202534005696,                              -0.09076146665827485,                              -0.06648312918368075,                                    -0.10239867519872149,                                     -0.1497815686070733,                              0.013194549204850262,                              0.007936693426323568,                                    -0.35295771261425496,                                     -0.0885463880490253, 7806.145296588755, 0.4919052223607159, 7806.637201811115,0.00019714610738560346
                                0.07029744823789766,                                0.05453898308655322,                                     -0.14393498452311768,                                     -0.18678151304385485,                              -0.08503250874699125,                               -0.0646524601967183,                                    -0.09453973867501997,                                    -0.14425309161022226,                              0.015047373255094781,                              0.006339555949403969,                                     -0.3406440571229523,                                    -0.11579627869410777, 7807.635344222173, 0.5220316620756764, 7808.157375884249, 0.0008747977782861329
                                0.06988639640729807,                                0.05567666688181702,                                     -0.14093126942836454,                                     -0.19461684359802514,                               -0.0830136251064767,                              -0.06479843297078353,                                    -0.09643000905833207,                                    -0.15982366189933161,                              0.013697590848236657,                              0.006884964158587123,                                     -0.3366104449547264,                                     -0.0897123674727404, 7806.740984974389, 0.5268310689102628, 7807.267816043299,0.00035767812912644267
                                0.07129154932864079,                               0.053118787190119504,                                     -0.14847465438931062,                                     -0.18291637680593606,                              -0.09397015579040115,                              -0.06613826198302719,                                    -0.10290078025348251,                                    -0.15025269381443287,                              0.014172420549979428,                              0.006567240119921339,                                      -0.332985430124284,                                    -0.08232217938572318, 7806.659330336639, 0.5691132034983629, 7807.228443540137,0.00032963265362186204
                                 0.0728178243840519,                                0.05385651753165244,                                     -0.14728456003948281,                                     -0.18136276849361926,                              -0.09025144776846773,                              -0.06511320531655891,                                    -0.07975016587171575,                                    -0.14339280808365967,                              0.013941192272255917,                              0.007098616532814225,                                     -0.3479959741063761,                                    -0.10509861385175326, 7807.583395531674, 0.5283915699027634, 7808.111787101577, 0.0008305133957112838
                                0.07027377112201635,                                0.05341537230430238,                                     -0.14713391003684262,                                     -0.17703599921660904,                              -0.09032074422109285,                              -0.06669260567276314,                                    -0.10773648032119133,                                     -0.1483709721705032,                                0.0140210463917666,                              0.006930502643365186,                                     -0.3171122605980412,                                    -0.12242879141586607, 7807.437056647173, 0.5922442174075515, 7808.029300864581, 0.0007174513741497422
                                0.07036018243348274,                                0.05393067596544568,                                     -0.14656791441354788,                                      -0.1836262036853612,                              -0.08858136913077845,                              -0.06775353400837553,                                    -0.09240834048461373,                                    -0.15613460811982147,                               0.01260533451466643,                              0.007225854641337154,                                     -0.3440688461759606,                                    -0.10099086827428137, 7806.140870242509, 0.5114644508652502, 7806.652334693374,0.00019627539890349686
                                0.07154052102256112,                               0.054972937197037025,                                     -0.15519826436117812,                                     -0.18463819510089963,                              -0.09251319433428622,                              -0.06820105197748619,                                    -0.11071242297195387,                                    -0.14653581976712418,                              0.013058812136372541,                              0.006325963242409388,                                    -0.33907669191242923,                                     -0.1183815413430006, 7808.442142945561, 0.4881624291315311, 7808.930305374692, 0.0019601797799932335
                                0.07058628486441104,                                0.05373064666595864,                                      -0.1396186588940082,                                     -0.20018361715220181,                                -0.085559873715355,                              -0.06326001310779916,                                    -0.09466456094841762,                                    -0.15250719492638662,                              0.014754062285000868,                              0.006536881483925533,                                    -0.33285059653602234,                                    -0.10241544927816927, 7808.770474737038, 0.5316614613448503, 7809.302136198383, 0.0027220029418589687
                                0.06944381713046185,                                0.05590130992491363,                                     -0.14104167706880236,                                      -0.1999108854791397,                              -0.08338017068396059,                              -0.06567279898048128,                                    -0.09164971965187686,                                     -0.1612671261107903,                              0.013701953096479702,                             0.0067999062287552176,                                    -0.34118788521193366,                                    -0.09666694423938922, 7807.332744915264,  0.493036866638736, 7807.825781781903, 0.0006463837981876312
                                0.07363702043237269,                                0.05258555140715368,                                     -0.14670544266298946,                                     -0.18486789420628127,                              -0.09823664486406776,                              -0.06703977571531089,                                    -0.12472465347352875,                                    -0.13537028724812417,                               0.01312399014777757,                              0.004859953949713058,                                      -0.357250501474328,                                    -0.08402035903997972, 7807.679072853001, 0.4694270021826368, 7808.148499855184, 0.0009139002044093587
                                0.07283583324492246,                                0.05275159027306878,                                     -0.15483776110915165,                                     -0.18328148348687165,                              -0.09337717653073427,                              -0.06772045068208167,                                    -0.10882466382853295,                                     -0.1431021685804268,                              0.011172926746853176,                              0.004964555663359585,                                     -0.3499500157445469,                                     -0.1036683484085929,  7808.21983312982, 0.4759120469613849, 7808.695745176781, 0.0015694517864561677
                                0.07655835075582917,                               0.055644097184708086,                                     -0.15366842134391517,                                     -0.17273756312249214,                              -0.08828394467665499,                               -0.0645131061542541,                                    -0.10303283325320724,                                     -0.1457393780418254,                              0.012706562361396584,                              0.006328138609777767,                                     -0.3415395174549728,                                    -0.10731770352722686, 7809.373293238743, 0.5293881614050988, 7809.902681400148,  0.004973811694507361
                                0.07604349443812203,                                0.05041675204222365,                                     -0.15130441098325367,                                     -0.16801685133891284,                              -0.09152911522024607,                              -0.05782475082472269,                                    -0.07351321281301136,                                    -0.11733457981651385,                              0.013725369307131391,                              0.006237477469647354,                                    -0.35324663066520784,                                    -0.07413123833543737, 7806.061661603599,  0.601062640164293, 7806.662724243763,0.00018132846865223485
                                0.07790222964222313,                                0.05535326441109095,                                     -0.15229557445945474,                                     -0.18279234662553948,                              -0.08793246081050067,                              -0.06180839815814538,                                    -0.08196364635983454,                                    -0.13644832532237547,                              0.014495943490177104,                              0.006482250873421275,                                    -0.34058078355044696,                                    -0.09742537741752356, 7807.252242101347, 0.5629668773178317, 7807.815208978665,   0.00059638750280785
                                0.07284496137002502,                                0.05144154491262537,                                     -0.15639174684009857,                                      -0.1769276583080494,                              -0.09492876205069811,                              -0.06644379834699257,                                    -0.10318805608670767,                                    -0.13787456624002767,                              0.012007240018320986,                              0.006226635636600725,                                     -0.3375118178947343,                                    -0.06750254271296678, 7807.425597929019, 0.5826356378803316, 7808.008233566899,  0.000709277223150364
                                0.07396416140123324,                                0.05571988862472882,                                     -0.15556905783649574,                                     -0.17018720985160898,                              -0.09131600905533269,                              -0.06747673641456162,                                    -0.10847737586736514,                                    -0.15006832880932947,                              0.014390562381795369,                             0.0069861147271506885,                                     -0.3417155297429033,                                    -0.12705326379714513, 7806.549658747009,0.49110490749886304, 7807.040763654508,0.00029539317747768356
                                0.07505546855590783,                                  0.053267946295427,                                     -0.14982799351993065,                                     -0.17383465230051637,                              -0.08125810336577491,                               -0.0549823279602406,                                    -0.06317963611558745,                                    -0.14942606559155244,                              0.013397483748278052,                              0.007116381302836733,                                    -0.33439865837392035,                                    -0.10908226586829363, 7808.469027607731, 0.5892002670495708, 7809.058227874781, 0.0020135933367138323
                                0.07636687819220228,                               0.052745421420219346,                                     -0.15085286582051632,                                     -0.17377994572951577,                              -0.08673017418445281,                             -0.056461141548992295,                                     -0.0697238557017427,                                    -0.14035006795225505,                              0.013168438694381002,                              0.005597324588793723,                                      -0.330305547925317,                                     -0.0935140929940111, 7806.442587555741, 0.6300107007100442, 7807.072598256451,0.00026539945879331664
                                0.07722805141446754,                                0.05183313179667995,                                      -0.1535041529006788,                                      -0.1710628929870044,                              -0.08988294050201942,                              -0.06100083156371826,                                    -0.08673873316618053,                                     -0.1358793113781869,                              0.013044420534072329,                              0.007075993160807398,                                    -0.36330848317917785,                                    -0.09065782455220704, 7806.992318637695, 0.4985525138303577,7807.4908711515245, 0.0004598807260374547
                                0.06978075804583897,                                0.05343558735011694,                                     -0.15122979761889468,                                     -0.18774554657677575,                              -0.09336911559696284,                              -0.06967093929463769,                                    -0.11030705766650806,                                    -0.14746794961660822,                              0.012513701555904505,                              0.005027910966119389,                                    -0.32370133271920143,                                    -0.13538532660724156, 7807.802396567138, 0.5201064247306164,7808.3225029918685,  0.001033850121203729
                                0.07669416687197625,                                0.05232021987288038,                                      -0.1499761454568926,                                     -0.17458975496967175,                              -0.09350234560277261,                              -0.06404196262376713,                                     -0.1183100129963405,                                    -0.14238453431796552,                                0.0134088215188473,                              0.006950775474616061,                                     -0.3475313724202095,                                    -0.10023489146659292, 7807.001918837286, 0.5038558398915073, 7807.505774677178,0.00046431693296028253
                                   0.07306432371054,                                0.05337900298198328,                                     -0.14987864292747244,                                      -0.1814233223183074,                              -0.09149578170000418,                              -0.06206954439772142,                                    -0.10586074364438187,                                    -0.13488487239725935,                              0.014165172481484634,                              0.004947357992368784,                                     -0.3323528666457939,                                    -0.11878116338971505,7805.4853602086705, 0.5523240717857213, 7806.037684280456,0.00010190171146417545
                                0.06705102687756653,                               0.053554483603328984,                                      -0.1434153815679864,                                     -0.18212468404334822,                              -0.09043804371822539,                                -0.069902285907886,                                    -0.11271806218718311,                                    -0.15098960102970557,                              0.014000824137672077,                              0.006420627560127207,                                    -0.33631572956577216,                                    -0.10411897776644032, 7805.555535518677, 0.5309697563537252,7806.0865052750305,0.00010930958061278901
                                0.07029604037929474,                                0.05480008894302682,                                      -0.1489244515728198,                                     -0.18059153962423938,                               -0.0923758049806485,                              -0.06981136097616532,                                    -0.10562867621821727,                                     -0.1405358831363712,                                0.0119207705561825,                              0.005271332596409023,                                     -0.3362970431601691,                                    -0.09694371731594727, 7804.637879125683, 0.5587269293595692, 7805.196606055042, 4.366416106198472e-05
                                0.07402811355168057,                                0.05303140178476401,                                     -0.15582218717236934,                                     -0.17598650794311618,                               -0.0871194913712917,                             -0.062405243032672975,                                     -0.0830411645526808,                                    -0.15271697894475197,                              0.012104512247533991,                              0.005968955531220205,                                     -0.3344100925649256,                                    -0.09741350562646153,  7808.40997402355, 0.5665253569416173, 7808.976499380491, 0.0018981263565782044
                                0.07248085198535348,                                0.05340727676088561,                                     -0.15311390090595553,                                      -0.1882549782673362,                              -0.09298815716505708,                              -0.06912607577543674,                                    -0.10091139723577928,                                    -0.14773492674548339,                               0.01157063186817106,                              0.005213081891036933,                                    -0.33976613417212187,                                    -0.09207906103329778, 7807.287065734362, 0.5219559967888547, 7807.809021731151, 0.0006175217319386751
                                0.07703339745356585,                                0.05395657612935986,                                       -0.148255237615072,                                     -0.18554770298988474,                              -0.07743845999723334,                              -0.05290449693788917,                                    -0.05567746444393892,                                    -0.14526977816828238,                              0.014898546557169087,                              0.008602784411934586,                                     -0.3425499244974264,                                     -0.0756175790665485, 7806.283184603539, 0.5838603216695019, 7806.867044925209,0.00022629356815730825
                                0.07519199091911735,                               0.054971367586570064,                                     -0.15127129474361795,                                     -0.17582551969703875,                              -0.08565725403060809,                             -0.060353437906657564,                                    -0.06744739252039013,                                     -0.1472384878899109,                              0.013183181671682559,                             0.0066715655260936035,                                     -0.3520095573342397,                                    -0.10245644627136294,  7809.10356622266, 0.5240566005412506, 7809.627622823202, 0.0037979424920008983
                                0.06972350762095328,                                0.05294009497708857,                                     -0.14752523076370452,                                     -0.19174214812279247,                              -0.09071383228006909,                              -0.06795333481045095,                                    -0.10380480972848155,                                    -0.14910416517464514,                              0.011542675552345158,                              0.004444333473959339,                                      -0.340391825258264,                                    -0.08974415301878633, 7806.891148223109, 0.5183740978952633, 7807.409522321004, 0.0004156305439102721
                                0.07068942148077295,                               0.051006454109354255,                                     -0.15259565087657517,                                     -0.17024890476508117,                              -0.09327668496176679,                              -0.06467321668525614,                                    -0.09387717639113559,                                    -0.13936988369491818,                              0.013954301353626852,                              0.006325605350340255,                                     -0.3331963112858931,                                    -0.10104265798539035,7806.8415002415295, 0.5945987191274417, 7807.436098960657, 0.0003954992015913808
                                0.07009602389225228,                                0.05336503581746782,                                     -0.14761082243860812,                                     -0.19242829059507918,                              -0.09314938341235122,                              -0.06509056984854449,                                    -0.10084807415541087,                                    -0.15324928899697465,                              0.012900700362332929,                              0.005214720670762313,                                    -0.32914372505245554,                                    -0.10238505438282114, 7805.309382057572, 0.5415144963056712, 7805.850896553878, 8.545847492011146e-05
                                 0.0741863770968677,                                0.05345968094215289,                                      -0.1446460703699263,                                      -0.1785107468449052,                               -0.0948009891365803,                                -0.066711176715942,                                    -0.12235324281440622,                                    -0.13078666001570863,                              0.014185149350980877,                              0.005749161136509917,                                    -0.33880281477657676,                                    -0.13137987337279267, 7804.924831103741, 0.5102895760713614, 7805.435120679812,5.8176391649698085e-05
                                0.06996473645073797,                               0.051453979213149925,                                     -0.14528992441609814,                                     -0.18672831627390032,                              -0.09677528391014759,                              -0.06985912468483556,                                     -0.1172097954344363,                                    -0.13832438191146249,                                0.0121155216945317,                              0.005513358385359379,                                      -0.326314634588207,                                    -0.11276821025700366, 7807.603021424993, 0.5595437444188106, 7808.162565169412,  0.000846973961320612
                                0.07491113159061313,                               0.052897086842601665,                                     -0.14157863316765465,                                     -0.17263334786265075,                              -0.08724837356570292,                              -0.05909824739383641,                                    -0.07365681367150764,                                    -0.14500012687874053,                              0.012940925049851698,                              0.007362026283038725,                                     -0.3457501430285817,                                      -0.093916268452109, 7808.213857477245,  0.578353383085827, 7808.792210860331, 0.0015601012534409051
                                0.07645413816104049,                                0.05304675874187317,                                       -0.154138933397222,                                     -0.17444767603152334,                                -0.099787613903839,                              -0.06726206605820563,                                    -0.13230125191371392,                                    -0.12419054266524654,                              0.012965813053399139,                              0.005356652027870418,                                     -0.3404793026061363,                                    -0.10066362994482386, 7807.827381630133, 0.5310396916377458,  7808.35842132177, 0.0010600063281874282
                                0.07288299978314311,                                0.05336041491372154,                                     -0.14967271059996834,                                     -0.19087000302870738,                              -0.08534372419007269,                              -0.06053893353201491,                                     -0.0748389423427681,                                    -0.16073471630880615,                              0.013903208248724624,                              0.007059281299038628,                                     -0.3403983991106374,                                    -0.08597523728697233, 7807.152615596344, 0.5290643043481517, 7807.681679900692, 0.0005398353163307434
                                0.07649378194576226,                                 0.0561888777881335,                                     -0.15431925343562955,                                     -0.17414846124008299,                               -0.0851220607373794,                              -0.06333977513498709,                                    -0.09632797663796701,                                    -0.14158429503307138,                              0.013053876825857236,                              0.007336812351231889,                                     -0.3348601495918689,                                    -0.12189840077287709, 7808.622778485002, 0.5461462827033968, 7809.168924767705, 0.0023482532008333654
                                0.07180349812590522,                                0.05460127139256288,                                      -0.1488533565667539,                                      -0.1773436730871129,                              -0.08618524293930532,                              -0.06339950647797432,                                    -0.08838538906215786,                                    -0.15609713408017414,                              0.014011191050433427,                              0.007742352907523162,                                     -0.3378967368123245,                                    -0.11988005853638727, 7807.269103319886, 0.5246241966813597, 7807.793727516568, 0.0006065285780107552
                                 0.0760666978997677,                               0.052332659513102675,                                      -0.1496776908894918,                                     -0.18258826418006244,                               -0.0921060783629644,                             -0.060403480245430075,                                    -0.09442483452994997,                                    -0.13653015643692723,                              0.012861797824394589,                              0.006144982632886251,                                    -0.33608049037962673,                                     -0.1048081423103158, 7807.161067792861, 0.5640606662851776, 7807.725128459147, 0.0005444174477702571
                                0.07401452966007768,                                0.05349643754356054,                                     -0.14965130368842702,                                     -0.17181605948972692,                              -0.09205027169773415,                               -0.0642398251827346,                                     -0.0907886354013503,                                    -0.13170989126902563,                                0.0128541964260942,                              0.006756626503801863,                                     -0.3294822372006161,                                     -0.1056571852015626, 7807.845406478667, 0.6196436267382173, 7808.465050105406,  0.001079286016442352
                                0.07006115683934078,                                0.05008534746711088,                                      -0.1482009620930254,                                     -0.17265626879539475,                              -0.09974136905418543,                               -0.0684603995396873,                                    -0.10823486779586998,                                    -0.13996766844566608,                              0.010565533305910188,                              0.004990798547093028,                                    -0.34960534845304286,                                    -0.06963467129981836, 7808.773790041649, 0.5478435930451219, 7809.321633634694,  0.002731042186407431
                                0.07424196618385667,                               0.057530189355355144,                                     -0.14730093312485223,                                     -0.19296392809116544,                              -0.08992942072637122,                              -0.06821806434868909,                                    -0.11994769794074348,                                      -0.163439005468173,                              0.014253353605435823,                              0.007616067460147313,                                    -0.34595874911828645,                                    -0.12278127507099683, 7806.846626092471,0.41093934558665157, 7807.257565438057,0.00039753167617679046
                                0.07074629406427235,                                0.05151736940137869,                                     -0.14042110043341438,                                     -0.19081648423766637,                              -0.09141537145085195,                              -0.06534035198657412,                                     -0.1011774356509827,                                    -0.14012505202480888,                              0.013536241622952791,                              0.005929481770063111,                                     -0.3465086764723286,                                    -0.11948574667496069, 7805.862858485481,0.49121197042213327, 7806.354070455904,0.00014863698819166918
                                0.07444708005074954,                               0.052565641605092334,                                     -0.14631099384845553,                                     -0.18373686796815278,                              -0.09949658322408748,                              -0.06864543965750342,                                    -0.13214644323075722,                                     -0.1341205381766371,                              0.012725904169759134,                              0.005040512281659609,                                     -0.3510125492486412,                                    -0.10963786928916158, 7808.251933309188,0.46064868941879866, 7808.712581998607, 0.0016206487906881952
                                0.07340575757411189,                               0.055695671386402995,                                      -0.1378660036805926,                                      -0.1951988667727974,                              -0.07937216281065998,                             -0.057591034137341165,                                    -0.07321209992595802,                                     -0.1471148732374614,                              0.016243710148820825,                             0.0069427492608139935,                                     -0.3299332665471785,                                    -0.12010509923923773, 7804.946629658243, 0.5631697538746531, 7805.509799412118, 5.945847591804657e-05
                                0.07644040578623487,                               0.052470483900366266,                                      -0.1416647248937371,                                     -0.17893569271629042,                              -0.08450908945430996,                              -0.05706691493890326,                                    -0.07662239371361572,                                    -0.14910880232569598,                              0.013336910243267774,                              0.008305137535689705,                                     -0.3478375883997344,                                    -0.08317038913206902, 7807.500112821277, 0.5592476495004056, 7808.059360470777, 0.0007641478934301814
                                0.07695884313870313,                               0.056822576496464855,                                     -0.15733337200915865,                                     -0.17249691414485846,                               -0.0789939231771644,                             -0.057096829822889765,                                    -0.07268688463449532,                                    -0.14447389812055603,                              0.014326905716312816,                             0.0074104464415697124,                                     -0.3309538616850526,                                    -0.12077630404627412, 7806.950500130636,  0.577676339122585, 7807.528176469758,0.00044104577029574206
                                 0.0777209420285507,                                0.05252541639391081,                                     -0.15934348757261627,                                     -0.16387272015055218,                              -0.09356075435303612,                              -0.06062561537526584,                                    -0.09946787310838491,                                     -0.1366953025191554,                              0.012368378551688125,                              0.005961658930263264,                                     -0.3333821400978832,                                    -0.08627752076158648,7806.1370456497025, 0.6075146673378612,  7806.74456031704,0.00019552615910666427
                                0.07314665633990597,                                0.05550244243703595,                                      -0.1510840661542918,                                     -0.18907235138118195,                              -0.09195981156520114,                              -0.06759266165794015,                                    -0.10322824288322809,                                     -0.1433012546156199,                              0.014283776346813798,                              0.006733806836841619,                                    -0.34020701289369676,                                    -0.13126745465068954, 7807.372293701987,0.47792308844702613,7807.8502167904335, 0.0006724597301938606
                                0.07093680592159321,                               0.053404416193212456,                                     -0.15374974179949155,                                      -0.1958877383075148,                              -0.09181982624952348,                              -0.06613649251940146,                                    -0.09824011262699163,                                    -0.13242258216515368,                               0.01309563886025962,                             0.0052423929041703204,                                    -0.34209556198983204,                                    -0.10223859876143249, 7806.198822893886,  0.511579040388587, 7806.710401934275,0.00020798613541689624
                                0.07367264440317037,                               0.055555560879175764,                                     -0.14458116294711584,                                     -0.18993458003449698,                              -0.08302737228927683,                              -0.06115363160315025,                                    -0.06418966451524792,                                    -0.14557073572333656,                              0.014945017646443182,                               0.00745922272643576,                                      -0.346647255806165,                                     -0.0882462933257853, 7807.128436993175, 0.5473469069631132,7807.6757839001375, 0.0005269393835074906
                                0.07466023427965549,                                0.05344111925952494,                                     -0.14760777564790287,                                      -0.1721655393891127,                              -0.09139607654767208,                              -0.06255233632129448,                                     -0.1169074256398832,                                    -0.13328380267549522,                              0.013392189916500999,                              0.006152836622806926,                                     -0.3331919135893074,                                    -0.09323467222053984, 7807.327978692396, 0.5899648833502977, 7807.917943575746, 0.0006433103192083847
                                 0.0740641730097023,                                0.05437243127612154,                                     -0.15383922897672758,                                     -0.17897353973488847,                               -0.0971306996699316,                              -0.06645428223260783,                                    -0.11282870968068098,                                    -0.13658453176467078,                              0.011903973692601724,                              0.005298793866464882,                                     -0.3353697434520175,                                    -0.11352053515664537, 7806.563360398258, 0.5351150885021436,7807.0984754867595, 0.0002994684067064936
                                0.07503919091001665,                               0.053900140903803684,                                     -0.15125459213927517,                                     -0.18262271857962448,                               -0.0845082376757679,                              -0.05917301850717707,                                    -0.06485054304322918,                                    -0.13711397922127636,                               0.01494519533711211,                             0.0071937890412023114,                                     -0.3265341995152066,                                    -0.11861622116030258, 7806.521416305327, 0.6046385800431577,  7807.12605488537,0.00028716725965811024
                                0.06943146626422292,                                0.05241121783035238,                                      -0.1438052634909803,                                     -0.19212701089025588,                               -0.0907714383178082,                              -0.06847232010875282,                                    -0.10759508594544823,                                    -0.15022267759212882,                              0.014820298047327166,                              0.007291405417882896,                                      -0.332549365959093,                                     -0.1006612571646993, 7806.851413907241, 0.5350339666723121, 7807.386447873913,0.00039943954783130926
                                0.06828645340632761,                               0.053512850897841774,                                     -0.14627462626103216,                                     -0.18173203859558537,                              -0.09016095606927475,                              -0.06719759810544879,                                     -0.0927193642047097,                                    -0.14219443447676747,                              0.013514384160984383,                                0.0049499569378052,                                    -0.34166598880817556,                                    -0.11769854744801181, 7807.323056327005, 0.5274258176913055, 7807.850482144697, 0.0006401514915877618
                                0.07185740657717593,                                0.05409035623759603,                                      -0.1481081383072736,                                     -0.17447397106271806,                              -0.08365753698608269,                              -0.05951997304889082,                                    -0.07031798036759564,                                    -0.13869782657913626,                              0.013552132051221744,                             0.0062068784312815095,                                       -0.34495780322372,                                       -0.11049905197798, 7807.889172555337, 0.5611075657428837, 7808.450280121079, 0.0011275710470323222
                                0.08012187487551767,                                  0.054123245777386,                                     -0.15320836492742199,                                       -0.165590505262389,                              -0.08857772360016268,                              -0.05726871782297859,                                    -0.07407257934970013,                                      -0.129087009853061,                               0.01253385606914939,                              0.006173370847462917,                                     -0.3463939253688095,                                    -0.08762107806929546,  7805.83614245991, 0.6003041916840742,7806.4364466515935,0.00014471857390236815
                                0.07486537196081475,                                0.05424483848325129,                                       -0.143995082659102,                                       -0.178793018130711,                              -0.09429249345757722,                              -0.06622004852762137,                                     -0.1269511205529839,                                     -0.1440815858883358,                              0.012336771767528162,                              0.005613950941948137,                                     -0.3480817711720352,                                    -0.09688698963913912, 7807.286279335756, 0.4924364180613239, 7807.778715753818, 0.0006170363046044142
                                0.07301168351859075,                                0.05159302692751064,                                     -0.15434714862546273,                                     -0.16418076155981187,                              -0.09870043639194999,                               -0.0650258334998304,                                    -0.11490029116317912,                                    -0.13669162493400522,                              0.011779440037913494,                              0.005344389077747327,                                     -0.3296759620941589,                                    -0.10267632126060901, 7808.064498176167, 0.5937248448705935, 7808.658223021038,  0.001343652193656602
                                0.07182630006211657,                               0.051093019799835465,                                     -0.14827371681925083,                                     -0.18308961438752128,                              -0.09483449686824934,                              -0.06912184059753101,                                    -0.11133149441889241,                                    -0.13107905338960918,                              0.012843671135306628,                              0.006101301008138549,                                    -0.32889749161602266,                                    -0.10154840266300524, 7807.231884320448,  0.584417894671858,  7807.81630221512, 0.0005843691255118181
                                0.07072227145255358,                                0.05453491237569455,                                      -0.1457805721711316,                                     -0.19510837854201887,                              -0.09197966947959584,                              -0.07163380548910997,                                    -0.11427051687896342,                                     -0.1480489639798158,                              0.012452680559964319,                             0.0053138181236905835,                                    -0.33408804096667366,                                    -0.11114400261999809, 7807.633067375018, 0.5027826177789783, 7808.135849992797,  0.000872808263223448
                                 0.0732934517714231,                                0.05155756027084943,                                     -0.14983494187514196,                                      -0.1738359202040706,                              -0.09746045009698669,                              -0.06823460814284041,                                     -0.1265826359306847,                                    -0.13389088817103195,                               0.01268574772927826,                              0.005958819683304875,                                     -0.3291972545457911,                                    -0.09948373377219356, 7808.609809547454, 0.5770942483257011,7809.1869037957795,  0.002317995481058159
                                0.07029977109857255,                                 0.0543455268252275,                                      -0.1526471609684818,                                     -0.19002994705965712,                              -0.09222437162078469,                              -0.06721213356539651,                                    -0.08920274919761442,                                      -0.145789982440081,                              0.013407931458934638,                              0.005434042736159134,                                     -0.3370777092655783,                                    -0.09780109173734937,  7807.16101587244, 0.5386297744133782, 7807.699645646853, 0.0005443891821207639
                                0.07376178209124781,                               0.052807342201597246,                                     -0.14320332271348876,                                     -0.17008920600661295,                              -0.08619466653734244,                              -0.06068177233452494,                                    -0.08772882961639919,                                     -0.1460087177162871,                              0.013860333898714355,                               0.00789236936502527,                                      -0.332242305499082,                                    -0.08511153005594604,  7808.43729761207, 0.6260157558650543, 7809.063313367936,  0.001950705027961713
                                0.07201427671624758,                               0.055569244732442596,                                      -0.1372138817579073,                                     -0.18366259617469669,                              -0.08385351009808714,                              -0.05987034114139449,                                    -0.07664472101459519,                                    -0.14024609769649454,                              0.015181091211853376,                              0.006340350586468049,                                    -0.33303323723889056,                                    -0.12632121403575827, 7807.151854615931, 0.5766278612121944, 7807.728482477143, 0.0005394246684963624
                                0.07314577919314952,                                0.05265099328364792,                                      -0.1473644915847916,                                      -0.1832492296169343,                              -0.08395826005371188,                              -0.05912394977885332,                                    -0.07400225966439232,                                     -0.1333318526561274,                              0.013353874749656477,                             0.0056379082372387535,                                     -0.3419991642262143,                                    -0.07982395461764977,  7807.78331961844,   0.59376998907253, 7808.377089607513, 0.0010143143494057085
                                0.07298460376018195,                                0.05232615005300004,                                      -0.1477446597022681,                                      -0.1841103904958705,                              -0.09226397270930307,                              -0.06628361917814518,                                    -0.09595099331241252,                                    -0.13687053466175086,                              0.013359219184032683,                              0.006970317455071234,                                     -0.3453203428554022,                                     -0.1096674670914373, 7808.287329992119, 0.5212546207519079,7808.8085846128715, 0.0016790417437928733
                                 0.0775195083180282,                                0.05260420637380722,                                     -0.15516062445954343,                                      -0.1772729426498482,                              -0.09515859355619807,                              -0.06600818230637992,                                    -0.10650149162911168,                                    -0.13575747268243837,                              0.012985443960120496,                              0.006586343593122337,                                     -0.3582548860868712,                                    -0.07888420954457186,   7807.4749519777, 0.4940095799518387, 7807.968961557652, 0.0007451611506933911
                                0.07237761245771698,                               0.055984329481175654,                                     -0.13703712404163604,                                     -0.19216667322762904,                              -0.08012710588047663,                              -0.05913167814241188,                                    -0.08077115629203696,                                    -0.14956301678423875,                               0.01615717181206791,                              0.007401983064846629,                                     -0.3464854408744853,                                    -0.10523362087419086, 7807.096911046801, 0.5168756997503827, 7807.613786746551, 0.0005105862491848154
                                0.07659049287006564,                                0.05141315707118818,                                     -0.15102292444053542,                                     -0.17108922242644342,                              -0.09597024577163786,                               -0.0642595631122915,                                    -0.09743137877876049,                                    -0.13353127763146969,                              0.011528930268995041,                               0.00648227947126008,                                     -0.3502796794530456,                                    -0.09626356602401995, 7807.690039213274, 0.5411040644645091, 7808.231143277739, 0.0009239775180377779
                                 0.0713003713339587,                               0.052943489332202526,                                     -0.14619879756244555,                                     -0.18919634470441216,                              -0.09343015258439226,                              -0.07085583845705852,                                    -0.11821129162989143,                                      -0.138711757349757,                              0.013824377797921533,                              0.007022002154422946,                                     -0.3489395925263984,                                    -0.11123773281073272, 7806.177205926696,0.46804056784021564, 7806.645246494536,0.00020353835293575136
                                0.07596500377202695,                                0.05535634136967815,                                     -0.15042253245604534,                                     -0.19748478326758703,                              -0.08292647994416529,                             -0.057168271397894856,                                    -0.07143770879576486,                                    -0.14170244607595334,                               0.01476417425774032,                             0.0068568622041292465,                                    -0.33743406730827186,                                    -0.08850480170372797, 7806.441212452856, 0.5569956885512677, 7806.998208141407,0.00026503475803995707
                                0.07083818115648785,                                 0.0538073354917907,                                      -0.1455382387919856,                                     -0.17442102378960805,                              -0.08847064032715644,                              -0.06445840390273874,                                    -0.10586498972719573,                                    -0.13635895935430165,                              0.014519671751094185,                              0.006338322130117119,                                       -0.33539782069813,                                    -0.10460315182572999, 7806.666158287153, 0.5773634953396303, 7807.243521782492, 0.0003318910704737226
                                0.07192868478043979,                                0.05656725477610794,                                      -0.1539215677165011,                                      -0.1737029027737376,                              -0.08603206998999766,                              -0.06613888911705677,                                     -0.1010612603499265,                                    -0.15137697995288377,                              0.014149482531873273,                               0.00723905856860288,                                     -0.3295532531587545,                                     -0.1250079731421278, 7806.781438461635, 0.5418829174364447, 7807.323321379072, 0.0003724441108509701
                                0.07397220648712996,                                0.05457707658564395,                                      -0.1525506809063658,                                      -0.1695559653790393,                               -0.0969076085386733,                              -0.06819216231961787,                                    -0.12183343046514913,                                    -0.14589992833949414,                              0.013228402909239545,                              0.005198112394145221,                                     -0.3498832694036355,                                    -0.11580741103547781, 7807.196537571663,0.47101896016874323, 7807.667556531831, 0.0005640743666716163
                                0.07314561467632458,                                0.05475675694073018,                                     -0.13990536195884967,                                     -0.18621319171556253,                              -0.09210780896523255,                              -0.07021652365713373,                                    -0.11305007687612195,                                    -0.14995452785722904,                              0.013537712808326427,                              0.006773160106279971,                                    -0.35167445368184663,                                    -0.12530942304617518, 7806.806567757887, 0.4437292485654156,7807.2502970064525, 0.0003819219562910586
                                0.07479362478060789,                               0.051891185904058695,                                     -0.15427063950805903,                                     -0.17870865704864763,                              -0.08851553992308316,                             -0.062168058885037736,                                    -0.08881968659184053,                                    -0.13258732526760034,                              0.013617697773947529,                              0.007156182575338496,                                    -0.35094489334948625,                                    -0.09582382281491118, 7807.712120295837, 0.5289728219193823,7808.2410931177565, 0.0009446068628450739
                                0.07860629989507131,                                 0.0553860463060189,                                     -0.15614698248896458,                                     -0.16566438549278656,                              -0.08973091022972253,                             -0.059271891826483666,                                    -0.10034188085064304,                                    -0.12797787878797262,                              0.014472550236902929,                              0.007188282155720566,                                    -0.33544026681427447,                                    -0.10301844016784484, 7807.777588082205, 0.5964322783933766, 7808.374020360598, 0.0010085173985442063
                                0.07785585693766844,                               0.054464453461869206,                                     -0.14352553600875623,                                     -0.18582910403696803,                              -0.08673880461920119,                              -0.05939765434190084,                                     -0.0864507461351762,                                    -0.14162973710779037,                               0.01528068344706221,                              0.008487947422005732,                                     -0.3571690100018496,                                    -0.08923729845018494, 7807.717552315862, 0.5031468584664351, 7808.220699174329, 0.0009497519476906685
                                 0.0779276210756463,                               0.056403422989666024,                                     -0.15381450074836692,                                     -0.17230951279382123,                              -0.08620487782767405,                              -0.05892442880164699,                                    -0.08967035155646011,                                    -0.14882869526054887,                              0.015433006560280321,                              0.007518357408981019,                                      -0.336821324454711,                                    -0.11774547198510862,  7806.78328565058, 0.5439519938740498, 7807.327237644454,0.00037313272129625697
                                0.07779964457598304,                                  0.054576178185543,                                     -0.14852956252262556,                                     -0.17565759814485815,                              -0.07961058738624122,                             -0.054316146097979745,                                    -0.06838720744228541,                                    -0.13249817221184396,                               0.01411074764602667,                              0.007846084902362674,                                    -0.32944361285545054,                                    -0.10273092703506849,  7806.94888485971, 0.6362680281529294, 7807.585152887863, 0.0004403339369426365
                                 0.0743063014426146,                                  0.055054267227407,                                     -0.15379764551193353,                                     -0.16347738507642082,                              -0.08756664821114142,                              -0.06365866941225123,                                    -0.10040067140637371,                                     -0.1493585740105301,                              0.013180612422553903,                              0.006485606431729157,                                    -0.33281680944596514,                                    -0.11730668073110402, 7807.001659521044,  0.563719140883284, 7807.565378661927, 0.0004641965436479826
                                0.07543773251364136,                               0.053511687126168966,                                     -0.14668231198492526,                                     -0.18377606278746153,                              -0.08098636023057645,                              -0.05458764382772533,                                    -0.06567052008595503,                                     -0.1362993750279765,                              0.014090993428657966,                                 0.006410830525114,                                    -0.33722837175109077,                                    -0.08059913690049261, 7808.210838288796, 0.6131417037300196, 7808.823979992527, 0.0015553981171574091
                                 0.0755578995976354,                                0.05345997522932405,                                     -0.15734946124646704,                                     -0.17095776706773105,                              -0.09157881622179581,                              -0.06179117585441243,                                    -0.09883773751568396,                                    -0.12804661840286033,                              0.013025677574534433,                              0.005356456330970177,                                    -0.33961174561755925,                                    -0.12281327001652298, 7807.743744499038, 0.5455261001564352, 7808.289270599194,  0.000974956667072659
                                0.07111433215158044,                                0.05531462956289285,                                     -0.14035357073194762,                                     -0.18525879671338172,                              -0.09034806426531175,                              -0.06616526026635297,                                    -0.11206960554225177,                                     -0.1545722147711901,                              0.015140816728356127,                              0.006420775467321865,                                     -0.3418559930511564,                                     -0.1199616861805099, 7807.111678161869,  0.483531901221402, 7807.595210063091, 0.0005181820813088921
                                0.07701830968256163,                                0.05157198028570928,                                     -0.14897721573766057,                                      -0.1743253271722841,                                -0.094450431530659,                              -0.05895368136413341,                                    -0.09179081222217716,                                    -0.12725390858653826,                              0.012620667415959325,                              0.005338360986006957,                                       -0.35010307723281,                                     -0.0847034748649997, 7807.950416942973, 0.5656372038609145, 7808.516054146834,    0.0011987869744785
                                0.07413341725759384,                               0.053965262642929834,                                     -0.13983475928468672,                                      -0.1858372656234411,                              -0.07951254214943992,                             -0.057857782951899625,                                    -0.06683924441735993,                                    -0.15758432462229383,                               0.01497188298313415,                              0.008515240846054511,                                     -0.3515070051350471,                                    -0.08459633358763309, 7806.526720601855, 0.5258939640202701, 7807.052614565876,0.00028869452691487505
                                0.07414879192630716,                               0.051994480770603174,                                      -0.1530271907373336,                                     -0.16796634788385967,                              -0.08804938351500258,                              -0.05975198654972706,                                    -0.06615253484975656,                                    -0.14607173946203866,                              0.011939568540011727,                              0.005936220022366004,                                    -0.35065237289270734,                                    -0.08974663513522575,  7807.62989386687, 0.5578306100132384, 7808.187724476883, 0.0008700427895357236
                                0.07484686313224276,                                0.05580371209452306,                                     -0.15298959142724902,                                     -0.17830095776587726,                              -0.09401156584642223,                              -0.06885965074098546,                                    -0.12488531535747079,                                    -0.14159452611504297,                              0.013763153324041877,                              0.006872346663105211,                                    -0.34883807552394736,                                    -0.13284325427518812, 7806.273913237204, 0.4365913856334599, 7806.710504622838,0.00022420521349760715
                                0.07570995148357237,                               0.054945684983924326,                                     -0.15410605031446464,                                     -0.17919864447212952,                               -0.0876832346354944,                             -0.061599425628745236,                                    -0.08506146978507492,                                    -0.15091870435969246,                              0.012866525444687651,                             0.0064341383382345435,                                     -0.3562438396022735,                                    -0.09006692854042488, 7809.629128462948,0.48816510130903157, 7810.117293564257,  0.006423876238111393
                                0.07206317133397983,                                0.05314804896510705,                                     -0.14330001599928208,                                     -0.19740682802369466,                              -0.09539884630749579,                               -0.0710704854079906,                                     -0.1299444912839307,                                    -0.15926210526438817,                              0.012794675505831576,                              0.006327418483447575,                                    -0.35202261873998253,                                    -0.09511938165382346, 7807.406835893998,0.41134567113257803,7807.8181815651305,  0.000696093799702623
                                0.07202441089259642,                               0.054253168035265725,                                     -0.14748173599795364,                                      -0.1835268541712413,                              -0.09289763336301711,                              -0.06694077666337458,                                    -0.12181894270438004,                                    -0.14506101759705334,                              0.013601678388159996,                              0.006214350443209685,                                    -0.35564779265501395,                                    -0.08341684550609559, 7807.574357437694,0.46669408989578387,  7808.04105152759, 0.0008230409567586892
                                0.07318626381548582,                                0.05397513769550827,                                     -0.15759470777295856,                                     -0.18609404087070297,                              -0.09502931730912356,                              -0.06850059807189639,                                    -0.10536481045852848,                                     -0.1491317164425121,                              0.012386190718830181,                              0.004786750963806791,                                    -0.33922061853982977,                                    -0.12006741787256114, 7807.724238080782,0.48037928902149496, 7808.204617369804, 0.0009561230400259472
                                0.07347839705900511,                                0.05596970330412779,                                     -0.14522317785351732,                                     -0.18584507104051254,                              -0.08167695348051687,                             -0.061139443406178454,                                     -0.0794837628559815,                                     -0.1509555725240789,                               0.01483732022641042,                              0.006660960638988439,                                     -0.3495104495609543,                                     -0.0901958429086758, 7806.547080591894, 0.5207662295479323, 7807.067846821442,0.00029463258892520306
                                0.07266168722741434,                                0.05066764318419928,                                     -0.14894595288811846,                                      -0.1701553557561144,                              -0.09121290380570185,                              -0.06374285115037692,                                    -0.09119358834327615,                                      -0.142399675987033,                              0.013184820025303037,                              0.007259770789808995,                                     -0.3432475690314745,                                    -0.09717767609494994, 7807.501216178476, 0.5653894798393017, 7808.066605658316, 0.0007649914868164097
                                0.07049632658512223,                                0.05469073008142736,                                      -0.1553560040860237,                                     -0.17827992885488472,                              -0.09737068264417016,                              -0.07222936880981835,                                    -0.13625719003622663,                                    -0.13747699694804438,                               0.01297109832994181,                              0.005329755789044308,                                    -0.32430899690858045,                                    -0.12627851095197043, 7806.326982408687, 0.5236468090560201,7806.8506292177435,0.00023642497700287194
                                0.07296620215016053,                               0.053461175809091405,                                     -0.14456864361113592,                                     -0.18550908370046584,                                 -0.08990208598368,                              -0.06113440280769898,                                    -0.08220830383090824,                                    -0.14965149388813895,                              0.013810893921712933,                              0.005692014032547155,                                     -0.3527021988183393,                                    -0.07832077555740562, 7807.531893877642, 0.5209094909489944,7808.0528033685905, 0.0007888233498488502
                                 0.0801121997336861,                                0.05515526861216444,                                     -0.15334599229857504,                                      -0.1782261859970941,                              -0.08959971653037337,                              -0.06177019533374996,                                    -0.09814975602159948,                                    -0.13482078798197103,                               0.01432669173332235,                              0.007837540690011344,                                     -0.3520705512582312,                                    -0.08028146300534256, 7808.948993216603, 0.5293100468046833, 7809.478303263408, 0.0032540047370735346
                                0.07655868465357421,                                0.05070225909444298,                                      -0.1524430524960875,                                      -0.1721577100857224,                              -0.09792226552246251,                              -0.06233842174348914,                                    -0.10856459586922661,                                     -0.1124448809400252,                              0.012021658489433554,                              0.005053616329071239,                                     -0.3502508301856731,                                    -0.07431078146965356,   7807.9368038743, 0.5736620032674845, 7808.510465877567, 0.0011825783797350115
                                0.06752552305424142,                                0.05071069976435455,                                     -0.14644174225069062,                                     -0.18495931645589128,                              -0.09997142218153078,                              -0.07060474105904753,                                    -0.11828757070593424,                                    -0.12627821696694055,                              0.012348429255937335,                             0.0038937360435905982,                                     -0.3317261538387779,                                    -0.10141348908363705,7807.9651625951265, 0.5713554111599203, 7808.536518006286, 0.0012165948418504673
                                0.07839073936121208,                                0.05602749181588926,                                     -0.15839502280269438,                                      -0.1695778739206937,                              -0.08881448083578429,                             -0.061086758394842205,                                     -0.0995283245596499,                                     -0.1418790659831714,                              0.014435852288180812,                              0.006885597955017614,                                     -0.3346463325148135,                                    -0.10596776048191958, 7807.951345071855, 0.5648091752526393, 7808.516154247108, 0.0011999001197843069
                                0.07177897885752146,                               0.053450230512311125,                                     -0.15579259712276386,                                       -0.172405656676668,                              -0.08799673692972257,                              -0.06401672692012386,                                    -0.09053357075035708,                                    -0.13927434114082918,                              0.012196488967192803,                              0.005280325368588801,                                    -0.33298740290252377,                                    -0.09824089440289621,7807.1431797555615, 0.5924643548246719, 7807.735644110387, 0.0005347654729706517
                                0.07608426212101577,                               0.055895347259756034,                                     -0.15110105285605724,                                     -0.18812512790758654,                              -0.08256794599106801,                               -0.0588987469640085,                                    -0.06360683062451325,                                    -0.14387625484716512,                              0.015023494281766497,                              0.006563325682738569,                                     -0.3440059010676814,                                     -0.0980653992166665, 7806.352391574834, 0.5435472276131788, 7806.895938802447,0.00024250931009323458
                                 0.0735113207656016,                               0.052784145295361545,                                     -0.14088949286007366,                                     -0.18906983672644748,                              -0.09014733519324353,                              -0.06555615388321603,                                    -0.11209564105964338,                                    -0.13118511437816305,                              0.014685391949099347,                             0.0066856901764763554,                                    -0.34787597354175087,                                     -0.1079313430431929, 7806.533303309445, 0.5040282993490764,7807.0373316087935, 0.0002906011871768068
                                0.07262178856108303,                               0.053437773985492265,                                     -0.14944218503374299,                                      -0.1825075143329328,                               -0.0950365158370669,                              -0.07097915636227652,                                      -0.129336623333962,                                     -0.1405121150390457,                              0.014112545685742689,                              0.007248875904142402,                                    -0.34313421843262476,                                    -0.10436083195159322, 7807.129266197893,0.48899072127700716, 7807.618256919171, 0.0005273765053374511
                                 0.0785655479765785,                                 0.0559813752957172,                                     -0.15868365212045285,                                      -0.1727509233284105,                              -0.08377066265650522,                              -0.05735875137440041,                                    -0.06773800847438169,                                    -0.13801514994002687,                              0.014088651426307691,                              0.006548701999037926,                                    -0.34493133283747107,                                     -0.0932974917589458,  7806.78775387334, 0.5690118460610496, 7807.356765719401,0.00037480369176808357
                                 0.0733416759166873,                                0.05524392224991587,                                     -0.15009855357638896,                                     -0.17533106727843573,                              -0.08347291169592712,                              -0.06152348905343802,                                    -0.06801915802157582,                                    -0.15122717046911827,                               0.01443036186821707,                              0.006407367908686859,                                     -0.3313809617869064,                                    -0.12461612036255804, 7807.249919551081, 0.5703046656937253,7807.8202242167745, 0.0005950039701383373
                                 0.0731292999152918,                                0.05744678969349204,                                     -0.15090672574656258,                                     -0.19394375887718124,                              -0.08711056410808805,                               -0.0644831579037326,                                    -0.09200560514657508,                                     -0.1557210224728726,                              0.013445106338304647,                              0.006213953630349114,                                     -0.3453395432676845,                                    -0.09224669648093266, 7807.192254452319, 0.4883013230075527, 7807.680555775326, 0.0005616635354646775
                                 0.0718636763773163,                                0.05506691650688966,                                      -0.1429478899424044,                                     -0.19883824566866107,                              -0.08824459547608826,                              -0.06500708836657376,                                    -0.10405001309830958,                                    -0.15257754483645494,                              0.013061888268878302,                               0.00634709143504468,                                    -0.35439050937302957,                                    -0.08523289924656192, 7806.767201098764,0.45461022865208445, 7807.221811327417, 0.0003671790580656301
                                0.06653672865718172,                                0.05328790529883859,                                      -0.1507459571558443,                                     -0.18929739120694938,                              -0.09290229601194956,                              -0.07188695037658362,                                    -0.10505931148395042,                                    -0.15556420215351216,                              0.012376996108629787,                             0.0052461344756472295,                                     -0.3374773810286173,                                    -0.10329271329600732, 7806.010051241916, 0.5022682657498102, 7806.512319507666, 0.0001722074352168459
                                0.07799506079312743,                               0.053318146077193235,                                     -0.15449312867609102,                                      -0.1721373511747698,                              -0.09604943902971222,                              -0.06468857137839193,                                     -0.1199802341779625,                                    -0.12717360521533402,                              0.013133889184673661,                              0.006512985505782054,                                    -0.34981663966628324,                                    -0.09575487811109427,  7809.15048467025, 0.5175318110819012, 7809.668016481332,  0.003980382492061849
                                0.07359349045390023,                                0.05148433310086317,                                     -0.14197341016464246,                                     -0.17577513167376776,                              -0.08406871128222758,                              -0.05709116030042807,                                    -0.07819629979938762,                                     -0.1490106467788907,                              0.014539308131388859,                              0.007392768890799095,                                     -0.3435424741499381,                                    -0.07737715277097455, 7806.605756853459, 0.5854630301010535,  7807.19121988356,0.00031243779095097625
                                0.07331219466989072,                               0.056485342711386416,                                      -0.1558147738719707,                                      -0.1826912996386348,                              -0.09535994694970909,                              -0.07119612742125522,                                    -0.12392553999923676,                                    -0.15078552261528508,                              0.012592678264253115,                              0.005957112758809752,                                     -0.3446369926900264,                                    -0.09463389018967941,   7806.9575439768,0.47380990600516093, 7807.431353882805, 0.0004441633960004113
                                 0.0695536792204629,                                 0.0544507175845419,                                     -0.14049110314352872,                                      -0.1933135175720974,                              -0.08702656679541612,                              -0.06698577901376607,                                    -0.10849017980098882,                                    -0.15677595590656312,                              0.014286500972594582,                              0.007055895398250439,                                     -0.3248552177572815,                                     -0.1359648989520659, 7807.072775374322, 0.5071673841402974,7807.5799427584625, 0.0004984104335115527
                                0.07304153085496157,                                 0.0505797996661998,                                     -0.14849362000988214,                                      -0.1769816889191091,                              -0.09026929008422582,                              -0.06203216928524155,                                    -0.08893754289185955,                                     -0.1223052097158607,                              0.013146094052219642,                              0.006978807573186099,                                     -0.3295549655898878,                                    -0.08299676343983473, 7807.651615191337, 0.6501551036481049,7808.3017702949855, 0.0008891480155009092
                                0.07160918683529283,                                0.05233664734170998,                                       -0.152988003477066,                                       -0.181669727482101,                              -0.09773926098268339,                              -0.06986163902986943,                                     -0.1185573808297452,                                    -0.15165694013467915,                               0.01126031392527252,                              0.004640572358021927,                                     -0.3536199402615856,                                    -0.10393668241170614, 7809.461642104772, 0.4413854764765489, 7809.903027581248,  0.005433238433330757
                                0.07327730830474985,                                0.05485709909382311,                                     -0.14481461874687238,                                      -0.1862628731029879,                              -0.08773113822439076,                              -0.06471605154326507,                                    -0.10413330186173046,                                      -0.159955335535046,                              0.013846303916581232,                              0.007716750204731657,                                       -0.33711604761014,                                    -0.12515397968595945, 7807.291649212114,0.48532692882793094, 7807.776976140942, 0.0006203586255111763
                                0.07171526608725906,                                0.05267764626148547,                                     -0.15832376015104963,                                     -0.17539240680288162,                               -0.0940715818525707,                              -0.06700282354293839,                                    -0.10311635598349493,                                    -0.13989030683299816,                              0.013137849844024801,                              0.006220203767657376,                                     -0.3325313772394188,                                    -0.10782181280499399, 7808.721948080717, 0.5585018367986716, 7809.280449917515, 0.0025930669576276198
                                0.07036384667493634,                                0.05341081765679659,                                     -0.15060935445919285,                                     -0.18093301924911315,                              -0.09662686009997139,                               -0.0681910820925127,                                     -0.1257695548245744,                                    -0.13938781162398214,                              0.013931124802718256,                              0.005439131933171984,                                    -0.33867396059913707,                                     -0.0879577571144512,  7807.69172443989, 0.5314482462158934, 7808.223172686106, 0.0009255359423242059
                                0.07397779807838517,                               0.052596356934237615,                                     -0.14707689599120707,                                     -0.17809945101159713,                              -0.08685082017448251,                               -0.0622497827130191,                                     -0.0796454383837432,                                    -0.13394816951861152,                              0.013159207744802365,                              0.006899087658884667,                                     -0.3590519833344755,                                    -0.09087999964208145, 7808.449445559565, 0.5219452453863855, 7808.971390804952,  0.001974546610167029
                                 0.0701523606852964,                               0.050596446939692924,                                     -0.14486349721182679,                                     -0.17726923939596667,                              -0.08892057424848199,                              -0.06453073225313302,                                     -0.0853802823498159,                                     -0.1442051939334053,                              0.012828790691019137,                             0.0059054423465541295,                                     -0.3428600264729994,                                     -0.1163764053267121, 7806.301370116648, 0.5398498272048705,7806.8412199438535, 0.0002304464797707782
                                0.07077931432209589,                                0.05414395015657622,                                     -0.14266206966966963,                                      -0.1867261433441042,                              -0.08673856051875245,                              -0.06472551485921545,                                    -0.09401725137672895,                                    -0.13464384706065222,                              0.014271453195544653,                               0.00561051574318705,                                     -0.3404102240968131,                                     -0.1005480542840903, 7807.870251742985,  0.558821229279987, 7808.429072972264, 0.0011064370534895776
                                0.07107164002941449,                               0.056515426322309964,                                     -0.15328492555592244,                                     -0.18954147266379875,                              -0.08782239113899029,                              -0.06894910612384683,                                    -0.10717649399948752,                                    -0.15262501001377846,                              0.012968629098425513,                              0.006616656974318097,                                     -0.3330521723086683,                                    -0.11416293968328703, 7806.363669685792, 0.5033545661780745,  7806.86702425197,0.00024525983822706003
                                0.07267915877683273,                                0.05528716223297217,                                     -0.14529282305051053,                                     -0.18787446174495712,                              -0.09049235371959877,                              -0.06549361609672073,                                    -0.09266806029269002,                                    -0.14259869360448682,                              0.014115122574502065,                              0.005675810313773663,                                    -0.34946786757140125,                                    -0.08095804137722089, 7807.862502026627, 0.5264089524893445, 7808.388910979116,  0.001097895619750508
                                0.07077515791008124,                                0.04851798907274413,                                     -0.14270747098960132,                                     -0.17830965711256186,                              -0.09752973413885226,                              -0.06435600621599757,                                    -0.10769196505267858,                                    -0.13773630547958876,                               0.01150859651257223,                              0.004873268917250526,                                    -0.35063812573936776,                                     -0.0822120418421119, 7806.689038677428, 0.5351647815160748,7807.2242034589435, 0.0003395724085985886
                                0.06729405598664803,                                0.05223225784876981,                                     -0.15250784991951866,                                        -0.17616949323575,                              -0.09266026317381641,                              -0.06831856078228456,                                     -0.1056508303574916,                                    -0.15442929161478658,                              0.012036503539704313,                              0.004824076530550281,                                    -0.32778277286860863,                                    -0.11327227728091946, 7807.253516850316, 0.5510399295052972, 7807.804556779822, 0.0005971482319285439
                                0.07451053738353672,                                0.05108217656009992,                                     -0.15741239673697016,                                      -0.1758269998387951,                               -0.0980204939246237,                              -0.06438929126093051,                                     -0.1144187060172027,                                      -0.132125032108112,                              0.011882064906157924,                              0.005687654080473739,                                    -0.33996276746237486,                                    -0.07643128455177955, 7808.487591277017, 0.5616960864708835, 7809.049287363488, 0.0020513221264103353
                                0.07422730746932513,                               0.054380528849500925,                                     -0.14386498574545195,                                     -0.17280574798338164,                               -0.0869762188238654,                              -0.06159616525133769,                                    -0.08408623822485514,                                    -0.14610061355098375,                               0.01211643186945524,                              0.006147904213912286,                                    -0.34195385862231803,                                    -0.09321259138069894, 7808.159742561165, 0.5787128165648168,  7808.73845537773, 0.0014779201703523307
                                 0.0771143924809787,                                0.05344127502911247,                                     -0.14623667876714325,                                     -0.18036197301785187,                              -0.08718446199299346,                              -0.05711670409549457,                                    -0.08090687084208166,                                    -0.12325956841823185,                              0.015209532385991764,                              0.006695106128800865,                                    -0.34632624288366315,                                    -0.08515142569992591, 7807.386343036429,  0.588428326145519, 7807.974771362575, 0.0006819740200659311
                                0.07643578623370456,                                0.05381658060161751,                                     -0.15675214197103543,                                     -0.18834767245078646,                               -0.0927762468298297,                              -0.06426084926760074,                                     -0.1141289942483121,                                    -0.13754310312162052,                              0.013901759282289317,                              0.006771983372526422,                                    -0.33869305243343645,                                    -0.09442783015109697, 7806.876868992815, 0.5174720547242508, 7807.394341047539, 0.0004097378314803634
                                0.07034338275620583,                               0.055571461581109566,                                     -0.14157319485297576,                                     -0.18382263412191668,                              -0.08958524071819368,                              -0.06850942061504711,                                     -0.1182272670279268,                                    -0.14253362404101177,                              0.015464424455031406,                              0.006782151625645022,                                      -0.336525135257326,                                    -0.12663318930294426, 7805.826910809342, 0.5075099929895988, 7806.334420802332,0.00014338873036729157
                                 0.0735669508877127,                                0.05434695677303511,                                     -0.14821030561140888,                                     -0.18855321358160607,                              -0.08369313816073332,                              -0.05774193850741214,                                    -0.06056215853206221,                                     -0.1410838087977598,                              0.014416054804241282,                              0.006897939385259802,                                     -0.3348580712261114,                                    -0.08862169112173326, 7807.669613475009, 0.5982745766878313, 7808.267888051697, 0.0005864637071766249
                                0.06980144172255348,                                0.05247208400448211,                                      -0.1484660478165297,                                      -0.1885516418759972,                              -0.09817897681115595,                              -0.07343166736415851,                                    -0.11875207033124063,                                     -0.1338224638533046,                              0.012260686313532207,                              0.004345624989448266,                                     -0.3342978631144092,                                     -0.1326809078562296,7806.9496803281145,0.49889167421193137, 7807.448572002327,0.00028548161720156706
                                 0.0723329758147358,                                0.05351164946147988,                                     -0.14472922633095986,                                      -0.1801308516608206,                              -0.09164309108969368,                             -0.061425392389044015,                                    -0.10302834908800007,                                     -0.1334573846659264,                               0.01360876112407676,                              0.006066066999254646,                                    -0.33604760690795993,                                    -0.09403765211124285, 7808.116114780241, 0.5842984442413331, 7808.700413224483, 0.0009165458479452966
                                0.07051961426794415,                                0.05417155808989388,                                     -0.14419218083015228,                                     -0.18876939208370294,                              -0.08619769418507744,                               -0.0666993758481162,                                    -0.09704403406793188,                                     -0.1584610171649248,                              0.014671365470738301,                              0.006519435993471934,                                    -0.33402901848241656,                                    -0.12415460861592842, 7807.633200116872, 0.5045651225580718,  7808.13776523943, 0.0005654927232713829
                                0.07270426922157844,                                0.05177625767046043,                                     -0.14040215093719607,                                     -0.18731276381594245,                               -0.0794932696632773,                              -0.05464006017757461,                                    -0.06551684299156961,                                    -0.14889507362893284,                               0.01457030773551933,                              0.007601883517447755,                                    -0.33743810596211593,                                    -0.08979669971629689,  7807.72168585703, 0.5865290178929777, 7808.308214874923, 0.0006178113598207253
                                0.07158227004668541,                               0.054334501901335874,                                     -0.13980459061255723,                                     -0.18049045502657032,                              -0.09323373050062762,                              -0.06839873899291593,                                    -0.12071805839831375,                                     -0.1501354371846457,                              0.012359926211877467,                             0.0052350590348995835,                                    -0.34152630511455256,                                    -0.10798488261346867, 7807.549466885506, 0.5068200111461719, 7808.056286896653, 0.0005200704048377347
                                0.07373942275995796,                               0.050534384620443545,                                     -0.14237340142277066,                                      -0.1767773672920941,                              -0.08583431133472141,                              -0.05912996978470961,                                     -0.0904587688923787,                                    -0.14372650667033446,                                0.0129367451858092,                              0.007379371684041791,                                     -0.3338548729926776,                                    -0.09789869034035785,7806.8959426250185, 0.5964468366598364, 7807.492389461679, 0.0002705454038687503
                                0.07498860418747089,                                 0.0575319105949946,                                     -0.14930931808852374,                                      -0.1844974233454466,                              -0.08410229513253602,                              -0.06378340188158912,                                    -0.09475876938578705,                                      -0.143527739669236,                              0.014963613670712708,                              0.008248623184187356,                                    -0.33984069830262187,                                     -0.1302988136240928, 7808.181297956532, 0.5021260656932399, 7808.683424022225,  0.000978279354068662
                                0.06849365549106606,                                0.05091887011104865,                                      -0.1438091463844781,                                     -0.18016954535552562,                              -0.08852812593415506,                              -0.06457672681233777,                                    -0.08831168751153091,                                     -0.1494917043537774,                              0.013076478581900822,                              0.006609003088657056,                                    -0.34080450312463334,                                    -0.09662589451996977, 7807.202936840478, 0.5555058259871527, 7807.758442666465, 0.0003677613238660504
                                0.07239795447256578,                                0.05036148136369126,                                     -0.14765214018308626,                                     -0.17720973033369014,                              -0.09080087239543601,                              -0.06503739603605906,                                    -0.09682793675056638,                                    -0.14970668855216765,                              0.011268535530612939,                              0.006080140344077362,                                    -0.34011266786726807,                                    -0.07908991061130484,  7807.58198207733, 0.5657786402009629, 7808.147760717531, 0.0005372585168933919
                                0.07089697901282041,                               0.052513243626949785,                                     -0.14870819870819213,                                     -0.18430670101454685,                              -0.09591296768640808,                              -0.06945187836120463,                                    -0.10997806529889882,                                    -0.13119007637694802,                              0.011887610790991904,                              0.004254270314645564,                                     -0.3344455874715436,                                    -0.12970261872621616, 7807.672560211229, 0.5261025629248742, 7808.198662774154, 0.0005881944097339544
                                0.07376574147065404,                                0.05377253468205609,                                     -0.15059115243451385,                                       -0.172798717320503,                              -0.09282241457335463,                              -0.06300410611865137,                                    -0.10218595155358275,                                    -0.12221959440097627,                               0.01298669377919015,                              0.004792702264221932,                                    -0.34788001255923123,                                    -0.11012084424337322, 7807.279155734977, 0.5427799315221107,7807.8219356664995,0.00039688757167250627
                                0.06930424548663658,                               0.055251965414412185,                                     -0.14306665977361785,                                     -0.18524479749490824,                              -0.09350321541319716,                              -0.07305825623348719,                                    -0.13476740746598675,                                    -0.15911491023090857,                              0.013834161098049622,                              0.006113486593568945,                                    -0.33077648423382494,                                     -0.1364073250543597, 7808.021063789274, 0.4582257068750101, 7808.479289496149,  0.000833439488351603
                                0.07696183350736965,                                0.05178797385509745,                                       -0.150135877451871,                                         -0.1845265594506,                              -0.08675233442360382,                              -0.05607951689943233,                                    -0.06866912867302694,                                    -0.12956004743003383,                              0.013641427226013095,                               0.00663772923134473,                                    -0.33817713135477495,                                    -0.08297996814511897, 7807.488280694626, 0.6079035875014803, 7808.096184282128, 0.0004892032295310595
                                0.07446081516997693,                                0.05729316010535876,                                     -0.15348452746772137,                                     -0.17952174993235576,                              -0.08292104219378257,                              -0.06186680529704784,                                    -0.07702438802582492,                                    -0.14496457464128493,                               0.01407024616408907,                              0.006990309273379472,                                    -0.32704760502275304,                                    -0.12286299852995403, 7808.788292979429, 0.5776426973185772,7809.3659356767475, 0.0017950538316532471
                                0.07553759386202391,                               0.055345543781702006,                                     -0.15258135757703367,                                     -0.17267308374511917,                              -0.08261199127482804,                                -0.057384353996599,                                    -0.07855880505690689,                                    -0.13192609301209035,                              0.014216486186542629,                              0.007009202389299585,                                    -0.33477306474440355,                                    -0.10727429094834379,7808.1290119587575, 0.6028353234574813, 7808.731847282215, 0.0009284432599731366
                                0.07502645180032017,                                 0.0524771352007736,                                      -0.1494936908058433,                                      -0.1752459191042973,                              -0.08151663326404937,                              -0.05582688839677555,                                    -0.06378756809176576,                                    -0.14025414488349908,                               0.01357007757769757,                              0.007347696611274074,                                    -0.34865441315200557,                                    -0.06417737708924307, 7806.817320115493, 0.5904776150262779,  7807.40779773052, 0.0002500891430026624
                                0.07385938077399432,                               0.051194733816126686,                                      -0.1466490231868153,                                     -0.18402131894084106,                               -0.0933468421268907,                              -0.06536495723149985,                                    -0.09073862580886578,                                    -0.13484370056804815,                              0.012088358303747479,                              0.006054149811087123,                                    -0.35317042128950327,                                    -0.09946246039586698, 7807.795982575242, 0.5130886104107513, 7808.309071185653, 0.0006654609018457129
                                0.07539197825770325,                                0.05666101294821657,                                     -0.14789780130420233,                                     -0.19436684462264883,                              -0.08617374647737741,                               -0.0664036114000682,                                     -0.1019601752691313,                                     -0.1567064870624755,                              0.013646680587662857,                              0.007780188009345615,                                    -0.35146349560807666,                                    -0.09095962871788311, 7808.362951763695, 0.4575494880532269, 7808.820501251747, 0.0011731515917331743
                                0.07249025170058584,                                0.05323969581893892,                                     -0.14852201842535556,                                     -0.17185339915891165,                              -0.09448758188020115,                              -0.06509032913714893,                                    -0.08881823225510692,                                    -0.13938461514570383,                              0.012015804893044504,                              0.005535156184899304,                                     -0.3418682997645122,                                    -0.11152347510693471,7807.7799042339275, 0.5585757279723507,   7808.3384799619, 0.0006548469503543268
                                0.07423798483413938,                                0.05233051804455727,                                     -0.14818481857181362,                                     -0.17320086931294437,                              -0.09440147733245101,                              -0.06654940005449281,                                    -0.10358474682205844,                                    -0.13008079756349147,                               0.01294700332492145,                              0.006170575956247301,                                    -0.35522659922612415,                                    -0.07803044154157665,  7808.64780957201, 0.5382299952160264,7809.1860395672265, 0.0015597906348906122
                                0.07240548589045231,                                0.05359204075803331,                                     -0.14704670871845382,                                     -0.19629307031661275,                              -0.09150667318157409,                              -0.06805474838444683,                                     -0.1122326609593188,                                    -0.14534996801896355,                               0.01427804906961469,                              0.006599362338942941,                                    -0.35526628595126886,                                    -0.10652350773614926, 7807.229306787347,0.42959056653490424, 7807.658897353882,0.00037758816767352805
                                0.07511321575760946,                               0.055753789327755654,                                     -0.14784794201267604,                                     -0.18282477317202386,                              -0.08974010255242329,                              -0.06671570421043191,                                    -0.10864105406230402,                                    -0.14697374524258452,                              0.012827007040621757,                              0.007029016072902072,                                     -0.3415826191675035,                                     -0.0863978825034667, 7808.114169671368, 0.5329601617726654,  7808.64712983314, 0.0009147647992116319
                                0.07315859545932343,                                0.05483802783102512,                                     -0.13681409981458165,                                      -0.1999228173584995,                              -0.08212354582282338,                             -0.060179988697835744,                                    -0.08650498979654682,                                    -0.13871946535767088,                              0.014772026723940138,                              0.006886767663923599,                                    -0.34485239952916685,                                    -0.09326449762437405, 7808.068532471632, 0.5318294604615362, 7808.600361932094, 0.0008739557826615989
                                0.07445948724443088,                               0.052165402050826176,                                     -0.15317695969021006,                                     -0.17959093824758726,                               -0.0947488680585762,                              -0.06859797373752408,                                     -0.1048465999655995,                                     -0.1405136526883658,                              0.012634105027252776,                             0.0061363951346608825,                                    -0.34108609538712004,                                    -0.10204645027484589, 7808.885461542057, 0.5308777573433017,7809.4163392994005,  0.001978232113517011
                                0.07197644920485333,                                0.05098976960272775,                                     -0.14426242024825528,                                     -0.18242222375994807,                              -0.09540117277098119,                              -0.06771552967492078,                                    -0.12014920642975951,                                     -0.1415930477001443,                              0.012463339598906262,                             0.0057433385924185315,                                    -0.34351846308423795,                                    -0.11468808500162805, 7808.440839010386,0.49462196165254346,7808.9354609720385, 0.0012681777685770398
                                0.07537401132694935,                               0.054674363850203966,                                     -0.14511572591082822,                                      -0.1848908170802251,                               -0.0959510771427242,                              -0.06555805693834155,                                    -0.10991113413279698,                                      -0.130354912088359,                              0.013814782680180021,                             0.0052923402665252944,                                    -0.35636175531964503,                                    -0.10436656569338548, 7807.535087498229,0.48090028694671605, 7808.015987785176, 0.0005126456209293773
                                0.07297917343201935,                                0.05634453371979464,                                     -0.14643243347150325,                                      -0.1913622845788809,                               -0.0933514268152039,                              -0.06662878139063802,                                    -0.10687989023144717,                                    -0.14157523383607984,                              0.014851951581702008,                              0.006312535158377458,                                    -0.35171441577707646,                                     -0.1027353256754234, 7806.989292357991, 0.4720986904909624, 7807.461391048482, 0.0002970170869048456
                                 0.0762030836691728,                                0.05327170969021866,                                      -0.1564428565603677,                                     -0.17469121300357712,                               -0.0937239711332784,                              -0.06618426002084273,                                    -0.10341565606482862,                                     -0.1400131329560938,                               0.01320001250779472,                              0.005824377193347677,                                     -0.3448762953970209,                                    -0.09455636330128568, 7808.122969560427, 0.5310764080122994, 7808.654045968439, 0.0009228501508829515
                                0.07562803397541554,                               0.055052177936418645,                                     -0.15091347301275104,                                      -0.1710848799343103,                              -0.09355746447062992,                              -0.06549527071575295,                                    -0.09036699967748194,                                     -0.1384754740800707,                              0.012915939095779413,                              0.005879834588871785,                                    -0.35700300475114893,                                    -0.10641500327369906, 7808.003570644869, 0.5033462146904014, 7808.506916859559, 0.0008189867911425104
                                0.06882496905847066,                                 0.0494441742970996,                                     -0.14409267583269963,                                     -0.18505299850324472,                              -0.09320083778348133,                              -0.06394854579138612,                                    -0.08401732391752752,                                    -0.12922132652272894,                              0.012703435800050109,                              0.004975265170001714,                                     -0.3410632352395669,                                     -0.0939508749508435, 7806.857502948918, 0.5824939457352528, 7807.439996894654,0.00026034306960974045
                                0.07000094020271241,                                 0.0489891372963312,                                     -0.14399413608445472,                                     -0.17581476051333045,                              -0.09989344191413743,                              -0.06776571823253758,                                     -0.1131389910875446,                                    -0.12565912353684058,                              0.011935695962854959,                              0.005139592146668745,                                    -0.33038724138366043,                                    -0.09699140884121188, 7808.935775190325, 0.6109185025952758, 7809.546693692921,  0.002080310626374274
                                0.07410853250976376,                               0.053492828080260624,                                      -0.1451780220316218,                                     -0.18969349024086626,                               -0.0836079764760351,                             -0.057946456425359394,                                    -0.07613772382023441,                                    -0.15012278440757065,                               0.01498066103800802,                              0.008238580384856947,                                    -0.33920429868649166,                                    -0.09355279348208083, 7808.551390226483,  0.553102321530006, 7809.104492548013, 0.0014164195706305477
                                0.07235044402649835,                               0.050584793407626866,                                      -0.1513434805213989,                                     -0.16850248974366488,                              -0.09201970989612142,                              -0.06272491983136233,                                    -0.08066537993235956,                                     -0.1298859285492582,                              0.011125175231409795,                              0.004948446154676517,                                     -0.3403225523482872,                                    -0.10773033643602836, 7807.766235745992, 0.5925762215129341, 7808.358811967505, 0.0006459570766851129
                                0.06971939782707434,                               0.052320752978339075,                                      -0.1416160685965014,                                     -0.18370866799572108,                              -0.09088753196147692,                              -0.06536528528407257,                                     -0.0903543581151445,                                    -0.14239629919654598,                              0.012933261782062028,                              0.004769913509665671,                                     -0.3269244990787327,                                    -0.12331186826077756, 7807.629257179247, 0.5801896356115208, 7808.209446814859, 0.0005632674107535368
                                0.07608551733660107,                                0.04925027109988417,                                     -0.14875034586299607,                                     -0.16107285509442068,                               -0.0931936605076303,                              -0.05898073636977724,                                    -0.08254059705897863,                                    -0.13236082126910947,                                0.0116520458171165,                             0.0060848145772485485,                                     -0.3382446455557621,                                     -0.0814475149148778, 7807.209707643848, 0.6406531991845172, 7807.850360843032,0.00037025981231881606
                                0.07174168157643085,                                0.05302797101322876,                                     -0.14882121147817265,                                     -0.17575049971848855,                              -0.09001351145724004,                              -0.06533469354123678,                                    -0.10068123781898501,                                    -0.13705657911482663,                              0.013756491436100401,                              0.005234392493423945,                                     -0.3268305345588805,                                    -0.12044477968698453, 7807.115013816767, 0.5860101614457752, 7807.701023978213, 0.0003368073575510099
                                0.07025272587561807,                                0.05256439414632186,                                     -0.14770921543902082,                                     -0.18035731834806587,                              -0.09881523752919252,                              -0.07360638865651419,                                    -0.14567502103265087,                                    -0.15290974882472286,                              0.012258521019495344,                              0.005495342721646562,                                    -0.32734949093080623,                                    -0.10903255559829732, 7807.629675715612, 0.5042723108883722, 7808.133948026501, 0.0005635032079895916
                                0.06877120117167992,                                0.05272564416104081,                                      -0.1523127826740908,                                     -0.18260502970854262,                              -0.09216157293194037,                               -0.0696532922349673,                                    -0.10442649446871437,                                    -0.15154170838067613,                              0.012274034074105947,                              0.005367611203137376,                                    -0.33299789618993153,                                    -0.13048050369390077, 7808.157797855616,  0.502432541782251, 7808.660230397399, 0.0009555577165790935
                                0.07475332978266214,                                 0.0503604344501985,                                     -0.14832324555081214,                                      -0.1663057544672427,                              -0.09410011392108833,                              -0.06385177233364209,                                    -0.09920455815965169,                                    -0.13350670892387184,                              0.012432243195135667,                              0.006205707708503996,                                     -0.3331639829587107,                                    -0.10202108745213247,  7808.51941662273, 0.6113036908104016,  7809.13072031354, 0.0013718478882996676
                                0.07310880571439685,                                0.05489568827366906,                                     -0.14355404512646214,                                     -0.19628187304006833,                              -0.08728544191445951,                              -0.06627024622695118,                                    -0.09733631050532483,                                     -0.1545413314594699,                              0.015060089719428987,                              0.007796965190407734,                                    -0.34433210461761754,                                    -0.11489820343849699, 7807.994784987678,0.46947926414747665, 7808.464264251826, 0.0008118229694722724
                                  0.070487720566348,                                0.05233956580762486,                                      -0.1454138815011631,                                     -0.17799484338112098,                              -0.09351880892391827,                               -0.0688680440998069,                                     -0.1238381022804448,                                    -0.15056507122175167,                              0.012999149962671638,                              0.005475175428075324,                                    -0.34508161814250987,                                    -0.10412998004195394, 7807.868307445417, 0.4889262645741814,  7808.35723370999, 0.0007153734801948035
                                0.07011234863421939,                                 0.0540043143984161,                                     -0.14245900654201576,                                     -0.17675536654704846,                              -0.09103899317235768,                              -0.06833196969087793,                                    -0.09566221703115944,                                    -0.14550830729455652,                              0.013473273452865892,                              0.005519754283405648,                                    -0.33382412874500067,                                    -0.12515208836599917, 7807.778075148628,  0.554453507982153,7808.3325286566105,  0.000653650274169046
                                0.07008606678435678,                                0.05336619516238844,                                       -0.142379121741665,                                      -0.1840504976892319,                               -0.0807707828542838,                              -0.05902972204357081,                                    -0.06269513264188545,                                    -0.14843045888566844,                              0.014492216146566997,                             0.0069302955824472046,                                     -0.3274491715908943,                                    -0.12197073119705902, 7808.416558564171, 0.5919760053599824, 7809.008534569532, 0.0012377566600446361
                                0.07155417768066552,                                 0.0550389255197796,                                     -0.15555736506851423,                                      -0.1780839858198311,                              -0.09745070153757432,                              -0.07014564207250189,                                    -0.12860683869166484,                                    -0.13748528459164241,                              0.013963250220154544,                              0.005545698159296772,                                     -0.3469354433975756,                                    -0.11462599168976305, 7806.972589353925, 0.4661496604016716,7807.4387390143265, 0.0002920972120223817
                                0.06931623096929204,                               0.050834672614832405,                                     -0.14625131916242343,                                     -0.18646398182814203,                              -0.09198099465908816,                              -0.06869618787221185,                                    -0.10217037426967794,                                    -0.14807410714569524,                              0.011903991054684565,                               0.00532645874798976,                                     -0.3326347556266194,                                    -0.09157420347384004, 7808.054681648421, 0.5622748563593101,  7808.61695650478, 0.0008619342220661802
                                0.07063878108484092,                                0.05427687580639884,                                     -0.14395363088401825,                                      -0.1788468749826265,                              -0.08902751530986558,                              -0.06900077771845979,                                    -0.10416959798935298,                                     -0.1451589466075933,                              0.013748762757593139,                              0.006363251515958762,                                    -0.33259130162435474,                                    -0.12482243204601726, 7808.474189501665, 0.5440849448854583,  7809.01827444655, 0.0013111852950510382
                                0.07415573583530088,                                0.05600929988374878,                                     -0.14992510733783182,                                     -0.17913667827809018,                              -0.09262373674150266,                              -0.06909612767231986,                                    -0.11797956978401683,                                    -0.14219151326880577,                              0.013648252122834534,                              0.005322548661636908,                                    -0.33641759538169536,                                    -0.13142133191651184, 7807.336601324023,0.49783735214836333, 7807.834438676171,0.00042035459750432413
                                0.07047054449811682,                               0.054025320875723426,                                     -0.15020207030398278,                                      -0.1809767202458485,                              -0.09211193012641812,                              -0.06966129960237466,                                    -0.09955725925632612,                                    -0.15620827544160998,                              0.012791809391858977,                              0.006358320534454426,                                    -0.33518842252742537,                                     -0.1302926024508743, 7807.798391575092,  0.498949065373418, 7808.297340640465, 0.0006670659295377391
                                0.07263937698250425,                                0.05722035462068828,                                     -0.14229121068613915,                                     -0.19943317813362405,                              -0.08393792147814154,                              -0.06523972707651866,                                    -0.08750906446996222,                                    -0.15131198638169693,                               0.01369713408914068,                              0.006040387523248536,                                     -0.3409688839407998,                                    -0.10412257492019483, 7808.118755869622, 0.5060519767147024, 7808.624807846337, 0.0009189697268826767
                                0.07676819869739615,                               0.056007385010174465,                                      -0.1503567172959729,                                     -0.17531281631616116,                              -0.07996131422458223,                             -0.057973850751656036,                                    -0.08253846091742911,                                    -0.15103786138877914,                              0.014178077221554702,                              0.008409092115272923,                                     -0.3332714320363167,                                    -0.11374882595799532,  7808.74173526535, 0.5654932170893429, 7809.307228482439, 0.0017133958820934104
                                0.07518249124649445,                                0.05333796289994794,                                     -0.14073704542876794,                                      -0.1764288527055233,                              -0.08738514281248845,                              -0.05833782600978071,                                     -0.0955005890969717,                                    -0.13713920392401815,                              0.013598156307168346,                              0.006971094294484309,                                     -0.3330851827080095,                                    -0.09664055031193773, 7808.574768466438, 0.6089859238926103, 7809.183754390331,  0.001449923067718793
                                0.06939074797906616,                                0.05029889230174095,                                     -0.14341789585465464,                                     -0.18056380110462675,                                -0.098263765200612,                              -0.06680382225411163,                                    -0.11961211298172761,                                     -0.1287466545111463,                              0.012578248221726485,                              0.004726743581207948,                                    -0.34802079601102603,                                    -0.09124499454844515, 7808.272103879861, 0.5292517765105151, 7808.801355656371, 0.0010712711260851986
                                0.07502453225633268,                                0.05662308346622455,                                     -0.14690726143460492,                                     -0.19560464856733714,                              -0.08057072381290922,                              -0.06008684245097588,                                    -0.08565059846889071,                                    -0.14539770271799995,                              0.015455793290648986,                              0.008384035340919582,                                    -0.33445937248342333,                                    -0.09826281331963681, 7808.811959301558, 0.5495893872114865, 7809.361548688769,   0.00183804284329684
                                0.07252875660862662,                                0.05044605406613964,                                     -0.14456843232521704,                                     -0.18628646749649377,                              -0.08914429860004072,                              -0.06244832229168451,                                    -0.08876605494735432,                                     -0.1352210727390063,                              0.011794471174399718,                              0.005592066399847148,                                     -0.3416217782984969,                                     -0.0896325465873085, 7808.405843208862, 0.5680995420123871, 7808.973942750875, 0.0012245644634091184
                                0.07403082583487966,                                0.05384219869905282,                                       -0.139865332137555,                                     -0.18173627102189932,                              -0.08522978884795751,                              -0.06181307636719557,                                    -0.09536298976369197,                                      -0.137284517972524,                              0.013330997639133743,                              0.007299041513635696,                                     -0.3435227830302826,                                    -0.08124440796473988, 7808.201354533156, 0.5756894593430926, 7808.777043992499, 0.0009980983753800482
                                 0.0737936511731665,                                0.05084852927766012,                                      -0.1527501733813418,                                     -0.17722363525581394,                              -0.09067982798966155,                              -0.06516058066277505,                                    -0.09244772355061281,                                     -0.1436339763410383,                              0.012640439690868768,                             0.0063106765910075635,                                     -0.3417456757472202,                                    -0.09460722127014899, 7807.512110653348,   0.55058563710974, 7808.062696290458, 0.0005010009334069828
                                0.07275072037868233,                                0.05139623020499348,                                     -0.14989893243916536,                                     -0.17275570945951366,                              -0.09520163285760222,                              -0.06235463728743681,                                    -0.08885346050879925,                                    -0.12274467680987122,                              0.011702987382517155,                              0.004196989687338573,                                    -0.34032654018104663,                                    -0.09489987106770283, 7808.539754210902, 0.6036701293977917,   7809.1434243403,  0.001400033608973965
                                0.07368211581638848,                               0.056864826706739396,                                     -0.15408581653909642,                                     -0.19240030267643046,                               -0.0875082835922738,                              -0.06528048703034654,                                    -0.09895316363449112,                                    -0.14427392561044344,                              0.014326146353056332,                             0.0064119097468082475,                                     -0.3525741224661394,                                    -0.12340577782853063, 7807.624640953247, 0.4325537423979072, 7808.057194695645, 0.0005606732333480984
                                 0.0696984947009707,                                0.05524172724260126,                                      -0.1456056434628671,                                     -0.19409276897244812,                              -0.09573437699107616,                              -0.07401690984226578,                                     -0.1322724962552857,                                    -0.15300749412209194,                              0.013920187544046739,                              0.005734282502086879,                                    -0.34917994949643205,                                    -0.13450494233169097, 7807.101177457536, 0.3831425080996884, 7807.484319965636, 0.0003321792617933769
                                0.07167775841257037,                                0.05330472116369522,                                     -0.15058729043597985,                                     -0.17396180439577358,                              -0.09041842166057978,                              -0.06651078290984314,                                    -0.08999499262933583,                                    -0.13676601235366506,                               0.01311913999866239,                             0.0059929684708362185,                                     -0.3349836445130684,                                     -0.1090808992115371, 7809.930882763387, 0.5828234115092477, 7810.513706174896,  0.005627272098905868
                                0.07373222956698439,                                0.05678494599964429,                                     -0.15131655362492263,                                     -0.19045293111201195,                              -0.09098647094668429,                              -0.07080500509283685,                                    -0.11532775704262553,                                     -0.1582149060360966,                              0.014506054773090596,                              0.007492326400120292,                                     -0.3412664335101714,                                    -0.12574340457439112, 7807.406627741613, 0.4388251786521926, 7807.845452920265,0.00045084565494967973
                                0.07242469797260787,                                0.05152727086869488,                                     -0.14592970686745108,                                       -0.176653952148983,                              -0.09012649532170929,                             -0.062225980216436924,                                     -0.0814265436255948,                                     -0.1252295132249649,                               0.01231307436094968,                              0.005037022508733016,                                    -0.33021331518158975,                                     -0.1066475677609412, 7808.748113661095, 0.6307490701138448, 7809.378862731209, 0.0017243595271601647
                                0.07050843354165301,                                0.05447246626695543,                                     -0.14965448435106304,                                     -0.17858943763123358,                              -0.09463122566419024,                              -0.07213731599822364,                                    -0.12335145917589618,                                    -0.16284455948250945,                              0.013147684537658619,                              0.005826972534211383,                                      -0.338009858194419,                                    -0.12110702904299257, 7809.122949690702,0.46567788513750474, 7809.588627575839,  0.002508516951497905
                                0.07026741620545757,                                0.05441972743986498,                                      -0.1407254379451869,                                     -0.18521915821458274,                              -0.08721703096583479,                              -0.06353044988510609,                                    -0.09729729264167992,                                    -0.13643511210817827,                              0.015256468734719753,                              0.006552971233513033,                                     -0.3391097453996243,                                    -0.11298652459356576, 7808.049887497189, 0.5489539911555276, 7808.598841488345, 0.0008578118685422327
                                0.07380434977814423,                                0.05307158017719388,                                     -0.14938378759289175,                                     -0.16942757367361802,                               -0.0927265930670884,                              -0.06630943737338064,                                    -0.10782614015536983,                                    -0.14481615585782906,                              0.014138344620044402,                              0.007023766316703095,                                     -0.3335106460365221,                                    -0.12356357801262983, 7807.461595746552, 0.5480414330718164,7808.0096371796235,0.00047632150522485694
                                0.07526911817775284,                               0.051078813153500574,                                     -0.14893218031499164,                                         -0.1634724091677,                              -0.09768537539482952,                              -0.06307708599723125,                                    -0.10354722026010516,                                    -0.12212616550442204,                              0.013145624734139466,                              0.005666584927732421,                                     -0.3446128201501656,                                    -0.09862521754658607, 7809.020664986598, 0.5874355646324523, 7809.608100551231,  0.002264620099638795
                                0.07533204705662813,                                0.05332482864055124,                                      -0.1538144033842057,                                     -0.18510924286960087,                              -0.08964303450330306,                              -0.06258197319997161,                                    -0.07460201943310833,                                    -0.13832066075174276,                              0.012892246926825696,                              0.005805356234970277,                                    -0.34470576774021155,                                    -0.08914916534690502, 7808.917934992519, 0.5520676223598301,7809.4700026148785,  0.002043526566362497
                                0.07602213201567518,                                0.05824895698675678,                                     -0.14794123750450044,                                     -0.19151740119433686,                              -0.08708032116773094,                              -0.06626771752094143,                                    -0.11150058691036996,                                    -0.14947455891175343,                              0.014796278177130112,                               0.00787631835501476,                                     -0.3452268357032087,                                    -0.12857302155948658, 7808.486848650386,0.44283912043487905,  7808.92968777082,  0.001327889290811599
                                0.07214168730880224,                                  0.054000804292163,                                     -0.14397577348517512,                                     -0.17676511813378779,                              -0.08794452053825925,                              -0.06270556584339079,                                    -0.09333230064168231,                                    -0.13825935633259245,                              0.014692366907778864,                               0.00644675027392487,                                     -0.3372368861228557,                                    -0.08824005158498062, 7808.613290588188, 0.5969314368724558,  7809.21022202506,  0.001506866938353788
                                0.07250697308158979,                                0.05267230358367461,                                      -0.1469920468304729,                                     -0.16589769797664325,                              -0.09553974670247482,                               -0.0649699328847842,                                     -0.1143580493169095,                                     -0.1398340107786949,                              0.013569982990557491,                              0.006176655334647757,                                    -0.34260505252148943,                                    -0.10389177712130408, 7807.522383665968, 0.5490690866256608, 7808.071452752593, 0.0005061742495927567
                                0.07190340038065302,                                0.05364175118282352,                                     -0.15604893621007057,                                      -0.1818914341322763,                              -0.09422523337983038,                               -0.0716320014586718,                                     -0.1133895531408595,                                     -0.1542421005710066,                              0.012433096324277138,                              0.005538688158645583,                                    -0.33510562684272827,                                    -0.12974428245291672, 7808.152225532892,0.47528466874871833, 7808.627510201641,  0.000950247848489627
                                0.07123583195000441,                                0.05370523607514893,                                      -0.1429290452937417,                                     -0.18472588942830265,                              -0.09296307568559815,                              -0.06816678298978182,                                    -0.10542693463030495,                                    -0.13540495287188511,                              0.011978678955752803,                              0.004509949822338127,                                    -0.35047880942591353,                                    -0.10408781586352422, 7807.754201483624, 0.5060711428299879, 7808.260272626453, 0.0006382300475477777
                                0.07108555643741249,                                0.05505708810923993,                                      -0.1442119544629246,                                      -0.2028299850712098,                              -0.08555391065449966,                              -0.06785450947614655,                                    -0.09949522180748262,                                     -0.1564502708882282,                              0.013471626246270116,                              0.006930526686111188,                                     -0.3422991225176551,                                    -0.11116749593656436,7807.8552978126245,   0.46069001384441, 7808.315987826469, 0.0007061270109070933
                                0.06817818284835922,                                0.05126977792640561,                                     -0.14827979638256672,                                     -0.17655594335642472,                               -0.0974157613142989,                               -0.0690337548179461,                                    -0.11610315668983914,                                    -0.13623604850038276,                              0.011967009102859458,                              0.004328598544314291,                                       -0.32078308245531,                                    -0.10852353383923474, 7807.325530621503, 0.6049218586562125, 7807.930452480159, 0.0004157266414320002
                                0.07487602623156644,                               0.053758694767974624,                                      -0.1495751289930669,                                      -0.1696430343448072,                              -0.09020969634722317,                              -0.06313778216328422,                                    -0.10972256058295247,                                    -0.13858790690600872,                              0.013827244438975692,                               0.00672755702747399,                                    -0.33409679801137343,                                     -0.1256704594710667, 7808.335151410989, 0.5497406645393597, 7808.884892075528,  0.001140986732472067
                                0.07322626863681903,                                0.05160394066588134,                                     -0.14656100440846798,                                     -0.16905185980293222,                              -0.09163094108795494,                             -0.059541036047530825,                                    -0.09351553572092586,                                    -0.13531532989991907,                              0.012151171666568289,                              0.005488736763164456,                                     -0.3341726841316359,                                    -0.10569572158952069,7807.0050561059215, 0.6044842187414668, 7807.609540324663, 0.0003017362878159775
                                 0.0677770638876462,                                0.05007415995134806,                                      -0.1502399261122274,                                     -0.17887403876932342,                              -0.09870507808055622,                              -0.07125143843269416,                                     -0.1293258235191047,                                    -0.14351840872422017,                              0.012441270268940596,                              0.005352562331616212,                                     -0.3235707355866914,                                    -0.12317928099459337, 7808.555670097296, 0.5389020299374391, 7809.094572127233, 0.0014224946544231494
                                0.07334259505409274,                                0.05026457051305619,                                      -0.1544410817704421,                                     -0.16985488531834927,                              -0.09481907550438716,                              -0.06564161465755725,                                      -0.098373589938977,                                    -0.13047178931921702,                              0.010611821024174392,                             0.0051132275478855405,                                     -0.3480035643399756,                                    -0.08163058378407839, 7808.089435797293, 0.5643953732547189, 7808.653831170548, 0.0008924166394506917
                                0.07232643010066803,                               0.055808453559165444,                                     -0.14718973119563492,                                      -0.1884879926111145,                              -0.08662896294113315,                              -0.06805721389758207,                                    -0.10096369081241163,                                    -0.15491277980905074,                              0.012567382883636638,                              0.006472999476877295,                                     -0.3490595924499086,                                    -0.10953887380147068, 7808.387710757066,0.46410355836137374, 7808.851814315428, 0.0012025602057628968
                                0.07111235571385507,                                0.05339917146722703,                                     -0.14866016042367722,                                     -0.18606773715419977,                              -0.08382714302738195,                              -0.06005462311738217,                                    -0.06856745024311121,                                    -0.14425857416076454,                              0.014588495065636281,                             0.0070774512014827595,                                    -0.33493335986841477,                                    -0.09365096764119595, 7809.399660755167, 0.5865569119288166, 7809.986217667096, 0.0033081952103320056
                                0.07707405253326507,                               0.054075706623740144,                                      -0.1595191630011976,                                     -0.16750564810983895,                              -0.09369446152429012,                               -0.0643097864982792,                                    -0.09430222749201946,                                    -0.14329928631653846,                              0.011715013386403975,                               0.00576664770127884,                                    -0.34519633644680364,                                    -0.09416500181293934, 7808.409713854855, 0.5433584536326063, 7808.953072308487, 0.0012293135039404546
                                 0.0712448208591864,                               0.052300730342932006,                                     -0.15418112556559377,                                     -0.17643398841451477,                              -0.09433614790091505,                              -0.06559104543536162,                                    -0.09173936174779156,                                     -0.1349232320028788,                              0.011659244996360979,                              0.004211518009203455,                                    -0.33081982315089176,                                    -0.11941092126492567,  7807.74124843203, 0.5752349817512977,7808.3164834137815, 0.0006300163319963311
                                0.07575828360993897,                                0.05389264283268491,                                      -0.1447501728596331,                                     -0.19505250726511522,                               -0.0859139923386273,                              -0.05885008291843206,                                    -0.09098000306572891,                                    -0.13952022715667933,                                0.0145720469349718,                               0.00656430068980729,                                    -0.34648026680042143,                                    -0.09895975031530177, 7808.320412724894, 0.5121179203173863, 7808.832530645211, 0.0011242934082045463
                                0.07436688611262393,                                0.05385740176732137,                                     -0.14305906507508953,                                     -0.17493992335690053,                              -0.08899535418757416,                              -0.06151269663195559,                                    -0.08700537125292825,                                     -0.1251589992947675,                              0.013468484028880498,                              0.006566942866221545,                                     -0.3331759548205777,                                    -0.10286219750389754, 7808.690775150679, 0.6270708324285647, 7809.317845983107, 0.0016282685036606427
                                0.07290421602034261,                                0.05681918477061343,                                     -0.13762068892867205,                                     -0.20037355843946564,                                -0.082547042179384,                             -0.061947812130332645,                                    -0.09167004518191299,                                    -0.14342926540312825,                              0.016324179681719092,                              0.007270834201440007,                                    -0.34668093898051416,                                    -0.11198578181104608, 7807.137178232271, 0.4887295773211501, 7807.625907809593,0.00034435584060553805
                                 0.0769676472936685,                                0.05372220377972567,                                     -0.14502216801013104,                                     -0.17851464983300594,                              -0.08125056460904964,                              -0.05457982745860779,                                    -0.06803641404975536,                                    -0.13037097132515207,                              0.013110591725215295,                              0.007145933174094135,                                     -0.3467880165964178,                                    -0.08161678830248385, 7805.571955199795, 0.5962027732812109, 7806.168157973077,  7.19846218378805e-05
                                0.07284379246612524,                               0.053073551426634835,                                      -0.1501096005425452,                                     -0.17722457383680076,                              -0.08663683806095998,                              -0.06284712287951211,                                    -0.07750317722773564,                                     -0.1299317310987666,                              0.013789096799457057,                               0.00668837684092391,                                    -0.32809290826581144,                                    -0.11719971283515496, 7809.063697599011, 0.6141834049018079, 7809.677881003913, 0.0023641998404583943
                                0.07462637639597322,                                0.05391167077084666,                                     -0.13866294163986803,                                      -0.1915662553233335,                              -0.08207928688308448,                             -0.056904899833463085,                                    -0.06487179473181828,                                    -0.13399433526683527,                              0.015651074065733517,                              0.007960298393319423,                                     -0.3406402031840235,                                    -0.08013141032207344, 7806.200113088678, 0.6012195380837163, 7806.801332626762,  0.000134910338631353
                                0.07315365284201711,                                0.05629494604045149,                                     -0.14797538699060891,                                     -0.18651448658613146,                              -0.08349971835617881,                              -0.06363163751009154,                                    -0.09410525428691618,                                    -0.15486321378286583,                              0.015473948075530444,                              0.007230798876925057,                                     -0.3343159789462968,                                      -0.135291688548444, 7807.347398370057, 0.4953910194472174, 7807.842789389504, 0.0004249177755360662
                                0.07173733801393253,                                0.05090610170583176,                                      -0.1453589961409415,                                     -0.17523886434550526,                              -0.09297441066080417,                             -0.061650438342028116,                                    -0.10111167348224685,                                    -0.14513206180746405,                              0.012732887178828409,                              0.005690493640692365,                                     -0.3367717139227994,                                    -0.09343829923418388,7808.4644997153255, 0.5749638595629617, 7809.039463574888, 0.0012985415462314382
                                0.06953738629150069,                                0.05147511489043577,                                      -0.1422596601552164,                                     -0.18600694730907125,                              -0.09087258240785878,                              -0.06390069480630392,                                    -0.08542071371346378,                                     -0.1455661138355146,                              0.012635445205885262,                              0.005833491020879669,                                     -0.3305762368048687,                                    -0.10665287552756081,7807.5499435649945, 0.5821450534283651, 7808.132088618423, 0.0005203183708275969
                                0.07779189952397617,                               0.055762940259624305,                                      -0.1556529829116386,                                     -0.17460702093473535,                              -0.09077395855468737,                             -0.061910143077535215,                                    -0.08345074612330639,                                     -0.1262999599352096,                               0.01299017492539463,                              0.006151963355580964,                                    -0.34126895115069217,                                      -0.106700899059331, 7806.711768385716, 0.5737968464552858, 7807.285565232171,0.00022503719429918016
                                0.06955846263995627,                                 0.0498109181220196,                                     -0.15204690460213155,                                      -0.1723570543419218,                              -0.09799398107848699,                              -0.06687443750826885,                                    -0.12085593328215904,                                    -0.13845025468959618,                              0.012390222269289902,                              0.004779263306997031,                                     -0.3287496685224193,                                     -0.1056256524481262, 7808.351898874598, 0.5718400720908778, 7808.923738946689, 0.0011602562738366802
                                0.07524559941891901,                               0.054919878320157045,                                     -0.14658745046052757,                                     -0.18288420798499697,                              -0.08673851918829402,                             -0.061487043501622776,                                    -0.09954813121566436,                                    -0.15806541369000818,                              0.013729130113129567,                              0.007504057823743346,                                     -0.3449733835598794,                                    -0.07230931648440403, 7808.036851157667, 0.5261104932619186, 7808.562961650929, 0.0008467017169754652
                                0.07529743039188161,                               0.052434305599743186,                                     -0.15453148462570557,                                     -0.17958412648026556,                              -0.09276164742813936,                              -0.06201510415664871,                                    -0.10086355816750411,                                    -0.13701703705122195,                              0.013770216678088906,                              0.006021750381293739,                                     -0.3482380893120587,                                    -0.08779953557065988, 7808.956677342965,  0.526156064842964, 7809.482833407808, 0.0021242512233654288
                                0.07463740334128119,                                  0.051600621454265,                                     -0.14280563047662725,                                     -0.17960451157879576,                              -0.08323846325139203,                              -0.05778155373261129,                                    -0.07554641693667391,                                     -0.1411678988864426,                              0.014316739130097636,                               0.00786147957909708,                                     -0.3326669890083476,                                    -0.10167490609635388, 7809.723743958553, 0.6081789079435034, 7810.331922866497,  0.004574447792703805
                                 0.0740210370239475,                               0.055362273247318405,                                     -0.14594553536902682,                                     -0.19408355683208575,                              -0.08776301237057538,                              -0.06233601278539348,                                    -0.09019173061379326,                                     -0.1481471137547978,                              0.013399423437443866,                              0.006443671827419187,                                     -0.3521972209073623,                                    -0.09626286351541816, 7809.768462704237,0.48002287655494325,7810.2484855807925,  0.004783654222248544
                                0.07218005298757074,                               0.051292001271972726,                                      -0.1381353521990828,                                     -0.17595383370448786,                              -0.09272265044856276,                              -0.06469980837704445,                                    -0.10882204814414176,                                    -0.13368089729163488,                              0.013277103155310874,                              0.006410065713745361,                                     -0.3390822784325851,                                    -0.11248552157742907, 7807.797140918799, 0.5632247183424853,7808.3603656371415,  0.000666232180810644
                                0.07174792073696887,                                0.05168437295854042,                                      -0.1508416455866185,                                     -0.18373985685455274,                              -0.09670836346679554,                              -0.06670478409087904,                                    -0.10998872368531015,                                    -0.12962047759972278,                              0.011810150213722267,                              0.004222332696401154,                                    -0.33332452435120935,                                    -0.12281821162918076, 7807.073371830633, 0.5397894709200894, 7807.613161301553,0.00032307003988200054
                                0.07560658601485898,                                0.05414843206002515,                                      -0.1552055367928136,                                      -0.1810816926974084,                               -0.0912429116797446,                               -0.0654649511409163,                                    -0.10775167219814274,                                    -0.13753398286965102,                              0.014243877198971827,                              0.007825546784537646,                                     -0.3382182486779036,                                    -0.09944769684685678, 7808.491518781228, 0.5393188636944357, 7809.030837644922, 0.0013341052108257535
                                0.07363462763898915,                               0.057901556249535996,                                     -0.14918210753793965,                                     -0.18756493456884327,                              -0.08906082276230004,                              -0.06705044354866117,                                    -0.09947745847771028,                                    -0.15293537953963576,                              0.015070411105894396,                              0.007190365271669455,                                    -0.34765799793190927,                                     -0.1137973623856728, 7808.526640816826, 0.4679297602073784, 7808.994570577033, 0.0013817942677453589
                                0.07484259450184319,                               0.051456042159121196,                                     -0.15385061543886588,                                     -0.16720405069656424,                              -0.09149465902470838,                              -0.05894827992417272,                                    -0.09175181077374388,                                    -0.12306654139684471,                              0.013650289228692894,                              0.006161275298564917,                                     -0.3328902765818324,                                    -0.10532096059191931,  7808.58797319347, 0.6203598065780433, 7809.208333000048,  0.001469195872064527
                                0.07112636888174115,                                0.05230936241316961,                                     -0.13952956739585298,                                     -0.18514999410342073,                              -0.08809801596570498,                              -0.06330398067023099,                                    -0.09167021705058848,                                      -0.143400091787344,                              0.013514351029997693,                              0.005811365769500448,                                    -0.32668117393200424,                                    -0.12920859030207515,  7807.44333333745, 0.5701816459797073,  7808.01351498343,0.00046770167602519714
                                0.07019165282276657,                               0.052563726252571275,                                     -0.13950654225865602,                                     -0.18538720125126057,                              -0.08327595715570911,                              -0.06010415591540746,                                    -0.06673487762935433,                                    -0.13806865817288647,                               0.01377862091378805,                              0.006199638873236643,                                     -0.3378749455738212,                                    -0.08499595451184318, 7808.378821038081, 0.6112966771454484, 7808.990117715226, 0.0011919171604026205
                                 0.0731370619796928,                                0.05461570575475483,                                     -0.13994581102723697,                                     -0.18633551119248118,                              -0.08529893129624475,                              -0.05985222357269511,                                    -0.08054992078512314,                                    -0.13423981458199516,                               0.01441034402449777,                              0.006758228601583122,                                    -0.32906241415127985,                                    -0.09732601866897243, 7808.823277063433, 0.6233076909373693, 7809.446584754371, 0.0018589635389255391
                                0.07408521020692588,                                0.05201647270721119,                                     -0.15188134585829413,                                     -0.16043600929026508,                              -0.09584983722531744,                               -0.0662956766226574,                                    -0.10058696252219201,                                    -0.13292491422508343,                              0.012267160267703053,                              0.005243512175398063,                                    -0.33860797992185543,                                    -0.11405184082598585, 7808.080465082376, 0.5805920466012525, 7808.661057128977, 0.0008844468251036283
                                0.07597504035954619,                                0.05393716606327542,                                      -0.1467774290231716,                                     -0.17445151505721682,                               -0.0901048667826629,                              -0.05782598154886706,                                      -0.094990707124349,                                    -0.13722147789060335,                              0.013535144564689211,                              0.006294572561768325,                                    -0.33637071150473863,                                    -0.10062124406734542, 7807.205680348554, 0.5870243192885578, 7807.792704667842, 0.0003687716653342294
                                0.07443641704453038,                                0.05718129961119303,                                     -0.14626677242389705,                                     -0.19543947930880826,                              -0.09035149841168921,                              -0.06823242935494137,                                    -0.11951366422625886,                                    -0.14764789092615235,                              0.013090696857348288,                              0.006788122506890468,                                    -0.35111001474425624,                                    -0.10017995924678709, 7806.772694340985,0.44319966605972594, 7807.215894007045,0.00023917407923638689
                                0.06822392903593028,                                0.04964919124323186,                                     -0.14340976225189028,                                      -0.1859097383151422,                              -0.08925589316632303,                               -0.0631849947939577,                                    -0.08603690711842679,                                      -0.142361687467829,                              0.013803752886732967,                             0.0060742654784042005,                                     -0.3321095692186859,                                    -0.09186633205880106, 7806.759059868762, 0.5957222328410029, 7807.354782101603,0.00023593519729467154
                                 0.0747640568082055,                               0.053092117688596036,                                     -0.14415554600053798,                                     -0.18475200972466269,                              -0.08782542832497485,                               -0.0625683510952016,                                    -0.09174005646846059,                                    -0.13964770760108944,                              0.012694951674857374,                              0.006977094975098977,                                    -0.33020608316352423,                                    -0.10875098642702802, 7808.176412349642, 0.5837194436252325, 7808.760131793268, 0.0004046462578301239
                                0.07454002558623202,                                0.05300174575010752,                                     -0.13806451072412126,                                     -0.18079761763358296,                              -0.08386717315632838,                              -0.05743888785697736,                                    -0.07280654493952912,                                    -0.14193137458942287,                              0.014930898582065782,                              0.007397145174303496,                                    -0.33220881335777136,                                    -0.09205524519889689, 7809.410323978151, 0.6262912300840441, 7810.036615208235, 0.0013898135445140393
                                0.07046050906411175,                                0.05098249529072049,                                     -0.14012101771531416,                                     -0.17808452775690947,                              -0.09228199425280127,                               -0.0660110879469365,                                    -0.09607500799062564,                                    -0.14170862422299624,                              0.012086882882922215,                             0.0054596142226146505,                                     -0.3389955623931288,                                    -0.11648752706185896, 7808.270177167529, 0.5534283652439418, 7808.823605532773,0.00044442355742523514
                                0.07315772148971131,                                 0.0506940623965044,                                      -0.1408478570860182,                                     -0.16905872624162605,                              -0.09327396501755413,                              -0.06339458840583523,                                    -0.09780521015367605,                                    -0.12456650595326592,                              0.012857759933630877,                              0.006312036748638339,                                    -0.33481339483913347,                                    -0.09012172550224683, 7808.530150413639, 0.6391144495816582, 7809.169264863221, 0.0005763708624785671
                                0.07412385112315786,                               0.053161826460601636,                                      -0.1569530066440661,                                      -0.1800043135314853,                              -0.08981047984721068,                              -0.06436989704834853,                                    -0.08012306155272114,                                     -0.1455398562844441,                              0.012202137804204455,                             0.0061398118085913556,                                     -0.3390667751686783,                                    -0.10810521086268894, 7808.442106711729, 0.5415211800849763, 7808.983627891814, 0.0005277948201956424
                                0.06976502697723547,                                0.05263509277728998,                                     -0.14745853964440328,                                     -0.17851516063901132,                              -0.09697445314821725,                              -0.06920923093203643,                                     -0.1282431911237426,                                    -0.14630878643528195,                              0.012748000846498922,                              0.004517160023897876,                                     -0.3269697230674759,                                    -0.12940463118442022, 7808.110776559857, 0.5202509004115836, 7808.631027460268, 0.0003789398397053693
                                0.07097485270335804,                                 0.0550552755983493,                                      -0.1469824639138725,                                     -0.17838558927241593,                              -0.08659616826218754,                              -0.06331078016084841,                                    -0.08649689461005826,                                     -0.1490679445470751,                              0.013692414677639597,                              0.006854843761478185,                                    -0.32826611827128593,                                     -0.1123113889907959, 7808.870895412252, 0.5847970026100415, 7809.455692414862, 0.0008103743574506554
                                 0.0746084753044762,                                0.05446229601202615,                                     -0.15491512027985935,                                     -0.16829591454059006,                              -0.08716414886940818,                              -0.06357489526898973,                                    -0.08105556255508628,                                    -0.13733811579024116,                              0.013743401841504535,                              0.006938836248031405,                                     -0.3358881915544286,                                    -0.12385092042186058, 7808.832953234762, 0.5713904537295659, 7809.404343688491, 0.0007802029928748087
                                 0.0733012994178042,                               0.051901193139706314,                                     -0.14337918554822587,                                      -0.1817931044981471,                               -0.0842654140755101,                              -0.05815773728663587,                                    -0.07395539810939786,                                    -0.15085001185364194,                              0.012915270497497217,                              0.006254848647586103,                                    -0.33924729571513834,                                    -0.09783709209319498, 7809.300185176596, 0.5681772560115748, 7809.868362432608, 0.0012448696130428114
                                0.07604116366681349,                                 0.0544786729789245,                                     -0.14608618359640166,                                     -0.18577715632723987,                              -0.08236760062101367,                              -0.05712267844225797,                                    -0.08263374573381906,                                    -0.14314432030229288,                              0.015101827887519903,                             0.0076794705797658125,                                    -0.34370936100629534,                                    -0.07654163454012732, 7809.112682380013, 0.5644248728758117, 7809.677107252889, 0.0010320302713886043
                                0.07170162434346947,                                0.05332039676827091,                                     -0.15078175314613743,                                      -0.1760262181961241,                              -0.09909249493342084,                              -0.07085795228689823,                                    -0.13659225440342002,                                    -0.15086862038051851,                              0.012305161078632193,                              0.004546410602021919,                                     -0.3398867374689211,                                    -0.11166649988872826, 7809.184198144892, 0.4757368241179559,7809.6599349690105, 0.0011085399224319407
                                0.07427269132115577,                                0.05544484129622165,                                       -0.149867373353193,                                     -0.18407849892762324,                              -0.08520401522128337,                              -0.06230543540261087,                                     -0.0828293293274932,                                    -0.14595097306068067,                              0.012738269415428743,                              0.006838833255886301,                                    -0.33558038386950867,                                     -0.1182432523244445, 7809.435784995954, 0.5425611807943183, 7809.978346176748, 0.0014256539422698412
                                0.07321723091653315,                               0.055914580235404826,                                     -0.14923336031018597,                                      -0.1883009345985668,                              -0.09349222136170951,                              -0.07083238913823678,                                    -0.11424609815361612,                                     -0.1386658118171659,                              0.013370373436051117,                               0.00548350274661473,                                    -0.34810356834252987,                                    -0.10361254186246173,7809.0666317878695,  0.482468398690416,  7809.54910018656, 0.0009855823514418553
                                0.07138169558762628,                                0.05480631268431027,                                      -0.1520302105455743,                                      -0.1782075058783237,                              -0.09207303602970701,                              -0.06867668723270681,                                    -0.11042829098388517,                                    -0.14718818306405307,                              0.014296640253911558,                              0.006287280049673008,                                       -0.34572482269551,                                    -0.11377907452592305, 7808.413795111259,0.48646100787577706, 7808.900256119135, 0.0005130616480549818
                                0.07270151213874845,                                 0.0519646505414188,                                     -0.14089019893604837,                                     -0.18697955990900597,                              -0.08562807006938719,                             -0.058774873365915525,                                    -0.08671414294675159,                                    -0.14214192939130088,                              0.013042987055293859,                               0.00695573934313623,                                     -0.3400070584922439,                                    -0.07639050450358957, 7808.832031246458, 0.5821599852096853, 7809.414191231668, 0.0007794839863500224
                                0.07305269583940996,                                0.05401874016564215,                                     -0.14286296319120473,                                     -0.17665583324542727,                               -0.0910748594509621,                              -0.06601595733697188,                                    -0.10586278874397216,                                      -0.142410327601962,                              0.013215451344350426,                              0.006164828279580911,                                    -0.34708466178925357,                                    -0.12473590032595261, 7808.811048371776,0.49795906999687367, 7809.309007441773, 0.0007632985736310357
                                0.07351066202535841,                                0.05391087208849976,                                     -0.14660268604265606,                                     -0.18886336350270433,                              -0.08763602748440984,                              -0.06080937093116203,                                     -0.0745593091811102,                                      -0.148412247189123,                              0.012911381118357254,                             0.0062453176937630195,                                      -0.344456145454441,                                    -0.07525139446317074, 7808.553229056042,  0.553913161994066, 7809.107142218037, 0.0005898274015649503
                                0.07683254683377941,                                0.05409911436264589,                                      -0.1479507760150802,                                     -0.16745193753212662,                              -0.09184149816212261,                              -0.06043089478995152,                                    -0.08132372778846743,                                    -0.13277945175570782,                              0.013337064159542902,                              0.006593760377471475,                                     -0.3477410020963117,                                     -0.0845871850348733, 7808.337723261826, 0.5917326087273488, 7808.929455870553,0.00047547968620824626
                                0.07701753628461844,                                0.05446749559730277,                                      -0.1489407863676338,                                     -0.18133267528528668,                               -0.0844269683944571,                               -0.0592809741862814,                                    -0.06721352124258867,                                    -0.14946948579645905,                              0.012741792816492459,                              0.007237798436722745,                                    -0.35630829460379865,                                    -0.08771344608667588,  7807.91686605229, 0.5121736109933267, 7808.429039663283, 0.0003121447275567431
                                0.07356260524813321,                                0.05433617038069921,                                     -0.14601394376810012,                                     -0.19002340617385025,                               -0.0818915795054167,                              -0.06102163444405701,                                    -0.08106967846425303,                                    -0.14687309986274186,                              0.013405633364457464,                              0.006744001847605111,                                     -0.3305347556953569,                                    -0.11918043646525181, 7809.945423007484, 0.5540778496768279, 7810.499500857161, 0.0023732697053223664
                                  0.071955462095143,                                0.05367604192899825,                                     -0.14646576336552525,                                     -0.18399088655596788,                              -0.08790059712800746,                              -0.06333850881884888,                                    -0.08494815309832239,                                     -0.1597956343868474,                              0.012539548691048896,                              0.006055873947855714,                                     -0.3347363871615107,                                    -0.11272646459250261,  7808.61801394749, 0.5330709812855936, 7809.151084928775, 0.0006293042511221987
                                0.07016141546940352,                                0.04978553839788302,                                     -0.14276797493034105,                                     -0.18148749973420378,                              -0.09641531303098576,                              -0.06822649532238192,                                     -0.1164666690380548,                                    -0.13663454489911367,                              0.012015445956480325,                              0.006170098743792887,                                      -0.346404245646453,                                    -0.07731957812003401, 7808.489575049182, 0.5402003964113415, 7809.029775445593,  0.000553452509176259
                                0.07388439013647627,                                0.05491945073987567,                                       -0.137074978422571,                                     -0.19305321725479405,                              -0.08189509757095544,                              -0.06103565101147029,                                    -0.07933333216365347,                                     -0.1540427273641352,                               0.01481225309918073,                              0.007954413343790809,                                     -0.3363438314431642,                                    -0.09713043673389272, 7809.617469252065, 0.5562258470041738,  7810.17369509907, 0.0017096947937923872
                                 0.0770645345154298,                                0.05533045765154493,                                     -0.14595339517974534,                                     -0.17797473270577835,                              -0.08383195630209565,                              -0.05987452656097658,                                    -0.09290889779441569,                                     -0.1432882755132195,                              0.014287893607815863,                              0.007798874154025512,                                    -0.33898969836556514,                                    -0.09103671133921082, 7810.520828622135, 0.5745638353007294, 7811.095392457436,  0.004219321113346808
                                0.07235823587463372,                                0.05363140749129017,                                     -0.15063877231765804,                                     -0.19058180484936435,                              -0.09442621897770466,                              -0.06607558974613562,                                    -0.12264219772721935,                                     -0.1366456855522134,                              0.013720821444647882,                              0.005502738129374032,                                     -0.3358073993091301,                                    -0.09836230707308982,7808.4069168564965,  0.519976733370939, 7808.926893589867, 0.0005095447881254755
                                0.07073646945338971,                               0.052978674783165536,                                      -0.1381312215836411,                                      -0.1818449168707983,                                -0.089371484022465,                               -0.0638642772488885,                                    -0.09207855024088732,                                    -0.15068192548765671,                              0.012812464020087622,                              0.005645790125814704,                                    -0.33488914598285335,                                    -0.09127577503243679,  7808.16967847279, 0.5830603530150877, 7808.752738825805, 0.0004019305735648066
                                 0.0731483948961372,                                0.05534031710038151,                                     -0.13792969275820371,                                     -0.19269477327975898,                               -0.0908963887017743,                              -0.06458165867270232,                                    -0.10335178906191508,                                     -0.1488102401383044,                               0.01391271466421258,                             0.0058129381079635445,                                     -0.3472636451294962,                                     -0.1113945260307481, 7808.179675614649, 0.4821191426356233, 7808.661794757284,0.00040596888266721854
                                0.07026068525147608,                                0.05073099658433641,                                     -0.14680333121874506,                                       -0.182216779710584,                              -0.09986974553407808,                              -0.06901806061652704,                                    -0.12008751687851016,                                    -0.12973285625889777,                              0.011582660724854407,                              0.003852352134655554,                                     -0.3440889555412233,                                    -0.09680939353574586, 7810.234283062513, 0.5277173023795403, 7810.762000364893,  0.003168089363943544
                                0.07180973137782984,                               0.053631766728074765,                                     -0.15025836774131549,                                     -0.17773540791221873,                              -0.09516185682016426,                              -0.07225380106744936,                                    -0.12514420146936803,                                    -0.14856361136459262,                               0.01251068178741957,                             0.0058541076843619255,                                    -0.35195241082630857,                                    -0.12084816085160818,7808.3077674321175, 0.4354985191439501,7808.7432659512615, 0.0004614475195952252
                                0.07164632334125326,                               0.051960895773079746,                                      -0.1500588356766702,                                     -0.16932326751012533,                               -0.0957469236252394,                              -0.06357145984559061,                                    -0.10654348862330486,                                    -0.13547192641638234,                              0.013274273383523189,                              0.005064275322277961,                                      -0.334139578315865,                                    -0.11221030772666812, 7808.168233868557, 0.5757310507862752, 7808.743964919343,0.00040135036214559853
                                 0.0768218514405562,                               0.053166649230649204,                                     -0.14677947212530626,                                     -0.16783966516658202,                               -0.0831880468704584,                              -0.05428186379975089,                                    -0.07093052319545795,                                    -0.14135140349091618,                               0.01385723651660109,                              0.007749427672222781,                                    -0.34120887518535553,                                    -0.07182650326767187,7808.1593751646815,  0.624755071619539, 7808.784130236301, 0.0003978106200494784
                                0.07359910743644343,                                0.05523064984450721,                                     -0.13984318304484186,                                      -0.1940421536609376,                              -0.08765665537087905,                               -0.0667060090986051,                                    -0.09854845534205549,                                    -0.15298627416047203,                              0.014288428063633368,                             0.0066549242498524785,                                     -0.3374166680733758,                                    -0.11826428089775867, 7808.715203771173, 0.5033481199743424, 7809.218551891147, 0.0006935370545264795
                                0.07298832141766085,                                0.05457033970784542,                                     -0.15922398536681628,                                      -0.1728867398404521,                              -0.09562865011084679,                              -0.06980038662562438,                                    -0.12281439694793006,                                     -0.1423433107856202,                               0.01272188813478388,                              0.006229823552792335,                                     -0.3405407780305614,                                    -0.09989083222313833, 7808.524469853195, 0.5123938032385645,7809.0368636564335, 0.0005731060347612582
                                0.06986179863644512,                                0.05207794677024433,                                     -0.14570981487012008,                                      -0.1894823912904155,                              -0.09585514328084269,                              -0.07095093420327903,                                     -0.1314028730239976,                                     -0.1564358984139354,                              0.012396203752272461,                               0.00613110231354308,                                    -0.34371299524607674,                                    -0.08152719234473811, 7808.844445267007,0.47280579275489065, 7809.317251059762, 0.0007892208282082176
                                 0.0746279123223727,                                0.05287011132907091,                                     -0.14111949071867472,                                     -0.17296074589889282,                              -0.08935536544083358,                              -0.05971135748661138,                                    -0.09981405965764138,                                    -0.14123064871921484,                              0.013832239469124402,                              0.006465215071267516,                                    -0.33852409567319247,                                    -0.09783024283533599, 7808.526164578459, 0.5825321572695445, 7809.108696735729, 0.0005740781155097423
                                0.07116181795231183,                                0.05243093864619394,                                     -0.14471790232243126,                                      -0.1866991146060277,                              -0.08580203723646028,                              -0.06351184912157835,                                     -0.0985362159747201,                                      -0.146921031330186,                              0.012705858879956386,                              0.006611386137696587,                                    -0.33939174652168447,                                    -0.09464423838259776, 7808.720319159194, 0.5418049198866534, 7809.262124079081, 0.0006970938551191471
                                0.07546767310932603,                                0.05398416422291194,                                     -0.14774018016307036,                                     -0.17504647710729085,                              -0.09447595982505497,                              -0.06365757465234431,                                     -0.1152068657386815,                                     -0.1371364941189989,                              0.014150533866183854,                              0.006671916499136746,                                     -0.3434500193277192,                                    -0.08060329926873998,7808.4293704006095, 0.5542327969699623, 7808.983603197579, 0.0005211152877523214
                                0.07524362185350655,                               0.053286382634934876,                                     -0.14031309162530434,                                     -0.17440406534649436,                              -0.09160775146051003,                              -0.06225345834171277,                                    -0.08878035256607616,                                     -0.1345221502975901,                              0.013770777782731461,                              0.006852550165581575,                                    -0.35616930955654824,                                    -0.08635347138736511, 7808.261564741123,  0.546488779415357, 7808.808053520538,0.00044061242733958077
                                0.07093269715055583,                                 0.0506420173518779,                                      -0.1383649882301081,                                     -0.17939549603465257,                              -0.09003887648563692,                             -0.062199693263699424,                                    -0.08788288978987235,                                     -0.1278487282037803,                              0.012811626850493002,                              0.005791686665586493,                                    -0.33783976815730465,                                    -0.09600309346929442, 7809.169768875034,   0.61119758059914, 7809.780966455633,  0.001092659348815163
                                0.07116492262007068,                                0.05265213339595545,                                     -0.14009525500956943,                                     -0.18348983087154372,                              -0.08432083103837398,                             -0.056980848166649445,                                    -0.07566153535011569,                                    -0.14629766476301348,                              0.014415594639048776,                              0.006845486749546187,                                    -0.33432443437240933,                                     -0.0963860388369217, 7808.237890914412, 0.5959900663414701, 7808.833880980753,0.00043030394711964366
                                0.07483366118257889,                               0.051759731096603895,                                       -0.144416059329908,                                      -0.1707236586403672,                              -0.08914011218837017,                              -0.06020420200515197,                                    -0.09053311476739166,                                    -0.12638046137891443,                              0.013509008361882027,                              0.007306740438217066,                                     -0.3390383488556387,                                    -0.11005877217738096, 7808.344821664141, 0.5974078553942499, 7808.942229519535,0.00047886683978049996
                                0.07215285463496168,                               0.055255788198399686,                                     -0.14139979725401225,                                     -0.18394003283798385,                              -0.09082476391377889,                              -0.06594374148608728,                                    -0.11633047584307621,                                     -0.1364032098676647,                              0.014925561298378964,                              0.006445356653090845,                                     -0.3356236752299932,                                    -0.13353006318915445, 7806.659296092694, 0.5129122124027773, 7807.172208305096,  8.87565289277381e-05
                                0.07047057459779399,                                0.05337274107381121,                                     -0.14616364334887486,                                     -0.19227797773008767,                              -0.09866420435745009,                              -0.07097198610553868,                                    -0.13361591884774396,                                     -0.1541265084373802,                              0.012743294552257575,                              0.005087906139090895,                                    -0.34396161232589406,                                    -0.10159789425222306,7810.0830717841345, 0.4454979577708448, 7810.528569741906,  0.002723498871517421
                                0.07019948047960614,                                0.05158304316077372,                                     -0.13963373105523638,                                     -0.19172182338708113,                              -0.09545792379778481,                              -0.07036769213422867,                                     -0.1249882680288709,                                    -0.14775656050685163,                              0.012018200566745435,                              0.005750967618839947,                                     -0.3501072102378949,                                    -0.09741855902827552, 7808.285618275599,0.46105467758904684, 7808.746672953188, 0.0004513392048271081
                                 0.0747576081305765,                                0.05243662941046698,                                     -0.14776112241116662,                                     -0.18189834532932797,                              -0.09444832767134521,                               -0.0681758375032664,                                    -0.11340658909665509,                                    -0.12980107599670185,                               0.01231134792600004,                              0.005998137575305207,                                     -0.3445632578485288,                                    -0.09120880236728911, 7809.312212684697, 0.5393975866667732, 7809.851610271364,  0.001259932696492141
                                0.07774934126081454,                                 0.0526372592637476,                                     -0.14467992753990866,                                       -0.169660673442014,                                -0.088196418937172,                              -0.05985174289459984,                                    -0.08841721903604798,                                     -0.1322059826769262,                              0.013358044199811861,                              0.007431567764034669,                                     -0.3349128226832409,                                    -0.10340150462561594, 7809.010416632704, 0.6160703278821787, 7809.626486960586, 0.0009317062019621215
                                0.07481005363189622,                                0.05602458941134139,                                     -0.14994717918610337,                                     -0.18015836368420918,                               -0.0909523600929628,                              -0.06643572234502795,                                    -0.12315663639347149,                                    -0.13717266099411082,                              0.014503075249976363,                              0.006725921242393212,                                     -0.3345061282468796,                                    -0.11023305158966985, 7808.721720502535, 0.5321856496555093, 7809.253906152191, 0.0006980714077345616
                                 0.0701297551586918,                               0.052059463387052224,                                     -0.14792484213651402,                                     -0.18303342551040386,                              -0.08936149752949327,                              -0.06716425549657998,                                      -0.089800618672955,                                    -0.15259690530578995,                              0.012037130860206482,                               0.00547856623513214,                                     -0.3372165196224384,                                    -0.09501610045494974, 7808.623896873087, 0.5516010008256124, 7809.175497873913, 0.0006330173123319902
                                 0.0740391602579907,                                0.05326241212407293,                                     -0.14295245102529883,                                     -0.18133922016011228,                               -0.0871825678496615,                             -0.060878152166336616,                                    -0.07483514216655984,                                    -0.13699316250237947,                              0.014552275001297035,                              0.007560840028799559,                                     -0.3375752487328054,                                    -0.11044284566419131, 7809.405452577438, 0.5829042732519443,  7809.98835685069, 0.0013830596695946248
                                0.07450300116143971,                                0.05331776185646994,                                      -0.1463275849532453,                                     -0.17909691147106718,                              -0.09101663570585936,                              -0.06414843433201595,                                    -0.09206072382945216,                                    -0.13826741650577148,                              0.011627585919250422,                              0.005884417106421819,                                     -0.3400705718033848,                                    -0.10145424432541988, 7809.044647324571, 0.5652372352469432, 7809.609884559818,  0.000964151290751344
                                0.07169770905916259,                               0.051608153162094966,                                     -0.15014328452182613,                                     -0.17902251499550947,                              -0.09418815231838254,                              -0.06591804625735656,                                    -0.09368063276489114,                                    -0.13865208628364964,                              0.011940995163556553,                              0.005396589477993555,                                    -0.34049593909505815,                                    -0.08611737041123048,   7811.0292140569, 0.5712109234641743, 7811.600424980365, 0.0070150628736389544
                                0.07244583907481891,                                0.05038458135027607,                                     -0.14720667903280968,                                     -0.18209948300976156,                              -0.08839038395088768,                             -0.061182382373045394,                                     -0.0870847044775976,                                    -0.13257761205568203,                               0.01330011913366029,                              0.005983601894895774,                                     -0.3327871623665913,                                    -0.09240318899274137, 7809.422547195998, 0.6082663288334207,7810.0308135248315, 0.0014069057865267105
                                0.07650681968361958,                                0.05325657091229935,                                     -0.14909043296175067,                                     -0.16218993933552892,                              -0.09123865628080088,                              -0.06214150097648077,                                    -0.10183089673170187,                                    -0.13199436297848582,                              0.013943792650193076,                              0.006871787534336815,                                    -0.34472483276705385,                                    -0.10461978425982513, 7808.271950431383, 0.5703227466898404, 7808.842273178073,0.00044521233680553675
                                 0.0771143384499289,                                0.05400952086213326,                                     -0.14817649276763625,                                     -0.18015833991241195,                              -0.09145463809236058,                              -0.06308171455342822,                                    -0.10518079177299205,                                     -0.1284413355368929,                              0.014190120175358631,                              0.006225728635678093,                                      -0.343682442833308,                                    -0.08887669351933654, 7809.247689466209, 0.5598556486359593, 7809.807545114844, 0.0011812049783879563
                                0.07342172656248488,                               0.052494569467046726,                                     -0.14906836867202397,                                     -0.17404215671931778,                              -0.08820626442731623,                              -0.06090298217416236,                                    -0.07643110668882312,                                    -0.12392993782711531,                              0.012927059572356472,                              0.005590554965783839,                                    -0.34391196386629874,                                    -0.10320966485042805,7809.0171024482925, 0.5895784043122638, 7809.606680852605, 0.0009379562879910184
                                0.07183146652430183,                                0.05248933373214232,                                     -0.14326226152414992,                                      -0.1926215210105864,                               -0.0873225939854913,                              -0.06313682491854195,                                     -0.1015734030280115,                                     -0.1424383938135919,                              0.012719659220349303,                              0.006380341696208297,                                    -0.33786014449027285,                                    -0.08968344752669645,  7808.59295483369, 0.5463255824171461, 7809.139280416107, 0.0006137303927929333
                                0.07706329148927951,                                0.05501848451195965,                                     -0.15957490923692474,                                     -0.17196719839059704,                              -0.08992651389986209,                              -0.06294597773870543,                                     -0.0884313384912906,                                     -0.1396258232065378,                              0.013086262873432314,                              0.006888313674529051,                                     -0.3378018413328859,                                    -0.09871252278227276, 7810.101910549364, 0.5697644095722408, 7810.671674958937, 0.0027752925601462366
                                0.07370596176421837,                                0.05060746959308629,                                      -0.1451154506959159,                                      -0.1644639918979516,                              -0.09608926280484822,                              -0.06302828675325253,                                    -0.09035024714329663,                                    -0.12711949159331148,                              0.012096167033885094,                              0.005372491807163399,                                    -0.34593927468812996,                                    -0.08497378330230923,   7809.2915501468, 0.6080012467485457, 7809.899551393548, 0.0012341664046096536
                                0.07157688567100079,                               0.052485987460497735,                                     -0.13971086269837474,                                     -0.19035350107358232,                              -0.08875325444249167,                              -0.06276696662921147,                                    -0.09383897893990668,                                    -0.12627338118691359,                              0.013895831734525244,                             0.0058722221695610005,                                     -0.3447219526484472,                                    -0.08468589570440653, 7808.858171912478, 0.5680830785439467, 7809.426254991022, 0.0008001288768986852
                                0.07655828254928942,                               0.055710356637919206,                                      -0.1546888911738423,                                     -0.17045371643106613,                              -0.08790912560683672,                              -0.06268643935478979,                                    -0.08501235949608663,                                    -0.13761998138524348,                              0.014089357107460537,                              0.006698819017109475,                                    -0.32863855922504753,                                    -0.11732631425973125, 7808.541850320336, 0.5991440629448359, 7809.140994383281, 0.0005831539511685549
                                0.07194377229250792,                               0.053561498510928895,                                     -0.14563179362746792,                                     -0.17882997395987366,                              -0.09177504211108015,                              -0.06380080544378383,                                    -0.10223748412630615,                                      -0.149339466645773,                              0.012913021989385487,                              0.006044692367086796,                                    -0.33558714210575463,                                    -0.08639145368657168, 7809.333031314753, 0.5707689412318355, 7809.903800255985, 0.0012864377109402165
                                0.06863890786361845,                                 0.0518958684221828,                                     -0.15357014674276012,                                     -0.17883180799514808,                              -0.09756672980508918,                              -0.07242089771421062,                                    -0.13106324340794767,                                    -0.14019435727192978,                              0.012612039562982208,                              0.004640163134305639,                                    -0.32947132544116803,                                    -0.11716040092470617, 7808.591840113057, 0.5227201670054209, 7809.114560280062,  0.000613046636030512
                                0.07506545653345384,                                0.05085309838175919,                                     -0.14907592382776733,                                     -0.17375349421012712,                              -0.08619087574652465,                             -0.055318236084256726,                                   -0.060975853654882194,                                     -0.1303791591128738,                              0.013505624968154412,                               0.00647472136716265,                                      -0.345248504052802,                                    -0.06046509447597449, 7807.473993490323, 0.6265607562374542,  7808.10055424656,0.00020045592329946994
                                0.07151362868840114,                               0.053546898089632894,                                     -0.15729980373516578,                                      -0.1660736979741626,                              -0.09863481292615796,                              -0.07028897710667531,                                     -0.1132723783890369,                                    -0.13400571332377484,                              0.012042237991870583,                              0.004613925378608899,                                     -0.3396401679658918,                                      -0.116308064938905, 7808.448119351382, 0.5376072611649493, 7808.985726612547,  0.000530977819785658
                                0.07674439970626021,                                0.05503233836040289,                                     -0.14639045378549728,                                     -0.17307877131133081,                              -0.09152948808782908,                              -0.06396053979598405,                                    -0.09855460173947722,                                    -0.14117482201004092,                              0.014089907762431061,                              0.006646134332891768,                                      -0.344510047198055,                                    -0.10012177521250902, 7809.656352862452,  0.550127069860071, 7810.206479932312, 0.0017774832900029106
                                0.07486132306969873,                                0.05257169538784609,                                     -0.14417068209244854,                                     -0.16499618904025254,                               -0.0933017574984831,                              -0.06204467443708918,                                    -0.09771419403416118,                                    -0.13364447191114517,                              0.012438772385612792,                              0.005898020467923024,                                     -0.3490504154856611,                                    -0.07752608853560779, 7808.048575228246, 0.5861103193520764, 7808.634685547598,0.00035608737160069276
                                0.06815434182139965,                               0.052635903681559876,                                     -0.14477517486517621,                                     -0.18972850532403185,                              -0.09435617696097932,                              -0.07232494648774329,                                    -0.10820126182817162,                                     -0.1517940405790133,                              0.012110052776797692,                             0.0044965735776472116,                                     -0.3373920895507602,                                    -0.11359412994584041,7809.1132613108675, 0.5017857319047481, 7809.615047042772, 0.0010326279185367952
                                0.07506550043205809,                                 0.0541229317714885,                                     -0.14241635648084222,                                      -0.1782287030453054,                              -0.08927940170752326,                               -0.0646271532840284,                                    -0.09658329118710708,                                    -0.13890302314549155,                              0.013875809237601414,                              0.007333664534791978,                                    -0.34529106112596375,                                    -0.08201988015381366, 7809.443656394969, 0.5674485122597783, 7810.011104907229,  0.001436920115409081
                                 0.0718902623708064,                                0.05282318176318759,                                     -0.14817406384413806,                                     -0.18665105116326103,                              -0.09173764111098535,                              -0.06512011351735086,                                    -0.09698187822603171,                                    -0.12921061759117894,                              0.013737714128748954,                               0.00562339091883754,                                    -0.34530473434214237,                                    -0.07809500286265973, 7809.210732042011, 0.5585275303804692, 7809.769259572391,  0.001138347513654954
                                0.07245176235334491,                                 0.0545991580238544,                                      -0.1486672084624516,                                     -0.18649342657633045,                              -0.09636602704277018,                              -0.06959290619720185,                                     -0.1341840853331244,                                    -0.14091179258563213,                              0.014435931617449674,                              0.006311063300904404,                                     -0.3297935387412481,                                     -0.1230498030830669, 7807.219263107442,   0.50064394272134, 7807.719907050164,0.00015537848913245718
                                0.07494717347526389,                               0.053755869884535484,                                      -0.1442100595379365,                                     -0.17543530412146063,                              -0.08669710429122252,                              -0.06068573666370782,                                    -0.08328457710919225,                                    -0.14257663597998538,                              0.014623635190174664,                              0.006857881092862561,                                    -0.34854950188804296,                                    -0.10843790590120081, 7809.706292343918, 0.5371118954460508, 7810.243404239364, 0.0018685037245435286
                                0.07155949581653404,                                 0.0514316283029978,                                     -0.14046381303033365,                                     -0.18677887196348705,                               -0.0879718693388747,                              -0.06243620200577131,                                     -0.0836428143260665,                                      -0.145569903379274,                              0.012488882283743494,                              0.005489648469386418,                                      -0.337892127111841,                                    -0.10946874385238291, 7808.312789081585, 0.5544807700704897, 7808.867269851656, 0.0004637705751899711
                                0.07488982620539628,                                0.05068016150789062,                                     -0.14943560780713883,                                     -0.17065575332999314,                              -0.09217186645934594,                              -0.05873164388187194,                                    -0.08612545758506786,                                    -0.13863746994153864,                              0.013130261339713775,                              0.006652961579607292,                                      -0.346359704703867,                                    -0.06949282680887717, 7808.272109449143, 0.5882086302049844, 7808.860318079348,0.00044528313910326427
                                0.07025192188582324,                                0.05157784112770969,                                      -0.1511139001438188,                                     -0.17634403264526888,                              -0.09602079131569985,                              -0.06862553087010406,                                     -0.1018158865357127,                                    -0.12766095752379783,                              0.011944280142775848,                              0.004872821770705249,                                     -0.3432042269820011,                                    -0.11443906978187939, 7808.510058046243, 0.5404573077478223, 7809.050515353991, 0.0005649057734492261
                                 0.0735666743986608,                               0.054156980576971436,                                     -0.14393010859723848,                                     -0.18785901641507122,                               -0.0915131088640539,                              -0.06671629737804265,                                    -0.11031580424904346,                                    -0.14389709257857577,                              0.013867663532340146,                              0.006733693858123974,                                    -0.32464252876281274,                                    -0.12127450054887477, 7807.375995062817, 0.5543392716936469, 7807.930334334511,0.00018174342890077216
                                0.06742979147511871,                                0.05149614522741408,                                     -0.14338372101347827,                                     -0.18331765311001588,                               -0.0979391377787372,                                -0.069537824823869,                                    -0.12426201600850087,                                    -0.13997540701869024,                              0.012489241835372769,                              0.004521773863999254,                                    -0.33875655172706987,                                    -0.10513408515204767, 7809.479404938127,  0.520869928966264, 7810.000274867093, 0.0014892171176594572
                                0.06827772805170904,                                0.05156379504650099,                                     -0.14293405471808382,                                       -0.186945020888251,                              -0.09638784701325492,                              -0.07017601831583255,                                    -0.12191179698466931,                                    -0.15950930133031058,                              0.012337418101002237,                             0.0057646318166500315,                                     -0.3381810664556225,                                    -0.09238982101360659,  7809.41913323503, 0.5009865554150904, 7809.920119790445, 0.0014021108545983214
                                0.07429971814146524,                                0.05189244023079603,                                     -0.14621718540794804,                                      -0.1792296186889148,                              -0.08903475818252675,                              -0.06103670194831018,                                    -0.08294550175992295,                                    -0.13328485960893904,                              0.011932285995766456,                              0.006165170707180548,                                    -0.34789102319174997,                                    -0.06974554310694024, 7810.019107029811, 0.5818002478378875, 7810.600907277649,  0.002554745599848678
                                0.06865982954915187,                                0.05367375155158069,                                     -0.14795437306663248,                                      -0.1940733620059287,                              -0.09698723451489406,                               -0.0739638235594635,                                    -0.12979537595280385,                                    -0.16092473752249556,                              0.012154014005845676,                              0.005137792810997618,                                    -0.33984724897313123,                                    -0.10859394724995299, 7810.113356377285,0.43987114371950664, 7810.553227521004,  0.002807240568135786
                                0.07223899810157183,                               0.054506933995725454,                                     -0.15075998487857226,                                      -0.1793709221591092,                              -0.09080571714678372,                              -0.06789928451269961,                                     -0.1122905130376714,                                      -0.150155850796035,                              0.013150931484196798,                              0.005776210062583859,                                     -0.3411847508247925,                                     -0.1378728708947186, 7807.671334144952, 0.4627209926178436,  7808.13405513757, 0.0002441871753470506
                                0.07233460339735612,                               0.054650888169968964,                                     -0.15124032653543099,                                      -0.1742048308481294,                              -0.09567186962473964,                              -0.07066990083083091,                                     -0.1244793429510001,                                    -0.13321551180504684,                              0.012707033872322124,                              0.006142100483505539,                                     -0.3421674436196864,                                    -0.11044161557534085, 7808.107283592057, 0.5168101789233082,  7808.62409377098, 0.0003776185240469378
                                0.07618674544208001,                                0.05519945245798516,                                     -0.15121375360366848,                                      -0.1732321490207088,                              -0.08042417999659329,                             -0.057674285077126144,                                    -0.07598226426159473,                                     -0.1445096877546253,                              0.014459837309980836,                               0.00821687644336741,                                     -0.3295781316029718,                                    -0.10412212462672475, 7809.574751399176, 0.6098316014471634, 7810.184583000623,  0.001638198264219759
                                0.06947386754589327,                               0.053116077721493654,                                     -0.13769165631705463,                                     -0.18515769651825312,                              -0.08742608005994446,                              -0.06356939909748832,                                    -0.10088283353881977,                                    -0.13741782265425795,                              0.014050657123120633,                              0.006278795156898151,                                     -0.3262000434094599,                                    -0.10672595594021791, 7807.959601701632, 0.6036884117880884,  7808.56329011342, 0.0003257735799303262
                                 0.0757411876749394,                                0.05461900016375473,                                      -0.1459832936118889,                                     -0.18461086152388548,                              -0.07828152668115387,                              -0.05535686590926419,                                    -0.05415470220686346,                                     -0.1562186649253013,                              0.013852490303855242,                              0.007331247144164804,                                    -0.33671511978156643,                                    -0.09620449059692611, 7808.100860285118, 0.5744583880534891, 7808.675318673171,0.00037520073776582273
                                0.07478317542502702,                               0.055549187177480586,                                     -0.13811516679517852,                                     -0.18798197891636947,                              -0.07842705429170391,                              -0.05764461504177621,                                     -0.0705938517398281,                                    -0.15820799019623255,                              0.014775908254873779,                              0.008403848783158543,                                     -0.3408773884024617,                                    -0.08210191887497394, 7807.903434938702, 0.5633321012781923,  7808.46676703998, 0.0003079803052824859
                                0.07303447320349196,                                0.05594734996005399,                                     -0.14629329207467084,                                     -0.19218108950943608,                              -0.08752293711030742,                              -0.06385713333986343,                                    -0.11343323864922596,                                    -0.15613958993336233,                              0.015005001980319482,                             0.0067178624794009545,                                    -0.33939366143109057,                                    -0.10500854019006642, 7808.308387670131,0.48315200233411315, 7808.791539672466, 0.0004617338156648587
                                0.07366996655320013,                                0.05622148368389909,                                      -0.1476923776290009,                                     -0.19046226960010468,                              -0.08565595320732959,                              -0.06413570318999004,                                    -0.08791165052620357,                                    -0.13501236385649387,                              0.013781404926877072,                              0.006065793274604617,                                    -0.33819816471843517,                                    -0.12836102099701685, 7809.190498129787, 0.5214662190282008, 7809.711964348815,  0.001115545752337526
                                0.07199377318860298,                               0.051758121589069866,                                     -0.15562367521778347,                                     -0.17204151969232792,                              -0.09072203965459964,                              -0.06407775773054569,                                    -0.08174135330969844,                                    -0.13107819464209422,                               0.01311283765688498,                             0.0057821536691711195,                                    -0.33286174793937534,                                    -0.10849967531034678, 7808.601189197577, 0.6028605748728116, 7809.204049772449,  0.000618804936321489
                                0.07574041863055428,                                0.05176823238652234,                                     -0.14092973033794598,                                     -0.17841336607224126,                              -0.08890857739783994,                              -0.05921353076554679,                                    -0.09297750717852998,                                    -0.13294071449257996,                               0.01334609460473006,                              0.006588048409228137,                                    -0.33761779770308425,                                    -0.08456512183961637, 7809.877085504111, 0.6089809741320313, 7810.486066478244,  0.002216503875032875
                                0.07186649941681192,                                0.05253696538329994,                                      -0.1549702073323715,                                     -0.17683100253019707,                              -0.09487630116111087,                                -0.068945316451463,                                    -0.11154002712868771,                                    -0.13213194825354865,                               0.01254994235509685,                               0.00545215753874391,                                     -0.3379120012234249,                                    -0.09018824249465256,7809.0110091127535, 0.5625596851442597, 7809.573568797898, 0.0009322583828610061
                                0.07410305675454584,                                0.05491632340212574,                                      -0.1368116636793502,                                     -0.19192736925250925,                              -0.08850610738186704,                              -0.06302441054260734,                                    -0.10687175324657501,                                     -0.1414249068422513,                               0.01468176123553741,                              0.006212703248555537,                                    -0.33736153162458954,                                    -0.10220968913809193,7807.8435953897815, 0.5418246395591626, 7808.385420029341, 0.0002900914703131126
                                0.07373543248316655,                               0.051021912998283125,                                     -0.14411045432143574,                                      -0.1801193413746299,                              -0.09050988043946148,                             -0.060701943475756456,                                    -0.08086501114304276,                                    -0.14505323605567622,                              0.012331661749932055,                             0.0057193481184790035,                                     -0.3449850861443758,                                    -0.06841798023523121,7808.5128432765605, 0.5793225545434468, 7809.092165831104, 0.0005664813593020942
                                0.07115478203919512,                                0.05168688970704427,                                     -0.15055322808034666,                                     -0.16991273096502413,                              -0.09850189294434937,                                -0.070432849532384,                                    -0.11571594456827108,                                    -0.14934850285228046,                              0.011165621733337017,                              0.004717297142621618,                                    -0.33708196907793647,                                    -0.10178526607697629, 7809.045047831538, 0.5419328942772799, 7809.586980725815, 0.0009645375173984062
                                0.07176467114755913,                                0.05238851936357572,                                     -0.14217113861434127,                                      -0.1788837790964068,                              -0.09066378663251605,                              -0.06626051847343892,                                    -0.11005509772861131,                                     -0.1513225401874909,                               0.01192390444851106,                              0.005596122393419556,                                    -0.33992281405707003,                                    -0.10008858626323823, 7808.409773171816,  0.533201453324834, 7808.942974625141, 0.0005110022892600775
                                 0.0730793365392522,                                0.05354957840942173,                                     -0.14079611651918797,                                     -0.17736061595181174,                              -0.08382378633813034,                              -0.05683230881100584,                                    -0.07540136470240706,                                    -0.14823980330260916,                              0.014197254059752334,                             0.0070733631813273135,                                     -0.3312115394482747,                                    -0.08408387917927158,  7808.57266240167, 0.6280681044293206, 7809.200730506099, 0.0006014018219165748
                                  0.071557098616718,                                 0.0536352507139235,                                      -0.1419132231860737,                                     -0.19281942269561114,                              -0.08950276214346835,                               -0.0671759582997282,                                    -0.11385532295748765,                                      -0.156601481853539,                              0.012702828647825126,                               0.00669738429564444,                                    -0.34139880426222863,                                     -0.0880664712124196, 7808.843306814559, 0.4980532373721436, 7809.341360051931, 0.0007883228490740495
                                 0.0741122146801462,                                0.05368722475160931,                                     -0.14019415540065355,                                      -0.1920285637246654,                              -0.09197184031375569,                              -0.06398303184562137,                                    -0.11018682713359063,                                    -0.13921830521448378,                              0.013839076351251742,                              0.005893316101271168,                                    -0.34136982918770253,                                    -0.09319049865259504, 7809.027450243892, 0.5305228211372144,  7809.55797306503, 0.0009477124583141503
                                0.07328070021333291,                                 0.0508193585697336,                                     -0.14170518782981276,                                     -0.17787992197789815,                                -0.090078227876565,                             -0.057988707127454193,                                    -0.07605172644851543,                                    -0.12958881400549863,                              0.013715801206177297,                              0.006293512523924988,                                    -0.34461250376615954,                                    -0.08686800149885775, 7808.916849678171, 0.6008977825022027,7809.5177474606735, 0.0008484834474842922
                                0.06912087969075051,                               0.052427844182578176,                                     -0.14739773319729377,                                      -0.1851198148669704,                              -0.09961907740701838,                              -0.07039927373406271,                                    -0.14167963925213148,                                    -0.14575420332020972,                              0.012920622203532628,                              0.005055939217547517,                                    -0.33667604945541196,                                    -0.10409227684691551, 7809.535234052183,0.48480761694665264,  7810.02004166913,  0.001574723453119871
                                0.07609324640342305,                               0.054237028537874765,                                      -0.1496426350358153,                                     -0.17378520844261694,                              -0.08605169341379819,                               -0.0616603534373951,                                    -0.09495038731857416,                                    -0.14993746616805892,                              0.012998991056606984,                              0.007524021229240452,                                    -0.33307694543927974,                                    -0.09302361920443929,  7809.14807939232, 0.5837749943270888, 7809.731854386648, 0.0010692152965062827
                                0.07348072418450644,                               0.055182983194563384,                                      -0.1528347298208553,                                      -0.1852775653870321,                              -0.09176568576057018,                              -0.06833308548435016,                                    -0.10009623536497184,                                    -0.13820736796847835,                              0.013342020547775377,                                0.0058340677650663,                                    -0.34662842082092477,                                    -0.12722367982489055, 7809.173381006124, 0.4756682799972899, 7809.649049286121,  0.001096613314442264
                                0.06987972451638852,                               0.052946471908870224,                                      -0.1376318975470879,                                      -0.1889580465721806,                               -0.0955628740038402,                              -0.07027803848334342,                                    -0.12014079504122573,                                    -0.14379551956142955,                              0.013384188992697513,                              0.006097603299337576,                                    -0.34066294993869267,                                    -0.11161833246130311, 7809.007567101808, 0.5027535485024471,  7809.51032065031,  0.000929055055409426
                                0.07527284739233989,                                0.05702402971974091,                                     -0.14430011632832923,                                     -0.18587013791985657,                                -0.086148035993536,                              -0.06252692582864733,                                    -0.08158205963579573,                                    -0.14317039419791316,                               0.01500470286820059,                              0.007140343684507153,                                     -0.3396574844495815,                                    -0.12336262690427319, 7809.522324568155, 0.5314167253745536,  7810.05374129353, 0.0015545252406146402
                                0.07455298454094408,                               0.055892024067887375,                                     -0.14181151241520168,                                     -0.18277239894345873,                              -0.09215020225115148,                              -0.06828870372156093,                                    -0.11149559036141134,                                    -0.14034970919052203,                              0.014089676718464214,                              0.006644439302100499,                                     -0.3402048236410447,                                    -0.10968998913257978, 7808.713725521824, 0.5297077935844626, 7809.243433315409,  0.000692512591219769
                                 0.0737035334826534,                               0.056035781823941505,                                     -0.14517465706748428,                                      -0.1845847414725073,                              -0.09182676994733656,                              -0.06510229579882768,                                     -0.0958129839703829,                                     -0.1455344184440342,                              0.013526544455313955,                              0.005845133420790433,                                     -0.3482066218214902,                                    -0.08826317012166804, 7808.402111648324, 0.5234352201674087, 7808.925546868491, 0.0005071021926349819
                                0.07534496027018991,                               0.056706005292409434,                                      -0.1494966197152175,                                      -0.1884243140399353,                              -0.08625797144485843,                             -0.061776461121727244,                                    -0.09686866102751597,                                     -0.1540096303248518,                              0.014097317922918878,                              0.006815058485133932,                                    -0.34858771417624057,                                    -0.08867611620176294, 7810.117585132406, 0.4912881543870987, 7810.608873286793, 0.0017282686125231587
                                0.07197912283920571,                                0.05400694522089852,                                     -0.14897224706898224,                                     -0.18714564918350685,                              -0.09207115437697165,                              -0.06557468207200721,                                    -0.11299590695127215,                                    -0.14073787357320441,                              0.013259556219810745,                              0.005493124427406987,                                     -0.3338735189625345,                                     -0.1227630445458953, 7809.629054421279, 0.5135024487629513,7810.1425568700415, 0.0010603397697216458
                                0.07274648910839687,                                0.05211342961430401,                                     -0.15009786639830064,                                      -0.1774634449845993,                              -0.09837845308702572,                              -0.07109990339687257,                                    -0.11696854021266885,                                     -0.1482966787780786,                              0.011739571977535612,                              0.005658544279452629,                                     -0.3484642329201717,                                     -0.1086172560505161, 7810.529811005066, 0.4769053495715452, 7811.006716354637, 0.0026099889249813534
                                0.07122133668825589,                               0.053739622146485644,                                      -0.1541740901456116,                                     -0.17554003627765022,                              -0.09258355702879575,                               -0.0658837086194905,                                    -0.09774399931794454,                                    -0.13644404351387318,                                0.0136554286447442,                              0.005445169704946573,                                     -0.3288250331989283,                                    -0.11393909068038231, 7809.367178617498,  0.582785229631466,  7809.94996384713, 0.0008160444850228676
                                0.07350569200621712,                               0.050595631291213694,                                      -0.1500967239478842,                                      -0.1705605671780163,                              -0.09018614462538646,                             -0.062164221954410806,                                    -0.08077004194178723,                                    -0.13886669022403475,                              0.011871555128200303,                              0.006515464148244082,                                      -0.347359955883641,                                    -0.08114247476035809, 7809.374231490749, 0.5782969438440559, 7809.952528434593, 0.0008218202874013004
                                0.07077168924374497,                                 0.0515649454245182,                                       -0.146763473058165,                                      -0.1708576302532556,                              -0.08731354508178488,                              -0.06065616911514471,                                    -0.08325840353711954,                                    -0.14599311856082317,                              0.012457614909820822,                              0.005851952117854234,                                      -0.334160537723768,                                    -0.10036029594638289, 7808.837620884111, 0.6002829319882214,   7809.4379038161, 0.0004805403193125221
                                0.07560978412731667,                                0.05318007602371716,                                      -0.1484553321430379,                                      -0.1832541357021739,                              -0.08915104981586909,                              -0.06234868704920941,                                    -0.09684329813507925,                                     -0.1520232619023845,                              0.013152477149070002,                              0.006513557704044715,                                     -0.3533678560261349,                                    -0.08684253796227616, 7809.309729846174,0.49023862488707004, 7809.799968471061, 0.0007704849317512593
                                 0.0705252052456688,                                0.05166744511241672,                                     -0.14454430359689716,                                       -0.177129309344622,                              -0.08897332806324572,                              -0.06129286833473005,                                    -0.07726801293601294,                                     -0.1476164159330754,                               0.01325608697575234,                              0.006045976187246935,                                     -0.3354602084803567,                                    -0.10183493364108974, 7809.300939717186, 0.5879526433782758, 7809.888892360565, 0.0007637419490786456
                                0.06893051640587122,                                 0.0537697936973239,                                      -0.1450903600653862,                                     -0.19564068857972897,                              -0.09221873073156174,                              -0.07004650323778157,                                    -0.10494939290140637,                                    -0.14991230945580106,                              0.012885971392687129,                              0.004992700348763451,                                     -0.3469584179569108,                                    -0.11984306123744176, 7808.568959352138, 0.4511506148453186, 7809.020109966984, 0.0003673259511216124
                                 0.0733103999140425,                                0.05484747537517712,                                     -0.15386328152997678,                                     -0.17956521458500813,                              -0.08687058589326639,                              -0.06498981038450166,                                    -0.09921645907716513,                                    -0.15286704480810945,                              0.013321701574376926,                              0.006839375765282013,                                     -0.3381790382732068,                                    -0.12292031996124268, 7809.864357525297, 0.5008883287755945, 7810.365245854073, 0.0013416396673081466
                                 0.0709362793401577,                                0.05540948445627114,                                     -0.14321557918270328,                                     -0.19135581051602416,                              -0.08725785408346828,                               -0.0667199658578562,                                    -0.11019239183660871,                                    -0.15274691946718608,                              0.014747089308496414,                              0.006667030926927414,                                    -0.32805429458488183,                                    -0.13407961862583345,  7809.13760097052, 0.5031415761554319, 7809.640742546675, 0.0006486486653665886
                                0.07539059489286956,                                0.05407636043099365,                                     -0.15259483473727314,                                     -0.17226703016004175,                               -0.0952841647595042,                              -0.06773546943585651,                                      -0.127970703632022,                                    -0.13170920717422882,                              0.013245139482079366,                              0.006731433352443389,                                    -0.34239001448580675,                                    -0.09164994796987644, 7808.749556936731, 0.5358256472500742, 7809.285382583981, 0.0004400318843287652
                                0.07254446659496741,                                0.05300829576590374,                                      -0.1536622393947013,                                     -0.17127297827716007,                              -0.09403569653494509,                              -0.06696328551142963,                                    -0.11562419616562275,                                    -0.13284647811406675,                               0.01274359127281241,                              0.005803735443848462,                                     -0.3473002920599666,                                    -0.09486078931770024,7808.7881074994675, 0.5288025577432478,  7809.31691005721, 0.0004573265793881075
                                0.07283294072455229,                                0.05349129198450395,                                     -0.15336505258278701,                                     -0.17500916286160215,                              -0.09429626708510844,                              -0.06895913693659485,                                    -0.11580909982847909,                                    -0.14031255476833351,                               0.01236633749834408,                              0.005425458866652175,                                    -0.35086469427703465,                                    -0.12063866041588794,  7808.84714630418,0.46586696585380305,7809.3130132700335,0.00048513953768214495
                                0.07189252444553546,                               0.055773776780198764,                                     -0.14066574904308132,                                     -0.18743588298768352,                              -0.08519831620451462,                              -0.06184815620909044,                                    -0.09489645823846758,                                    -0.14249326915417868,                              0.015335150343162046,                              0.007120924745021198,                                      -0.333132867764914,                                     -0.1038895245679274, 7809.822408956979,  0.570916152071004,  7810.39332510905, 0.0012865238997858944
                                0.06941660175892206,                                0.05255720761945143,                                     -0.14425221659945697,                                     -0.18824882070211857,                              -0.09090975380832703,                              -0.06693996314972167,                                    -0.09897696991611514,                                     -0.1316238672306533,                               0.01329598311112734,                              0.005465605539472132,                                     -0.3413123951815845,                                    -0.09565051494081843, 7809.137472276713, 0.5541855855417968, 7809.691657862255, 0.0006485651936718268
                                0.07725074310171873,                                0.05629523425727881,                                      -0.1484693451850912,                                      -0.1894971871064494,                              -0.08377502234703223,                              -0.06093359971244372,                                    -0.09127422065213787,                                     -0.1402529570798724,                               0.01556780653087253,                              0.008324141157103962,                                     -0.3409314580177878,                                    -0.09055733516441175, 7808.996572957276, 0.5465282515234231, 7809.543101208799, 0.0005633286520337839
                                0.07389704825583696,                                0.05258148080631217,                                     -0.14966212932345693,                                     -0.17353887837521642,                              -0.08921944882869197,                              -0.06327870500166927,                                    -0.09063166608131314,                                    -0.15768380886304934,                              0.012568000588157394,                              0.006935267260393396,                                     -0.3437735641452831,                                    -0.08016363977858612, 7808.660900988457, 0.5475829484188104, 7809.208483936875, 0.0004026997473214662
                                0.07445207544299409,                                0.05270879326631639,                                      -0.1515504275471502,                                      -0.1904211419794019,                              -0.09563145733609299,                              -0.06588191009358949,                                    -0.10156213327111922,                                     -0.1295036201893972,                              0.013076174287301637,                              0.005466239875765805,                                    -0.34865421317186857,                                    -0.08392009712096535, 7808.832313804109, 0.5213779998677205, 7809.353691803976, 0.0004779968086707095
                                0.07415903159286316,                               0.053190153236813364,                                      -0.1410040756295246,                                     -0.19048760661796138,                               -0.0904121307677595,                              -0.06357260501189174,                                    -0.08896631937364637,                                    -0.14382348278006588,                               0.01363287999032789,                              0.006998490401034951,                                     -0.3478646151812532,                                    -0.09604416713740986, 7809.273192817777,  0.520900170340572, 7809.794092988118, 0.0007428417764235868
                                0.07207627934301836,                               0.051219195333483625,                                     -0.14429936997174392,                                      -0.1821304388483015,                              -0.08465304416897422,                              -0.05835185450580556,                                    -0.06871864408641441,                                    -0.14140443358988852,                              0.013404348280037337,                             0.0068167953035530165,                                     -0.3391948036581731,                                    -0.06860156687124669, 7809.639354681722, 0.6127423354417457, 7810.252097017164, 0.0010713179876985046
                                0.07361842261281962,                                0.05531582501223317,                                     -0.14319310644644614,                                     -0.19396099141426618,                              -0.08335248260503092,                              -0.05883020030824964,                                    -0.07609508577192713,                                    -0.14060572346668276,                               0.01538517258387015,                               0.00634790739529581,                                    -0.33332702618335236,                                     -0.1087110253782511, 7808.848222504717, 0.5675201338957668, 7809.415742638613,0.00048566192616041027
                                 0.0775600890868354,                                0.05448283859844594,                                     -0.14729712843042123,                                     -0.18082917650192656,                              -0.08121887093375862,                             -0.056379780732373784,                                    -0.06358777800438986,                                    -0.14666955210277374,                              0.014558909741227019,                              0.008997789024492026,                                     -0.3466612157181295,                                    -0.09033436025436974, 7807.027668814891, 0.5582160429398109,  7807.58588485783, 7.864618063840371e-05
                                0.07272657200780794,                                0.05201772026064197,                                     -0.15227093264213606,                                      -0.1674051704927563,                              -0.09610493274783093,                              -0.06504630668625556,                                    -0.09800223338450947,                                    -0.13676646579337867,                              0.012468776719041591,                              0.006257872393278838,                                    -0.34071692659909186,                                    -0.09279918400880108, 7809.413412669457, 0.5808002023637346, 7809.994212871821, 0.0008546593097481782
                                0.06984737088786477,                                0.05225271620514654,                                      -0.1409604746910122,                                     -0.19008681223149157,                              -0.09816300454875104,                              -0.07152554842606637,                                     -0.1149561027475566,                                    -0.14528467066025988,                              0.012410287033034442,                              0.004983276370026976,                                     -0.3518729377767181,                                    -0.09036404980028874, 7809.329951661045,  0.480325347030781, 7809.810277008076, 0.0007862241367078286
                                 0.0764851251067171,                                0.05224627488121597,                                     -0.15276285772418158,                                     -0.17301671391265835,                              -0.08964921364262819,                              -0.06119115027572052,                                    -0.09855264096306933,                                     -0.1402743026723555,                              0.012827023208779556,                              0.007159437048346234,                                     -0.3382432429608263,                                    -0.09882784021240207, 7809.817445517905,  0.566266503137619, 7810.383712021043, 0.0012801541378312795
                                0.07497330001466557,                                0.05464242192399779,                                     -0.15014459830235644,                                     -0.17921283478155817,                              -0.09968688963312707,                              -0.07086434667004674,                                    -0.13715848026186636,                                    -0.14568120645168997,                              0.012928461220541032,                              0.005905816985913276,                                    -0.35309081521119956,                                     -0.0962647235383693,  7809.46273854989,0.44515587246372035, 7809.907894422354, 0.0008978731516670891
                                  0.072465242246573,                                0.05227477794413704,                                     -0.14743975030975456,                                     -0.18134797344376377,                               -0.0924322616310717,                              -0.06603241819121514,                                    -0.10350952332529077,                                     -0.1465448112822852,                              0.011594830330536252,                              0.004795996436080127,                                    -0.33922540842304616,                                    -0.09295554944701684, 7808.811031430398, 0.5457466584974938, 7809.356778088895, 0.0004679313898739613
                                0.07227037039933504,                                0.05402083652638082,                                     -0.13994843733392096,                                      -0.1970165012288916,                              -0.08391137420418061,                               -0.0631491626597396,                                    -0.08037256666613903,                                    -0.14250784930254876,                                0.0135382812636589,                              0.006685786680918598,                                     -0.3379517210965601,                                     -0.1127749850061106, 7809.349177388798, 0.5370295250522433,  7809.88620691385, 0.0008014861090737012
                                0.07238322227507438,                               0.054401741816134275,                                     -0.15529802239263132,                                     -0.18189637324533223,                              -0.09659571013098753,                              -0.06960383125987335,                                    -0.11103254779233541,                                    -0.14812520097073364,                              0.012741947471224147,                              0.004741666175848661,                                    -0.34662570648654456,                                    -0.10226054754348476, 7809.770256675757, 0.4815806268152566, 7810.251837302572, 0.0012211483038340083
                                0.07338336898242157,                                 0.0543245270043308,                                     -0.14537455329684257,                                     -0.17966945576133111,                              -0.09065411915187513,                              -0.06324025901999922,                                    -0.09576506379152101,                                     -0.1486150251972382,                              0.012432529295901468,                              0.005683275947708857,                                      -0.331255194888802,                                    -0.10822719623245032, 7807.745004492194, 0.5702711312018095, 7808.315275623396, 0.0001611434148803561
                                0.07237367121580893,                                0.05371673221740264,                                     -0.14585177682899567,                                      -0.1861262669065489,                              -0.09623681833616224,                              -0.06640308717488144,                                    -0.11811558270994618,                                    -0.14882940741642586,                              0.012665127145641206,                               0.00539119641332686,                                    -0.33797993672894583,                                      -0.101436626721671, 7808.384973210421, 0.5123730149951612, 7808.897346225416, 0.0003055958454169765
                                0.07904512711577033,                                0.05475216584846976,                                     -0.15111177180323526,                                      -0.1846667111102026,                              -0.08508156682472792,                              -0.05691647327611776,                                     -0.0791462642325837,                                     -0.1446047259435637,                               0.01379584097512318,                              0.007311158061566639,                                     -0.3449759293403265,                                    -0.08200684776758013, 7808.921945533317, 0.5495524800929131,7809.4714980134095, 0.0005228192412270665
                                0.07211276754972554,                                  0.049653452022205,                                     -0.15176916647035377,                                     -0.17560567322512854,                               -0.0991220633868466,                               -0.0661059279656429,                                    -0.10899588766755823,                                    -0.12095214882568006,                              0.011211520435124744,                              0.004339700857739243,                                    -0.34849427563996976,                                     -0.0940295626663273, 7808.978731561434, 0.5449644666427085, 7809.523696028076, 0.0005533672098192208
                                0.07393819506670829,                                0.05320123578761013,                                     -0.14552660881028553,                                     -0.17358747718415937,                              -0.09699315810092744,                              -0.06737853205554395,                                    -0.11221906070798797,                                    -0.13498534267361786,                               0.01224406364731949,                              0.005657744085986183,                                     -0.3509596281232803,                                    -0.09175789684630507, 7810.476666267236, 0.5280402353484007, 7811.004706502585,  0.002474903091225352
                                0.07236333055046576,                               0.054349938536325915,                                     -0.14332372188916517,                                     -0.19054383151449678,                              -0.09339418151137914,                              -0.06670044759956706,                                     -0.1170409911211815,                                     -0.1369980076151273,                              0.014611466486304542,                              0.006686175340524694,                                     -0.3486246501509103,                                    -0.09458075860079265, 7808.514928541774, 0.4942434762822433, 7809.009172018056, 0.0003480056772969585
                                0.07450221846987437,                                0.05159508547583497,                                     -0.14846897955503477,                                      -0.1752685438852474,                              -0.08780167067229191,                             -0.060949238390222454,                                    -0.07043254985857089,                                    -0.13974304991230835,                               0.01278567412219253,                             0.0070880457208003095,                                     -0.3410255814905917,                                     -0.0915801102799199, 7810.020019717076, 0.5934880706925546, 7810.613507787769,  0.001567613955918987
                                0.07625652079443715,                                0.05401933958121988,                                     -0.14820377038346016,                                     -0.17366589679991118,                               -0.0859499526812931,                             -0.057814882083238324,                                    -0.07636648999319162,                                    -0.13362659799403503,                              0.013533514948482137,                              0.006558894642473209,                                     -0.3318144386208906,                                    -0.11926899129306096,  7809.05946632005, 0.6034786515821615, 7809.662944971632, 0.0005998961590507322
                                0.07606279365618035,                                0.05551662277516731,                                     -0.15115989798481344,                                     -0.17331111391143547,                              -0.09039797730687643,                                -0.066222575931767,                                    -0.11126946738391934,                                    -0.15374110779375086,                              0.013929079611585585,                              0.007371134855839692,                                    -0.34645354543042445,                                     -0.1006520946104904, 7808.684539647759, 0.4983333230352093, 7809.182872970794,0.00041233243278769447
                                0.07217532958792855,                                0.05203652950631768,                                     -0.14792312904458202,                                      -0.1796403487891471,                              -0.09632223292270542,                               -0.0656423175724375,                                    -0.10779342910766399,                                    -0.14626200458463687,                              0.012859847406884478,                               0.00557213323799996,                                     -0.3419224721076028,                                      -0.094287173386007, 7810.880925466252, 0.5322179368780633,  7811.41314340313,  0.003707880572825849
                                0.07631575839277649,                                0.05530143295557205,                                     -0.14041174594052444,                                     -0.18234768918173155,                              -0.08341735746002898,                              -0.05837116518838383,                                    -0.08250544422416639,                                    -0.14710450535742348,                              0.014928072475534487,                              0.007754673933909564,                                     -0.3366376726874542,                                    -0.09682244801580903,7810.6839229372745,  0.581398055085655,  7811.26532099236,    0.0030448690954315
                                0.07416293581424041,                                0.05480424313229801,                                      -0.1522801568978978,                                     -0.18496649634964882,                              -0.09046632800135818,                              -0.06789190308834075,                                    -0.10529040494088052,                                      -0.159805279737486,                              0.012972261506215915,                              0.006705095280786888,                                     -0.3490948335830763,                                    -0.09735855412483095, 7809.810876563283,0.46329245745390724, 7810.274169020737, 0.0012717724230829174
                                0.07036044081916681,                                0.05430306696521289,                                      -0.1489067121764547,                                     -0.18608546469016754,                               -0.0908398888093935,                              -0.06827891075306843,                                    -0.09523289415450924,                                     -0.1376799858992373,                              0.013758058088290087,                              0.005752307300980974,                                    -0.33789912800994487,                                    -0.12023214261085019, 7809.565650989849, 0.5294805579199353, 7810.095131547769,  0.000995197531711459
                                0.07155220373376131,                                  0.050943598752937,                                     -0.14930896867186172,                                     -0.17405247734065393,                              -0.09614393872650012,                              -0.06369788218314679,                                    -0.09843576123666335,                                    -0.12015849137519874,                              0.012822916202437848,                              0.004902708131511349,                                    -0.33286707678678906,                                    -0.09188567763981978, 7809.256109437105, 0.6266978738927252, 7809.882807310998, 0.0007302593091230493
                                0.07368195024089894,                                0.05254309383031208,                                     -0.14370930988551922,                                      -0.1828115872363588,                              -0.08758642967332331,                             -0.059397611426891275,                                    -0.09134045143071816,                                    -0.14334366212971728,                              0.013934374590936202,                               0.00754658859802812,                                     -0.3444190993597202,                                    -0.08370212168459282, 7809.395729409155,  0.556503856135791,7809.9522332652905, 0.0008396789875303143
                                0.07634456496530811,                                0.05643722914728569,                                      -0.1491192174931674,                                      -0.1864674165475988,                               -0.0879322892929612,                              -0.06352684305504916,                                    -0.08985942464438805,                                     -0.1362975658922313,                              0.014820857817462965,                              0.007811186224685351,                                    -0.34473650269347184,                                    -0.09413273763133624, 7809.287516902694,  0.541119840500592, 7809.828636743195, 0.0007535588782031921
                                0.07613986764247901,                                0.05351742840640292,                                     -0.14575861118798067,                                     -0.17246083775433826,                              -0.09082415342752372,                              -0.06251058833526074,                                    -0.09550193161113847,                                    -0.13367190672757415,                              0.013029628671614807,                             0.0058714431811157375,                                    -0.33970846716848835,                                    -0.09563450650932735, 7809.966266883677,  0.590218158963406, 7810.556485042641, 0.0014855749315703195
                                 0.0725579581436902,                                 0.0546883187121196,                                     -0.14481451208664967,                                     -0.18257069838260478,                              -0.09191099263674816,                              -0.06470740194525036,                                    -0.11152313225300191,                                     -0.1391713944833533,                              0.014560616870917226,                              0.006617268334251733,                                    -0.34604075479478924,                                    -0.10173290568604397, 7809.314218536334, 0.5142278001757744,  7809.82844633651, 0.0007739511735052666
                                 0.0692069601471301,                                0.05054798568105642,                                     -0.14138949260342484,                                     -0.18391346896026023,                              -0.09444963448560142,                                 -0.06731183254872,                                    -0.10254764047285626,                                    -0.14759297621202352,                              0.011772280216698447,                             0.0057435272739834176,                                     -0.3447927062470998,                                    -0.07516071447335404,  7808.72582134217, 0.5451009991111831, 7809.270922341281, 0.0004297104432671567
                                  0.072124369356218,                               0.054202511758207755,                                     -0.14959060502638152,                                     -0.18314706898225566,                              -0.09414265095701507,                              -0.06872927622693706,                                    -0.11885191434973905,                                    -0.15235384609298638,                              0.013755192151179665,                              0.005891715958907112,                                    -0.33682307543662304,                                    -0.12911261877260874,7809.5537678697965,0.47437032540500734, 7810.028138195202, 0.0009834414676641035
                                0.07448872111866042,                                0.05276362509961571,                                     -0.14922299573284134,                                     -0.18032551243240444,                              -0.08739532868950388,                             -0.061117093379848844,                                    -0.07564366972671614,                                     -0.1542615898332171,                               0.01273594791570283,                              0.006726496646329988,                                    -0.34562859929452144,                                    -0.09364322035421414, 7809.566475435344, 0.5346255770721708, 7810.101101012416, 0.0009960183561489257
                                0.07091137395114139,                                0.05353077771514472,                                      -0.1462975147396183,                                     -0.18756526379036734,                              -0.09173316048666144,                              -0.06878994587870761,                                    -0.12021847169681463,                                    -0.15410217251143235,                              0.012265445692287907,                              0.005289940027738152,                                    -0.33479952845695793,                                    -0.11379580768548803,  7809.73403712167, 0.4941128854849256, 7810.228150007155,   0.00117771025870849
                                0.07109262831293456,                               0.052423368345081045,                                      -0.1436064514305689,                                      -0.1842741205337389,                              -0.08658175413503097,                              -0.06308058411024073,                                    -0.08361763727479159,                                    -0.14575345668478001,                              0.013056318997636929,                              0.006622895826953523,                                     -0.3405878264167434,                                    -0.10297387233434822, 7810.846064108831, 0.5519152851218012, 7811.397979393953, 0.0035808459872674735
                                0.07449914099081886,                                 0.0551199788762696,                                     -0.14918000259369596,                                     -0.18155805945310713,                              -0.08943178611925796,                              -0.06404684272259394,                                    -0.09884999771640064,                                    -0.14357538216440555,                              0.015009919852683115,                              0.007015169122748202,                                     -0.3301149036205548,                                     -0.1234602386834297, 7809.602937431644, 0.5496815907337903, 7810.152619022378, 0.0010330053865550822
                                0.06990536358039967,                                 0.0506457245861571,                                     -0.14084965728788412,                                      -0.1803874432850797,                              -0.09166199314933489,                              -0.06416997263890402,                                    -0.09144246958261826,                                    -0.13563774152365346,                               0.01172596276643123,                              0.005350581881908664,                                     -0.3431427827628313,                                     -0.0795122924984714, 7808.634290213209, 0.5864301619780595, 7809.220720375187, 0.0003921249210408075
                                0.07216246250640626,                                0.05287164156686436,                                     -0.14925101750100456,                                     -0.18080916477586703,                              -0.09326792898117786,                              -0.06741076179650404,                                    -0.11754453098226161,                                     -0.1356470143339541,                              0.011730938373483116,                              0.005718144619324558,                                    -0.34529916454235154,                                    -0.10108782436351185, 7808.861048098307, 0.5118292787605485, 7809.372877377067, 0.0004919309446536408
                                0.07550883487877619,                               0.056855697717875964,                                     -0.15492821649252211,                                      -0.1850185347311034,                              -0.09493581827598185,                              -0.07022806338631647,                                    -0.12413352457509558,                                     -0.1520043151924108,                              0.013375631819268416,                              0.006295008109134484,                                     -0.3492667192998191,                                    -0.10425398874549573, 7809.259998738706, 0.4397721744373776, 7809.699770913143, 0.0007331050381851153
                                0.07405549563866062,                               0.054434264572214924,                                     -0.14886704924434546,                                     -0.16935254052706727,                              -0.08857877032665712,                              -0.06276203965731858,                                    -0.09370743925793484,                                    -0.13343876513781844,                              0.013895205219635082,                              0.005995536140051355,                                    -0.33787667336792027,                                    -0.11210665683390328, 7809.929718801101, 0.5811497918808772, 7810.510868592983,  0.001432260225946462
                                0.07312598511284585,                               0.052201046821074376,                                      -0.1526212050475081,                                      -0.1724505665527021,                              -0.09772082839663815,                              -0.07046226901052743,                                    -0.12137273305489661,                                    -0.14933496059532073,                              0.011772046080654255,                              0.005869295618381634,                                    -0.34692350859491433,                                    -0.10212054743267386,7810.5572624423585,0.48841640586224033, 7811.045678848221, 0.0026826293527133136
                                0.07304094512062023,                                0.05311039183122773,                                      -0.1520139258582075,                                     -0.17209260076037866,                              -0.09985865406612157,                              -0.06968506509628601,                                    -0.12878890302285437,                                    -0.12483016774328645,                              0.013108250313489125,                              0.005559414293569875,                                    -0.34826508774990167,                                    -0.10310796464374421, 7809.672966052599, 0.5108394892684183,7810.1838055418675, 0.0011079384381622553
                                0.07498731950007248,                                0.05360172866414234,                                      -0.1528436315626979,                                     -0.17899397343542842,                              -0.08702392514091846,                             -0.060274436618124504,                                     -0.0878633066848913,                                    -0.14452331211994857,                               0.01390559566517302,                              0.007429340617023231,                                     -0.3378047567342976,                                    -0.09875061237223888,  7811.34854903286, 0.5605193179959468, 7811.909068350857,  0.005918505725593534
                                0.07157044251789826,                               0.055342553311857084,                                      -0.1431068411404803,                                     -0.18622553100036882,                              -0.09331458614830151,                              -0.06856145381313436,                                    -0.11189046718800905,                                    -0.15117162380170424,                              0.013831934805627541,                              0.005435996291476869,                                     -0.3446976360500407,                                    -0.12375598065712783, 7809.273249878537, 0.4672240282434217, 7809.740473906781, 0.0007428841647491787
                                0.07227493839032259,                               0.053835141632187805,                                     -0.14485635682130832,                                       -0.180348126706446,                              -0.09636473669302187,                              -0.06987165406216073,                                    -0.13061011826384672,                                     -0.1467716728748248,                              0.012206024957827119,                              0.004995731584017407,                                     -0.3414895066040859,                                     -0.1081875187177463, 7809.556135448927,0.49074900445688174, 7810.046884453384,  0.000985772601642475
                                0.07175252815240499,                                0.05172521907262384,                                     -0.15113263132122695,                                     -0.17363449575521356,                              -0.09752368818396492,                              -0.06906494154586709,                                    -0.11145529483481174,                                      -0.153497267684945,                              0.011446876846903958,                              0.005726507102436856,                                    -0.35029666025985123,                                    -0.09562765610835346, 7809.667449700111,0.48854487720552064, 7810.155994577317, 0.0011018434856119995
                                0.07534410080611106,                               0.052716752022216345,                                     -0.15506239203292851,                                      -0.1665377633684305,                              -0.09220974452083468,                              -0.06265673996845275,                                    -0.10103712181084154,                                     -0.1358914996210785,                               0.01206038960212727,                             0.0056518760287296715,                                     -0.3318706583186016,                                    -0.09803816920807283, 7808.998449981411, 0.6031132934465022, 7809.601563274858, 0.0005643870264960277
                                0.06934564642854399,                               0.054569703458381164,                                      -0.1451132038245385,                                     -0.18194762429689643,                              -0.08678007427649104,                              -0.06478088906104423,                                     -0.0884066519074215,                                     -0.1488821570899227,                               0.01435074017844333,                              0.006560201354871634,                                    -0.32991328926327146,                                    -0.11306380694013105,7809.4593088453485,  0.572186474520218, 7810.031495319869, 0.0008947989867933327
                                0.07037015147557485,                               0.052267423508302435,                                     -0.14473059726353918,                                      -0.1774353860835571,                              -0.09230546251144563,                              -0.06510840455219724,                                    -0.10726751108736376,                                     -0.1387732546415064,                                0.0123291316903833,                              0.004954428349898829,                                     -0.3352555450878496,                                     -0.0926975937455974, 7809.224860830771, 0.5810025524597207, 7809.805863383231, 0.0007077925786135758
                                 0.0753333073108016,                               0.052421204889399664,                                      -0.1486240537107662,                                     -0.16450015064530546,                              -0.09225956871701807,                               -0.0629064634156461,                                    -0.10370110951260685,                                    -0.13631561700334557,                              0.012931697673120773,                               0.00691818583741044,                                    -0.34255518600365736,                                    -0.07418265426478379,  7808.75824394677, 0.5968432382778579,7809.3550871850475,0.00044387109722214096
                                 0.0715301595583295,                                0.05372964818859233,                                     -0.15078860296949112,                                     -0.17566158908233057,                              -0.08944167127394265,                              -0.06740711658708357,                                    -0.09783032414117425,                                    -0.15774924479365032,                              0.013156152292929574,                                 0.006660967285451,                                     -0.3388973544006605,                                    -0.10207401442138164, 7809.032744846034, 0.5302437029992366, 7809.562988549033, 0.0005840783284970913
                                0.07729473285332841,                                0.05496522737123066,                                      -0.1506809361102155,                                      -0.1681477563852671,                              -0.08544411074592281,                             -0.057513206380640065,                                    -0.08419722633624037,                                     -0.1469164732690622,                              0.013577444183836773,                             0.0070683413335270034,                                    -0.34062187042178166,                                    -0.08683696367057477, 7809.323761949487,  0.586379047802987,  7809.91014099729, 0.0007813726661723405
                                0.07401992257840873,                                0.05449502804053627,                                     -0.14874665208976778,                                     -0.18171277836395514,                              -0.08423784407930764,                             -0.061451302872792456,                                     -0.0954680517347234,                                    -0.15068352715510105,                              0.013748399919809987,                             0.0076656657858134025,                                    -0.34283925755083033,                                    -0.10173007374259456, 7809.786026956241, 0.5217313443911888, 7810.307758300632, 0.0012405588073561278
                                0.07627846113701886,                                0.05509468606640039,                                      -0.1434875678571205,                                      -0.1847948332578703,                               -0.0887263412780108,                               -0.0627400904337915,                                    -0.10562134190861583,                                    -0.15198072207833943,                              0.014549642726163547,                              0.007356685706274707,                                     -0.3519259289023036,                                    -0.09697273079535512, 7809.205284519041, 0.4806488376035378,7809.6859333566445, 0.0006940713541365653
                                0.07693381834913487,                               0.053837614944021894,                                     -0.14546287149215673,                                     -0.17500815689781826,                              -0.08634444131827439,                               -0.0576004758750319,                                    -0.07957218726167599,                                    -0.13212097753408408,                              0.014510940660276181,                              0.008098556784117042,                                    -0.33505778793056434,                                    -0.09896335346324094, 7808.743462622535, 0.6173984820187934, 7809.360861104554,0.00043735834673314013
                                0.07444150749532288,                                 0.0564371120893942,                                     -0.14045417609189037,                                     -0.18521602109343763,                              -0.08460425971693271,                              -0.06427116679162205,                                    -0.09379008481983032,                                     -0.1452453918316156,                              0.014810131271804125,                              0.007234779291939747,                                     -0.3457105396090033,                                    -0.11615914403764754, 7809.977443681306, 0.5101683508233685,  7810.48761203213, 0.0015022720382160194
                                0.07337414901013084,                               0.055071583896041915,                                      -0.1436055946634621,                                     -0.18073696193808456,                              -0.08517239720351459,                              -0.06358451749100094,                                    -0.08583364664516459,                                    -0.15106433634081173,                              0.014178862617359969,                               0.00716663724791726,                                    -0.35003198717136746,                                    -0.11752274931323621, 7809.728408870738, 0.4941884861647241, 7810.222597356903, 0.0011711004281889127
                                0.07145202685167756,                                0.05248965527580998,                                     -0.15383982994549192,                                     -0.17258977968051095,                              -0.09873150202100911,                               -0.0713639394309561,                                    -0.11650424146070137,                                    -0.13021742177827314,                                0.0118931412707238,                              0.005630267172561959,                                    -0.34167459324731403,                                    -0.11553844406215294, 7808.642987214937, 0.5260543373940028, 7809.169041552332, 0.0003955501049826887
                                 0.0748835529183822,                                0.05476149366145108,                                     -0.14512550370490926,                                      -0.1755668412813174,                              -0.08723260631822213,                             -0.061428357724653264,                                    -0.09687546783962887,                                     -0.1540009674733667,                              0.013754599347041457,                              0.007283405800434073,                                     -0.3342573453310625,                                    -0.10485761669353053, 7809.855784376961, 0.5614155915404512, 7810.417199968501,  0.001330186755331501
                                0.07492566365537884,                                0.05506962274313107,                                      -0.1521774259372592,                                      -0.1802503142636115,                              -0.09243507605482103,                              -0.06624637447429745,                                    -0.11004003445502285,                                    -0.13279900166499128,                              0.013423078386124887,                              0.006448630263388294,                                     -0.3513878259884179,                                    -0.08239338865735261, 7809.648019360919,  0.517275430379281, 7810.165294791298, 0.0010806409462744717
                                0.07142315841442412,                               0.054006550459428954,                                     -0.14103487635443626,                                     -0.19158178403636436,                              -0.08676587636440668,                              -0.06476018884377344,                                    -0.09465518068685959,                                    -0.15619070242470742,                              0.013165409888259677,                              0.005955675971951166,                                    -0.34642266736406796,                                    -0.09093220692400972, 7809.863938627641, 0.5029849733406728, 7810.366923600982,  0.001341077775291692
                                0.06647519690674689,                               0.051895276038658344,                                      -0.1424919393276481,                                     -0.18793761387717844,                              -0.09234616363883058,                              -0.06901977414692698,                                    -0.10085402125483538,                                    -0.14987659421255387,                              0.012828418751049675,                              0.005008728375261853,                                    -0.33088637891928785,                                    -0.11145394311823956, 7809.038878343766, 0.5477632068251743, 7809.586641550591, 0.0005876717805496976
                                 0.0755543790297547,                                0.05379707048606394,                                     -0.14812687980686515,                                      -0.1902419910096353,                              -0.08669095009024318,                              -0.06041228832404433,                                    -0.09406773185376867,                                    -0.13073957389188415,                              0.014977711184173487,                              0.007259049409826329,                                    -0.33963526764835167,                                     -0.0884566654455198, 7809.694012993272, 0.5639573460233377, 7810.257970339295, 0.0005262300223718592
                                0.06979473694180907,                                0.05146587917902487,                                     -0.14250572761805552,                                     -0.17764336628425628,                              -0.09746059225236019,                              -0.06873490809820759,                                    -0.12299616262505458,                                    -0.13809161547439938,                              0.012150412522884221,                              0.005389278937686773,                                     -0.3326671502238354,                                    -0.09525666965705024, 7809.459485477808, 0.5720028709606007, 7810.031488348768, 0.0004162187263471348
                                0.07624031260468053,                               0.055544824780362934,                                     -0.15295121763085465,                                     -0.18035738594561182,                              -0.08740468113070973,                               -0.0603929086606805,                                    -0.07864534780830183,                                    -0.12946457773945516,                               0.01400399673023997,                              0.006787375184458891,                                     -0.3434921497580904,                                     -0.1120836682037627, 7808.621715874518, 0.5519197006344186, 7809.173635575152,0.00018008722255658614
                                0.07226761273236812,                                0.05428223351698111,                                      -0.1574408351719261,                                     -0.18128973486997643,                              -0.09458023902548451,                               -0.0674394243184139,                                    -0.10850701680831429,                                    -0.14380058266174295,                              0.012939731057822049,                              0.005378772327213094,                                     -0.3422434376792365,                                    -0.10374897221391845, 7810.536814317331, 0.5042433128298784, 7811.041057630161, 0.0012223612843741704
                                0.07343927170699949,                               0.054254710171559306,                                     -0.14442512739159086,                                      -0.1768264935949389,                              -0.09035348223438633,                              -0.06399584695112023,                                    -0.10729104598756502,                                    -0.13530158595936692,                              0.012815701404889773,                              0.006020467005705618,                                     -0.3388788274370627,                                    -0.09901755393829416, 7809.734830072786,  0.567648507523639,  7810.30247858031, 0.0005481535791193778
                                0.07278297680494195,                                0.05350928961338258,                                     -0.14410022323065916,                                     -0.18194530338558887,                               -0.0910004501212697,                              -0.06337210727227094,                                    -0.10127052340033987,                                    -0.14776818204051345,                              0.013231045128370839,                             0.0057779712402976635,                                    -0.35112758232095226,                                    -0.09529620175143166, 7810.222058620724,  0.502400630951872, 7810.724459251676, 0.0008922836269657712
                                0.07134830303324502,                                0.05354482146237796,                                     -0.14673721596431685,                                     -0.18255669736395236,                              -0.09267146525858223,                              -0.06837952923149523,                                    -0.11243196949782895,                                    -0.15764877288027315,                               0.01335146152661526,                              0.006923515968808913,                                    -0.34262255840029304,                                    -0.10380985752822448, 7810.040933826902, 0.4902479738704394, 7810.531181800772, 0.0007444600985072569
                                0.07450252761974008,                               0.055306191684989736,                                      -0.1465871326099839,                                     -0.19117281017281124,                              -0.08236041596816412,                              -0.06228447090786891,                                    -0.08194895653839585,                                    -0.14697875287440487,                              0.015134535887273717,                              0.007667130622390633,                                     -0.3438494307078282,                                    -0.11057892695947591, 7809.693886734247, 0.5108379713479994, 7810.204724705595, 0.0005261635852765858
                                0.07216033254522736,                                0.05241281101049458,                                     -0.14504080334461142,                                     -0.18249434024874156,                              -0.08956623036027711,                               -0.0625907890618406,                                    -0.09204259581727907,                                     -0.1489988830564943,                               0.01389631972626812,                             0.0073203983823368485,                                    -0.33397477352668054,                                    -0.08556960227551572,  7809.54573223793, 0.5827186075464083, 7810.128450845476, 0.0004537097455921389
                                0.07267609879570341,                                0.05517869358130334,                                      -0.1503552736106479,                                     -0.18147265715937946,                              -0.09260741466557812,                              -0.06973902357834721,                                    -0.11839092213566972,                                     -0.1480043652748251,                              0.013234353417616543,                              0.006278752448973551,                                     -0.3381198438440149,                                    -0.10220635695421286, 7810.474974306675, 0.5140682034009499, 7810.989042510076,  0.001149060275353767
                                0.07219983131389826,                                 0.0531755493760194,                                     -0.14830267559706536,                                     -0.18161697919661737,                              -0.09794133693312096,                              -0.06868601132308746,                                     -0.1192254734486358,                                    -0.13625928896194417,                               0.01316083148894473,                              0.005330195710248328,                                    -0.33549828403906007,                                    -0.12576690654518882,  7810.05473810958, 0.5146002753020086, 7810.569338384882, 0.0007548080951611881
                                0.07337009136346387,                               0.054454486989182094,                                     -0.14485246162720905,                                     -0.17845531788384475,                              -0.08876116736389625,                             -0.060879661309443646,                                    -0.09546654448147886,                                    -0.13646112170402516,                               0.01462013531012922,                              0.006182209773697725,                                     -0.3336717564275381,                                    -0.11086244724524293, 7810.454999276087, 0.5809601265533157,  7811.03595940264, 0.0011263354810344972
                                0.07555022205980141,                               0.056056434258527965,                                      -0.1488247447555571,                                      -0.1927178833758962,                              -0.08540533284670446,                             -0.062197348174998966,                                    -0.08654981932472162,                                    -0.13621651391936498,                              0.014441211686381267,                              0.006649264488273451,                                     -0.3420280354723318,                                    -0.10395404096916841,   7810.6214068587,   0.53133202334372, 7811.152738882043, 0.0013302634542013512
                                0.07555908698993352,                               0.055155964570396704,                                      -0.1456864321684903,                                     -0.19315056366291075,                              -0.09067039063058373,                               -0.0657938411225554,                                    -0.10916988736965137,                                    -0.14750615189684094,                              0.013898856900431106,                              0.006715130593735519,                                    -0.34840065772444223,                                    -0.08577374008999164, 7810.260384230396,0.48786790161017013, 7810.748252132006,  0.000927144710057042
                                0.07380962692552936,                                0.05619089831745053,                                     -0.14494650568896614,                                     -0.18245891752418023,                              -0.08770692660643657,                              -0.06606756793711563,                                    -0.10992137254368152,                                     -0.1495619896256229,                               0.01494993293000449,                              0.006969642477738985,                                    -0.34190599997830456,                                    -0.12141919456305472, 7809.360147169293,0.49094224661653507, 7809.851089415909,0.00037685955996489656
                                0.07009734949670562,                                0.05298540183136222,                                     -0.13938681848241505,                                     -0.18922091386958145,                              -0.09224076027518202,                              -0.06849124472472395,                                    -0.11891612359495551,                                    -0.15301298071559127,                               0.01287449186678373,                              0.006360738732281407,                                    -0.33798390967303665,                                    -0.09601201128402416, 7809.633944141038, 0.5140305297744199, 7810.147974670813, 0.0004955506506332672
                                0.07083988171377892,                                0.05371069779900861,                                     -0.14311833295777768,                                      -0.1851792194149046,                               -0.0915558517116813,                              -0.06671577390112482,                                    -0.10381882778852591,                                    -0.14564565819592395,                              0.013344925086960086,                             0.0063841991580416285,                                    -0.34383278786876864,                                    -0.08636750831349868, 7810.457320463362, 0.5351035622575244,  7810.99242402562,  0.001128952953266738
                                0.07353536961774815,                               0.056459352574722316,                                      -0.1446154220737176,                                      -0.1907612446438917,                              -0.07966966986617058,                             -0.060286075728557285,                                    -0.07909984249175504,                                    -0.14470843245696646,                              0.015430417451377965,                              0.007581912903839472,                                    -0.34172351170389476,                                    -0.10322620429506797, 7808.759088865891, 0.5379599168236247, 7809.297048782714,0.00020660614395605608
                                 0.0746876535309898,                                0.05442112840354174,                                     -0.15537863263852572,                                      -0.1776241229195936,                              -0.09741366942362131,                              -0.06902667453337932,                                     -0.1227792324321664,                                     -0.1511762271637851,                               0.01187986702806669,                             0.0049275921740464385,                                     -0.3535765104264388,                                     -0.1064235161789449,7808.7777287159915,0.43777792987650943, 7809.215506645868,0.00021049336759355942
                                0.07274007313777803,                                0.05361138428129417,                                     -0.14832498872296432,                                     -0.18174654331061588,                              -0.09170480154504194,                              -0.06365996034000793,                                    -0.08950942958736352,                                    -0.14158052199223858,                              0.014080740686966811,                             0.0064180827601549445,                                     -0.3472103857927637,                                     -0.1049812984154523,7809.7008083773835, 0.5227720305647302, 7810.223580407948, 0.0005298181349993263
                                0.07391876151817273,                                0.05236512178288261,                                       -0.148139966453808,                                     -0.17280383287124151,                              -0.09067630141994025,                              -0.06211565665536883,                                     -0.0960104295223158,                                    -0.13709295009906045,                               0.01281532602627608,                              0.006154033186636959,                                     -0.3533353806269535,                                    -0.08575834344901868, 7810.256970046626, 0.5374705692495343, 7810.794440615875, 0.0009239846651916591
                                0.07360840339616456,                               0.055780931450300136,                                     -0.14771642968496956,                                      -0.1964866331215124,                              -0.08558557398627495,                              -0.06480262872611503,                                    -0.09464591467389859,                                    -0.14735051479085426,                              0.013411042246265839,                              0.006319469295258659,                                     -0.3410925973241798,                                     -0.1126070058940567, 7810.773062036735, 0.4924584405833907, 7811.265520477318, 0.0015481059043930033
                                0.07449037170883854,                               0.052597120521095525,                                     -0.14209102611797625,                                       -0.181009798231406,                              -0.09167330338006263,                              -0.06339296117962565,                                    -0.10246488073885446,                                    -0.12432098189714946,                              0.013710548556616908,                              0.007014407789667956,                                    -0.34120599481530467,                                    -0.08529754727088291, 7809.847806033525,  0.589765630258986, 7810.437571663783, 0.0006137154978973626
                                0.07338244222144111,                                0.05292263573188091,                                     -0.14410379294855774,                                      -0.1836531368436545,                              -0.08652661002241645,                              -0.06178363449672879,                                     -0.0859586422075805,                                     -0.1335994041412924,                              0.013738662804094859,                              0.006941804854603578,                                     -0.3415161985510282,                                     -0.0797918541391378, 7811.064365464262, 0.5890670020401093, 7811.653432466302, 0.0020716297452354365
                                0.07465646746839505,                               0.054768478561518064,                                      -0.1437273859753738,                                     -0.18040128968467156,                              -0.08823807558881852,                              -0.06421553706001178,                                     -0.1021829438984607,                                    -0.13293324856959815,                              0.014249365547734677,                             0.0076575708190315395,                                     -0.3436507360612774,                                    -0.10399052580601915, 7810.230377150596,  0.547441854153228, 7810.777819004749,  0.000899737072846662
                                0.07465202124311093,                               0.053248658811126476,                                     -0.15050676918347236,                                     -0.16977087598549456,                              -0.09407754576421379,                              -0.06589608609399389,                                     -0.1098983660338826,                                     -0.1352276038573783,                              0.012522267569012827,                              0.005965742659232914,                                     -0.3419853629490823,                                    -0.12370549390255046, 7809.610700978597, 0.5259363872263139, 7810.136637365824, 0.0004841653145386555
                                0.07151836292411909,                                0.05302810630652052,                                     -0.14314133737525817,                                     -0.17625481483582986,                              -0.09253305885008772,                              -0.06454832786088915,                                    -0.11265372725436526,                                    -0.14130349670344872,                              0.013234848296277385,                              0.006151222255191963,                                     -0.3425436962350553,                                      -0.099145105233368, 7809.263065187976, 0.5410305700736583,  7809.80409575805, 0.0003419931189194803
                                0.07542073080791042,                                0.05648863414127486,                                      -0.1426569545968915,                                     -0.18801413420792404,                              -0.08801878701814855,                              -0.06494870194802202,                                    -0.09619331478197858,                                    -0.14222526010016417,                              0.014339991076259856,                               0.00661061945344836,                                     -0.3490900368385417,                                    -0.09932837003931398, 7810.690047216074, 0.5102927905997793, 7811.200340006674,  0.001424779928790206
                                0.07475918800429512,                                0.05241062048133291,                                     -0.15222767629701905,                                     -0.16998193032315478,                              -0.08732762446896424,                             -0.058827472788836314,                                    -0.07753283733890723,                                    -0.12860204675466663,                              0.014114566028806452,                              0.006792441180866901,                                    -0.32892192075229015,                                    -0.10822845393431953, 7810.283167339035, 0.6346900191322487, 7810.917857358167, 0.0009485104130932974
                                0.07158136876417795,                                0.05062121640520126,                                     -0.14865013676964817,                                      -0.1676674101127695,                              -0.09915547121386928,                              -0.06846513227122572,                                    -0.11102104803353763,                                     -0.1434204320983316,                              0.011857036254404457,                              0.005689796877182712,                                      -0.344446510942873,                                    -0.08907662912269143, 7810.373531084184, 0.5504545512044684, 7810.923985635389,  0.001038213278202187
                                0.07341138679481293,                                0.05260990243104463,                                      -0.1512399955541943,                                     -0.17508320734890778,                              -0.09328879761031166,                              -0.06438319915916849,                                    -0.09957909024882683,                                     -0.1302791857254398,                              0.012916994609634164,                              0.004795360850665814,                                    -0.34107891299273324,                                    -0.12110863093271464, 7808.935477878332, 0.5408096023616585, 7809.476287480694,0.00024646088690940285
                                0.07050122453729096,                                0.05363603388453453,                                     -0.14214001381752317,                                     -0.18831948220197078,                              -0.09442141676484912,                              -0.06969921438393158,                                    -0.12450368908927488,                                    -0.14459920691448389,                              0.013396180871170699,                              0.005983900004249129,                                     -0.3459937596676759,                                    -0.10828846651911121, 7810.325072215929,0.47359998414803217, 7810.798672200077,  0.000989102181906343
                                0.07053125949687522,                               0.052563226206144203,                                      -0.1431138442212852,                                     -0.17489507096764736,                              -0.08814216187117418,                              -0.06398931201701943,                                     -0.0831659479917377,                                    -0.15165714531302987,                              0.013504488246487895,                              0.006415852543390499,                                     -0.3339001059012187,                                    -0.10664134564707037, 7809.406758116325, 0.5828677821665718, 7809.989625898492,0.00039484115512234135
                                 0.0720459860873788,                                0.05423325241017282,                                      -0.1511491619667644,                                     -0.17680745355332222,                              -0.08914778288269098,                              -0.06549411799198962,                                    -0.10448215940758653,                                    -0.14238601042399066,                              0.013279341826818114,                               0.00621744118010939,                                     -0.3322983912040273,                                    -0.10414112459367271, 7810.629831333241, 0.5677741332003466, 7811.197605466441, 0.0013415175632216208
                                0.06939515452881417,                                 0.0522114627362886,                                      -0.1434589587992053,                                     -0.19059950848293053,                              -0.09252693577982743,                              -0.06797403040693147,                                    -0.11236270239442041,                                    -0.15836487253963624,                              0.012223494069862742,                              0.005738306633313137,                                     -0.3414721630511157,                                    -0.09930628550322591, 7809.498791225647,0.48714305156591897, 7809.985934277213, 0.0004329042857160349
                                0.07411555052536939,                                0.05301146086910366,                                     -0.15760791735110066,                                     -0.17373593178634755,                              -0.09753938824321338,                              -0.06631760734834903,                                    -0.12096009502147777,                                     -0.1317317157863256,                               0.01295713662296219,                               0.00540370945687893,                                      -0.333632478747218,                                    -0.11169058286441086, 7809.568808835234, 0.5442763593668879, 7810.113085194601,0.00046430156421726614
                                0.07081954078938041,                                0.05470534277046832,                                     -0.14147152773710603,                                     -0.18497897143611144,                               -0.0830169545606083,                              -0.06111049755426118,                                     -0.0859998514810666,                                     -0.1487000324600118,                              0.014254475007348402,                              0.006547625569856594,                                    -0.32585923666304284,                                    -0.11383116692753435, 7810.260602753886, 0.5882406509653824, 7810.848843404851, 0.0009273473350930111
                                0.07279982251334569,                                0.05511427897570417,                                      -0.1497305200349791,                                     -0.18442736974007204,                              -0.08975060249349197,                              -0.06625465614912024,                                    -0.09869055493003077,                                     -0.1403127360125041,                              0.013448190593194395,                              0.005969357371264472,                                    -0.33937533519743274,                                    -0.10763985869360398, 7812.306350449886, 0.5341225045546281, 7812.840472954441,  0.007172975773412299
                                0.07382130239891677,                                0.05548998516781237,                                     -0.14372321181683426,                                      -0.1834540526841412,                              -0.09080660571970096,                               -0.0667314119534241,                                    -0.10031708322004539,                                    -0.14920650991376103,                              0.012926929008322818,                               0.00661512424853386,                                     -0.3459478296287095,                                    -0.09925607652333701, 7810.081990984087, 0.5144147811080799,7810.5964057651945, 0.0007756616544938307
                                0.07513597535362374,                                0.05570729180786502,                                     -0.14682337122394754,                                     -0.18222113167895782,                              -0.08684758225383381,                              -0.06055461118330164,                                    -0.08863350557397429,                                    -0.13993633962627336,                              0.014377160846370779,                              0.006517114825575862,                                     -0.3521963298867359,                                    -0.10308885378547411, 7810.892165834581, 0.5105271878440807,7811.4026930224245,  0.001743920926874562
                                0.07320360072820475,                               0.054252295264110045,                                     -0.15018792380772883,                                      -0.1894545395629892,                              -0.08690549104790825,                              -0.06209043399609791,                                    -0.09551334849712986,                                     -0.1415172982706581,                              0.014135035783719996,                              0.006295309302591118,                                     -0.3288775960188588,                                    -0.10848926999880883, 7810.569834958753,  0.562413364783341, 7811.132248323536, 0.0012633982426796273
                                0.07219663617711453,                                0.05426349542174844,                                      -0.1480468326850224,                                     -0.17861571884061297,                              -0.08661073206316462,                               -0.0635210685414192,                                    -0.08531711431904165,                                    -0.13852200769722492,                               0.01401390075707254,                              0.006146774468795857,                                    -0.32667830329171293,                                    -0.11458618383754793, 7810.372619084538, 0.6034815407414524, 7810.976100625279, 0.0010372668596925526
                                0.07145160161909492,                                0.05351548153683566,                                     -0.15001759433040512,                                     -0.18503608116832584,                              -0.09004490056817452,                              -0.06532820724424815,                                    -0.09041690429696865,                                    -0.14210413478846423,                              0.013498859436046631,                             0.0052180458493525095,                                     -0.3378945774194516,                                    -0.10014926151380385, 7810.542515546409, 0.5524951628778444, 7811.095010709287, 0.0012293501497032187
                                0.07405195217314425,                                0.05269452698366833,                                     -0.14765289222834685,                                     -0.17921037609009868,                              -0.09307995372129228,                              -0.06576974213168407,                                    -0.09529188795023096,                                    -0.13311056608968264,                              0.013358749079603577,                             0.0063925535034015935,                                    -0.34579346012317275,                                    -0.10006246951204524,7811.4407672773705, 0.5470103551904987, 7811.987777632561, 0.0030184318065147233
                                0.07323669866232776,                               0.052230272899596114,                                      -0.1477348976071775,                                     -0.18067216689796833,                              -0.08934730648633137,                              -0.06294172431060013,                                    -0.08947472679888524,                                    -0.13902687853200965,                              0.013691732598060849,                               0.00686441781285041,                                    -0.32870929839266727,                                    -0.11049358879282586, 7810.572845911106, 0.5927961857325722, 7811.165642096838, 0.0012672080072229602
                                0.07492207508065604,                                0.05465634990777457,                                     -0.15179957504978364,                                     -0.17912316968778338,                              -0.09459736182831718,                              -0.06949010929118267,                                    -0.11744732611788268,                                    -0.13656237014271178,                              0.012049101571658921,                              0.005868324747320602,                                    -0.35315043791930995,                                    -0.10133657047074872, 7809.679331372507, 0.4789359579209912, 7810.158267330427, 0.0005185605506481439
                                0.07075603226294566,                               0.052222050663533554,                                      -0.1456274056312588,                                     -0.17994602514909097,                              -0.09343600171027673,                              -0.06526277092560802,                                     -0.1012825634417625,                                    -0.14336678437236985,                              0.012942123572601341,                               0.00500122349963808,                                     -0.3415439042842418,                                    -0.09356604530731225, 7810.941294395116, 0.5497623991891695, 7811.491056794305, 0.0018317367214010934
                                0.07215515057224098,                               0.051868829202378564,                                     -0.15247582834859574,                                     -0.17754644530991529,                              -0.09806742243684054,                              -0.06747081661661111,                                    -0.11139767788021177,                                    -0.13065809041690532,                               0.01132099368575916,                                0.0051680995961811,                                     -0.3434323301849492,                                    -0.09236689173285463, 7810.287992314576, 0.5446343066264161, 7810.832626621202,  0.000953098011261191
                                0.07392562814935177,                                0.05410738768151155,                                     -0.14667290297433663,                                     -0.18023156763231488,                              -0.08914032848980466,                               -0.0635698900136146,                                    -0.10345452035749415,                                    -0.13322934230398442,                              0.012966368517401475,                               0.00625777059653039,                                     -0.3384541821936501,                                    -0.09449357838927208, 7810.750356032277, 0.5713036518123679, 7811.321659684089,  0.001513350674227159
                                0.07398878089834407,                               0.055369192166220466,                                      -0.1512248417125181,                                     -0.18446212270933518,                               -0.0863246804226378,                              -0.06448476731694697,                                    -0.09284964628957805,                                    -0.14865280509853945,                              0.013868478589698863,                              0.007368691771273528,                                     -0.3517675369072942,                                    -0.10691708900348725, 7810.253149621258, 0.4776587572816794, 7810.730808378539, 0.0009204613852366958
                                0.07483533876293799,                                0.05477084041830557,                                     -0.14352271800338728,                                     -0.18504720112884718,                              -0.09062851891312992,                               -0.0628946074637262,                                     -0.1017801654361925,                                    -0.13280778289935097,                              0.014095868766642303,                              0.006380808887210265,                                    -0.34379438726560696,                                    -0.08109723452239957, 7810.300573226174, 0.5619694018478091, 7810.862542628021, 0.0009651645982600431
                                0.07249341636295711,                               0.050804122826213244,                                     -0.15064917156652421,                                      -0.1711510154085034,                              -0.09269903473356808,                              -0.06433642603610157,                                    -0.10275687055664119,                                    -0.15315767405190947,                              0.012484217969165615,                              0.006344790767929931,                                    -0.33734429659544796,                                    -0.09457690990311789,7808.4147500814015, 0.5556340229430745, 7808.970384104345, 0.0001464194591179702
                                0.07397593896668384,                                0.05443754204565335,                                      -0.1536966822727304,                                     -0.18072147602373445,                              -0.09441670395842654,                              -0.06730894981921806,                                    -0.10893444196825902,                                     -0.1388541021486377,                              0.012247452480792578,                              0.005386537867134278,                                      -0.356802260399944,                                    -0.09285469691044747, 7810.045313172185, 0.4744679825864323, 7810.519781154771, 0.0007477274956363147
                                0.07247848433252543,                                0.05442367262204828,                                      -0.1460925455535068,                                     -0.18711717807976636,                              -0.08002054273509666,                              -0.06005474616341015,                                    -0.07621150220740948,                                     -0.1557576333310736,                               0.01412189843572742,                              0.007355971897085992,                                    -0.33860994993425947,                                    -0.09790848322425688, 7809.957896459871, 0.5449828228248814, 7810.502879282696, 0.0006851391036286063
                                 0.0752637989037736,                                0.05272513196748202,                                     -0.14831682814508088,                                     -0.17260034947396283,                              -0.08777663478263181,                              -0.06076670694345398,                                    -0.08358626271402564,                                     -0.1398932654450113,                              0.013655060901362565,                              0.007783614353336632,                                    -0.34622214248433564,                                    -0.07905639546096897, 7810.610832623894,  0.579438578933543, 7811.190271202827, 0.0013162710459671074
                                0.07331034989919105,                               0.054668049393062884,                                      -0.1499652933657987,                                      -0.1817422819660394,                              -0.09749404184428866,                              -0.07145243920791125,                                     -0.1213875498522187,                                      -0.135834243967278,                              0.012764293770489862,                              0.005699941982838991,                                     -0.3453576856358777,                                    -0.12934272959198614,  7808.95404523622, 0.4669832383933601, 7809.421028474613,0.00025107976185975397
                                0.07600297820573773,                               0.056441396841193786,                                     -0.14358969347674758,                                      -0.1868325850819956,                              -0.07865830287596397,                              -0.05984164304741635,                                    -0.06935225945900092,                                    -0.14781169741457523,                              0.014509314800138798,                              0.007886406972255136,                                    -0.34425302383761075,                                    -0.10028164489433439, 7807.642693966402, 0.5445287753823035, 7808.187222741783, 6.765487371877178e-05
                                0.07304243627359217,                                0.05488257091212692,                                     -0.14433751573922415,                                     -0.18917705305578242,                              -0.08496827179908549,                              -0.06170331394779398,                                    -0.08456789937996326,                                    -0.14669827840615007,                              0.013913717800733319,                              0.005955742506757164,                                    -0.33177152301583585,                                    -0.09403354136115727, 7809.626212667745, 0.5808674459333542, 7810.207080113678, 0.0004917340868542594
                                0.07493374749004161,                                0.05331143569164007,                                     -0.14954311260294734,                                     -0.17793192891306403,                              -0.08808268333673253,                             -0.060785577979443374,                                     -0.0876998129442648,                                    -0.13063157306964715,                              0.013705172707604227,                              0.007483127460661793,                                    -0.33924981488770695,                                    -0.07944743222687968,7810.5157617193245, 0.6032392815726743, 7811.119001000897, 0.0011968963951946737
                                0.07546144271129479,                                0.05211970572300806,                                       -0.147132123039352,                                     -0.17878856705463106,                              -0.08718855520451743,                              -0.06060727609863516,                                    -0.09038474699133746,                                    -0.13074515963312108,                              0.013620538686630088,                               0.00685478938948994,                                    -0.33451658477500923,                                     -0.1045572335445491, 7810.884410744657, 0.5947428212608972, 7811.479153565918, 0.0017304489689073579
                                0.07165151444411774,                                0.05438906125467988,                                      -0.1526441221522204,                                     -0.18642759904302622,                               -0.0916295325999349,                              -0.06883193001973517,                                    -0.09341082314513624,                                    -0.14501345541443048,                              0.013285788173129573,                              0.005724189707435018,                                     -0.3421861188568561,                                    -0.10952675845611068, 7809.688732974817, 0.5103709355444698, 7810.199103910361, 0.0005234588405259256
                                0.07548138340494456,                                0.05755123472731821,                                     -0.14568061429051837,                                     -0.19152297834923762,                              -0.08436102641851048,                              -0.06055905759165707,                                    -0.08368740463690423,                                    -0.14943601857262678,                              0.014690371572717048,                             0.0063776198949263285,                                    -0.34481425463011894,                                    -0.10186912786590231, 7809.834216412505,  0.512507742404843,  7810.34672415491, 0.0006054317508436453
                                0.07320365154109706,                                0.05276351255085465,                                     -0.15055248992367387,                                     -0.17748845051332357,                              -0.09637145129271316,                              -0.06657697841643152,                                    -0.10702195427733108,                                    -0.13209598168507863,                              0.011940713279204915,                              0.005075162865418065,                                     -0.3383957775656312,                                    -0.11426130346061734, 7810.561396948084, 0.5451421327410606, 7811.106539080824,  0.001252782525582143
                                0.07492685068124624,                               0.056418232795402506,                                      -0.1411748209694606,                                      -0.1884498779395285,                              -0.08526692158337201,                             -0.062471658672634954,                                     -0.0960898976734522,                                    -0.14955113485551164,                               0.01481106206301712,                               0.00682643868821875,                                    -0.33867779823412997,                                    -0.11011605585293988, 7810.922737265481, 0.5271860404594796,7811.4499233059405, 0.0017980583985773683
                                0.07571030845414037,                               0.056568764688557954,                                     -0.15007724343628492,                                     -0.18377091540314164,                               -0.0843259468037812,                              -0.06130771122109605,                                     -0.0822091914954214,                                    -0.13561631212176267,                              0.014535703082708906,                              0.006931810317687151,                                    -0.34571070175084523,                                    -0.12525560049010548, 7808.742514986503,  0.511745903411672, 7809.254260889915, 0.0002032100992023895
                                0.06991590811554363,                                0.05270886249112525,                                      -0.1488851507545244,                                     -0.17721178322827855,                              -0.09443556959573139,                              -0.07051505501506242,                                    -0.10974458887519335,                                    -0.15691216740995947,                              0.012029538383209859,                              0.005888773967472449,                                    -0.33782195906162915,                                    -0.10964874522534099, 7810.027312715478, 0.5132308352562862, 7810.540543550734,  0.000734388473636166
                                 0.0717986278409285,                                0.05285454438371068,                                      -0.1481683990449644,                                      -0.1823427922270917,                              -0.08593880745747685,                              -0.06176450827600618,                                    -0.08159904826729486,                                    -0.15280183295106933,                              0.013389588581866646,                              0.006456784741895857,                                      -0.325964889741501,                                    -0.10803810307081675, 7810.007849537558, 0.5868292597516456,  7810.59467879731, 0.0007202331408439457
                                0.07446286256197221,                                0.05274450074239989,                                     -0.14913120994670015,                                     -0.16423238234235246,                              -0.08979543552080797,                              -0.06030161774156255,                                    -0.08735956157232548,                                    -0.14309872764707632,                              0.013292266595037155,                               0.00655125869932531,                                    -0.33458604281793114,                                    -0.10052384437854349, 7809.796456333283, 0.6077221423285776, 7810.404178475611, 0.0005829968376402135
                                 0.0730771044638214,                                0.05216080273280266,                                       -0.142615617499274,                                     -0.18260054788017735,                              -0.08857662860077922,                             -0.061788487587273455,                                     -0.0883635730515723,                                    -0.13789838061785833,                               0.01400208124279731,                              0.006322180943130751,                                    -0.34314371889336304,                                    -0.09910329507066747, 7811.483639087289, 0.5593824846030053, 7812.043021571892,  0.003150651437690026
                                0.07388318701651247,                                 0.0539534774150264,                                     -0.14430316570180302,                                     -0.18946501208038644,                              -0.09194563575883972,                              -0.06589522570802178,                                    -0.11633894905432664,                                    -0.14840323567431904,                               0.01366014543698682,                              0.006472508157844989,                                     -0.3412956912448441,                                     -0.0881851542005711, 7810.349056549734, 0.5123674714175023, 7810.861424021152, 0.0010131119165979348
                                0.07601449653281875,                               0.054746527189632216,                                      -0.1501040638453381,                                     -0.17754764019753883,                              -0.08649168118174258,                             -0.059810309996432366,                                    -0.07804116132780813,                                    -0.13051785943633284,                              0.013560147038511564,                              0.007252766792750262,                                    -0.33571238433899414,                                    -0.08877288140338449, 7808.498415216323, 0.6166723472867404,  7809.11508756361,0.00015919671600508707
                                0.07456432905997915,                               0.056591851559985445,                                      -0.1500254526133283,                                      -0.1838278091137655,                              -0.08966498617323726,                              -0.06635029002890411,                                    -0.09589323258835984,                                      -0.146116759964945,                              0.013370152764893131,                             0.0060856831346104145,                                    -0.34291895779875636,                                    -0.12621394164261787, 7810.926556295311,0.49108272712016354, 7811.417639022431, 0.0018049383662750434
                                0.07457122111045575,                                0.05384740570314961,                                      -0.1494843168133754,                                       -0.181737946775472,                              -0.09521518754205366,                              -0.06616355490869599,                                    -0.11350962351043699,                                    -0.13525715378100545,                                0.0122756935728634,                             0.0058642872880028535,                                     -0.3469670206698777,                                    -0.09832192732110878,  7810.81912690278, 0.5119871756903676, 7811.331114078471, 0.0016210872280488246
                                 0.0771541525171178,                                0.05223873352579192,                                      -0.1527386238358367,                                     -0.17539261684091398,                               -0.0883370349097647,                             -0.059144251543336385,                                    -0.08280328118018793,                                    -0.12710957989663355,                               0.01304394863231051,                             0.0066158796444779205,                                     -0.3400545243190376,                                     -0.0980428053349827, 7810.404386189386, 0.5911656882311527, 7810.995551877617, 0.0010707467895279882
                                0.07404735465766607,                                0.05431005745472137,                                      -0.1483830594568408,                                     -0.18558294212840654,                              -0.08835810690420726,                              -0.06614474447357804,                                    -0.09516469971678222,                                    -0.13643148555512633,                               0.01400404215894649,                             0.0074242086240666055,                                     -0.3366414492699757,                                    -0.10743345134735696, 7810.055517372244, 0.5542574338773009, 7810.609774806121, 0.0007553965181663851
                                0.07021951140794111,                                 0.0528708844903428,                                     -0.14508324620876822,                                     -0.17753937410040185,                              -0.09580252699959084,                              -0.06873197788434965,                                    -0.12171375379514662,                                    -0.15126196331588956,                              0.012408524511264174,                              0.005756936815808106,                                    -0.33330628063479883,                                    -0.11066631213089975,  7810.02993216062, 0.5286681919550219, 7810.558600352575, 0.0007363146856577767
                                0.07235115929130989,                                0.05336262105102613,                                       -0.149345892586688,                                      -0.1790879690791121,                              -0.09170694064551754,                              -0.06175115328264373,                                    -0.08906432096525763,                                    -0.14037275448605335,                              0.013210636444213317,                              0.005232300273841181,                                     -0.3422493259387214,                                     -0.1047444656566322, 7809.721690522239, 0.5480250946393235, 7810.269715616879, 0.0005409981996406865
                                0.07374761539468344,                                0.05222180870338633,                                     -0.14899764764841936,                                      -0.1746048609999368,                              -0.08949995056520635,                              -0.06016509119203291,                                    -0.08232145519125447,                                    -0.12741189951903006,                              0.014032143810440073,                              0.005650508532685075,                                     -0.3308887294817908,                                    -0.11177259647606783, 7809.715327957555, 0.6171441431343442, 7810.332472100689, 0.0005375669908205887
                                 0.0698552401646283,                               0.051918485250557644,                                     -0.14948425722205566,                                      -0.1775504672710015,                               -0.0978567547284537,                               -0.0683430877011223,                                    -0.11406710295754226,                                    -0.13625641727620139,                               0.01195447561258807,                             0.0040918327892381645,                                    -0.34264063609365464,                                    -0.10031038548354533, 7810.681420863047, 0.5325143069372519, 7811.213935169984, 0.0014125421337964383
                                0.07290329645506852,                                0.05156488150389296,                                      -0.1471509340385706,                                     -0.16951864464400915,                               -0.0931525994717601,                              -0.06387344949005223,                                    -0.11243814210322399,                                     -0.1427057741021705,                              0.012215724779354648,                              0.006271358406475816,                                     -0.3388674339272123,                                     -0.0974878165966238, 7809.063006978749, 0.5612884822522214, 7809.624295461002,0.00027998398567474254
                                0.06974965709522613,                               0.052132569550344815,                                     -0.14010725784226294,                                     -0.18130579695793478,                              -0.09227878462831249,                              -0.06546967780885804,                                    -0.09890493835120041,                                    -0.14185676083593726,                              0.012396957736609912,                              0.005664373023996805,                                     -0.3375733499379644,                                    -0.09582163776361428, 7809.454557646385, 0.5734403611716142, 7810.027998007557, 0.0004141727159662002
                                0.07381304392763052,                               0.052281376585096656,                                     -0.14510588924505055,                                     -0.17848499066832005,                              -0.08927363335161562,                              -0.06284603311733485,                                     -0.0938608003331513,                                    -0.14395135319952382,                              0.013726213790303074,                               0.00677135134497904,                                    -0.32550843350805814,                                     -0.1059759749121245, 7809.078049101345, 0.6062948918923023, 7809.684343993237, 0.0002842273738841133
                                0.07384733026934656,                                0.05523144922709297,                                      -0.1518956552993503,                                      -0.1825830637010963,                               -0.0952996511125669,                              -0.06915885558286639,                                    -0.12116063248852854,                                    -0.15788110474244746,                              0.012946495075743858,                             0.0058639212426804255,                                    -0.34281820610079233,                                    -0.10803499739254886, 7810.067987976718,0.46418383641051986, 7810.532171813128, 0.0007648757524081832
                                0.07355298177489003,                                0.05375820119598551,                                     -0.14696947800794433,                                     -0.18220450792203277,                              -0.09051483643056447,                              -0.06619985610922566,                                    -0.10363725154103691,                                    -0.13911907872438142,                              0.012967520843164132,                             0.0060891875275828344,                                    -0.33985170795527314,                                    -0.09461171051725359, 7811.585902045885,  0.552335076035695, 7812.138237121921,  0.003489896905016102
                                0.07263915502116786,                                0.05432079160665243,                                     -0.15207619268403602,                                     -0.17946293136082708,                              -0.09209680293536034,                              -0.06877510238892366,                                    -0.11640397393451499,                                    -0.13547444296115263,                              0.013313699270898066,                               0.00674296543035309,                                    -0.33683760510505556,                                     -0.1085605478526582, 7809.355785261986, 0.5348994126579283, 7809.890684674644, 0.0003752193133990676
                                0.07279569761255589,                                0.05492157829859157,                                     -0.14557866156766092,                                      -0.1804949700033453,                              -0.08960917779529766,                              -0.06615539963172608,                                    -0.10142885822583197,                                    -0.14818887104828737,                               0.01335908208751957,                               0.00567871342727784,                                     -0.3298709352672827,                                    -0.12735892167848428, 7809.714183097583, 0.5428317580531136, 7810.257014855636, 0.0005369519040520134
                                0.07333946096506935,                               0.052885863525729854,                                     -0.14685152649186708,                                     -0.17905559357449607,                              -0.08949420763969095,                              -0.06067331813687374,                                     -0.0832407394628779,                                    -0.13002181801526852,                              0.013612418814688998,                              0.005471397128793826,                                     -0.3395726558073018,                                    -0.10740919213567071, 7811.330368897014, 0.5803160421210547, 7811.910684939135, 0.0027029372357242373
                                0.07518989796339245,                                0.05348072926851291,                                     -0.15238491686558897,                                     -0.18123025010456295,                              -0.08147264433169837,                              -0.05659625089674251,                                    -0.06310788450540876,                                    -0.14362696218341275,                              0.013463966636798053,                              0.006530850525741691,                                    -0.33515081269854985,                                    -0.08798307249378363, 7809.529393896137, 0.6001123161492072, 7810.129506212286, 0.0004463571091966214
                                 0.0709667135710389,                                0.05284507360703658,                                     -0.15296179507748484,                                      -0.1801187355214782,                              -0.09547800872691287,                              -0.07015413734351701,                                    -0.10202202685598888,                                     -0.1435902764519626,                              0.011529216384536106,                              0.004739622087293477,                                    -0.34052039563275965,                                    -0.10052527102500246, 7809.327153733926, 0.5324332219311185, 7809.859586955858,0.00036462854946064124
                                0.07415838520477974,                                0.05227344397336736,                                     -0.15123398203236493,                                     -0.17020706954222428,                               -0.0903954059632428,                              -0.06212721110088441,                                    -0.09987431738659942,                                    -0.13392250533723904,                                0.0124111720094926,                               0.00528486899935747,                                    -0.33888908599659096,                                      -0.102564589053252,7809.1576074231925, 0.5758144050591886, 7809.733421828251,0.00030776387580425015
                                0.07519914823979701,                                0.05123102992363279,                                      -0.1515438711127819,                                     -0.17087287427519982,                              -0.09066935073636738,                              -0.06102776789618944,                                     -0.0848658929589189,                                    -0.12483250805702009,                              0.012542902762424271,                               0.00593124698539034,                                     -0.3384579194376736,                                    -0.09439294732470864, 7811.147280298599, 0.6130662798528898, 7811.760346578452, 0.0022507206377531228
                                0.07542358029724897,                                0.05383402008074756,                                     -0.14565185329151578,                                       -0.180255267993223,                              -0.08402927184048521,                              -0.05788990256567663,                                     -0.0771149265492949,                                    -0.14662919749820344,                               0.01404956306907608,                              0.006988536886677804,                                    -0.33807288096451266,                                    -0.10261059937831375, 7812.110578595848, 0.5710484199334778,7812.6816270157815,  0.005897619209327833
                                0.07251040710636034,                                0.05202493747981207,                                     -0.14894357018059134,                                     -0.17492000744290107,                              -0.09693218968279815,                              -0.06823211977199384,                                     -0.1119619991596659,                                    -0.12719974514424345,                              0.012093226887853345,                              0.005135767595318724,                                    -0.34866647163659753,                                    -0.09231324498353645, 7810.883725744987, 0.5398759824067833, 7811.423601727393, 0.0017292640178268833
                                0.07447537043336303,                                  0.053788602405061,                                     -0.15290305646796418,                                     -0.17626717447160398,                              -0.09493578260541626,                              -0.06739124453047945,                                    -0.11293512651594897,                                    -0.13298483127335592,                              0.012845257905634733,                              0.006099101557987069,                                    -0.33007887948935655,                                    -0.11397600772968915,7809.5918270790025,  0.566293413068381, 7810.158120492071, 0.0004751129226938748
                                0.07248266125978622,                                0.05413862259763519,                                     -0.14906505896922898,                                     -0.18441946830399317,                               -0.0948926915169622,                              -0.06691617740557676,                                    -0.11094067556988807,                                    -0.14048674631654207,                              0.012554007278159654,                              0.004785436918803468,                                     -0.3498823027131376,                                    -0.09229076702711421, 7810.480141663233,0.49752043381578304, 7810.977662097049, 0.0011550132468196852
                                0.07105971601959088,                                0.05140243316516438,                                      -0.1502798251265153,                                     -0.17664916256495514,                              -0.09852279027235009,                              -0.06874798997561245,                                    -0.12523569793123224,                                     -0.1411500656011419,                              0.012840518583378868,                              0.005932559645935684,                                    -0.33033055314230136,                                    -0.09956597067424335, 7810.399240190733, 0.5574236145143999, 7810.956663805247, 0.0010652508810878249
                                 0.0725997520284806,                               0.052887206500386696,                                     -0.14159652162698327,                                     -0.17716468896057105,                              -0.08469995250157282,                             -0.059298743237470454,                                    -0.08036712394365039,                                    -0.14075683486327967,                              0.014181344803809351,                              0.007005292736817159,                                     -0.3281163666060812,                                     -0.0986496667089281, 7810.984139213655, 0.6314656172170137, 7811.615604830872, 0.0019119226588872513
                                0.07305498109912509,                               0.052982595195044974,                                      -0.1472912424184301,                                       -0.173489414046383,                               -0.0972586335714427,                              -0.06913284486367892,                                     -0.1277654315474891,                                    -0.13866896399896647,                              0.013198574886347195,                             0.0065143888729338045,                                     -0.3461507970448808,                                    -0.09436399130775988, 7809.787100975795,  0.514960388299769, 7810.302061364095, 0.0005775681271678947
                                0.07286297971906813,                               0.051854604836643725,                                     -0.15169961155393516,                                     -0.18122278237384679,                              -0.09064278276076339,                              -0.06448618881994359,                                    -0.10418715262250991,                                    -0.14673028294943505,                              0.012888996095026875,                             0.0068313201844200505,                                    -0.33960598323179453,                                    -0.09357143182883268, 7810.051592204238, 0.5357618699689326, 7810.587354074207, 0.0007524372714907386
                                0.07550980207793656,                                0.05254727303668086,                                     -0.14452886856603325,                                     -0.17048103522547223,                              -0.08873211620825436,                             -0.058971347111444555,                                    -0.08585623443077912,                                       -0.12506073018577,                              0.013931101208606994,                              0.006689964439801105,                                     -0.3425182285831603,                                     -0.0929089181471182, 7810.416675239345, 0.6102751142772739, 7811.026950353622,  0.001083986435028855
                                0.07151561662518349,                                0.05398147742701162,                                       -0.144651476465899,                                     -0.19439773398810592,                              -0.09120379608233499,                              -0.06868894284257834,                                    -0.10811117602991327,                                    -0.14050720617474735,                              0.013180990166420381,                              0.006472948156479405,                                     -0.3418787623459449,                                    -0.09735872273157505, 7809.679578216112, 0.5125530109471281, 7810.192131227059,   0.00051868856980361
                                0.07205228178411183,                               0.054524114163821136,                                      -0.1429758506409474,                                      -0.1885425468586531,                              -0.08883632156776651,                              -0.06793576104827173,                                    -0.09825805411755904,                                    -0.15837604023397547,                              0.013312629135498175,                              0.006408289563339345,                                    -0.34075045444034974,                                    -0.11514143985520002,  7810.45569343812,0.49259864702130074,7810.9482920851415,  0.001127117611793344
                                0.07573054917586675,                                 0.0544721569653929,                                      -0.1472436728926897,                                     -0.17721138373245773,                              -0.09137687477043506,                              -0.06614980285193495,                                    -0.10320699987043477,                                     -0.1404800252623102,                              0.013032108065660727,                               0.00588927107182427,                                    -0.34657787808644985,                                    -0.10522677615602341, 7810.228609140098, 0.5228021386018196,   7810.7514112787, 0.0008981477336550967
                                0.07734505260922481,                                0.05346184373315163,                                     -0.15400301531594437,                                     -0.17017563652053924,                              -0.09316239704844573,                              -0.06140503306991295,                                    -0.09667490766255626,                                    -0.12358699394996155,                              0.013508532578750843,                              0.006212821922923523,                                    -0.35022272655593534,                                    -0.10215888410800801, 7809.732896746758, 0.5465295909082685, 7810.279426337666, 0.0005470948433080833
                                0.07114528370550496,                                0.05342553012617124,                                     -0.15177847418347967,                                     -0.18035724722189997,                               -0.0963303740697542,                               -0.0697432868646229,                                    -0.11455851095689987,                                    -0.14039914737671932,                              0.013392629296907432,                              0.005688277736893815,                                    -0.34848223390262634,                                    -0.10019541814608222, 7810.086519970966,0.49380098315416043,  7810.58032095412, 0.0007791825830511885
                                  0.073396718065255,                                0.05673962581230749,                                     -0.14268345271765642,                                     -0.19677743308184023,                              -0.08468322093262509,                              -0.06521485595242643,                                    -0.10424414935247842,                                    -0.15921551063230355,                               0.01456545303396542,                              0.007513426255544492,                                      -0.344325839342805,                                    -0.12138702327666814, 7809.440578050657,0.44540411438747884, 7809.885982165044,0.00040842303160438853
                                0.07284607725724174,                               0.056265761224568084,                                      -0.1448202353618539,                                     -0.19079132366421184,                              -0.08593556633337798,                              -0.06466459234087998,                                    -0.08851456241518209,                                    -0.14845258883203546,                               0.01482148610396769,                              0.006431120586370437,                                    -0.34133474130563296,                                    -0.12814208344393213, 7810.308080324827, 0.4921508510047562, 7810.800231175832, 0.0009724374489635491
                                0.07547490231870171,                                0.05614007951265462,                                     -0.15307710900028285,                                     -0.18591604723846036,                              -0.08284751386098183,                              -0.05921224590944864,                                    -0.06680122190964655,                                     -0.1449837174416947,                               0.01350175245677862,                              0.006334112541714121,                                    -0.34041487365825857,                                    -0.10479595937345695,7809.0940282315005, 0.5467757899856459,7809.6408040214865,0.00028880556039133343
                                 0.0751640705410545,                                0.05173276180178521,                                       -0.148982193498985,                                     -0.18223417153544935,                               -0.0851987397027096,                              -0.05526188346398083,                                    -0.07067666280566369,                                     -0.1285459494668907,                              0.013845168807261679,                              0.006447471717725375,                                     -0.3369735149903508,                                     -0.0846362142824017, 7808.983516476879,  0.617363907672229, 7809.600880384552,0.00025858951121748375
                                0.07370050072329143,                                0.05497745004617702,                                     -0.15564939749887335,                                     -0.17938978205219774,                              -0.08892917256627557,                              -0.06568746268757311,                                    -0.08638181994503102,                                    -0.14117865231193255,                              0.013167885236240906,                              0.006176992695894029,                                    -0.33810761679564066,                                    -0.12481825469041546, 7810.034843455482, 0.5281509123742485, 7810.562994367856, 0.0007399398390018191
                                0.07655074679796287,                               0.055542612374764044,                                     -0.14551903612402306,                                      -0.1785512710869459,                              -0.08540446561527663,                              -0.05859064367158132,                                    -0.08117257754464807,                                     -0.1447623249515945,                              0.014629585539782039,                              0.006718437151618059,                                    -0.34831266696638213,                                      -0.094762155742081, 7810.053142782877, 0.5436729806483255, 7810.596815763525, 0.0007536048896594909
                                0.07637549825019721,                                 0.0524485483922445,                                     -0.15097659340836853,                                     -0.17494456768708264,                              -0.09457750529033018,                              -0.06289197500069194,                                    -0.10528791332925064,                                    -0.12001110186027321,                              0.013424487471990681,                              0.006706109009724265,                                    -0.34602503201127177,                                    -0.09508769480744182, 7809.462565136642, 0.5616746985173605, 7810.024239835159,0.00041750251382384045
                                0.07494034878716313,                                0.05330283620578469,                                     -0.14404122565528268,                                      -0.1848653768030872,                              -0.08787957840176358,                              -0.06204031119289528,                                    -0.09222629640789998,                                     -0.1401832573761414,                              0.014117464147950981,                             0.0067033641003696465,                                    -0.33694386900351003,                                    -0.08930466716166054, 7811.093010558539, 0.5787642718680235, 7811.671774830407,  0.002131829877492503
                                 0.0744442386644586,                               0.053977099691049274,                                      -0.1521216964450935,                                      -0.1663824647066561,                              -0.09667669203388929,                              -0.06615325446368706,                                    -0.11551828857358198,                                    -0.13880021773702417,                              0.012835872424799069,                              0.005538704159348984,                                    -0.34532163691382917,                                    -0.09503707633559742,  7809.46896640659, 0.5391721759411469,7810.0081385825315, 0.0004201836322448696
                                0.07523586148239689,                                 0.0548178620149998,                                      -0.1433262211706081,                                     -0.17822061721636787,                              -0.08064859616845914,                              -0.05747501298775623,                                    -0.07466463041804698,                                    -0.13896228764656485,                              0.015089780600401809,                              0.007643407413302633,                                    -0.33304532548571275,                                    -0.12250144273187392, 7808.932396177549, 0.5869337233330344, 7809.519329900882, 0.0002457025373047359
                                0.07426950087456483,                               0.051497731550557674,                                      -0.1525043508443309,                                     -0.18159699384420674,                              -0.08855878244980085,                              -0.06119366916357671,                                    -0.08221522229155624,                                    -0.13526580415977266,                              0.013276885701686655,                             0.0062437539041172024,                                     -0.3437210790818005,                                     -0.0835012308418723, 7810.358635855872, 0.5686462193903996, 7810.927282075263, 0.0010228634577290187
                                 0.0742120896766146,                               0.055880694804469194,                                     -0.14723208110558966,                                     -0.19297641302870966,                              -0.08485418614492163,                              -0.06150820646717338,                                    -0.08367152267509635,                                    -0.14096915393961165,                              0.015237072553561257,                              0.006889280886354182,                                     -0.3423983288996864,                                    -0.11922315327330972, 7810.139345312153,  0.508461096264569, 7810.647806408418, 0.0008214497285648833
                                 0.0710924729415327,                               0.054007697174454194,                                     -0.14526105928115157,                                     -0.18839420257318845,                              -0.09019574783944764,                              -0.06662544243326017,                                    -0.10644432164950741,                                    -0.15402996609748923,                              0.013060667246743457,                              0.005895140845703001,                                     -0.3481945437452772,                                    -0.11016238897111119, 7810.524999500007,0.46522340992660616, 7810.990222909933, 0.0012080042887427315
                                 0.0731883121120053,                               0.051801263785930335,                                       -0.149197203668655,                                     -0.17240479413317836,                              -0.09082263363537238,                              -0.06024772129786772,                                    -0.08290037415200249,                                    -0.13694619721096882,                              0.013812408010024299,                             0.0067150199974826685,                                     -0.3346708950520046,                                    -0.09281467041978515,  7809.97720390669, 0.6140836576161112, 7810.591287564306, 0.0006984959185078131
                                 0.0722356042492828,                                0.05532859198587478,                                      -0.1518007529776305,                                      -0.1850469845017872,                              -0.08836661508334584,                              -0.06654736648578355,                                    -0.09729290452104129,                                    -0.14190506933584285,                              0.014122408143358342,                             0.0068815515212666545,                                    -0.34130869425003746,                                     -0.1004764875302805, 7810.096585974441, 0.5293789923914517, 7810.625964966833, 0.0007870654455400161
                                0.07641542557100639,                               0.054031717269922036,                                      -0.1489216344047817,                                     -0.18818270367000886,                              -0.08484693196964642,                               -0.0583747575449489,                                    -0.08087633635792978,                                     -0.1396970153099283,                              0.014404452647787516,                              0.006757605162977076,                                     -0.3452908846998692,                                    -0.10154421531530876,  7810.31123740339, 0.5310029847462846, 7810.842240388136, 0.0009755123617042294
                                0.07527555375003092,                               0.052939043591509666,                                     -0.14920245967658452,                                      -0.1678090230293459,                              -0.08861490687793004,                              -0.05964745080681974,                                    -0.09152999154259009,                                     -0.1342446646386718,                              0.013722872656149313,                              0.006799557024503411,                                     -0.3284456082642061,                                    -0.09666876180012819, 7810.274708160661, 0.6373455687962437,7810.9120537294575, 0.0009405206354411805
                                0.07624278990726943,                               0.052252599097549174,                                     -0.14934096291923438,                                     -0.17035431861539305,                              -0.09416764183669846,                               -0.0634048338814455,                                     -0.1034596087092201,                                     -0.1287165815737962,                              0.012669712311131148,                              0.006427298163004649,                                     -0.3398357131645913,                                    -0.10005778086267125, 7810.947948468598, 0.5814952414586894,7811.5294437100565,  0.001843965873863134
                                 0.0762513062584513,                                0.05416772031705408,                                     -0.14508174239552088,                                     -0.17413584621401357,                              -0.08851378936230651,                                -0.059508233293218,                                    -0.08675922702890881,                                    -0.13646829204664607,                              0.013269495592671834,                              0.006221375308248442,                                     -0.3408385087054105,                                     -0.0975549126887889, 7810.983995946233, 0.5864087103914547, 7811.570404656625, 0.0019116487622781923
                                0.07452526418707323,                                0.05485786170091622,                                     -0.15266864642867664,                                     -0.18515858033319088,                              -0.08712255090238916,                             -0.060137910019120555,                                     -0.0847314624658393,                                     -0.1380062350042418,                              0.013545240042663373,                              0.006723085883025698,                                     -0.3401065824785379,                                     -0.0943730730202988,7810.1859375653785, 0.5576047752063468, 7810.743542340585, 0.0008606285497936895
                                0.06994374327325764,                                0.05262504115938735,                                     -0.14104520901262377,                                     -0.18937342402702076,                              -0.09508918261114402,                              -0.06885750395983622,                                    -0.11079815577056397,                                    -0.14442065643114388,                              0.013394083112189772,                              0.005480641876152645,                                     -0.3495897172172178,                                    -0.09884045410484048, 7810.024488127764,  0.488289851154011, 7810.512777978918, 0.0007323170558042521
                                0.07362453533879007,                                 0.0564439572143407,                                     -0.14397933141471145,                                     -0.18401159199230774,                              -0.08893310324144005,                              -0.06673602354129238,                                    -0.11365471796888989,                                    -0.15143551889948914,                              0.013541743396492861,                             0.0064496533773474585,                                     -0.3360464634387176,                                    -0.11221614848356047,  7809.81483293022, 0.5155781459189466, 7810.330411076139, 0.0005938093801284584
                                 0.0706278298058215,                               0.053642201182654475,                                     -0.14467657749115218,                                      -0.1906338756349689,                              -0.08850272726844977,                              -0.06636726644650234,                                    -0.10628201914730984,                                    -0.14208769888526449,                               0.01443999819160105,                              0.006352994813957763,                                     -0.3349347140705076,                                     -0.1030428065896901, 7810.340269129494, 0.5400429440922593,7810.8803120735865,  0.001004248277732972
                                0.07260281434003649,                               0.051020022788443364,                                     -0.15698715802376179,                                     -0.17899983567761715,                              -0.09860897466012747,                              -0.06933277717799897,                                    -0.11175388149667836,                                     -0.1306189617514165,                              0.011768732451795508,                              0.004896876760985977,                                    -0.34561897243469647,                                    -0.09229657425747527, 7809.730481743614, 0.5253160950923127, 7810.255797838707, 0.0005457752016521462
                                 0.0754092245756203,                               0.053344901084158514,                                     -0.14907601830171743,                                      -0.1757243475302686,                              -0.09185176087325468,                              -0.06510368862390742,                                     -0.1076024639850446,                                    -0.13560336869212058,                              0.014177225980142566,                              0.006884042971162338,                                     -0.3373568123238906,                                    -0.10966644275779182,  7810.33857738117, 0.5547698005903287,  7810.89334718176, 0.0010025507786672438
