y,x,reconstruction,noise_map
-0.5578814283727072,-0.9948462187334552,1.3133998126504255e-16,0.015327739575189672
-0.5855164610160952,-0.9174485076055584,8.465665643970033e-17,0.011950865103869406
-0.5762112437688995,-0.8892780806895968,8.993959437848791e-17,0.012098811216312427
-0.6123996690833531,-0.9165789562032669,7.871533541387986e-17,0.01245350221648918
-0.7602015782144655,-0.7800680047466221,0.0008895924254948206,0.014256223437083911
-0.747996479633622,-0.7865784770090449,0.0017115937139652354,0.013638022446788483
-0.7052364218219525,-0.7464245896482629,0.002463826766428584,0.012226328522951557
-0.6613519761517325,-0.7882332855263395,0.0052800836240785316,0.01205319784826208
-0.7080521748188521,-0.8669205697429179,0.0037693788506545844,0.015695497686974834
-0.645760000493544,-0.8467182680133891,0.0006872506153604754,0.012388378477806812
-0.6246775436533083,-0.84997903902933,4.255792940019882e-16,0.011728181786930815
-0.5396718056032777,-0.8445992342992652,4.648189057742914e-17,0.010781165068866927
-0.579278535214427,-0.7985387618513285,0.0009084915476295158,0.011704651508433517
-0.5339431005376047,-0.7390051508087354,5.763713772598488e-17,0.011263309035956787
-0.6003434388670236,-0.7272779822219491,3.371955598525789e-16,0.011689781834659988
-0.6452614239703812,-0.7722057205966437,0.004907625930337248,0.012195147351653293
-0.6206715020026058,-0.6896958201847612,1.1005048039228868e-16,0.011385008039123196
-0.5994754397672206,-0.6920475152278751,4.9251965895428214e-17,0.011207448147010059
-0.5155850370112848,-0.689521266744837,5.3659854608269246e-17,0.011053827507135702
-0.5506021482447259,-0.6445223307053658,4.2907875882024267e-17,0.011461126743755155
-0.5035976582997266,-0.5870970903311865,4.358689607192495e-16,0.011697521989053836
-0.5706506479527709,-0.5788409207572138,2.0215294622737984e-16,0.01194856859393984
-0.6202494838552053,-0.6255541349036932,1.0248491891075484e-16,0.01148769601703409
-0.6580257962206588,-0.6069971241547959,4.640069285197448e-17,0.011333341911858225
-0.655895965146442,-0.6299345686247388,7.249100354427881e-17,0.011552933091565121
-0.6531605557615499,-0.7250031976044917,0.0008305650417038728,0.012442886711214142
-0.6973502955034601,-0.6845531549042644,2.871890942561137e-16,0.01156369737600529
-0.7518802558327689,-0.7358751882056646,1.5009355693582497e-15,0.0126784432597419
-0.7637467643928018,-0.6590278593565967,5.630656755474632e-17,0.011667915162472745
-0.7147601060230728,-0.6047783644895889,3.234164003324485e-17,0.01108467864885861
-0.786286894658446,-0.649529167494926,5.417054328676833e-17,0.011551463006050783
-0.8100645780434297,-0.6464229724682607,2.156427709177475e-16,0.011944520872828143
-0.8461907021475772,-0.6915605567051579,1.7601115792932327e-15,0.016864442743724194
-0.8035830429668664,-0.7463677704218274,7.877205414511742e-17,0.013751060531856207
-0.91965003095272,-0.5353227585054641,0.0004898314531396893,0.013915719473218395
-0.8616246562828935,-0.5628125759714825,0.0016746979602210049,0.01268173208452102
-0.8275861088937936,-0.5930614702931085,0.0003021659351185746,0.012221933192877432
-0.7822743770083217,-0.5444369980541391,0.0012537555251462009,0.011497905169279815
-0.786033248975018,-0.5216737770700625,0.0028887718686514065,0.012657929608657121
-0.7899860315840361,-0.49896996920125875,0.004161893777652037,0.011931254577374541
-0.839553897585502,-0.5393400540684052,0.0026829948900771155,0.012050919803645366
-0.8933105246175754,-0.4972354226231322,0.001596537563603308,0.012510296952540646
-0.8469172128345969,-0.41781494735271474,0.0016441796135555917,0.011976512023686289
-0.8112800606679558,-0.45391096126538555,0.004416387520429666,0.012082018033031874
-0.7625242693948742,-0.4044975166443823,0.002396863415143256,0.011868249861377874
-0.7672791470085378,-0.38216370618818973,0.0013659680032038074,0.012385841566120107
-0.7722765365894676,-0.35979589566499426,0.0001966646924164581,0.011672596307866667
-0.8219890604565714,-0.3979645683785817,0.0014704906878845354,0.012053524753780052
-0.8790039232271571,-0.35505175158059504,4.938799211240965e-17,0.011667074079871517
-0.9601954609333159,-0.3829576006096599,7.218497880375721e-17,0.012972430123582264
-0.912987729525994,-0.4178697582654908,3.204394306550773e-16,0.012658295297574796
-0.9418247700930866,-0.44903246279154124,9.8935180831042e-05,0.012862959469414176
-0.9745880266102563,-0.2755447011477909,8.710696117507528e-17,0.012413083223486462
-0.9204100027956936,-0.3151049272340395,8.476361569886228e-17,0.01243125848132551
-0.9196807119377611,-0.297712190142044,5.8680035142888e-16,0.012695345914264392
-0.8976394355634513,-0.2616002255023081,1.4708560193166592e-16,0.011552413780783059
-0.9447257127164581,-0.2141592393492939,6.198696374750661e-17,0.011804278805687693
-1.0087608018882146,-0.26420213467292525,2.79734551213355e-16,0.013712004948484853
-0.9837740342452623,-0.16689091193516958,1.4088404421935153e-16,0.012132783352755798
-1.0138534133656318,-0.09736008662158292,2.702703651042638e-16,0.013196627670894759
-0.9998500660759535,-0.10838232705611107,1.7379379108644825e-16,0.012798022019537579
-0.9452491223241419,-0.06691564488832913,7.256909995218818e-17,0.01146412146157782
-0.8893215660429075,-0.12232376151092296,8.08766779836282e-16,0.012145733697167493
-0.9443489960131024,-0.17671105140029564,7.420271718592454e-17,0.011526177994335675
-0.8707040158479327,-0.16650755789865468,9.626802399632618e-17,0.011524261207587415
-0.8466235102349144,-0.13097322982539508,6.717794139140422e-15,0.011743260298065685
-0.8679920895786619,-0.09523073148644294,8.64975047521308e-16,0.011453321381646842
-0.8344663312679296,-0.10702285231968207,0.0002528816751002227,0.01173438111515282
-0.7801566470270035,-0.06690651714980275,3.564389624333198e-16,0.011746234321525191
-0.7250473825388277,-0.11981080951133168,1.4985800078009774e-16,0.011964403148357013
-0.7800277677233425,-0.17233808292596792,8.409400248507429e-17,0.011443832526249482
-0.7535606048437149,-0.20089978784412227,6.461177550723409e-17,0.011882211495314135
-0.7950484169854345,-0.2276497578229298,9.494535803467388e-17,0.011909074556045871
-0.8352880622044704,-0.2108348363352413,8.708197400054277e-17,0.011795136779532697
-0.8261535036643131,-0.2361092859265463,9.725136196202231e-17,0.011497842744854983
-0.8749149427344127,-0.28443988863455133,5.214297892303889e-16,0.01195382214844982
-0.8162857584206594,-0.328292648688886,3.942396067846277e-17,0.011768290200105199
-0.7526476393206242,-0.2790786808436008,3.0049134323228456e-17,0.01170271382622104
-0.695877493382055,-0.3202305050323108,6.99619406868575e-17,0.011906123100271199
-0.652143611857454,-0.2883687688833567,8.578532838987739e-17,0.011927529607437563
-0.6140252472943079,-0.3023236389441737,1.25021897475625e-16,0.01220219298590989
-0.6187326030546255,-0.28128430218924705,8.881909263598542e-17,0.011671936229528758
-0.5693123619319025,-0.23494452522628026,9.8566493833566e-17,0.012075888080093026
-0.6264295576883021,-0.19540747145326476,3.101450640616431e-17,0.011610568051815656
-0.6894952370881899,-0.24221316134326043,3.1224568493956756e-17,0.011710111894168493
-0.7120830108211686,-0.16879819242113075,4.299143843345697e-17,0.011729690903037032
-0.6730662906997302,-0.13037453216582326,1.2238116503452774e-16,0.011937628603673547
-0.6978804867771997,-0.09322914570483318,3.304834032051063e-16,0.012267937708809427
-0.6706633754971325,-0.09941093250881307,2.0845035252261104e-15,0.012077536397131588
-0.6197628661339039,-0.06353546968491613,1.0254838509828102e-16,0.011815504499862087
-0.5626571443665667,-0.11084713489011719,7.478858693641484e-17,0.012147441752188168
-0.6195626013516583,-0.16254663568331823,6.139220798715665e-17,0.011580759600914507
-0.5510455836373591,-0.16678447853303707,5.1282504048612995e-17,0.012022871293179234
-0.5085577545802056,-0.12768574652232384,1.0753803591082676e-05,0.012169232102299801
-0.5356565277904448,-0.09089260850170133,5.942018578097066e-17,0.011813606160550473
-0.5089020084564531,-0.09643528684079664,4.60542854724297e-16,0.012233365023790917
-0.461686707195402,-0.06527701380572677,0.000623052271452508,0.012427867086345771
-0.4029933674329742,-0.10557910837638473,0.002626574599498971,0.012879687240051492
-0.46330761670583653,-0.15647315390307714,0.001656260445408801,0.012400367595462675
-0.42377852351646683,-0.18311175835246915,0.001008147173189837,0.012706689427935224
-0.47728040646768993,-0.2203292290476851,1.762415328886357e-16,0.01236890558915701
-0.5240602511427651,-0.20061116608526264,1.292031005162259e-16,0.012313940419953855
-0.5189376693907581,-0.2207444267292413,1.5280770673170537e-16,0.012089055380501522
-0.5584073046387406,-0.25807714515002056,1.0580802973785097e-16,0.012067315652216056
-0.5135885798140527,-0.29984613872555366,5.3685422725803566e-17,0.01178065305253663
-0.44342726730456467,-0.24644101443652708,8.064354964497605e-17,0.012244311652678773
-0.43298112619885476,-0.3085986166587736,7.47128177844749e-17,0.012099433073557046
-0.4832766278717007,-0.357373462318598,8.072205152397798e-17,0.01210448726527566
-0.46301579934256437,-0.3936609369779642,7.243582542057682e-17,0.012385337947528472
-0.48466574970362153,-0.3929883769029675,6.549000570891755e-17,0.011987513754255687
-0.5263179737072012,-0.42731787193169807,1.2643661381653946e-16,0.01363194710423501
-0.5727659529808687,-0.3930516220741811,2.9485148928510475e-17,0.011800599400708711
-0.5083166512920023,-0.3312636579788898,3.956600552343847e-17,0.011862908209435807
-0.5920204764171497,-0.32498755361711157,3.2167956405779363e-17,0.01158163380655651
-0.648165455303899,-0.36850082664921463,1.7483552666707773e-16,0.011751709439338768
-0.6966781544714322,-0.34540308650438045,3.034701933605365e-15,0.012802629089409765
-0.6951875923106872,-0.3645293732944103,0.0003212407453365559,0.011911102413395082
-0.7259830512978925,-0.4010280261195184,0.002601544505740584,0.012426271739194443
-0.683532052223075,-0.4448703208992483,0.006371753142391399,0.012509449988853966
-0.6149383902567696,-0.3883238753904553,2.804046970476879e-16,0.012109057452629841
-0.613005750308632,-0.45945926793565883,0.0030869473367624144,0.012380773404510683
-0.6685139266992152,-0.5065139461396779,0.0022872514055964194,0.01265247549189777
-0.7138261346197761,-0.48423498965680556,0.004992027883890367,0.01258766864738023
-0.7158937085028153,-0.5014484238509631,0.0036339470254324346,0.012626128620020717
-0.740893389516486,-0.5391081983759121,0.0006346575231318525,0.012134069290649523
-0.7042891642691665,-0.5811380474501788,3.92217495128153e-17,0.011406072099140697
-0.6401963384994723,-0.5240091945888277,4.481324085999452e-16,0.011602102384649277
-0.5993175466929113,-0.5617854156388817,7.91097798982892e-17,0.011965593950002486
-0.5502400893466726,-0.5073807275822413,5.560361326899797e-16,0.011924915160958716
-0.5708165306181221,-0.46772094806529607,0.001058808522262521,0.012326124776061122
-0.5535260880442929,-0.4644974317744956,0.00037387417364784876,0.012342497004321785
-0.5178855139494951,-0.4433228604382565,0.00018283706903943998,0.014445069454144305
-0.4811557453053461,-0.4720394979566115,3.2588211498412387e-16,0.01223895098831284
-0.5364840897960952,-0.53101750133896,1.9181915431058253e-15,0.012071093014747375
-0.4644363342686319,-0.5327558325791387,0.0012515536814376872,0.012096821953452606
-0.4164963241154097,-0.4753992306093944,0.00121791586556601,0.012341413379746546
-0.43181660131266236,-0.4372941834707649,3.011079511165508e-16,0.012874116456033967
-0.41619728909350695,-0.43312923907763085,1.1123555630272115e-16,0.012352630937345765
-0.386344781870133,-0.41361365098637015,0.0003533459623332266,0.013363479263139749
-0.35694529650980694,-0.4404320287370796,0.003942384819991316,0.012660840198441561
-0.40763213329612674,-0.4964522938876145,0.001922545898956837,0.012256152689364882
-0.3479167298075829,-0.49980820672825566,0.005429487835168305,0.012524779861977656
-0.29797217409886834,-0.4410361684241357,0.0018075438492485823,0.012466380281037262
-0.2732251246534899,-0.4651815106042196,0.0006239530118248955,0.011982923763256912
-0.2667037158141003,-0.44290490937337496,0.0002878810321675925,0.012438065994189595
-0.2531908794354953,-0.41150261336975397,2.4745316692221015e-16,0.012125948615785292
-0.2694241124674502,-0.3742033230449532,2.2591024380472576e-16,0.012094610133426291
-0.311798391161081,-0.4312283057424127,0.0024124427271036888,0.01204012698760713
-0.31265065553146576,-0.3610309789286007,0.0012894862501709626,0.01247305762171943
-0.2561044550472793,-0.3023809745290615,0.0031549668735901407,0.013430562674646748
-0.23728671885225489,-0.3210437026794484,0.0017912564400749617,0.01235704620482956
-0.22603391199361822,-0.29797694252852214,0.0024982519066084397,0.013357690290753049
-0.21294245366969447,-0.2736909047433667,0.0016022501243823175,0.01353033056336939
-0.2258837786700611,-0.24868691978418295,0.001757465192963584,0.012399146955478408
-0.2693616959545442,-0.29647179922800204,0.0030814580452201506,0.012849951229189195
-0.3042215750548508,-0.27109428782366723,0.001856312276722943,0.012508211724565697
-0.3615377826768653,-0.3275340569022708,4.617521579285217e-14,0.012643931445426162
-0.34100179705340755,-0.3543609815075437,0.0006991692487869258,0.01277130716001651
-0.36335854396544054,-0.3663719370312485,5.818625993764475e-16,0.012235839517382423
-0.3861186785872753,-0.3781481218427824,1.4697226132735044e-16,0.01287593881570603
-0.4195650122857612,-0.35406378761292123,3.405585576001555e-17,0.012231195067508584
-0.3738475197221271,-0.3146412812126436,2.1121213622737487e-16,0.012262993845976986
-0.4133216616901687,-0.27677392828091907,9.937830538303257e-17,0.012501207187164454
-0.35029719220590294,-0.22878381131158748,6.486588770777184e-17,0.012597608632232646
-0.31626861595359934,-0.24740663219897652,0.0002460224490309653,0.013323366279436113
-0.30466298037837636,-0.22797165108059414,5.203302045218042e-16,0.012788334694880278
-0.29322999258917654,-0.2090623820675067,4.0570745450634727e-16,0.0126916208297002
-0.3227947097995746,-0.18397039704096568,0.0009229078860528034,0.01297957913591191
-0.36497317313389943,-0.21513054350115202,1.2016686852819357e-16,0.01250805684850473
-0.3857470630278499,-0.17031098128718097,0.0014625954774018651,0.012865167277028794
-0.32653502302055604,-0.12686527031793332,0.003563815900298034,0.013247649897944169
-0.363340844942844,-0.09620604721105319,0.0023558939266846144,0.01291547403868406
-0.33704943865612796,-0.09054888201782467,0.002994120621366498,0.013632197906294824
-0.3108718398938865,-0.0850364045266545,0.004288222165014642,0.014062548901439022
-0.26866576769999323,-0.1079950627127025,0.004488946946601692,0.013540462754451242
-0.3022479521016982,-0.13544577727988744,0.003778279805069421,0.013145138470727714
-0.23931943208800605,-0.15178844219194004,0.0018518022601831726,0.013192876377326405
-0.1770676087359906,-0.11320596904106081,0.006460680061188507,0.01400579697060688
-0.2093151132271056,-0.09163722177296152,0.007884839975268086,0.014366322059621066
-0.18383950499277985,-0.08595756376757885,0.010275907184279572,0.015355158801012824
-0.15855170436840732,-0.08047912602630214,0.013474838513762107,0.015156658408161392
-0.12369418917519281,-0.09282119337873933,0.0068310694171103805,0.014647420985490961
-0.1548463097596371,-0.11387720869458892,0.006462403902447746,0.014493346435095814
-0.12560103356985391,-0.12891224254538391,0.001080792533530482,0.013763678544359698
-0.18402650308629154,-0.17594143680069263,1.294438910499466e-16,0.012917413982738114
-0.2097378093675144,-0.16661430753464856,3.103507859309726e-16,0.01366386392304238
-0.22399862626888517,-0.18529293673294117,8.518341137486668e-06,0.01376311683443842
-0.23427235361010412,-0.20141891174413556,0.000220422422522534,0.013479466443195575
-0.2212631639826695,-0.2179616448896621,0.0007962907507886288,0.013197862674812008
-0.1885108809131194,-0.19124892677148672,3.731388089828081e-16,0.013682353600156207
-0.1675166792733626,-0.20435823311675255,0.0002756951111541321,0.01268825594311611
-0.1151472433952295,-0.14524317985986201,0.00109784444842679,0.01316182684051125
-0.11096312930271393,-0.14989433255516968,0.002072450379793902,0.01398048978142683
-0.09280108983631635,-0.1232218709015599,0.0005138315753809391,0.01345538696402138
-0.08227352917372058,-0.10921425105853064,3.464557868706953e-17,0.01408580738821624
-0.07325987626389341,-0.10063439732003604,1.1413416805746111e-16,0.015220394227575899
-0.10271148117950951,-0.12853421204217977,0.00021986621615082484,0.013602478738691037
-0.11147436076482387,-0.11896066939832954,0.00021362114877395268,0.013862286273392902
-0.050903177230256114,-0.08143189240975565,4.521021688909739e-17,0.015258742787622674
-0.06607651924283486,-0.07840221842725975,1.6930448257195914e-16,0.014717071586543201
-0.03388854494729132,-0.06786732917637467,3.0115599616982e-17,0.014728464141668394
-0.017973983801132243,-0.06405032071515013,2.4802241447107834e-17,0.01490452661578901
0.005664522497067781,-0.054893986218225756,2.4576692164249463e-17,0.016814196389744514
-0.025627258961161553,-0.06874491611372438,7.124392499694708e-17,0.014950556614237812
-0.025345343348715937,-0.04796426827642458,1.8049094404496528e-16,0.016247937981378732
0.019085451849858992,0.005601620962977977,2.839381883167949e-17,0.015684867817292794
0.04295991731415846,-0.021746625944649503,0.022084143933647177,0.021326473190718495
0.0676512689757866,-0.0007712576232543483,0.0016316544625630972,0.01459161120606012
0.06705864504635445,0.018996135375171364,0.0018574172433615814,0.015164194637753169
0.01885241182928779,0.07181668162440615,3.449957143986978e-16,0.01756335492540931
0.009066555521612604,0.03460281168142765,8.270998834038117e-17,0.03209182593482919
-0.021713574688489723,0.03868015702309216,0.22107117115651959,0.20271921817402722
-0.043515715338278485,0.05111586554257733,5.61212586379476e-17,0.05251661263124439
-0.04532052738362616,0.043431474346069254,3.086524232491701e-16,0.39589761348288977
-0.04146431456493497,0.03500361154264889,0.02862183809279283,0.19779866692450465
-0.04423967197597624,0.029847869839065844,0.16530923755282276,0.45409401137968264
-0.04614846307320853,0.03105988119239439,5.021901888755331e-16,0.31228243206176376
-0.047843448281175,0.030694546824642566,0.009404395949391148,0.24433225145353316
-0.04888913145439782,0.024596640099082467,0.06586043630529699,0.23098110070737174
-0.05010368115655307,0.016797352275919636,2.739485204715182e-15,0.22151373205766395
-0.04986894959270963,0.007369448768548614,0.007742071103228337,0.18324220284273587
-0.04492898883841627,0.016702832518183358,0.06906468606940912,0.08120723137477694
-0.057225503705236505,-0.04201108839947246,5.541369283652612e-17,0.01747262065183275
-0.03776800103492277,-0.017820782050960382,3.6196278085854327e-16,0.023901853057376552
-0.06442455941126154,-0.07625792795219169,1.0784819951882307e-15,0.015247202292003964
-0.0741400596554321,-0.09366693898390951,5.010729961671812e-17,0.013696648533189042
-0.08171007383329025,-0.1132088165479522,0.00032453964995168936,0.014491803802604605
-0.06298109652890974,-0.06461739917522474,1.3955450285528414e-16,0.01486386724119773
-0.061586741648924526,-0.1058707315234077,2.1296937918810298e-16,0.014421839319462592
-0.08552001537643948,-0.17812103030087478,0.00429542548931638,0.013187098722011932
-0.06932311472045113,-0.21944222252685075,0.002401096095362741,0.01262727502470084
-0.09573695283554423,-0.270662110641849,0.00025508886737511693,0.012031811315163303
-0.10825865730052284,-0.26276359715780495,2.2007174647030217e-05,0.012797745306418607
-0.11795410540982001,-0.26232402149776496,3.0205999896852835e-16,0.01237172686962313
-0.09540181134743073,-0.20709119598432846,0.0032581396887684288,0.013004573480045795
-0.10105199727494679,-0.16195645145859464,0.0034624305358205124,0.013203532433438962
-0.14106771221172415,-0.2314870030160716,1.8304858504874396e-16,0.01282262144035224
-0.14634119565335071,-0.20251013171942894,0.0007897562351068604,0.012739329958767007
-0.1873709781387457,-0.25981597599015616,0.0002894571728449465,0.012403056774848497
-0.18981879527782938,-0.2836160715134761,0.0004999168876273361,0.012600476999036372
-0.19510417834893015,-0.3008130804923867,0.000806936868023631,0.012632519043663464
-0.15905252646182938,-0.2562488222325379,1.1808003072180581e-16,0.012541066870186591
-0.14450263575667255,-0.287986967140916,1.777056389720107e-16,0.012056792983062219
-0.17219305942854793,-0.38487092348152707,4.4479596385146383e-17,0.011923465641259371
-0.192670865866572,-0.3427386520471158,1.4469744867716452e-15,0.012372219066546647
-0.23013607201222935,-0.403355405949267,6.871398294026583e-17,0.011680056213406896
-0.2269866823523361,-0.43576852401194693,9.941873589373952e-17,0.012048121551398481
-0.23039667756427645,-0.4551461906957245,5.897324900783097e-17,0.01188896246782245
-0.19335175236513386,-0.41240701672098634,1.5799784280888302e-16,0.013162254328086032
-0.1685631197974914,-0.4528515217192624,4.261157989278257e-17,0.011806634849887027
-0.11236626835803895,-0.42356505717548665,3.454749468311967e-17,0.01157526706856496
-0.13756738952249886,-0.36310757973208146,7.625154407963188e-17,0.011696776854133836
-0.10509301469764692,-0.30870660425333396,7.058949651328081e-16,0.012245729007764713
-0.08607945698664465,-0.32773174414550277,1.8863293234504613e-16,0.012167590019893582
-0.07580019357633212,-0.32710177950052777,2.234697270855373e-16,0.0122642561235327
-0.09606214957979445,-0.38515279442829536,4.208853380683294e-17,0.01152508303675579
-0.06999021473197742,-0.44171753774960076,4.270397412594642e-17,0.011478885658682308
-0.0834683435629556,-0.5436980293784656,0.0031523560158432168,0.01131800981542675
-0.12311650431870869,-0.48280458187116404,0.0010720000528164856,0.012063710228313693
-0.15801635311060144,-0.5477354613644035,0.00014170008784777455,0.011541476962384785
-0.14267215387114096,-0.5897147125442661,4.4015349366864246e-05,0.011623542098622765
-0.14574856519754975,-0.6146226215295554,8.134314346211326e-17,0.010943441454228915
-0.10900857265655442,-0.5758767753466216,0.0020541037926526825,0.012463546916267483
-0.07303447325905568,-0.6263750240895243,0.0004386967756424679,0.010664846432725904
-0.10968125175439973,-0.6763368395810685,4.321843007358973e-17,0.010592401082573285
-0.06666738899239281,-0.7505773127915399,1.0307426011087089e-16,0.010033223091592174
-0.1112667000794254,-0.809900680414718,4.991599919037227e-16,0.01049395171853567
-0.1405641194104254,-0.7734611404270534,0.0006465884529914673,0.010532980244434626
-0.15959864402029697,-0.7811464425344863,0.0004327123641090104,0.010221686841008467
-0.13393139780834867,-0.721192061390896,0.0004304596323630385,0.011166407390412168
-0.16462723074592864,-0.6638734274032583,2.6935594489508016e-16,0.010752308003434661
-0.21880822285310852,-0.6829645392458049,0.0006913136340209882,0.011070931195534305
-0.18054338917771523,-0.7526200674605835,0.001821276825944391,0.010311644527223912
-0.22687705957496723,-0.8141912876328847,2.8649934867972636e-05,0.010806647434690429
-0.25627862552258135,-0.7770973798350438,3.837840815110179e-13,0.010673531771665199
-0.2761264525496961,-0.7868588987365117,6.471746215719102e-16,0.010695213380351183
-0.2496658642561583,-0.7292878177017175,0.0003895146472963506,0.010900152596032104
-0.27628041981540225,-0.6777685284874125,1.9380792753263396e-16,0.010781055025963967
-0.24836571308621747,-0.5829089721218269,4.391279468157715e-17,0.011263168306009468
-0.21004289267441234,-0.6390863572063623,7.689858384639751e-17,0.010704666817139863
-0.1699004800678693,-0.5704143941573365,5.928466733483404e-17,0.011101366276326697
-0.19124981531353485,-0.5238075456752498,4.513833344040248e-16,0.012481054408593952
-0.18406949403780887,-0.4949182332440594,6.916590920434956e-17,0.011769173658207252
-0.21693348197068194,-0.529799207500222,4.594943452057303e-17,0.011739316357448586
-0.2417842925535677,-0.49385288955365636,4.777736193400126e-17,0.012206508472767436
-0.3025933105230161,-0.5350834554765356,0.0011483074906262322,0.011592859664409377
-0.2751798456780856,-0.5900641988185953,3.293079266077221e-17,0.011033334774778362
-0.321750299780317,-0.6566888214089737,6.511891668103817e-17,0.01130321039701432
-0.3504677929886637,-0.6204995545261504,0.0007687995021708015,0.011915026901052348
-0.3705552932002314,-0.6319578524300757,0.0011656017897753311,0.011622166614349807
-0.34551646927682983,-0.5837290107804771,0.003186916264779813,0.01256929859359579
-0.36406833093188856,-0.546730918572395,0.005905697430681017,0.012588466952784552
-0.39838985646991937,-0.5847496030756815,0.004215929901261718,0.012028365453191164
-0.43313325198760205,-0.5466645677768576,0.003098710550551301,0.012331856650960184
-0.4901707492888825,-0.6075102257974152,3.9821644122865263e-16,0.01132997861343317
-0.46405578578852374,-0.649376681099707,2.7670609905230927e-16,0.011845487449564053
-0.4741477984773273,-0.6763574401734666,3.9655599364155915e-16,0.012348013058727967
-0.43909976333162104,-0.6482697826809962,6.105157683803398e-16,0.011550798127175166
-0.41351545076912577,-0.6756814148903569,0.00027560187748253,0.011250706011697793
-0.4221998872521161,-0.7426347903350299,1.9476166366372527e-16,0.010620561232306253
-0.4596642849359073,-0.6983485151004815,2.4937278323975706e-16,0.011395799496952581
-0.5148840623721728,-0.7606535110370812,6.445932967877222e-17,0.010518668042830718
-0.4866900704646304,-0.8075201892300901,1.8588815090246256e-16,0.0109646194973808
-0.4977677793505455,-0.8381215023085338,3.3638065258402945e-16,0.011933121931431662
-0.46404765917545243,-0.811732346015471,9.372175493538889e-17,0.01061230196997073
-0.43734679212258215,-0.8384715172505806,6.410908675946919e-17,0.010525327360378428
-0.36501717307500886,-0.8084390757511231,5.691944757023223e-17,0.010644505942022053
-0.39727024077189044,-0.7514574666357728,3.655254333327932e-17,0.010377886525219414
-0.35028059739197387,-0.6818736839078072,1.1579610771288426e-16,0.011237519128739196
-0.317967477306025,-0.7233908463233607,6.961289112471158e-17,0.010933447569445568
-0.293925316559102,-0.7067556454066544,1.3508548590954316e-16,0.01099867749428256
-0.3126878392106737,-0.7514277029405593,5.359593374707467e-17,0.01038639216055719
-0.29885316584821214,-0.7920594012010767,8.244835137049116e-17,0.01049423022364793
-0.3399728868592331,-0.8569713930904376,8.023418816210809e-17,0.010708535987722095
-0.30435086207130574,-0.9188211902627272,4.426652607959944e-15,0.012214699887188357
-0.34925619537316044,-0.9887259892322692,0.0013365581981032105,0.012206270380042683
-0.386957391703055,-0.942440494810038,0.0027877050757256386,0.01159979048364689
-0.4155423815716044,-0.9624392964408273,0.0033385954432670058,0.011509520213449477
-0.3949176452621459,-0.915915076342775,0.002393941300630652,0.011183764522168632
-0.4057500230339758,-0.8764350836142989,0.0005764141082390528,0.011168089239004746
-0.43479665256561906,-0.9087567561172634,0.0009519665249235584,0.011302488387141594
-0.4751229424902651,-0.8592300096106094,2.0974856441863376e-16,0.010695353145113393
-0.529216120375014,-0.9221140308134206,5.705956280036073e-17,0.011167538892807577
-0.4986546442589678,-0.9728596837916438,2.7163375428799954e-16,0.01237313933507279
-0.5244608695463071,-0.9902582116982539,4.505905804601572e-16,0.01332269327420971
-0.4796295019131296,-0.9471900289353401,2.0484813998330016e-15,0.01147412719444011
-0.4405287582555161,-0.9937962637586699,0.0020938892001913447,0.012131542195366735
-0.5056545763734941,-1.0298630710007557,4.905312711865614e-16,0.016625776190443965
-0.37272072235975595,-1.0341283750821848,0.0008404266794303058,0.013425566379688324
-0.3530258123191388,-1.055042753256466,0.0006682605658656728,0.01392367607584192
-0.332403799855868,-1.0614901631909128,0.0004783970870793121,0.013880525611412179
-0.28292632195153,-1.1130975662353608,6.772527654446068e-05,0.015309216082430218
-0.196472281171919,-1.119411678160966,5.876087685583396e-14,0.01443461907148458
-0.2377282013983935,-1.0523315675481721,3.272775197923525e-05,0.013724744736239474
-0.21043388800356044,-1.005889063021037,2.9656268719776473e-15,0.013240455581745653
-0.25799277878068555,-1.0374931894624864,8.423443838352656e-05,0.01400203804309381
-0.2788614008113552,-1.0301481606933742,0.00017637488810851,0.013786577289693314
-0.24698641475565974,-0.9775352978100554,4.868930833220999e-14,0.01276935008667886
-0.2907418221711465,-0.9213405947346418,2.90749044406418e-05,0.012189545004774434
-0.25868564443887665,-0.8458051880222658,1.5485731997731771e-16,0.010631431248158347
-0.2159195134195722,-0.9019276321780265,7.645767944800211e-16,0.012129616766667614
-0.18175114508403606,-0.859672646636459,1.0307486609224484e-16,0.010922226133982528
-0.20589307592438486,-0.931188686022528,2.1921778247505204e-15,0.01229674352179208
-0.20110991160127945,-0.960810291119278,2.1490299980776936e-15,0.012593181435623386
-0.12175605839335732,-0.9767707454349035,1.1068810049909744e-15,0.011862154430517493
-0.16665324482838545,-0.9151101095132448,2.4409253385593044e-16,0.011714240785411351
-0.14149875007171112,-0.8390093857085779,7.334436140391738e-17,0.010414599294931874
-0.09646601909980754,-0.899660114219589,7.224641005123837e-16,0.011478359959961684
-0.06075626166989552,-0.8553023314323128,2.2976290164703756e-15,0.010268232870814496
-0.08515003663197959,-0.9298098684868039,8.511052817057501e-16,0.01132882519125994
-0.07922419496920308,-0.9599768295701463,2.9017498563956994e-16,0.011670393065540154
-0.0635130673866156,-1.081016757731076,0.0003651114190878475,0.012532346320301596
-0.11111655066245434,-1.0175453636454654,1.647290030720415e-15,0.012216080317585221
-0.16726740738380436,-1.0500248402946202,4.382096572623521e-15,0.013089434771451965
-0.12126128806142236,-1.1137431023873183,0.00014973989310274367,0.013831916594738055
-0.15356789843505492,-1.1440506405582798,7.217810350029034e-05,0.017557579896388748
-0.08582813905145055,-1.0956717791415262,0.0002921570609785176,0.012991004463225493
-0.013529716685869456,-1.1431530188576329,0.0010720502267724942,0.01369691824020612
-0.045185714508879087,-1.1212865478037735,0.0005318641641444053,0.013248964398467938
-0.026800776788735794,-1.02166433010617,1.7220837478958692e-16,0.010919447371048115
0.01923898452469286,-1.0772336350978076,0.000992550893767172,0.011009900346226457
0.06045392623831042,-1.0110064445791116,5.29959534545021e-17,0.010684515644726772
0.05971743057722728,-1.1313884697388468,0.0005750186895180412,0.01176672356476226
0.06678548442085885,-1.1469024966108505,0.0003654236786384231,0.014303545698191268
0.12774621006788342,-1.1204678833913473,2.29019463537281e-16,0.011654040592004235
0.17712424462046353,-1.1109700711999748,2.1425831034992786e-16,0.01225344806155504
0.17583158499599183,-1.0889108218688723,3.392043738847372e-16,0.011394024052632987
0.1598118350615632,-1.0476790623307097,2.472240563329865e-16,0.010508129663597538
0.1301854404087757,-1.0793788538134759,1.9949097299726506e-16,0.010655771348919195
0.08221066446416421,-1.0079289658909867,1.296243277980455e-16,0.010664386952498045
0.12047032829392537,-0.9399444200626881,8.190837372447213e-17,0.011250910827695491
0.15034308149768477,-0.9721747514830698,2.70894030623517e-05,0.010939797061789462
0.1671159784694477,-0.9289499646505378,0.0007348874317895861,0.011451648654017224
0.1643102069954018,-0.9053342427276068,0.0008985631749369985,0.01175080767831198
0.15126128019753537,-0.8682345097605817,0.0007512984497046892,0.010738733434008076
0.12032343992796143,-0.902692441426908,8.485317453781172e-17,0.011241649186415271
0.07304103264168887,-0.8320392936799079,1.2362808842189137e-16,0.010540118298726316
0.022957991454101656,-0.882116939499232,2.82421468006443e-16,0.010428087912570596
0.04578862489393215,-0.9214288638745409,3.41960554561615e-17,0.0103227070808739
0.014972609823676403,-0.9534333167352236,9.106569040461317e-17,0.011131656565583252
-0.004583359301291348,-0.9472063461909516,1.84992372415474e-16,0.010801236918738003
-0.027991259312244415,-0.9354563772868031,1.1132815256553064e-16,0.01039086674352886
-0.0005598905878976129,-0.8873292937220285,1.9114832778270033e-16,0.01041837152505948
-0.04897545268850827,-0.8256003150997787,0.00046773872606092865,0.010182039663552649
-0.019225950655872043,-0.7520341886260291,0.00010669531970050276,0.010539161193999022
0.008887434058561142,-0.7851747047827813,7.598981510556663e-16,0.010278393455422394
0.033465227859162505,-0.7401303352675412,7.760141051413384e-17,0.010656025660010813
0.026633647781658845,-0.7100522272075511,9.760928480775808e-17,0.010728978312483158
0.01989421141198036,-0.6800372680289952,3.492004453236484e-17,0.009976025659200898
-0.01344902778733989,-0.7223440091515101,5.2370136081837283e-17,0.010576812405964014
-0.053968260063325654,-0.6536019279071934,3.2872084090639296e-17,0.010187044151464758
-0.017815474490487093,-0.5880496142323406,1.3269741808449067e-16,0.010691866594116936
-0.040908304952957206,-0.5442860438554671,0.001473930760090257,0.011264870009804294
-0.011718969863055415,-0.5043003967049962,1.0324353037798964e-16,0.011516054855545355
0.006907047967605065,-0.5134785285012473,2.1382111385125016e-16,0.011692353641316305
0.025990993494360876,-0.5229278119898269,1.2776859332147442e-16,0.011442822736134157
0.0003748550931091804,-0.572423639839934,1.232497081942201e-16,0.011008039547284658
0.04537180461030446,-0.6378357196575719,6.410274657217466e-17,0.010680456337523129
0.10124828482141343,-0.5997800001081053,4.1497885872014506e-17,0.010817772751154232
0.07001601642410601,-0.5529680574080071,4.4834906196725755e-17,0.010841513546489568
0.10219246565825887,-0.5128534646462207,3.2732491820542404e-16,0.01134330396477072
0.12315599822205797,-0.5233078116483628,1.7707120384020315e-16,0.011281824245885915
0.14453127234276295,-0.5338679861066513,8.091687114367797e-17,0.010883110070228299
0.11836808525039341,-0.5806809217881944,9.489862269376248e-17,0.010784226190349277
0.1669032601967353,-0.6508141114594874,7.147815246461247e-17,0.010106831933372756
0.1513889462433469,-0.7271423998929567,7.281113629161585e-17,0.010182143138997724
0.11585039725972007,-0.6759194983677357,5.76644486046699e-17,0.010421851426267862
0.08507647315025843,-0.7294300481259002,7.903455875901339e-17,0.010230779525861657
0.09255317409864006,-0.7595580054690031,2.2396530283403973e-16,0.010472240283202953
0.10007927985956486,-0.7897400530720475,0.000277014030457105,0.010603924505138796
0.13481342440786515,-0.748850528826317,1.7117973650691679e-16,0.010596490475140528
0.18868568705883332,-0.8129864692965414,0.0006013072758369894,0.01080902846319248
0.23062601575178499,-0.7646304577906482,0.001928255247566325,0.011521710063126427
0.2704129586166783,-0.821969087824174,0.001576763260209063,0.010641805575048954
0.30463475428125797,-0.7683318384616927,7.413112297618257e-05,0.0115341502163075
0.29524356836750953,-0.7381390851631751,0.0010297222331595464,0.011339849716001183
0.286544620026682,-0.7089086893127398,0.0017122004384495973,0.01104962591828066
0.2507342099759853,-0.7473623812601095,0.00219372381832617,0.011277354535092064
0.1949866216426369,-0.6830093671005729,1.2940169306783432e-16,0.010103751283739965
0.23688739857123464,-0.6173239925088109,7.108231577221637e-17,0.010648760148816622
0.18934071994628104,-0.5636243344841128,2.4101293008068214e-16,0.01078006578843687
0.2272348375215533,-0.5211092751477673,6.44337929593726e-17,0.011019453144810504
0.2537765658649086,-0.5362651719169967,1.4979007636046094e-16,0.011378095608959655
0.27368369142532034,-0.5429516303467224,1.2925022007156903e-16,0.01173081170158274
0.2483894611760542,-0.5908952004175603,8.010970652384328e-17,0.010676216291554385
0.29823545831731507,-0.6586883472871927,7.974039128577294e-05,0.010484912299461734
0.3761294770291381,-0.6384793165156847,5.899492693270039e-17,0.010716897408178034
0.32312797743213245,-0.5797828031224989,2.864030619691715e-17,0.010502438639207088
0.3639706311263091,-0.5386171108301591,6.838382541775792e-17,0.011053141141606484
0.39568423222006543,-0.5574302902149275,7.60159563021501e-17,0.011172340499736238
0.4135960733982905,-0.5603372774288635,1.3864671483306184e-16,0.0111080607258353
0.3896755218008868,-0.6111010219862546,5.057132031430828e-17,0.010724264058037841
0.43911781366868063,-0.6744285729540818,1.9525742863562563e-16,0.0112944085231838
0.4302517053180786,-0.7699002904932577,4.499058125556541e-16,0.011347278300158569
0.37415657940050473,-0.7062662624458913,0.00025218141345630714,0.01063130819352223
0.33961652240432466,-0.758408429259851,3.884636366914551e-06,0.011598836892477482
0.3587379306201701,-0.8001272145046558,2.6458015160639175e-16,0.011344925853377404
0.36083384975727995,-0.8213583530428941,2.1821460643382856e-16,0.010754254032219836
0.40448799057795315,-0.7904818132333233,3.0832827505177027e-16,0.011220891052623756
0.4576436440400057,-0.8463456979095231,5.193859305817141e-17,0.011159784761996031
0.4155706286724522,-0.9023586104813252,1.262382520895632e-15,0.011072518065172952
0.4709927834081108,-0.9753240079338764,0.0015314781505651588,0.011763688019606762
0.42647137176505817,-1.0218778653259675,0.0023480368217105494,0.01344190203709293
0.3886081242266438,-0.9953840889798691,0.0003512118567199801,0.011684771045930872
0.37120866050175894,-0.9935207272663256,3.089278947826967e-16,0.011983623434512515
0.3961628818971495,-0.937897143192858,2.551216082908428e-16,0.011372038473795431
0.34980545177867667,-0.8746013560777037,1.1795357058350347e-16,0.01089981437027595
0.31102717215991926,-0.9285046508259225,3.1368240594978352e-15,0.011097155754531109
0.24990527814879407,-0.8588371658273668,0.0019793099688607866,0.010708696063441698
0.212188264760086,-0.9183296617369001,0.001327712317643529,0.011364200928551381
0.23835630884226128,-0.9652043963814418,0.0010645086124555579,0.01118477489310521
0.23748552525586628,-0.990319845548534,0.0008847851346281065,0.011314308150549488
0.280627824839916,-0.9570851561769859,0.0012758950884865518,0.011190825632311583
0.33139895302382,-1.0132732775644535,0.0002664887922550881,0.011431085380449905
0.31420507207223913,-1.0923823091579732,2.9055331614879497e-16,0.014266845239443384
0.2761816260534336,-1.0495109027245342,9.321635458800472e-16,0.011160539713755245
0.2448949554864085,-1.0996033319481044,1.1376949954078609e-16,0.012563318300217348
0.22991512714778417,-1.1282427148384886,1.2487368294108992e-16,0.014779496302295574
0.4049975935996528,-1.0410849209600745,0.001149892295384792,0.013790023779306784
0.5349214327036798,-0.9680806152891985,0.0004789577191722203,0.01448828844386014
0.49990498155641516,-0.908400996645966,1.9537961969224335e-16,0.01131910552548226
0.5252019147756708,-0.9190468283915982,6.063706766039764e-06,0.01202679005782962
0.5609194476568287,-0.8851330741404233,0.0005975863093991786,0.012635937816360097
0.6323410259269069,-0.9075838220706374,0.0040024912315596095,0.01674116716470261
0.8596342276616881,-0.6109907611316455,7.877980205635722e-17,0.014700637381773211
0.8484076699340418,-0.6548537247951833,9.326113977369356e-17,0.015153233339015876
0.7798384826313881,-0.7198652611670756,0.00014195329176605376,0.013721599609672237
0.7676270806890131,-0.6183111191641094,2.1799146786098623e-16,0.012104285200644264
0.7784850130977994,-0.5848276756409655,1.1117608027973735e-16,0.012260587044850557
0.7409620377204535,-0.6018248224531726,1.7422327854234615e-16,0.011845458954953578
0.700147583067577,-0.5770115800481259,6.219679936613261e-17,0.011509432359714735
0.6108160099720463,-0.5734111906753021,4.044111054353026e-17,0.011114078801980681
0.6691242173794834,-0.6417527582003986,1.389883719649996e-15,0.012171111142373086
0.6235294384668824,-0.6967378536237133,2.168055303258153e-16,0.012141878040874613
0.7150033624060732,-0.7125194455015222,0.0012915053820539142,0.012263848986022863
0.7494566444344476,-0.6978957804639438,0.0011482769505114566,0.012366007575723151
0.7307825807837216,-0.7408806753658123,0.0013448422098692116,0.013133815705661979
0.751026313158157,-0.7808456627419001,1.8382553964168907e-05,0.014704723787641684
0.6651292557946686,-0.8378878695365308,0.0029696603389534723,0.013096647056461429
0.6457553334445088,-0.8526129210791766,0.0031436568481273876,0.013298616727185839
0.6719940349547707,-0.7995667354767015,0.0024615146947102548,0.01265899200836803
0.6219875844144162,-0.7379548356518912,1.103046107795492e-16,0.011969710557349323
0.5440483887025586,-0.7422156258972452,5.548835077472375e-17,0.01130877639940005
0.6074127295990552,-0.8199319944052282,0.0012832601969845953,0.011752142096632447
0.5569086351950434,-0.8702397702245189,0.0003657242387095646,0.012170201906998565
0.516265554164091,-0.8308122897743787,1.9428991293883882e-16,0.011519929008477087
0.49350119933806236,-0.8344155898754451,9.719027937120983e-17,0.011537808541999133
0.5185771068009197,-0.7809995560628069,1.4026898502061266e-16,0.01155007272256494
0.4699566727252693,-0.7188325227802713,1.084080096480839e-16,0.010946143983230601
0.4816180687876587,-0.6278756164266621,4.3357131255241206e-17,0.010634410859090924
0.5506662680145835,-0.6981907078370835,4.021439210710858e-17,0.011099814641192272
0.5936693992643516,-0.6414261998456723,8.939142640906848e-17,0.012015123522183297
0.5545635510095311,-0.5926858122184522,6.337774079127253e-17,0.010934978733408785
0.558060122047684,-0.566244369130978,1.2992054535686255e-16,0.011111736137679006
0.5138449152962956,-0.5925032299001665,1.4505683464397104e-16,0.01126257151583834
0.45974737482528333,-0.5396358519239528,1.19270884662417e-16,0.011064037518208432
0.46163421787757936,-0.4676817016369562,0.0010331623683472932,0.011396908592652001
0.531462429445548,-0.5360458015700902,1.6997818285585092e-16,0.011013680633055734
0.5747569288711913,-0.48183331014972747,6.844655797744183e-17,0.011329758148994435
0.53170459339632,-0.4311399486023292,5.09188600176312e-16,0.011190232247441234
0.5352380803461343,-0.4058739048674659,1.53693609559128e-16,0.011727349347878795
0.4931793228161972,-0.427819154970663,0.0006908182577896087,0.011405363710679893
0.44171290545772507,-0.38046741565536607,0.0018166807436665324,0.012863052355647131
0.47276821225152665,-0.34695116285306155,5.719190065491718e-17,0.011674217364600703
0.41143238923126907,-0.27989876378415934,7.219447996200156e-17,0.012018469764288818
0.45879893349046635,-0.2350651947411428,1.0018178663810833e-16,0.012519530797850792
0.5116690933680572,-0.2798616955103311,9.273878073747143e-17,0.012013512996798157
0.5367989853343247,-0.276257666512673,3.3340413864420014e-16,0.012604285741936809
0.5174403151763785,-0.31534950355845376,1.3289989540141337e-16,0.012336589195205982
0.5602649722195674,-0.36364360774675825,9.688064997750786e-17,0.011574740238426657
0.6246727316289953,-0.3660646527113565,8.612982501285744e-17,0.011672348967562461
0.5656409486092089,-0.302397066599177,6.323059306960227e-17,0.01179848057716065
0.6124927398119482,-0.25211191296065505,4.875060749512887e-17,0.012374779202325981
0.6695342318524653,-0.30015944968733166,5.448792682728431e-17,0.011586025620330339
0.6954741591830489,-0.2959913957035957,2.0090672256582743e-16,0.011837597873545994
0.6775936334151216,-0.3334447196928163,1.1236064815443908e-16,0.011637241967721774
0.7172161522231457,-0.37817914333683156,6.770264696881533e-17,0.011555529011646123
0.7040595286386606,-0.4648936759270989,3.694659511511989e-17,0.011302208970627304
0.6387011994952261,-0.40563226011801334,5.389942758343117e-17,0.011353523592824624
0.586114377756263,-0.4510205490272112,1.9412820477868117e-16,0.011439730442777208
0.6370294710970061,-0.5096510431074706,5.910281252432423e-17,0.010941526540599605
0.6318427749378588,-0.5371394635776247,5.158396935172566e-17,0.011206957144361769
0.6682276069280184,-0.5211182033215362,6.915008812810033e-17,0.011346971811568504
0.7108295705544021,-0.5575008009756945,5.173405584040757e-17,0.011445933128939375
0.8007164841951315,-0.5482619478196948,4.295595323188915e-17,0.012068086450131259
0.7414057627212358,-0.4817947934510193,3.89819926297139e-17,0.011373535691192841
0.7881865632409812,-0.4273598620619543,8.790199135265645e-17,0.011684377349111002
0.8462765349996295,-0.47854238457576603,2.0496467619508264e-16,0.01227771320331548
0.8768279843242652,-0.46962645852997,1.5990808769787885e-16,0.012387252955053675
0.860154256073663,-0.5076717723524413,5.605994069717145e-16,0.013356048429864851
0.8893160337846885,-0.5505472010068373,1.1837504553403834e-16,0.014528124547226065
0.937168919126439,-0.4521036198597181,3.0607035180441677e-16,0.014628769438794436
0.9115216991827191,-0.4333962801137683,5.56623449415302e-16,0.013764227024826547
0.9158028818789679,-0.3643469649045349,0.0007571623078395982,0.013455299277368162
0.9729159043872146,-0.40123122150418794,0.003601853474172634,0.017598874147070148
0.9736173175301203,-0.30834866161032176,3.8742665248768384e-16,0.01447006042770211
0.9401356748039764,-0.3325262605016003,0.0005029125189366657,0.013553028454953462
0.8748281025414663,-0.2751622143681777,1.9268140944890488e-16,0.011964479990988885
0.81773308137183,-0.32139470141828264,1.9669958958085552e-16,0.01170734564050048
0.8478427178863011,-0.356631298383041,1.7523373428759607e-16,0.011949533216178126
0.8102275800982237,-0.3720102463935546,1.6425937913300703e-16,0.011725813226219224
0.7905738542032992,-0.3701520626007633,1.4107224793850688e-16,0.01164735429306967
0.754071623100127,-0.35189273512642205,2.0069821981029585e-16,0.01192508644846511
0.7815240842811777,-0.31816520900825895,9.525542232838032e-17,0.011595122454568257
0.7184000761237384,-0.2593489001552524,8.818467159651928e-17,0.012170959452538837
0.7673610435456318,-0.20711425780682258,1.079056688256245e-16,0.012002902737386384
0.737654328206512,-0.17370747515594331,7.152598213071768e-17,0.01198545457273112
0.7766912837075924,-0.1535834417532496,2.807562960755711e-06,0.011910138796962844
0.7990570474919141,-0.15708205169441078,0.0002354431954660755,0.012436736201044076
0.832275658961889,-0.17046938362785086,1.3453397603152108e-15,0.011966610808703562
0.800349185264382,-0.20662224894896508,2.098853037026374e-16,0.011815348178286651
0.8662538634137527,-0.2618021949406588,1.8189064288072901e-16,0.012075319861810322
0.9244166527586679,-0.2153072627465297,0.0003310498825002178,0.013302096862485333
0.9611221981852462,-0.24321764621451664,1.330041660324913e-16,0.013321929926301837
0.9650330980623136,-0.2307190059957876,7.22588377553637e-05,0.013499758972442282
1.0254551251749064,-0.19126692536330414,1.147027738946939e-16,0.01621112631938883
0.9574226465347626,-0.12910195649821002,1.5392914529430904e-16,0.012423016280567436
0.8981054244062585,-0.17582272680074518,1.573917114664445e-16,0.01244073748926116
0.8933545687010426,-0.11326454768351066,6.957284537762833e-17,0.012007557649893509
0.9364687685789933,-0.08162061920026425,7.99879446945449e-17,0.01238529241827178
0.9816361328790688,-0.10524238733048405,2.1959273487392779e-16,0.013159533075621042
0.9994562827853503,-0.05596930926995794,2.852523659166277e-16,0.013684948494236187
0.9893448148330602,-0.029264139246088713,2.3842443275009625e-16,0.013317808147702335
1.0094934660033572,0.018343941945830514,0.00012276407660704008,0.01305202856499214
0.9059051486038252,-0.014929140843122073,7.50549104833747e-17,0.011871180785287457
0.8851943399900267,-0.014696720627294463,1.3806632458757278e-16,0.012083820603766608
0.7940553866484996,0.024136140652157606,6.788154028876788e-17,0.012132379279516742
0.8434084127464977,-0.025331362603829656,1.255268581599554e-16,0.01193518352981251
0.8267378247415335,-0.10968410513516713,0.0008332233088934238,0.012352041074321867
0.7617890637719367,-0.05797139781809699,7.087003585248759e-17,0.012126141649349673
0.705157652505414,-0.10052108959886373,5.948834499461782e-17,0.012272963504795906
0.7371402444597577,-0.009524814116918835,8.053917109199515e-17,0.01267603260901328
0.7402035922126473,0.010852838090908881,6.524438371014532e-17,0.012534932023593293
0.6867798350483822,-0.01691474070933084,6.137358091470553e-17,0.0125124742085411
0.630818977479283,0.024636319808175832,7.797535259070156e-17,0.01247912512033076
0.5386764510588387,0.008818006485239602,1.2271128272292947e-16,0.01278263029254867
0.5933810033471144,-0.042769017891042344,1.3162535831793413e-16,0.012867167269295718
0.5433252196133325,-0.09138935288588701,1.747049340218949e-16,0.013134680274019076
0.6490450343668128,-0.07019931688535212,1.5911846159079485e-16,0.012152385133838857
0.6756216889247311,-0.0655223392352964,1.0569709713981673e-16,0.012170120091401603
0.6444926292115172,-0.11068925257166717,5.506720956842e-17,0.012194326323273216
0.6951375617551968,-0.1620465478271814,5.3221887549777133e-17,0.01225840067390926
0.6767621955392276,-0.24134325696361633,5.672232658462254e-17,0.011894125176360982
0.6167537334282077,-0.19183768597961615,5.122889875089937e-17,0.012225109073355339
0.5616943517818886,-0.23473359295478174,6.45845624394776e-17,0.011982961575263698
0.577381356789777,-0.1409731548059854,1.06611041859812e-16,0.012446878449711159
0.5824679489883658,-0.11800790499446634,7.492925719919328e-17,0.012464065295645279
0.48701589156107783,-0.09910566995875092,1.352740203603223e-15,0.012742237728228604
0.5352592046516294,-0.14724654453390354,3.526612461639308e-16,0.012544183365024657
0.5174919120079337,-0.22256687420008905,1.1058975479795911e-16,0.012340873124589242
0.460348023949134,-0.1755126478196749,1.3299322903348816e-16,0.012518705412495315
0.40929208020821317,-0.21695705564011158,1.3341649421085964e-16,0.013042991686760647
0.41575062364576,-0.12614402515873446,2.2902835281821337e-16,0.013269142879191944
0.4201615727739784,-0.10438023452779788,6.623985930569001e-05,0.01321697305014094
0.38133295235679554,-0.04649901653189642,1.1411198594137826e-15,0.012845867772507206
0.43190112713723383,-0.08343858912955829,5.135958675238555e-16,0.013383605356729973
0.5166578500762669,-0.06761836766485832,2.4580922839968116e-16,0.013082662411149823
0.4672448779320424,-0.020731599006355433,2.145497471727977e-16,0.012807313883747494
0.5229080646561048,0.022542981550203893,5.695560890132924e-17,0.012831565227773411
0.41642303680900034,0.01573060985737932,3.8735370058443144e-16,0.013154856640022403
0.3901952158421686,0.011226035488115134,0.00015025188878129572,0.013424118571360536
0.3257465897327545,0.035818860663490146,0.001515593605127306,0.013334060761735026
0.3644377347756214,0.0015124021595803727,0.0006317155591295618,0.013187399107797987
0.3458102279482246,-0.06512349275455177,1.4165406077946087e-05,0.012849522640342094
0.288747567687151,-0.024118799020984252,0.0024391555388363845,0.013477812451166735
0.24376412060474667,-0.06399900366481662,0.001220347683365226,0.013517922712457336
0.24076609580229735,0.011387180048897563,0.006999875423108918,0.014122083057440036
0.2464869536502199,0.028921148697857196,0.00654906947264683,0.013861591217618888
0.20842823457194454,0.01688597913234366,0.009902645071820875,0.014478030644684335
0.1675846645142557,0.03960921717302285,0.012261712666991467,0.015542447857408992
0.08341766257021338,0.031541876909529504,0.007104786923038315,0.015175710325139355
0.1348408220706508,-0.005236289053417872,0.009814170290415212,0.01465674990055675
0.08913506239679414,-0.030463388850157674,0.0035807879555075518,0.015636252402801556
0.17984422166071234,-0.04366216218947283,0.006900890191384653,0.01420580937173577
0.2057307708763214,-0.0402810554241905,0.006513973579510261,0.014502864513863472
0.22486942778250912,-0.095139670598996,0.0011519996341796302,0.013310449762305807
0.18422258508018974,-0.06680758079467955,0.005560856578198871,0.014088309748123638
0.10566428345006096,-0.06401501419152006,0.0018586366006554751,0.014656882411784028
0.16166313973007296,-0.12083046132987893,2.100779559839783e-16,0.013437433535732657
0.12259169668121658,-0.15531741732060697,6.805831029516124e-17,0.013765334361745854
0.20527942138346367,-0.17300112494038591,0.0004329885280671058,0.013382025812331964
0.23165153851411735,-0.16709638595427573,0.0001690915920258563,0.013301620218606468
0.2795070307445311,-0.19786915810448533,9.365910237594822e-17,0.012710064761687994
0.2525757230632655,-0.15969617972417494,1.1335211408489938e-16,0.012981275887914465
0.24922372211673705,-0.08505974060346708,0.0005404271717939881,0.013059756655411344
0.3127526129655442,-0.13596908860049595,5.030677197822411e-17,0.012773358807824138
0.3609553774857621,-0.09582175158006356,1.9314284637270638e-16,0.013006887186460267
0.374752273690141,-0.17772477609717113,9.670315147236327e-17,0.012416344978856624
0.3639585376806209,-0.20710233332487465,1.219007810873169e-16,0.012416796955714597
0.39309509186237573,-0.2502541109346867,1.2225954644478938e-16,0.012435332208831178
0.35493344046841907,-0.22828313080128043,2.763249443990378e-16,0.012568030693633563
0.26957853143177474,-0.2192215878267203,0.00015583806053908028,0.012401944331217206
0.32738635273426353,-0.28196883541905227,0.00031977911948683125,0.012290119916546301
0.28885858215058036,-0.3313591804168446,0.003006762965288882,0.013580681279136482
0.373346433171382,-0.35090838718007933,0.0023897764886377697,0.012092199378378628
0.40654460531284836,-0.3376329397519622,0.00102147897560989,0.012200677830444656
0.3891241650557202,-0.3776491215643837,0.0036318018398753173,0.012061050405200351
0.40795982906074396,-0.4138984232171157,0.0029581630823811516,0.011525048087479796
0.4192274859969219,-0.5113623275048271,1.772496182359176e-16,0.01088763618972019
0.36066634319591184,-0.44564687051321383,0.002968140785830857,0.01207158303384168
0.31467553218838806,-0.4914304161329752,0.00039441973080337357,0.011451382634317728
0.2906352574219649,-0.3953140342849485,0.004349344401338226,0.011991364714098758
0.30652035330155053,-0.3595633711786082,0.0038382910626688044,0.01216926865847766
0.24825922060173633,-0.3574709713932564,0.002241052217027005,0.011984486761219442
0.2632580481115348,-0.39064628652064143,0.0033172604572669763,0.012988606276654583
0.27850321560098046,-0.49320478325396533,0.0011294502818798237,0.01176086562056985
0.22538627381596113,-0.42372502128854417,0.000391487690596155,0.0121537256641563
0.18368279730750992,-0.4704318414685255,4.1447750048394286e-17,0.011435054555965331
0.1559796657525585,-0.37134623435804176,0.00011372347934208148,0.011631052015532425
0.17469594352112885,-0.3357028589163277,0.0018135829000681045,0.012743572304361973
0.15224737561632262,-0.2929356577382799,0.001381987299034119,0.012786450669896279
0.1761139801165225,-0.30619003575958675,0.002147350414438826,0.013152453879130435
0.2633763939302309,-0.32688912327508524,0.0026638401556818383,0.011984507042539384
0.2036237321385858,-0.2662405001995867,0.0016394778131766932,0.012377217110008571
0.23667629473998408,-0.22172252921411179,0.0003433304987712858,0.012422661657011941
0.1560886835451688,-0.18550511819516408,7.889692046628212e-17,0.012710334889408571
0.12879599190016888,-0.20999629585440543,6.10132997423941e-16,0.01269858142231719
0.10722749324645464,-0.1984996293801769,6.963596851006582e-16,0.013033310308928214
0.08634875731546174,-0.1869202264376319,0.0001555265991744984,0.01296744849268333
0.015379365532947387,-0.15998997838023454,6.9042771844244855e-16,0.013243070874320351
0.06190503659490393,-0.2223937633850992,0.0001296833650563943,0.01225742814411267
0.039247048535779705,-0.26949149312991555,1.7345517345766057e-16,0.011872102026857918
0.10309862710422449,-0.3084812495263782,3.493565545472921e-16,0.012517950054894129
0.13109047544761623,-0.27722932052095195,0.0004683304968548869,0.0121377410155663
0.11752208499123773,-0.3376274023175263,1.651209454582137e-16,0.012122075708441154
0.12664658391293487,-0.36592070305104163,1.1075498366815019e-16,0.011772728571734037
0.15170109471044677,-0.47911983825552024,3.947125291584996e-17,0.010906884277087043
0.10158696811628118,-0.4123714505658294,5.402273898628781e-17,0.012147038525552063
0.06792340883139786,-0.45568105815692833,5.943595026540482e-17,0.011225949006445022
0.04075070772137229,-0.36014814802093625,2.5966458970652893e-17,0.011400196178013043
0.06325153276920975,-0.3138427476694743,7.209269081363927e-17,0.01197103909633622
0.006574149850686453,-0.31793641052178373,9.199640758957848e-17,0.012170071238703194
0.013327146493622294,-0.34681173295020523,5.101077864967731e-17,0.011870505463277536
0.03615214427713345,-0.46297065648975316,6.987968994328272e-17,0.011249663482391495
-0.007792749109383948,-0.4009799151416961,2.09884618699434e-17,0.011229401014415644
-0.03980098974044505,-0.4488318198444871,4.0534589893679474e-17,0.011423967555644645
-0.05739446325230665,-0.35411580439687645,4.427509094318142e-17,0.011740260961984182
-0.033421625899332896,-0.29941945959058547,1.1177485401386476e-16,0.012266836675884223
-0.05137281920004528,-0.24438712233845833,0.0005012687144017486,0.013107954245288092
-0.03791552707728103,-0.25264783913769656,0.00016587344630552645,0.012596185434812448
0.02512010564461431,-0.29011108986324385,1.500370378087038e-16,0.011967140841077657
-0.012284162751962646,-0.22188855146357206,2.0335481392193944e-16,0.012188804306218576
0.007678234666840256,-0.17080580069132323,2.31849347325333e-16,0.013194996193308911
-0.038003166022399656,-0.1358004510125178,0.00011609518306721412,0.013240041359484261
-0.05755490364516854,-0.18127716930906496,0.0023330168004845305,0.013160539858354995
-0.0448502068844803,-0.10500064294355732,6.735635499728364e-16,0.015524784771476742
-0.04814162930701214,-0.07934380656955164,4.752437016192494e-17,0.014841197554816955
-0.0540392853980086,-0.0025297126652716884,6.847150809631455e-17,0.0705912222025765
-0.053583745033904125,-0.0008598170976242825,0.06217431640040416,0.14431664360813767
-0.05328637125438518,0.00490395689849088,4.699600566205928e-14,0.3969641166425356
-0.05299124668395179,0.010265767569764106,0.06960308105137662,0.4049923071253158
-0.052793795576398614,0.013671146818609647,6.28148049006688e-15,0.23634805553778873
-0.052589148356061086,0.01705811480923991,0.07349383767610429,0.2030657681232056
-0.05237698003498126,0.02042598979544158,0.027390012590930955,0.37675941919608463
-0.05267578659503923,0.021767168100683437,0.051666059360764016,0.5287495871051426
-0.05324219085334481,0.021889869278565816,0.0849673143647401,0.6035896901385076
-0.05376733935056044,0.021952930046174046,0.14517529124931008,0.8035814313375338
-0.05424922488008306,0.021957768162170155,0.3406745706315762,0.5223046306096047
-0.05437814041885107,0.018881511062047718,0.009292153055703706,0.35463321797571573
-0.05430492521287322,0.01383084071962093,0.003155133671134413,0.26778898891638286
-0.05438998794148042,0.009950075731087443,15.892213670429072,2.1864804278763477
-0.05477839777133397,0.0095998927477563,6.221783205964795e-16,0.10577496352564089
-0.055077341775996616,0.012517816450390268,0.023578716978628185,0.24535674204089794
-0.05543205910902961,0.016872431126355197,1.7132035463436078e-14,0.7158219102155329
-0.05580246326913045,0.02119335708223588,1.1988185447542439,1.015024941559427
-0.05626831763036903,0.02050929716303132,1.3778008339281249e-15,0.40139730817167724
-0.05563718357702187,0.014972347531851865,7.192427495833232e-16,0.41779602163099405
-0.0537766302266785,0.0063057972909666415,6.574165943786409e-16,0.232259532268241
-0.052566584504596975,0.006189316580786947,0.0012348867330912426,0.25477869677101833
-0.03522523351118474,-0.04707187592701864,3.5283211864236047e-17,0.016095859069603053
-0.026432074382813114,-0.013474785148215984,0.018135855078630348,0.02818428045601805
-0.023431187796898803,-0.08425096424051959,1.1605779596126378e-16,0.01469303988000313
-0.02027626185446331,-0.1027767150365102,3.636664848732931e-16,0.01755772315892456
-0.0004922844964634077,-0.08155183907246041,2.654443790014698e-16,0.015858553144620095
0.040902033077321265,-0.1340380832937957,5.696219026355719e-17,0.01615448703596321
0.10316110810513948,-0.13486552643885621,5.174698782983477e-17,0.014115556660071008
0.05060783958767684,-0.07373621267794866,0.000220109893131559,0.0256098076047736
0.07458710240481276,-0.04402352970355017,0.003430375160073348,0.017013369493817758
0.011706445325720016,-0.05051382847301622,3.604128512476647e-17,0.02191352394910135
-8.912658890566916e-05,-0.04566097649350115,0.0010039389010754794,0.01737581347768048
-0.041197759601968864,0.028007074200427112,0.10702372026485117,0.1051717705488412
-0.01218244668318591,0.010192460753292915,1.5492840497864366e-16,0.03475277154658374
0.07508679686869663,-0.035657086190080484,0.0048065030725914235,0.016418538436094903
0.022876313319596997,0.008911462027160755,9.019313372319215e-17,0.015545288605331251
0.05992706913227469,0.030365401681550455,6.915620861921808e-17,0.01443823772493519
-0.007635930668926927,0.04500059551316063,0.1635220880912381,0.10949478389806713
-0.021655742291208563,0.04413192980818775,0.28745676369478435,0.15398565052889043
-0.026926320315658753,0.04596414688490062,0.47254850028201606,0.40007198146132883
-0.03292603808524308,0.04601462884248962,3.4963603854118215e-15,0.7485095535713473
-0.03212026715110672,0.04456940819049978,0.46674127400540066,0.3540386453365146
-0.030642714527764126,0.04225371662992524,1.1905891071804706,0.32668275033702926
-0.019334543539747062,0.036894216258917215,0.09262960664700934,0.06082336228031329
-0.02284233417925527,0.034104561496559285,0.3689766893222371,0.11929477214184499
-0.04220632868297866,0.03981955173159647,0.2968698391894457,0.32159921073802233
-0.0531313871624948,0.046714304868486434,1.1510808523923268e-15,0.2517903477147753
-0.041492284679520014,0.042076838610174014,0.6146380645358206,0.37169078481395124
-0.04061467058541138,0.043720130428525364,1.9150712584577492,0.4330842429796209
-0.04252897243849105,0.04577942424904624,3.0229055866993613,0.4412777069338692
-0.04857628877958209,0.04732302622108847,3.943484273714591e-16,0.31095618731249514
-0.09189483868478207,0.05337182342327422,6.037167902638011e-17,0.019242745618743902
-0.07249638545832632,0.05302311990749643,2.6880578131766685e-17,0.026546195880324253
-0.053387624140386114,0.02924853632382471,1.6548205004882498e-14,0.3761042218325653
-0.05392296590591132,0.019967730584809384,0.014347320665877652,0.40473363295098075
-0.07812786420862687,0.07017132484750659,6.274157798568356e-17,0.023950461215067956
-0.06176181261134091,0.03836620989297204,0.21738931040854656,0.3486561654566428
-0.05843087628649289,0.0282161410469782,0.14622367321615343,0.15899003335812417
-0.061065665202927485,0.041067944046140004,5.679534649016944e-16,0.11209568887639587
-0.05970350357548686,0.03911938578459334,1.9486713405954467e-15,0.3118241924141424
-0.05851730201843282,0.03285153179525835,1.4079962948725062,0.373389695325412
-0.05801607616255678,0.031813647067029216,1.062177937715856,0.33522673880847903
-0.05761851962285392,0.032354546051498234,1.1267350819640265,0.31745762422186546
-0.05711697389178545,0.03280998329900944,1.0776387217635561,0.37190409891424897
-0.057391807992828586,0.03739866799072486,5.309832078536871e-16,0.13246409414959742
-0.05816749746727147,0.04411377281582024,1.0284796517379541e-16,0.141660840004643
-0.057108266339885215,0.04468313081517075,0.10935395633439862,0.3646956390597846
-0.05585890230986103,0.04497105250406647,0.09801064948690964,0.276462129937265
-0.054843447798872416,0.04445504044788032,0.019983157675331025,0.22860911984987578
-0.05479215193469923,0.04212978580830157,7.290451477117174e-16,0.22093050398121877
-0.05474284249119805,0.039791191209452625,6.607310328498676e-15,0.3135106364157812
-0.054695377909560146,0.037439670056385155,2.9378958831946626e-16,0.327784673588857
-0.0546496267854668,0.03507561581340732,0.33760476793355865,0.43340848980610264
-0.054367174741388274,0.033670893777865585,0.46441002529879044,0.37382528009853383
-0.05369970271459455,0.03367045643469527,0.47157673976288517,0.39891185458352696
-0.052989865761662744,0.03361388144611305,0.44988394836602924,0.43720461485430245
-0.05223956897558737,0.033499780685727926,51.316144769307016,5.912917282173012
-0.05146417891659324,0.03345046937345178,6.1063068157715346e-15,0.7383590927532793
-0.05113054879265476,0.03769248120909155,8.522838810495472e-16,0.3363929144102282
-0.050779706041625794,0.041893142299566644,9.545820565650006e-15,0.2977333879247878
-0.05001153087926249,0.05026074468451627,4.894045046574904e-16,0.17148813873471297
-0.05523784417793971,0.059235571971106404,1.0052101074454396e-16,0.06937425211523443
-0.04400391490408529,0.0904296368052843,2.1160148884128712e-17,0.021978202773126763
-0.11437052082653458,0.08227099418660996,0.001984208689615854,0.016636960886159912
0.014710422995317751,-0.11842445022738464,3.123503060022768e-16,0.016085761794762902
-0.004462676312949162,-0.10079237678197608,1.0557600542914708e-15,0.016630514658486643
0.042454276074351406,-0.08832308977983412,1.3915304496111155e-16,0.017955889132334802
0.005369751424143934,-0.045662982913685785,1.7248801638469642e-14,0.01882385511949105
-0.017685675808158968,-0.024598726618399652,0.009321529095816494,0.01946249687147963
-0.024590377599345237,-0.00509522673781157,0.03077160114142682,0.04025887653363962
-0.067963968700928,-0.027245285775717526,0.000343640193522344,0.026415762522578896
-0.08352447936744956,0.04334111306464532,2.4494118375698623e-16,0.021670831997628374
-0.0464268593901038,0.04733506905194358,0.521108795222329,0.5970647419215149
-0.049523528100590214,0.042323838673348504,5.987127085629927e-16,0.29904241655059727
-0.026119088977683558,0.04783631713425338,0.07103975472870959,0.23391421995776335
-0.029902115533314733,0.0482025560456828,3.5637387019320673e-16,0.36245382861247877
-0.0329067954653911,0.04806205810002405,1.7679935514957175e-16,0.22964273035809843
-0.031413458414383616,0.047494966900509944,5.694552146135154e-16,0.19041371136973043
-0.01115543134590885,0.049092482601695436,0.07095536133215735,0.09517742920638553
0.05198702482578332,0.057153064128733125,5.357473328174779e-17,0.015859539936670244
0.020989976583912162,0.06383002731492435,1.7332288244201634e-15,0.022095131175563137
0.07956311349054973,0.09517564791398124,2.1815084147811432e-16,0.013531847892554441
0.0005259146135030701,0.048808187718977325,0.049535416773443045,0.03304188775615195
-0.032387607889708264,0.03534629159513931,0.5182669875570258,0.19032605931745336
0.015239342250447846,0.043710166472406914,6.987713883510627e-11,0.03766088625511761
0.05512869648802793,0.0836798813715603,3.655325922354761e-17,0.014059303895147961
0.06771444005443455,0.094947250168229,3.725317956159426e-17,0.014254533883975636
0.07477132842764803,0.10215716400931822,6.46380876151365e-17,0.014884743382331379
0.11859382397797297,0.14210134103474245,8.857675293112568e-17,0.013606857078641486
0.11421051591602807,0.1551772163814326,2.6084101915355134e-16,0.013937737759623418
0.0662613098613597,0.08885801855015232,3.8563442673263426e-17,0.014031260342224582
0.0745771964365198,0.10234734346799043,1.3389601374839368e-16,0.014110624495905645
0.050993796883512216,0.04596147375503501,3.068580581475613e-17,0.01566727115007693
0.027571307603246775,0.026745299972992048,2.2191391730984893e-17,0.0158093989039508
0.03258691178924668,0.016288845801961854,2.915026451771397e-17,0.015305368713620768
0.024225028157310258,-0.031196195011807176,0.06825253441546988,0.023227387123877546
0.04840092798567038,0.0012996667345944735,4.316202436597394e-17,0.01464732353522855
0.05840430485063781,0.07001290065145421,1.3138792589121956e-16,0.014277333667771975
0.05261175299604915,0.10505768944704108,1.3387912379853208e-16,0.013438469377683542
0.07144235434085008,0.15505033669677237,3.0891118077490656e-16,0.013083235200961541
0.08078520066592666,0.13188816500372036,2.4655439727895805e-17,0.013349789048790554
0.08446604420451895,0.15547685405563583,9.345297045277974e-17,0.01339969329030116
0.10435672956915394,0.20217044063074457,5.134836582667514e-06,0.014057181532984716
0.09144781695394355,0.2548211445072817,8.4529857156611e-15,0.012755284977336362
0.059527000452712295,0.189040657436378,8.791486408221655e-15,0.013008517006939205
0.049731866317645215,0.2838873741713275,6.611942366821185e-17,0.012866402636907992
0.07478488050021143,0.3411679105228729,3.550637255931146e-17,0.012462712939987932
0.05609229548305979,0.3981112571869507,7.63305591315863e-17,0.012490518119045467
0.07025070894316018,0.39331937912986564,7.11645252944847e-17,0.012382180185972117
0.09448210244026681,0.4261958021259777,7.724487877960683e-17,0.012239078845383628
0.12464466429587473,0.3748578435714652,6.960862756646747e-17,0.01247661784096927
0.08872766823727701,0.30084560292083695,2.4606945922825617e-16,0.012823248798128649
0.12922907532636635,0.29595006581880356,5.229625226419478e-17,0.012581945471046059
0.16106587367221786,0.35682823055687585,1.8054107201204126e-16,0.01270471817804476
0.14975225833937827,0.4068963113609216,7.02916957855239e-05,0.012927239596175838
0.16136396425678506,0.4080163004425057,0.00032449943155632503,0.013153718326881494
0.18751489400348356,0.43715862419441215,0.000771071177754596,0.012807688398627443
0.2117956678433583,0.39799842101141386,0.0014621554290053793,0.012807781947511112
0.16869790427512796,0.3260936659201582,2.65622664124384e-16,0.013165241093737387
0.18367427367227862,0.2887849551677987,2.7909334905190614e-16,0.012767008756340837
0.14463209451011533,0.23346044147963374,0.0006164736017198326,0.013345666572028951
0.12943279188612475,0.25132412208003374,2.1499607209345443e-16,0.012923497615832282
0.12518819435425177,0.23278764402690472,5.922466083752372e-16,0.013406216894238756
0.1089315011303953,0.1928894044131496,8.129892532358906e-17,0.013128054678508238
0.10955899535424046,0.16080322900120672,1.514536419867514e-16,0.013788789060608379
0.15271616278168398,0.2233933312424594,0.0009858477851367716,0.013703001459198623
0.16628242469085844,0.2043209062046101,0.0005717362281323951,0.012862272360523338
0.21448412662926425,0.2547807391914553,1.7640386065892564e-16,0.013213120421662934
0.24096935621801785,0.24695648606497014,4.62824672905534e-16,0.01390736392458851
0.24657711002364724,0.2605622992336907,5.612285828336008e-17,0.01246080973724388
0.2674677470321738,0.29019868819279226,9.251367659624176e-17,0.013290271339644642
0.25094791890324253,0.3185143808466772,3.111527758201773e-16,0.012703583530460602
0.2025079308136009,0.2608869152241027,4.984934591582023e-05,0.0125008314566263
0.21466087770454617,0.3289969902837973,2.2235252801730307e-16,0.012617359239988033
0.25837329483033833,0.39188185810411325,1.7509923897519365e-16,0.012700074007277717
0.24722445399740578,0.43176501344804497,0.0005850200508957621,0.012687713585241659
0.2612035618851273,0.4382981884252505,1.9485715093465855e-15,0.012805912285773982
0.2839692159582136,0.4563514753662109,8.866249574885658e-17,0.012279201393545259
0.3091627899741526,0.4258288474687042,4.873854275893645e-17,0.012382996071402964
0.2629611931517837,0.3723847844863616,1.4083676123556397e-16,0.012440772630420675
0.31786767787249776,0.36817490215251425,6.413913794518537e-17,0.0122306049583289
0.37099242951641037,0.43061501649783096,1.4845968426479008e-15,0.012433744795692724
0.3530166819903852,0.4634961331202314,1.0274094962256035e-16,0.012376873216122072
0.37231413525298773,0.4738296679026456,8.479635104726663e-16,0.012398075569579833
0.3953212036278302,0.48787024664040257,9.726178622322324e-16,0.012324909705985142
0.4266105422940672,0.45908976458692036,4.3524334786547555e-16,0.01194464246884771
0.3782533389254835,0.4121995196161042,1.6147725815526262e-16,0.012272859737020848
0.4113614186917181,0.3713521683183298,6.586978539298692e-17,0.011740517598260563
0.349940542548583,0.317207544623616,8.586409385131423e-17,0.012262167963669603
0.3223575235237866,0.3363830599709358,3.393146172071869e-16,0.012480019583952087
0.31019982359860243,0.31419513507635943,1.1185895662488539e-16,0.012409291391932233
0.29792760530902795,0.29257707922456166,3.7122309596920356e-16,0.01414917432241699
0.32214323550888957,0.2656610137748293,4.1756697110085674e-17,0.01237329745516751
0.3656245789256351,0.30756020069822365,5.0769155726265466e-17,0.012116013033552754
0.3746436603565313,0.25901752022192215,4.91877478497894e-17,0.012325560519107529
0.3165714881657462,0.2080697261582945,0.00030605161619624274,0.012922010544047745
0.3465785124855255,0.1820330407686621,0.002130147173914072,0.013256074129248022
0.32077684751445235,0.1739511506414049,0.0028155226417242315,0.013055082344426146
0.2951175875124918,0.165817833793361,0.002246653459884172,0.013181052316764053
0.25744316935010175,0.18446013250093243,3.9317016161333016e-16,0.012759968495276827
0.2997741049079433,0.2177940941467108,7.901427770439092e-17,0.012774750797976795
0.24779738484532465,0.22128308087980267,6.421889992954565e-17,0.01258775740040092
0.1874170746761613,0.17180959189798167,0.0010595613095834566,0.013440308224845997
0.165466988396065,0.18028933759089197,0.0005919484203340809,0.013147661230483403
0.15152503163124564,0.16252697520933646,0.0004793804971059084,0.013330091355944351
0.1375175336605559,0.145907348486791,0.0003591064351723969,0.013752634347389445
0.15389459737394273,0.13425937825554782,0.0014764179737505538,0.01348154412774642
0.19480616269909884,0.16153353269261267,0.001356783362858813,0.014030063863171047
0.21564347669589817,0.12768957920549734,0.001745600297552556,0.013449475443864935
0.1587257164406473,0.0893268673558381,0.005992057832962529,0.014357454492019526
0.12237335136196498,0.10145599794868547,0.0027628075297948906,0.013722564637775993
0.11154627509973747,0.08879923293205957,0.004845652847619786,0.01491419019430545
0.1016432173109072,0.07671680865802487,0.007794034362369049,0.014739423952124318
0.13158575297020575,0.05946017262836861,0.011047157997824108,0.014457839247447857
0.16727576507753078,0.07638307449644802,0.007356413147878477,0.014724405923453577
0.2235849230774975,0.04665665293190693,0.007402404390988216,0.013999370880446881
0.28246593251478463,0.08139380552602124,0.0024111694040421035,0.013690461875873703
0.2484729913180035,0.10791059754463264,0.0022740142210951326,0.01380868538536585
0.275436543529291,0.11516251877907774,0.002542440055708324,0.01365192158069413
0.30031030933810554,0.12096900526351205,0.0025955802440244436,0.013588465479350633
0.33718120592606826,0.10125098515277278,0.002165911794684529,0.012906140216922754
0.3102107527882772,0.07735513066974328,0.002205535919127416,0.014376991656472268
0.3757367276132288,0.04515781416439761,0.00033067756895458384,0.013404928627844096
0.42860218073859335,0.09010094029699633,7.551283671967575e-17,0.012586864208612901
0.4702579741324027,0.06369869411310461,1.515119347150047e-16,0.012775723198622451
0.481737355516242,0.0877855006763656,7.119251788059315e-17,0.01282639480060769
0.4848494442667743,0.10515018409952093,1.0048994872542801e-16,0.012801706644468948
0.45992365026063786,0.134983927290599,8.793569014946848e-17,0.012498829620954702
0.42551898599269045,0.11383224024217829,7.861306803306053e-16,0.012831630555385859
0.380621683739706,0.15763464553601014,0.0014939700560878933,0.012891808914578052
0.4414813232940665,0.20288317567074776,8.025493374939632e-17,0.012653683703970804
0.4156753198938857,0.2277895297708722,7.275125895595868e-17,0.012318627469617566
0.4497055065720343,0.24271908922799282,1.5046003585023687e-16,0.012361725098019413
0.4682230745917561,0.24494755919157787,8.571778135827972e-17,0.011935841860246934
0.5042549261688942,0.23361994659192137,2.2427051701674243e-16,0.012117770619127837
0.47545525917748543,0.20552055675255188,8.144643198417219e-17,0.012333289474624174
0.5321671947557989,0.168842752303607,7.902201235022566e-17,0.012056020439349958
0.5950345936853191,0.21436210002397663,1.9068517542886936e-16,0.01234306705192323
0.5694559951199234,0.24084829839677752,2.4860555282842387e-16,0.012385646780706758
0.6075980926451008,0.25802545566160134,1.0637375178248442e-16,0.012078569877066604
0.6268431725338118,0.2594250559571333,1.1292415782265874e-16,0.012053457352977493
0.6618920119132136,0.24786357988007318,4.037326661416688e-17,0.011997590031709011
0.6306879697171476,0.2162775966033717,6.053002705813062e-17,0.01227217379493909
0.6848549051737186,0.17038595519851918,3.421348954685635e-17,0.012041325862138196
0.6314339696015634,0.1176830128491784,9.251332389457394e-17,0.01238448152379393
0.5976427439665934,0.1390907858314078,9.818985060287086e-17,0.01226823313215637
0.5750475521136196,0.10626445077031405,1.0341401272243465e-16,0.012627843460866192
0.5756219387728385,0.08986905205281791,5.076529587946005e-17,0.012540694425757828
0.5896302103489759,0.06258470306929373,7.990064535685398e-17,0.013103163254816513
0.6296617905133134,0.0892889422019256,7.217624028485194e-17,0.012256619031792773
0.6861138552015992,0.03842762700830064,3.5788534029957926e-17,0.012463586931081416
0.7522320897929812,0.07929177852721164,5.4859267391008736e-17,0.01235886471665769
0.7247287484957202,0.10870433509979029,7.444634339447343e-17,0.012014778898830368
0.7656967872739555,0.1331819884351026,0.0014528082221596653,0.012303656342484077
0.7896505381555932,0.12988005435303296,0.0019250461686902219,0.012406936148049212
0.8203802506902642,0.12073548972732948,0.0005237370652030146,0.012616305656602284
0.7839131838311792,0.08321200952800764,3.49586698467245e-16,0.012449347398610928
0.8471780471625551,0.03472289323153704,4.167249226905015e-17,0.011896420096377858
0.908653100955252,0.0816579284277464,7.902999968498594e-17,0.011982680480652538
0.9451541588462997,0.05590716580374566,0.0002317448492317092,0.01245049739020875
1.0064509926420908,0.0801646651803045,2.67929392088375e-16,0.013247642329532608
0.9441863726701574,0.11757890898102658,1.4486091951833433e-16,0.012755191294170173
0.999247059712586,0.14814165065994297,0.00025295308807495276,0.013444731158658766
0.9165062652261011,0.15469999043151003,8.66402324640558e-17,0.011745528748847513
0.8615841619834388,0.11343587172421915,6.862824603034481e-17,0.012377221501056688
0.8876563293734598,0.21311036478550713,1.2367818665648035e-16,0.012438515821414352
0.9076776173175019,0.21344809546016838,6.361209964220309e-17,0.012036580589876184
0.9992499688864367,0.18087459280733953,0.0009079064798250431,0.013502705544886065
0.9615328677188157,0.21421590438519125,2.0231874324640035e-16,0.012666924667538928
1.0139851104406277,0.25983980523812333,5.123839892603051e-16,0.014670156690123944
0.9217475087032747,0.29708102493238703,4.2556874892367076e-17,0.011432243554431296
0.8635219524778313,0.2523099333131142,5.236543088039287e-17,0.011611018696248877
0.8119244796053612,0.28104023775856646,0.00031539902616583833,0.011686708787824622
0.8098120806713617,0.2629763726675578,0.000545176324423179,0.012871592048151451
0.8482658094862907,0.18908452532879033,3.79273459876788e-16,0.011991195625541483
0.7948813260496532,0.2282247770927865,0.001246864133531292,0.011927245050470265
0.7383435937256686,0.17540047706687484,0.0010133692886326877,0.012417831733686168
0.7151575923998823,0.24912359711757748,3.2754633399909095e-17,0.011822386859991894
0.7700544221398365,0.30188910635953337,4.3788262827095135e-06,0.011979717751317826
0.7433369242569897,0.3342059105178867,0.00040930985651957825,0.011750511633441795
0.749534884557679,0.3550017139367607,0.0007191184665193108,0.012633262479994927
0.7176492786659621,0.4190987141218518,0.00013006185729931295,0.012063057183724912
0.7653261086324066,0.3844447419739052,0.0011390529995696154,0.011629320067395772
0.8228552182685537,0.44156911618323447,0.0008256636117435769,0.011207927110343163
0.8431018395109621,0.37145705901355797,0.0012782133904452404,0.01157727472400127
0.7859981293320103,0.3155310188311899,0.00045974356032233685,0.012116389444059175
0.8949887311783453,0.3483425253573063,1.1273445486609844e-15,0.011339920218103506
0.9223070058598182,0.3560512460530721,1.866479104742207e-16,0.011419711147138694
0.9952717630344644,0.3235427070340965,1.5896406982520164e-16,0.015555415973640197
0.9536751180625301,0.4301760558003136,2.1967667995790486e-16,0.012910245364088982
0.9033926301776732,0.39104495063284317,0.0005210031183649563,0.011439359590664762
0.890834224803167,0.47163639826783155,0.00023662192699468512,0.012209166605752008
0.9362908596934896,0.4883706785324777,0.00079982079985792,0.013197061152478845
0.8898038043096159,0.5678066383566115,2.7028936564993995e-16,0.012564670545010568
0.8298811966459482,0.5849952555383563,4.915036466720873e-17,0.011555395073631127
0.8686198973930039,0.541891819995278,2.8159828839641756e-05,0.011769892980254045
0.8375492297731997,0.4590941449621989,0.00044265133957743503,0.011406713761875431
0.7863671889948939,0.4980719599776631,8.954930588758099e-17,0.010936962312404373
0.7225763406153078,0.4451352725490583,1.445773816265357e-14,0.011540326821220625
0.7636248033001604,0.5416965051786519,2.444665724957692e-16,0.012401779042191844
0.7735931442767565,0.5662544427265329,6.531696207283797e-17,0.011551708932828194
0.7202859164160553,0.530448018407494,5.780834273707077e-17,0.01155595833371132
0.6775859753050297,0.5637968807782282,1.1235953741523152e-16,0.011184968865534614
0.5954483760016922,0.5271085772699785,0.0002625952693375668,0.011778026723262669
0.6294182801662389,0.4874384342349477,1.889222022303036e-14,0.011369440569098235
0.5718644846733629,0.42844681863780903,4.025379827634392e-05,0.012013941957677021
0.6737223358573596,0.46332694448731515,0.0004559355140697983,0.012736601368324954
0.6996896157036949,0.4728005689534953,9.656398155921176e-17,0.011315843608361196
0.6655628876828912,0.42708561127841815,0.0010417335615267875,0.011835530330270114
0.701371200463879,0.3892514460606517,0.0005504468861117399,0.011493819210712812
0.6674494975486688,0.3137138739436317,3.404588803552833e-16,0.011883554853554674
0.6199941927610636,0.346812226800701,0.00047811665550466894,0.011532291618501295
0.5580098698572242,0.2958097751296033,1.4812518897449653e-16,0.012114365813851757
0.5871752406286903,0.3839468604028615,0.0005900736830759111,0.012827710117782493
0.5974143470180091,0.40688132765606366,0.0005614340594737515,0.011971708101436615
0.5209848866309144,0.40494706560137245,1.1763602436216117e-16,0.011810500318865939
0.550041301345589,0.3728893513852985,1.724054629369639e-16,0.011552124018835255
0.5135203290325865,0.3000965799962285,9.807256344209707e-17,0.012162489158186015
0.4706469244027404,0.32846607943533823,3.6655492273325736e-17,0.011552710419167651
0.41127921735290407,0.2753520660654818,5.3353301103759515e-17,0.012118002801654319
0.4396037174971485,0.3581734492410792,7.242831084382716e-17,0.011762119737565331
0.4508081695479855,0.3805674409045798,3.2221466383697336e-16,0.012337133235263992
0.4385269658454621,0.42603026914172293,1.1211904108969704e-16,0.011828207531649582
0.4681461721706237,0.40468828494280906,9.87632747723957e-17,0.01188985320913107
0.550865457616605,0.44030669056264093,1.0268981277269239e-15,0.011733158393039782
0.5180646493492873,0.47872027322897026,7.16594356483949e-17,0.011486028655104825
0.5795559122983478,0.5352942334964429,8.297917527473154e-16,0.011834445316693552
0.4894626738773351,0.5112008447274439,5.790416391818364e-16,0.012499803430358492
0.4659583474595103,0.49932997283707214,1.7508037107707657e-16,0.012221292315550443
0.4700541850158156,0.5621053834961081,6.880421999453061e-17,0.011686940431227614
0.49617107361116314,0.5398696258668599,1.0535841102338128e-16,0.011550913259558634
0.5773931444590605,0.5754134754210726,7.751956479641505e-17,0.01168243702501311
0.5443563606606394,0.6196973700189656,8.826899068026706e-17,0.011403997650713735
0.6036846471645301,0.679417163727476,1.3413195307905853e-16,0.011234711951016612
0.5195858692518445,0.6597508763243225,1.5200434637742967e-16,0.01162434236422742
0.49369185856236397,0.644257034238922,1.1365031747822414e-16,0.01158356911088443
0.5167881126076065,0.6859222642055625,1.2292132435549844e-16,0.012212639059901094
0.5016458583801582,0.7201613085253291,1.219680646246338e-16,0.011822355684070517
0.5278046011600975,0.815287177580295,0.0009694133391770455,0.012171607357955678
0.568291764892072,0.7712841870558244,0.00010687535157588387,0.011460805565152655
0.6220782799703235,0.8374577020153802,1.6695628131469163e-16,0.011890074282522357
0.6076822137041537,0.7412152233498557,5.807039501083026e-10,0.012327002821133193
0.5907020311652031,0.7070188593453627,7.410567721034943e-17,0.011327973611247967
0.6459794604821059,0.7116026504953027,0.00011502002223269914,0.011562178692659896
0.6343276579628214,0.7462012250482176,0.0001290328004026775,0.01127565720474383
0.6556833323688661,0.8379892018485524,1.4770046672741303e-16,0.012058373740754216
0.6993336148740712,0.7949504183636573,5.822599506239626e-15,0.012446489868217295
0.7613894615234975,0.8029640639738731,7.4826391627021e-15,0.01376840827021069
0.7058947905369721,0.7379081128763753,1.426428740932069e-16,0.011492133544005679
0.7244008464475036,0.7101511918472848,7.90270825817539e-16,0.011801401813611065
0.68522389076937,0.6798171919850884,0.0007066058232760016,0.012269123900942229
0.6536227876731494,0.6926597768833742,0.0002953312637389552,0.011770640720675185
0.6586496784147022,0.6658116768168825,0.000181315815552905,0.01136791911460532
0.6101560861794149,0.6097366449069985,1.0108513357591396e-16,0.011838567896629383
0.6547395240149001,0.5716528578964688,1.0354146875524735e-16,0.011134489389074593
0.7169550837003402,0.6283596141739246,0.0003129095994032514,0.01116267833241289
0.7440659483539626,0.6089839406150445,1.6651991063744858e-16,0.011476452493159438
0.779523512957251,0.6495972828033276,6.656368033700834e-17,0.01142015060110575
0.7661568281198091,0.683516149334852,8.987093970639404e-16,0.0120906120956081
0.7903166768108881,0.6797055836444204,3.1693160498322597e-16,0.01216906479574039
0.8594369643710693,0.6499972330332311,6.950983773017807e-17,0.012601461788945195
0.8648578036230993,0.6248421487157837,1.6744528178227963e-16,0.013082541984910096
0.7904224087557092,0.7628176569028091,5.779754730276363e-17,0.013268561647860791
0.6554563370946378,0.9026087839450332,9.834820645066658e-17,0.012877948646413633
0.6291656539695389,0.9114827079844038,2.5861964638688996e-16,0.013554219354349487
0.6083906785324024,0.8927065957896123,2.8513075969629893e-16,0.012596028891091633
0.5452431648144356,0.8446519901601506,0.000916860239053058,0.011478639440467155
0.5389853349778644,0.9375573055162619,9.767532757249028e-17,0.012071347605014313
0.5586232331102107,0.9677848364646329,7.885634704747687e-17,0.012397765506242298
0.49434759548066887,1.0006162283956614,8.45954876468861e-17,0.01289064602652799
0.4597829991578705,1.024777893197924,7.249915892695542e-17,0.012962602481257508
0.4158019732041922,1.0633854876677993,1.2064223843308976e-16,0.014683093341034058
0.30126615540115975,1.1052514921436085,0.002400468302241886,0.013722502720680034
0.3407416307426828,1.0719457965328858,0.0010340495600969638,0.012641839806187853
0.2905084967151127,1.0096844592025682,0.0012363140419291649,0.01113972448643734
0.3497656994359793,0.9848149650776715,2.385236051814619e-16,0.0123519832653588
0.37143916899800444,1.0341604156429662,2.0692112520145527e-16,0.011940667047035575
0.3970240182477148,0.9567119374877331,8.877144859445763e-17,0.011492172340849689
0.350925170940819,0.8866964007677346,2.266404865686289e-16,0.011229420559763049
0.31990822202327146,0.9240368223779242,8.560584105156883e-17,0.011055745051776485
0.31133892820630715,0.8926142326047364,9.770264302464207e-16,0.011753476391884702
0.3052495519143025,0.8647657717681327,6.17987141945749e-16,0.01112632020295352
0.3256180212513558,0.8240668425823936,0.00042327793708263616,0.011287607203386429
0.35331294798488155,0.8558547265847674,3.192023611066135e-16,0.011144589901128724
0.39306604331967004,0.8055405013850325,7.240452819134435e-17,0.011277489065564014
0.4453069593079201,0.8686195099835997,5.2709683608234e-17,0.011304813418338262
0.42341127478318485,0.9087020198743183,4.7976380655945556e-17,0.01135056510307003
0.45017964306338526,0.9760134357937602,2.7759616912676547e-17,0.011841644147652944
0.4842592326994793,0.9044620038564128,3.7219608343328855e-17,0.011483526223100103
0.5121914110640056,0.9711050437303712,6.428798798708914e-17,0.01238480010288096
0.5117308182468658,0.875599282762026,1.1225257665831254e-16,0.011661678435087875
0.47177329960097386,0.8185953167120996,7.420045549849069e-17,0.01164551785857164
0.48770400691967714,0.7729616783234583,4.985227438553086e-05,0.01165994876090667
0.46813204976968853,0.7763192351349706,7.733435732577642e-17,0.011582005640398792
0.3904933186479037,0.7858939861674559,1.3262567242306196e-16,0.011689370041757262
0.4222313222479157,0.7306847158614094,3.4150860347530296e-17,0.01143556802792139
0.37948144361168923,0.6688870229475098,6.006849765207783e-17,0.011810054030260937
0.43962399697890614,0.656596397501638,9.860894404624364e-17,0.011863638958297984
0.48800394703517036,0.7104013145245265,9.110582232277123e-17,0.011582169797099926
0.4458305263205476,0.6332846418624264,1.9573532120363964e-16,0.012049412538981142
0.44646753731963207,0.6091564706602017,1.1912849581286355e-16,0.012466957511298046
0.4409180913133304,0.5262533190137347,1.1573407419292002e-16,0.011802633402767887
0.3860387529388508,0.5579763211480634,6.368381374067927e-17,0.012030381504886837
0.3714943658988752,0.5449500986146572,1.371790617130535e-16,0.012368506416096183
0.4001195509855971,0.5856525631546396,5.77495072770175e-17,0.011899667434767655
0.36563907328212136,0.6271223357934619,6.604121931426534e-17,0.011562778596821381
0.3134201416682655,0.5657142989352332,3.02461426737264e-16,0.011898711419986387
0.3256844839594659,0.5371459893035526,1.4870881318057922e-16,0.01241078975517134
0.3173038887526808,0.5385861266916182,6.400619088487993e-05,0.012178221551608323
0.2514683715306664,0.4717273088934952,7.731256055120581e-17,0.011958134314678922
0.27029692754140466,0.5666772441561707,9.19780194012886e-17,0.011928235602697356
0.2788211007751007,0.5951011215709243,1.02223027627063e-16,0.012190694959360487
0.2639667750091006,0.6617508139608361,7.246135458723062e-17,0.01148040533450027
0.2921526431234962,0.6245945920861615,2.0599853332195765e-16,0.011862562568544522
0.3570071301215443,0.6642142784370223,1.7171256135955487e-16,0.011497658409446271
0.3310762545362995,0.7131182695082425,1.3555429074132688e-16,0.011252510913078129
0.37995213572850495,0.7789068070878246,1.219469051004224e-16,0.011632495150936891
0.30056348309418046,0.7536599786642733,0.000982905813469622,0.011583796605655847
0.28071917077735575,0.7434779005913801,0.0008754825099115708,0.011979745345111556
0.26104777818260416,0.7334344772487018,0.00022307905007763287,0.011553725101703098
0.23169889545356745,0.7710457354478303,8.449980507784233e-17,0.01108729736094155
0.1668253573897732,0.738807497234268,6.916260450200284e-17,0.010984038013787797
0.19762831460708796,0.681152345387488,2.5722629984735816e-17,0.011148927169377914
0.15323748649734673,0.6195961025923163,5.1521009025553694e-17,0.0112083730385466
0.2254401165158761,0.6343689420404554,6.821522149070995e-17,0.011850540208265276
0.24425985290525176,0.6445508983514816,6.529560105908332e-17,0.011909238903531972
0.22596043285169165,0.5992811697687617,4.28747436388835e-17,0.01195660011915617
0.24382501095671236,0.5596082702323542,5.693585205893208e-17,0.012000436733668495
0.20075025216559056,0.45834316551937687,4.611126330085146e-16,0.01224585860660374
0.16878162648718537,0.4763539124062721,1.463222455805707e-15,0.012728565499861838
0.1542564028247427,0.49463880077125916,2.3031361124083943e-16,0.012034548112020366
0.19253622023038286,0.5560604271620455,3.462109796582933e-17,0.011533921412001182
0.13347229850957595,0.5775866690746301,6.858592125147908e-17,0.011512365901205851
0.09979981670498825,0.5148398877848122,1.3339686872642682e-16,0.011908353926145691
0.11977386126321914,0.4603022698161959,2.3749237764695917e-16,0.012135741514797774
0.10112089083598445,0.4859225594564946,8.498375336378073e-17,0.01179512987921228
0.0457342623545886,0.4554376435140481,6.554833013255658e-17,0.012259869293170963
0.06685567795897429,0.5288088820938712,1.2527591451225586e-16,0.011930748417737587
0.06197840564133619,0.5581425730737601,1.0264392760307079e-16,0.01166399869210607
0.047438688333235425,0.6764265768957405,0.0008603380085948686,0.011465842534388758
0.08945532243313105,0.6155537402879563,7.053913049238197e-17,0.011055350649521978
0.13923027458458387,0.6478947351465753,8.034031676959951e-17,0.011358130877854295
0.09943082909141505,0.708200346800852,8.776456265785116e-05,0.010788634606479566
0.13180360863666513,0.7655027634340552,0.00014729284395027318,0.0111212522097653
0.08019157365300386,0.724092018394187,9.396892423015388e-15,0.011189952286149418
0.06064753354480316,0.7322938277030362,1.8884351459511935e-16,0.011034149716427374
0.08983297555302214,0.7846709094639992,7.299583957372572e-17,0.010796369911683132
0.04885732218998886,0.8530918687450615,4.386203736223834e-17,0.010359437498712442
0.06156678242165733,0.9601127627535755,1.898053568619341e-16,0.010862653977656796
0.079202680797081,0.883595460900962,8.808333841972003e-17,0.010767776685181661
0.11463796002713104,0.959486375053251,2.4793875486746355e-16,0.010847643912435444
0.14019541290712603,0.8698225087501483,1.6753933190996713e-16,0.010782885470539353
0.10436744089739858,0.8246758146061763,2.329128566388239e-16,0.010925913413744444
0.15953544916774037,0.7959689512262019,1.138662180290292e-16,0.011133505891861267
0.1798001589465673,0.8469133962287956,8.916072901870957e-17,0.010999384029263091
0.2180853037215155,0.7845020666572406,5.661004503033318e-17,0.011053604391309505
0.26390571966270737,0.8174229717946286,6.677456876727079e-16,0.011213633202831468
0.22697299169011537,0.8436799948985159,4.8179005109586457e-17,0.010991249209638536
0.27254454847696774,0.9166602300370313,8.111288379427037e-17,0.01085527846721698
0.23114007247696677,0.9769054542403515,0.0027238768734560155,0.011135071172874258
0.1824467817195429,0.8857827673332493,7.313499924638516e-17,0.010596126305324213
0.16815909777411417,0.9599723994810487,0.001151178075474158,0.010956121265865261
0.19341863387221378,1.0654257312259452,0.0012791952608921565,0.011718777427044124
0.2304748609163147,1.0066452769801741,0.0034705820123054286,0.01122387243487487
0.2685032235671475,1.0678457469304141,0.0030140173336026307,0.01226439957731864
0.2587884794728292,1.1044958768052309,0.0022269286172140637,0.013365455954200873
0.20546916117030498,1.140859363003827,1.876799455750735e-15,0.014641341053348545
0.16288693842351468,1.1191326895819116,0.0005065385145035158,0.012700657429407179
0.12923378148629716,1.1101755661757085,0.0009842693629500685,0.011853227785720195
0.09872916559731731,1.0550353054415416,0.0009817396047832048,0.0116914990693701
0.1412520879127659,1.0227167739423961,0.00039669825088418193,0.010898025467840059
0.12018444574626753,1.0006651369007389,9.190457000971453e-16,0.011359749370277913
0.07539092678367162,0.9749034822491233,4.5382633022497824e-05,0.010865619292591146
0.03375175773402453,1.0787726998733294,0.001882946554062798,0.011289887515983591
0.08036196303594755,1.1107296155117905,0.0018154910810052212,0.012832005214357817
0.042050536556182495,1.1419486626353001,0.0005893470918236747,0.013337663189207311
0.007706052815703003,1.0673948416289312,0.0015477219782237023,0.011042507740811957
-0.022991516185376766,1.159513681055684,0.0011399202354515558,0.015123284847712292
-0.0959648603849712,1.15909299329181,2.0937716844433792e-16,0.015907520667241066
-0.07651317258197037,1.1017090309016582,3.8705777764690777e-16,0.011348117372829154
-0.06298094453569336,1.0341118763848294,0.0002109215467890953,0.011103201424015394
-0.0492792378758002,0.9946397467688479,8.204709040874533e-16,0.011001243512816228
-0.026466057156117356,1.038663304534785,0.0007164178863959055,0.011508876138098144
0.003682775254334407,0.9893522869580472,0.0013807758120655245,0.011194673566429057
-0.026699884651974995,0.9375382658463418,3.9385413643118764e-05,0.011078134372901276
0.020167584938463747,0.871163234233923,5.310745060806251e-17,0.01037280171280317
-0.022479767662108407,0.8251188579859513,9.749883801496391e-17,0.010613035596544666
-0.040052872239122544,0.8292638704431181,5.391520476699492e-17,0.010333140954088377
-0.08805534603886395,0.8752437995144082,6.149902349121189e-17,0.01069918639973368
-0.043660097083474125,0.9342176627415549,4.979830787043813e-17,0.0104527407861436
-0.11161179822064228,0.9237713248757075,6.545520051913756e-17,0.010568652090827697
-0.12104149176513657,0.886882806288714,9.006939108897524e-17,0.010735345200248544
-0.09642899226864146,0.8330705046784679,4.900436758289773e-17,0.010291062304257975
-0.16291583908032028,0.8604946803284774,6.767813137298806e-17,0.010395438364818021
-0.2035525747650327,0.8283934023375953,5.145150651288006e-16,0.010760078242347444
-0.17973986372606698,0.8849641416386247,8.406013917737907e-17,0.010250080378057915
-0.22285310230044317,0.9482136575605792,3.9714766942641335e-16,0.012088773608883843
-0.22494211979682538,1.0673930509167926,1.179137483840758e-16,0.011238729109307045
-0.1901611005258739,0.9749266973767137,5.838728480795521e-17,0.010508854023229272
-0.11727178275612986,0.969034281451244,1.227762609843595e-16,0.010493431572077775
-0.12961516017518981,1.0402797953933118,1.8436525372590567e-16,0.01085742265846247
-0.1425504273125549,1.1059469641397852,2.864779818606799e-16,0.011786896411133254
-0.16435385227326427,1.146919845715634,1.1516646895680588e-15,0.017202855049722472
-0.2233949245421344,1.112139514734939,3.43743976579106e-16,0.012649794004000544
-0.2856280991095669,1.072808467167059,1.0658696946630043e-15,0.012763148895445137
-0.2664771375774929,1.0561702527824952,9.270646483445458e-05,0.013013858133675466
-0.2776809923850077,1.050188418505197,6.524586772731008e-05,0.012308729294845722
-0.3445583291105957,1.0046093620011605,4.7911584077024196e-15,0.013537394079579445
-0.34261419022070894,1.0782312966933465,1.1171976061824527e-15,0.016566055435777126
-0.45287725274250357,1.0161043989288066,6.347615205898837e-15,0.020124178141880847
-0.4107832562421323,1.0555878556275218,1.2408908539665045e-14,0.020437049793238404
-0.3876206089045204,0.9683111456361801,3.183592513142819e-15,0.013832052923386544
-0.430781543995468,0.922786249938143,5.754411287580079e-15,0.014436858967953428
-0.4826068003196532,0.9653865811025611,5.796570530369307e-15,0.01637310392994323
-0.4805914807545316,0.9439956785978032,2.7595116624484815e-14,0.01588878274712983
-0.4931776944161531,0.9047927058110109,9.422088403457436e-15,0.015491979213995848
-0.4454531966339078,0.8418190113596857,5.985731867948785e-15,0.014170530657565041
-0.3993005747675109,0.893871265623982,3.073358912322874e-15,0.013562112187096652
-0.3399346933908055,0.8287233432769912,5.86789924806473e-15,0.013175123266726626
-0.3047313173984899,0.8831514303708539,1.5425892455495686e-05,0.012305881303019966
-0.3393560491358017,0.9453636703639593,4.837276663411463e-15,0.013103046882298007
-0.30676372372063354,0.9774633719423511,5.843879274381431e-06,0.013116583988402078
-0.2681748634882143,0.9249092367715235,3.1656725807489166e-05,0.011733288262189914
-0.24216196401683224,0.9796666755992611,8.050180517121122e-15,0.011233149049617789
-0.24146543122055486,0.8470409959340117,0.00019123086645780435,0.011259592580875784
-0.24779348575645868,0.8145693992373062,9.775924017397818e-05,0.010986114033379624
-0.24857356224694185,0.7895416318168867,6.216102494634066e-05,0.011045683382962093
-0.2215851389130488,0.7429412425082798,3.1132693448397293e-16,0.010862968833863562
-0.22457859195388064,0.6428470772149311,3.853208995810412e-05,0.011053561320941359
-0.28115284536568336,0.7071583732949688,1.1484694238576367e-15,0.012269382550957147
-0.3216351342732857,0.6501598415282539,3.538197420725624e-06,0.012992870210416632
-0.3334798274382154,0.7566004565720016,3.0772956706793514e-15,0.013013075080009921
-0.32488748456225924,0.7915610773765052,2.5649245517708946e-11,0.013159115047100456
-0.35763254504493963,0.7735789086269149,1.0742330461933954e-14,0.013602806094821606
-0.3953138821257015,0.8008347234843197,4.595278820829655e-15,0.013398197222646317
-0.47842201905289383,0.8017989945932404,1.0487629560621699e-14,0.014319644747927575
-0.4232302918863601,0.7307843753889954,2.480096395036053e-15,0.013243826150228757
-0.46662514474799877,0.675528871005528,9.027519888772894e-15,0.014484085087840754
-0.3801933797505677,0.6598305639738875,6.1360858153767425e-15,0.01329326810145594
-0.3498936941652603,0.6738000003487237,3.935480248353539e-15,0.013137631901917659
-0.34153236395161685,0.6030116974684389,3.408575114482945e-05,0.013085916319452228
-0.37630389009835463,0.6261246966811118,2.310036920485521e-11,0.0132885085352054
-0.461452272052602,0.6334693884141191,4.986234404341624e-15,0.014084742182074964
-0.40403342641503376,0.565540362194161,2.953186140019422e-15,0.013375031025267747
-0.44453881917579796,0.5103793993139926,3.891975902019901e-15,0.013629627659558927
-0.3593094558984644,0.4897085619439801,1.354956026555968e-11,0.013748543101590703
-0.32693709504534846,0.5053167139690221,3.669283591921043e-05,0.013144534640155758
-0.28962167252506577,0.47879821163946495,4.528933110219119e-06,0.012504618413205128
-0.3064663451437048,0.5156765373809041,9.016278588947982e-05,0.013427326467735855
-0.31811120268479903,0.6189431306181914,4.2580394652871684e-05,0.012971277051470682
-0.26372391319837185,0.550221354352361,0.0005352489016143812,0.012159100955131051
-0.21987023455965166,0.5997213825139881,0.0007393330759916159,0.011203314293086958
-0.19693091728016465,0.4986439734024843,0.0010101756406708815,0.011190565369614536
-0.21353484547376297,0.46024177368484137,0.00042332478285642713,0.01233107262011273
-0.17479155933036244,0.4813903526673409,0.0010522778113951391,0.011903314726050081
-0.1495029975956822,0.4659193830506354,0.001389681796535844,0.012038526848942048
-0.07345963659774615,0.45236257096980875,0.0019404526723761876,0.011708786044309298
-0.12362435936812635,0.5157790539160898,0.0018911030997124758,0.011087378486691155
-0.08978458173789916,0.5750956157082747,0.0008212716929784404,0.011134032299327985
-0.16382197458406053,0.6064246274832944,0.00037653096550040145,0.010562150073069631
-0.19251664943832025,0.5750097717498791,0.0011853607673566369,0.011142325278016812
-0.17733411957349898,0.6359861124949955,2.171825680769013e-16,0.010547533854345096
-0.1864428062637229,0.6666009452897952,1.0184939395401738e-16,0.010831208797262576
-0.20239120208636485,0.7843795894968985,3.3545879197060897e-05,0.010820229021225983
-0.17587091212587003,0.7426411290386604,9.0698132313702e-17,0.010505653499472531
-0.13475054156491437,0.7657063745949009,8.890628073246307e-17,0.010218672264881221
-0.10946304660319331,0.7456511379772544,1.4571604339023727e-16,0.010374508327257127
-0.13206474724935213,0.6893185515499962,1.3565227918303304e-16,0.010778550798221485
-0.09175040005032731,0.6268550716134069,0.0008396738755395958,0.010921111964625078
-0.024771467803067146,0.6407087960913582,0.0017983397234836848,0.01112305861479477
-0.06983442932926685,0.7127152799855385,0.0009377318183913001,0.010516319371592734
-0.05639018720398131,0.7560097435253079,3.9559215776020556e-16,0.01028514123410348
-0.0178415176075275,0.7083476940397093,0.0007168414432899312,0.010813026915567668
0.000345966234465922,0.7600038742992878,6.419071253221408e-17,0.010483740331787887
0.03206521631966813,0.6768849672430614,0.0010414076386407508,0.011867147447373817
-0.009926466747489107,0.6198580094256586,0.001147821931904267,0.010945395180305408
0.016193754274592853,0.572682243536569,8.619969632640419e-17,0.011319419446432026
-0.005376930951425746,0.5608562802661391,1.4432457880262322e-16,0.011772085402768105
-0.043568385224690476,0.5930817131948685,0.0009424706341065726,0.011733502008737223
-0.022852075217073983,0.5475585540195269,1.9165316262418546e-16,0.011641253224325623
-0.0541434759464408,0.48908061101753786,0.0010775470503963766,0.011419562300666476
-0.006722274476493026,0.43035395833399265,8.182127015802607e-17,0.011740769746224343
0.0277088545246246,0.49069109132603356,4.4591151662411135e-17,0.011563880627158475
0.03180677073238737,0.38439882569391165,6.478109568248187e-17,0.012325105913741344
0.023970089582848256,0.3476387079937645,4.85706560125496e-17,0.012328298091370456
0.04011782103471922,0.29832588305025703,5.206655355667837e-17,0.01285056109677732
0.017337777943197116,0.3207837557983505,5.103148123906001e-17,0.012661717024815108
-0.010694829916519696,0.2757383619581404,2.575885689098812e-17,0.012215785792198548
-0.05064353160074653,0.3448274780234971,4.1692125605663114e-17,0.011852410791869623
-0.019915286212660088,0.40308651972819287,6.411496549760175e-17,0.01197001346306458
-0.08546185226350697,0.41726198529360603,0.001975802549645617,0.012219630780406623
-0.11090469328084748,0.40226043275623824,0.0015497030078567508,0.0124556626165907
-0.1454295304512588,0.43123043325366583,0.001159409689489536,0.011930200085360209
-0.1283292812638788,0.3915817048315831,0.0009309459710594793,0.011998174876001794
-0.1560566369011582,0.3433194733425276,2.7467547799665946e-16,0.011606760644825208
-0.1027090486043063,0.2805471764594588,0.00011606368007073112,0.012246333826439141
-0.06770562945922187,0.32656893789452374,1.1741336706528955e-16,0.011808623932967029
-0.06562336506640465,0.25465253437414,1.7227322444444932e-16,0.012413842102002071
-0.08959269143958246,0.2383305252651194,7.118666559331179e-16,0.01244239391598939
-0.12197499435340678,0.26498279705717254,1.3969622770446666e-15,0.01306326283264272
-0.10677538203315615,0.23092483077899995,2.235654649090992e-16,0.012422732608274823
-0.13197618316597678,0.18901408027308325,0.0007982794314716545,0.012206464737120424
-0.07651561337233845,0.1294494347214476,2.3055774799114347e-16,0.013257792655186276
-0.04609623848258029,0.16666625703585247,5.383658963750429e-17,0.012525414829049022
-0.02079289175135679,0.1352552638291087,4.9702946827425424e-17,0.013432818347966623
-0.010850234907865047,0.16936788919148266,9.723905257401989e-17,0.013064252926232003
-0.028365974861966237,0.21222885340511594,6.910765581523367e-17,0.012629649868437528
-0.009896919690326744,0.19823603114562782,1.2710229596218542e-16,0.01319355002726181
0.014617357645474352,0.2404806958292649,4.925396852850786e-17,0.012412999517656054
0.043228657114343844,0.17492303102758222,1.4648386410744245e-16,0.013020663990008835
0.02519353479262533,0.11692586056691628,8.956295902342038e-17,0.013369063349153705
0.03859662749201308,0.07952963590305012,4.95302131208359e-17,0.014619435623841853
0.029475431908851588,0.05186062715139911,0.0014901555173718766,0.018418099300946456
0.009007243537757642,0.07845382662347436,1.2023848496014673e-16,0.01642012986628207
0.01756654171753888,0.052894627837324015,0.005815817438393098,0.0278894520948019
0.008000250783877894,0.020109695829427898,3.257234211792846e-17,0.021813064708214557
0.050775393543911265,-0.03530374900622227,0.04937634312418234,0.022959769799749542
0.04818980785022993,-0.008360638701613993,0.0008372114926036564,0.01533283038758505
0.055812271449426534,-0.08443773266258207,1.5525872193304932e-17,0.017256296824650907
0.09014357013739527,-0.09105153789083688,2.2040153230452645e-17,0.015966030502617263
0.11310057882378173,-0.08642061109763481,2.6894289216079174e-16,0.014726456158235325
0.09308682588776608,-0.07337255638781638,2.3884919743007672e-17,0.01548802937245616
0.06020308736279992,-0.05360984820745206,1.385899731241e-16,0.02746093429775621
0.06586357354186873,-0.057148502853505354,0.003229261021638898,0.019127826822215314
0.03581405461746462,-0.036685845401196945,0.18435910338056427,0.035446933760494306
-0.014469062484197992,-0.01583735562434571,0.011639286228729178,0.022460106497570062
0.03843587446130503,-0.0485672863370276,0.5018737381285311,0.04760314826459004
-0.00125602633213584,-0.049934486101718974,1.0383004939242058e-16,0.016739682245172145
-0.023967341627303684,-0.05127990105849573,7.942620327862276e-17,0.01619334601516793
-0.07492406979145239,-0.0231935943333154,0.005653207571869186,0.01630883865941542
-0.040326082713689704,0.000258629924498488,0.04896153052346081,0.04775488830965004
-0.0812528474745785,0.03913746984292152,2.2226699807755113e-15,0.02132836777943273
-0.06288268283757298,0.03747759337478143,0.0031374894361719976,0.035998981119071585
0.003713217993036061,-0.00715128863638273,0.0014947999412292879,0.019796923649597252
-0.04175152127005308,0.039688821627238,1.4178057619588325e-14,0.34998821817720666
-0.014849027064531672,0.06696670716682473,4.758204511493327e-17,0.03334250870795429
-0.07462825537275869,0.10749253794224839,4.543731360637762e-16,0.015549863384434733
-0.11022321424396447,0.0769728849077016,0.0023553164320289782,0.019356842618155283
-0.15149299925664972,0.11248267621248409,0.004025040663513063,0.012912155529440176
-0.17289511474152996,0.11141766288144117,0.004880497458200375,0.013015138528148921
-0.2433195713037597,0.1558628143694646,0.0032527225646104153,0.01267984385559441
-0.19377531257488123,0.10439176123684096,0.005452714595666491,0.013474550251480708
-0.24093391843896111,0.07152002865524298,0.006333090316752813,0.013033326131719015
-0.16870171824660452,0.041797569425906206,0.008472095617040213,0.013688544120986315
-0.12460743221464804,0.07072824309362241,0.003043913934771722,0.0158747755820201
-0.12819522921027288,0.0015303367894949488,0.014088558572252122,0.015611015277577234
-0.1318769028084198,-0.013716236093323356,0.013310924926918872,0.01515953758182019
-0.09528992122201585,-0.05181170438259383,0.013300109372230398,0.015349270950968847
-0.1799083570588748,-0.03377141248246038,0.007588324522884869,0.015207816525374413
-0.20764066029804445,-0.04663095224782392,0.005567816115946244,0.014408434779018497
-0.17394897082012295,-0.018019029223186933,0.008825165556855984,0.014748760825797121
-0.2271004897233948,0.025109646221928766,0.005679372417842557,0.013775230914137345
-0.31420099023307874,0.010850463512092123,0.0015151746093581507,0.012851824554962693
-0.25975934155629266,-0.026578729993518083,0.002325904580767597,0.013368007155710642
-0.28498022857410155,-0.038946729099003714,0.002353524287850825,0.013587337937340854
-0.34345449731062433,-0.05634461625758801,0.0021643283561695362,0.013060979351379785
-0.39193534980846756,0.014851378622739983,2.193617504889628e-16,0.012489849484879538
-0.3637806775166154,0.04392557627752705,0.001035995118030748,0.013975653472395197
-0.38723825874422463,0.07765255577111865,0.0008383081427186317,0.012287792879609303
-0.3587818970153869,0.06790816153009681,0.0009311064720113511,0.013526842846589731
-0.2585364159497764,0.05390405440611554,0.005440276781002634,0.013081877144066088
-0.3220253618179432,0.10272776605672423,0.0008038145233370303,0.011988613690131305
-0.2827052630490331,0.14341729722007784,0.0012904313920692897,0.012804786049333671
-0.37076396487694824,0.17529265386361226,0.0002300475855362556,0.012447712350561564
-0.4072465897139363,0.14975048525650092,0.0003881659721288541,0.012149630136414203
-0.3877343462616936,0.2005870484567818,0.0002585701060452562,0.012641552352855393
-0.3979519485842791,0.22539037603355933,0.00016918497653115014,0.013060454888635125
-0.4199186944747831,0.3254573521405234,6.324270200327733e-15,0.013944664477945994
-0.36165283637929757,0.2618330009148014,3.828967176365898e-15,0.012580787660910829
-0.3195278772066351,0.2975455623518498,0.00021449796698174998,0.012875018652246011
-0.28276404163990826,0.2128127368620153,0.0006149623350722621,0.01216995176262997
-0.31115205605029733,0.17811972942147383,1.746658267624528e-15,0.011936897039269414
-0.2567352303704882,0.19591007684864725,0.0015307770146145614,0.012072208005171486
-0.23208941894154228,0.18530572426890118,0.0022639672053390405,0.01209395568524238
-0.13984786898155577,0.1536949502286279,0.0020974303888080794,0.012539866152653834
-0.1965075370938752,0.2148981517937366,0.0019583654035610237,0.012058793006958493
-0.16797479604689514,0.25684908923691985,6.449321524390984e-14,0.012136260914420697
-0.24421268613770813,0.29660124618621797,0.0006327695223509661,0.012192788004380785
-0.28004461964679356,0.2647896576847857,0.0005662006439987441,0.01231859064451913
-0.28218776081154623,0.3485763845541243,0.0001618511263103916,0.012909609530794655
-0.25820599728823374,0.3375311948209793,0.00021840194851956472,0.013365356059412468
-0.16723281184939734,0.30005673959596657,1.5622930143694946e-16,0.011858983738322068
-0.2196223213359381,0.3682363675545671,8.758781188190538e-16,0.011708305407777375
-0.18990244640337625,0.4157894207754413,0.0004305409430608126,0.01150501295709694
-0.2652538027260729,0.45527412905131315,2.54580775766273e-05,0.012282075057846056
-0.30356002691314843,0.4169206505302197,4.687614547105545e-15,0.013032902756868006
-0.35294833845424595,0.45605319306067704,5.1689100537918625e-15,0.013373918940717407
-0.3428934357675183,0.4282294041911307,5.4780092681707745e-15,0.01324506097837925
-0.302958498687863,0.3194811845855354,0.00022035083557909985,0.013062086248887312
-0.36470040183400454,0.3800372773495743,1.5666056034438216e-14,0.013347237147993721
-0.4093804224500891,0.3401948025011783,2.281161643115401e-15,0.01366230410840701
-0.4441801747630356,0.4305723838141778,2.874361844455535e-15,0.013547518832909637
-0.4090336253857655,0.4777551900031044,5.1603623151997905e-15,0.013907662014094534
-0.5008667261438979,0.4765544758433149,1.017297377104501e-14,0.014269030902242233
-0.4919239221984156,0.4502776899304131,7.282597237882813e-15,0.014199581228173186
-0.4461522922208613,0.3417982524701629,6.609923041739635e-15,0.013739523932748134
-0.510005023444039,0.40107730193065194,3.4718290539389225e-15,0.013822410446956392
-0.5607312457265043,0.3575175201906172,1.0329482585642662e-14,0.014132004717507331
-0.5923831843215657,0.45040413598829243,5.3075390295390745e-15,0.014229353399318958
-0.5547201342710049,0.4979892734271981,6.1438018320270016e-15,0.014394917914841954
-0.6290809578546407,0.46794125453292795,7.493208796225524e-15,0.014360603895527204
-0.6510895663157481,0.4733336097455384,1.5648383550985086e-14,0.014531509984110118
-0.7565274400636168,0.5221352330005257,8.552488230813856e-15,0.015640813977807907
-0.7010287593323954,0.459528270372386,7.18088568531139e-15,0.014805433812322098
-0.7473580790041412,0.40555678275714757,1.0432913016763266e-14,0.014779781228533594
-0.652735996726987,0.3756251642939986,4.829785589287283e-15,0.014017827417396395
-0.6058525447619737,0.4145781398956566,8.297819702035254e-15,0.014149650861282068
-0.6140439053141726,0.3126740140865612,1.1332072986496228e-13,0.014864990441062974
-0.6332880236992351,0.3147725349560192,5.216513797280208e-15,0.014132794870493012
-0.7364531865642685,0.3635408937771233,6.532571436287447e-15,0.014557696215927922
-0.6843809937835199,0.3070178815534721,2.425646434685463e-15,0.013933002227875187
-0.7321534647853911,0.25478876116547006,3.0720050166140367e-15,0.0138105822440795
-0.6365482356718306,0.22711186195354535,1.225634880631232e-15,0.013440161480914124
-0.5882114481325719,0.2646086183113456,2.3290373383150225e-15,0.01356601520834497
-0.5321298935468105,0.22769814601352317,9.520162481971585e-15,0.014149152277973979
-0.5342577473214691,0.2455866282819889,5.964882687486521e-15,0.013681199348478161
-0.5838455912619145,0.3376072307081286,8.133379374090505e-15,0.013994965333562513
-0.5266138879517133,0.28773173635533195,4.29776246003819e-15,0.013911750185868883
-0.477935065261749,0.3335427989772024,4.478092355843518e-15,0.013658225562451535
-0.44523714224772065,0.24509011292213553,3.075176204576687e-06,0.013078995739703662
-0.48501391646730074,0.20089115752041714,3.263641141557529e-15,0.013281432828613276
-0.44565655129260523,0.15069686966973392,0.00011719512465620038,0.012187680848340472
-0.46534065438219807,0.15218898386465946,6.004236346050193e-06,0.012610670965481855
-0.5548196998729877,0.19644876523296828,4.809153549955227e-16,0.013280597782651409
-0.5039687949096825,0.1445326696239073,1.5555883968712615e-16,0.012929549729805813
-0.558345103136472,0.10198528077838462,6.188906136302063e-17,0.011578871328113244
-0.46813763521785795,0.073622893065736,1.0218923247226022e-16,0.011831172432790636
-0.4152306372900452,0.11127020739082794,0.00042411068590366145,0.012764112009586224
-0.442429482404702,0.02838387758198653,1.8915745809799194e-05,0.012764339595335038
-0.4450400377015616,0.009839609356198348,1.2726163770106329e-16,0.012230038261732766
-0.40255905703908057,-0.053512846595345415,2.0794756792096396e-16,0.012739230648598082
-0.49680178267805897,-0.019166130010559113,1.264358590537581e-16,0.012652089533829501
-0.5230604576955512,-0.034124677833257684,5.160985891759037e-17,0.012105260091017226
-0.48449256805959556,0.002612019289559675,2.5446668075925533e-16,0.012202419596807573
-0.5412989237622812,0.05556975873585997,5.570784236719576e-17,0.011727447164138021
-0.6273184288587317,0.026965208906979427,9.661109602374115e-17,0.011849788467102742
-0.5778275723341486,-0.00892234594001333,4.481737315144679e-17,0.011795351813983475
-0.6042357020448986,-0.024402876846423324,1.4511949319133063e-16,0.01199908222809226
-0.6722891019033939,-0.05141149508370488,5.738775597624526e-17,0.011780398053795466
-0.7068690561214817,0.030515689447556463,5.774139073866062e-17,0.011651820594088536
-0.689827373448351,0.06317862351524206,1.7786412184499505e-15,0.012210969815101128
-0.7151775666391403,0.10194814899789068,2.599396494617399e-16,0.012067965594803456
-0.6777172714311032,0.08518801772689771,2.754529452226043e-16,0.01192667423018186
-0.580105931061135,0.08162915042092943,6.676543766599734e-17,0.01161487344871983
-0.6412757296087479,0.13617312551209437,7.920150675415986e-17,0.012135439640470643
-0.5928107726177433,0.1861533620617251,3.1856909360232645e-16,0.013375148940777626
-0.6873980440617233,0.20416345560643112,1.4562723064969449e-15,0.013402437611086213
-0.7259742468906336,0.18619060856807226,7.886177146048251e-16,0.013339518806928052
-0.7471621584850847,0.18897733022999885,1.2129045868369802e-15,0.013589709298292727
-0.781302002243992,0.2036498564618689,2.402264929138652e-15,0.013400409617284835
-0.8833660129160777,0.21131783763702294,1.0575031660932984e-15,0.013436001950264473
-0.818303387074715,0.15642173758680133,3.132276791254203e-16,0.012685960782984474
-0.869465631697414,0.10353667386237425,2.1204400918729351e-16,0.011193876255753122
-0.772563564157984,0.08274872563051597,1.974320043170195e-16,0.011464013440443288
-0.7333555244383958,0.10709042402372283,4.27896430701898e-16,0.011850873090098994
-0.7575499042424405,0.0588844661846467,2.704398086678407e-16,0.0116725514317838
-0.7461028253247688,0.032203586554986854,9.161652810067505e-17,0.011589862544082103
-0.756897460097926,-0.0497324007427414,6.914200745907257e-17,0.011641748272657793
-0.8365962178844099,-0.009914746750083796,0.00026015981634679755,0.011456689905848753
-0.8554913651672591,0.0004358265282370724,9.420957647315512e-05,0.011867091014209
-0.8246617081682275,0.03408781355800526,4.607563529625391e-16,0.011541288039263702
-0.9011419988876552,0.0754244701662626,7.313025127729362e-16,0.011006343491439615
-0.961499551565701,0.028573091112352927,0.00011439409466137954,0.011517395575960425
-0.9190133218750351,-0.015739651193626775,1.3333813785580903e-16,0.011534690678900771
-0.9472744895561287,0.003037533723228132,4.20805603026334e-16,0.011415704262399904
-1.02925373736812,-0.02954374431846525,1.6263847434906074e-16,0.014213982851879988
-0.989824732577925,0.03092194989117284,1.1946024204322235e-15,0.011987599472654542
-1.020774988179729,0.10151996683613435,1.0071842847809445e-15,0.013269008657119262
-1.004026045815394,0.09265627558181769,5.7069550175634575e-05,0.012468207714607434
-0.91097097713286,0.10949606090108184,6.43507348593179e-16,0.011089626991279139
-0.96590540414644,0.1661887977214314,6.986299792621587e-16,0.01276151329310959
-0.9070136286087567,0.21294928901805757,2.265159455085389e-15,0.013848138379600009
-1.0138602279788254,0.21580896424697715,1.0439698257449049e-15,0.014503788398745165
-0.9892089663796619,0.25505678845817115,4.8496572076655654e-15,0.01662149400693524
-0.9697412122281094,0.35358453011247254,1.2912591588054566e-13,0.01694000170476576
-0.9407503795522455,0.33131275212401134,7.254116573125708e-15,0.01595922797060059
-0.9720624521371618,0.29418012169455154,2.3995001080501554e-14,0.016748852362401943
-0.905907362671152,0.23817977686983616,6.349476567713722e-15,0.013951145394222928
-0.8482345247873773,0.2845248430066659,6.6752506988959486e-15,0.014265458227054197
-0.8115907217484407,0.2562413816995014,5.130498807871246e-15,0.014180820345061443
-0.7839916958568083,0.2917394297896477,5.799506005690274e-15,0.014052621374544433
-0.7913186680183202,0.3157543881204963,6.160797580376157e-14,0.014641025300494787
-0.8033297413756899,0.3444017431929238,1.7134022779357612e-14,0.014749846466860953
-0.8446288883285595,0.31265991023446515,1.0911214417333896e-14,0.014347417071881103
-0.90416325141335,0.37628345259593027,1.3139848469474912e-14,0.015879704431279167
-0.8659983482804745,0.44109245323296165,1.906791717445581e-13,0.016013966527327884
-0.827021987889335,0.40915897093882364,1.228766085730605e-14,0.015280069364679127
-0.7961703727909242,0.4472917298750362,1.4648701013490298e-14,0.01528671090464784
-0.8060512827301359,0.47455460809820615,6.81082711075953e-13,0.01609562265347897
-0.8159442150296548,0.5019799381422729,2.975145666561009e-14,0.01594811938689568
-0.8591285905904925,0.46671956321870156,5.534668636847048e-14,0.0161078733160417
-0.9180213758811478,0.5321144825835896,1.3394249785243124e-13,0.019821727862479193
-0.9227348633378234,0.4324162282814831,1.4595969877817413e-14,0.01625200009468682
-0.7939172206066296,0.721007966927431,3.95758808043767e-14,0.020631931699207035
-0.8106638151130514,0.6335802766890462,2.5966778181353454e-13,0.017577043736054322
-0.8613296168782936,0.6181921395972636,1.74718613417094e-12,0.02017482429065524
-0.8564273579583994,0.5700260456214542,6.494692041090882e-13,0.017839521535060028
-0.8230969535568728,0.5962296478553704,2.185911189196924e-14,0.017683845027796546
-0.75755808559072,0.5355365026840425,1.7286186118715845e-14,0.015698615926614343
-0.7042305048904236,0.5829409721754517,8.12689215366622e-15,0.015730897431806813
-0.7459350834196079,0.6330634924587695,1.0717152668745824e-14,0.016109138254728844
-0.7267572704962921,0.6927078318792509,1.763505852564671e-14,0.01676733017232373
-0.6668901300069767,0.6112727291726775,1.0760921801794428e-14,0.015152986995182253
-0.6483105642555165,0.6707203596583087,1.1220477486386317e-14,0.015470959475003715
-0.6238405403664148,0.5665106673583845,1.5507862631696493e-14,0.014985897951751417
-0.6563933974959861,0.5239020905202627,5.4189204020136085e-15,0.014662365344013467
-0.5966183253632621,0.54875280745267,7.031239641765665e-15,0.01474607873317724
-0.5484320520219407,0.5621307860206715,8.502692721383457e-15,0.014511769061546321
-0.5121208883599268,0.5321072015974739,8.129115906957164e-15,0.014599849383173685
-0.48741773201535166,0.5824786003959411,4.7242157630637015e-15,0.014169985990027684
-0.5336000067143951,0.615769444990643,6.906893928166766e-15,0.014379746512076283
-0.48776803269897845,0.6681328361133994,3.1585885752039236e-14,0.014948060160173143
-0.5853626076184075,0.6661102566858154,1.2073707608318263e-14,0.01513310170749653
-0.6082115165419685,0.6117654385220634,8.912711239185755e-15,0.014816052415474738
-0.6036998795393035,0.7189819663075799,6.31760066121593e-14,0.015761171702106478
-0.5729824617971144,0.7307894672882893,1.7684083545568702e-14,0.01530336123510863
-0.5275449039076043,0.698046739958564,5.849537624717643e-15,0.014431968183574546
-0.5505538005107283,0.7419018507018842,2.0819631719832127e-14,0.01548658498366595
-0.5137328510005112,0.7936879168436825,5.575347135456672e-15,0.01452897466276835
-0.5760121802122269,0.8574971208119249,1.3955960628995587e-14,0.0165326900228885
-0.6255050205616657,0.8056620903270165,7.787343415891094e-15,0.016104190840544787
-0.6529410689772732,0.8294522356247622,4.4516229596020405e-14,0.017935740450566715
-0.700964726374171,0.7879250594688969,2.998712137076705e-14,0.01761490760074986
-0.6437903704946693,0.7435553760189687,1.7794398715796623e-14,0.016088490456361147
-0.6882063403446852,0.7171312554836577,6.485501319508385e-14,0.01676899190355278
-0.7158402316398209,0.7096549914855643,1.0865612765052018e-13,0.016673669998512174
-0.7494878307117898,0.7890045360709085,2.5374269023097236e-13,0.02078052960282481
-0.6332795246136902,0.8804942179345019,1.6167523168252605e-14,0.018553709632345494
-0.608856076759307,0.8842205249222084,2.7740956963094834e-13,0.01764995460206388
-0.5217035812794444,0.8795086171226697,9.690599123832537e-15,0.015341563788874685
-0.5784305575235453,0.9499863549442702,1.043984733194883e-14,0.01939011230757393
-0.5844106466983512,0.9475145697326909,3.6102818575350335e-12,0.020819565189814513
0.0360029382029723,1.1684518552052394,0.0,0.014553029788325062
0.2546386425559464,1.142855818650419,0.0,0.01629681653382153
0.45702615973116595,1.0692645645241667,0.0,0.014438493725774866
0.6346670915163914,0.9552421072577092,0.0,0.014662245142780087
0.7852166277844834,0.8062028918425188,0.0,0.014090436388592458
0.9080926901930577,0.6221146222475105,0.0,0.014221269703989488
0.997500296837463,0.404207823709663,0.0,0.015313141116170497
1.0445159967867772,0.16149780272365505,0.0,0.015014313204368988
1.0433457465935647,-0.09136243946985072,0.0,0.015771492045777484
0.9935206190587824,-0.33913662424121,0.0,0.017045894802685084
0.8985291792839429,-0.5690961128053146,0.0,0.016047403518416888
0.7637334589182811,-0.7715335104979449,0.0,0.015173720723360293
0.5951840672564991,-0.9388340782051294,0.0,0.01810310987884245
0.39963017088158154,-1.0644246315941317,0.0,0.014799707583995889
0.1852903682261621,-1.1425103878982217,0.0,0.015103288238434922
-0.03740336585614378,-1.168990115800877,0.0,0.01510540266781714
-0.25605529348987477,-1.1432555017367219,0.0,0.0166685343572953
-0.4583563202059043,-1.0695573222824633,0.0,0.016146078998476452
-0.6357914570249157,-0.9555500294764354,0.0,0.016452405322254136
-0.7860925968674697,-0.8066953614783361,0.0,0.016177499549703864
-0.9084975343761205,-0.6226404226248188,0.0,0.01610107162190285
-0.9982215096174023,-0.40513731311278645,0.0,0.014658844523254175
-1.045311353839104,-0.16249617586967618,0.0,0.015806402442944685
-1.0442298216357992,0.09037819474594574,0.0,0.014350730684288127
-0.9944793000848572,0.338203463384588,0.0,0.01746386781602422
-0.8995486644657185,0.568218277716514,0.0,0.019871854560095416
-0.7648124630469914,0.770702638174188,0.0,0.021624398858997335
-0.5963334377216484,0.9380459671432119,0.0,0.019658441859095172
-0.4008649441262924,1.0636895518339962,0.0,0.021237050556033293
-0.18661697134070446,1.1418556170430239,0.0,0.01753342869064054
