galaxies.source.bulge.profile_list.29.centre.centre_0,galaxies.source.bulge.profile_list.29.centre.centre_1,galaxies.source.bulge.profile_list.29.ell_comps.ell_comps_0,galaxies.source.bulge.profile_list.29.ell_comps.ell_comps_1,galaxies.lens.bulge.profile_list.29.centre.centre_0,galaxies.lens.bulge.profile_list.29.centre.centre_1,galaxies.lens.bulge.profile_list.29.ell_comps.ell_comps_0,galaxies.lens.bulge.profile_list.29.ell_comps.ell_comps_1,galaxies.lens.disk.profile_list.29.centre.centre_0,galaxies.lens.disk.profile_list.29.centre.centre_1,galaxies.lens.disk.profile_list.29.ell_comps.ell_comps_0,galaxies.lens.disk.profile_list.29.ell_comps.ell_comps_1,galaxies.lens.point.profile_list.9.centre.centre_0,galaxies.lens.point.profile_list.9.centre.centre_1,galaxies.lens.point.profile_list.9.ell_comps.ell_comps_0,galaxies.lens.point.profile_list.9.ell_comps.ell_comps_1,galaxies.lens.mass.ell_comps.ell_comps_0,galaxies.lens.mass.ell_comps.ell_comps_1,galaxies.lens.mass.einstein_radius,galaxies.lens.shear.gamma_1,galaxies.lens.shear.gamma_2,     log_likelihood,          log_prior,      log_posterior,                weight
                                 -0.07102885649319683,                                  0.08306094541410841,                                         0.7103685660673995,                                       0.036236855296486084,                                -0.0687546735042481,                                0.03852171904172269,                                       0.1779704774975748,                                      -0.1402520695322049,                               0.03567678845435346,                             -0.009180019524881927,                                     0.07247423326842642,                                    -0.28867577299460007,                              -0.01227530048206138,                             -0.011768333279357585,                                     -0.1683413025334865,                                       -0.59333388011582,                      0.4561814156880649,                     0.04738565088752401,                0.3585504755803438,      -0.060231696705369084,        0.09815341000330978,-1801.6231171991103,-3.8657916366337313, -1805.488908835744, 7.393012533564992e-10
                                 -0.07364606254606011,                                  0.07727953030986817,                                           0.67123536308166,                                       -0.10438981036721798,                               -0.07797412786012317,                               0.061302528194981276,                                      0.20272825132325467,                                     -0.19713369835686056,                              0.015821489308494252,                            -0.0038803577902113834,                                     0.11440412796443802,                                     -0.2594393162248903,                              -0.01314034621846108,                             -0.011761748528820393,                                    -0.15982270074691188,                                     -0.5651266738550328,                     0.44897635538481273,                     0.06938714103024593,               0.35733349881017884,      -0.059165080846329265,        0.09751934934404931,-1795.4468762396693,-3.4174760881959405,-1798.8643523278654,1.0867270868281528e-07
                                 -0.07286358238580727,                                  0.07874186880848869,                                         0.7096424133982433,                                       -0.08204843663633751,                               -0.08905787062867612,                                0.04731555138586899,                                      0.21561403901646023,                                      -0.1880862333716577,                               0.01390566440776038,                             -0.004840786705573127,                                    0.033771225222325535,                                     -0.2764188593519155,                             -0.013009660654391852,                             -0.011835190861062966,                                    -0.16036395296577619,                                     -0.6154303807257608,                     0.44898089203272595,                     0.08442431133596283,               0.35926140813342655,       -0.05858547695490026,        0.09936293025870566,-1796.5621132309107, -4.129604462822966,-1800.6917176937336,2.0182952024590747e-08
                                 -0.07119292000365272,                                  0.07984842823771063,                                         0.6353100237313093,                                      -0.031306225281522534,                               -0.06838520755527562,                                0.04991055465387942,                                      0.17353942091797267,                                     -0.14409376369374804,                              0.024031852845410054,                             -0.006344990286243385,                                     0.06473881535157822,                                    -0.33759196703365013,                             -0.013299202044144434,                              -0.01228626978561373,                                     -0.1789065333562203,                                     -0.5871115979527045,                     0.45337222383075626,                     0.04072154103808194,               0.35622966370752185,       -0.06495576195837137,        0.09626806805747809, -1786.810127330578,-3.4833204254239245, -1790.293447756002,0.00010460607542139788
                                 -0.07194017365907397,                                  0.07972303237307554,                                         0.6620870905915961,                                       -0.04934392258908793,                                -0.0712848584501237,                                0.03576665040175797,                                      0.11899092698829912,                                      -0.1797595131549703,                              0.020204472642843863,                           -0.00014840776685298707,                                     0.06859952712291274,                                     -0.2656946201067326,                             -0.011884712597025449,                              -0.01327298480731147,                                    -0.16986742909310154,                                     -0.5965107123880397,                      0.4583195232149534,                      0.0431600026662815,               0.35779222892564466,      -0.060689028220768874,        0.09954874400885158,-1797.8640863037297,-3.5458962545789725,-1801.4099825583087, 1.655325950197885e-09
                                 -0.07253474544727631,                                   0.0775991218048532,                                         0.6553134445187713,                                       -0.09973374307593129,                               -0.08570450434768662,                                0.04449053451714474,                                      0.17054512462256002,                                      -0.1825757709910158,                              0.027636030293473002,                             0.0001553992088992595,                                     0.06144274665252503,                                     -0.2530733782910811,                             -0.013015181084487987,                             -0.012382128921585842,                                    -0.17096582298980148,                                     -0.5950863984163989,                      0.4504764518154353,                     0.04967535725414436,                0.3562701712191632,       -0.06455768433351705,        0.09628191413847115, -1791.684636252378,-3.4648286713017744,-1795.1494649236797,2.9257047888583195e-07
                                 -0.07433364648611568,                                  0.07829876708493017,                                         0.6757838339445267,                                      -0.050674031933186724,                                -0.0893681238181504,                                0.06188278505099565,                                       0.2022749632754926,                                      -0.2300890599202398,                               0.02818496321113098,                             -0.010714558759258155,                                     0.06709744975098218,                                     -0.2616312215247939,                             -0.013911818629986611,                             -0.011739899661775882,                                    -0.11534516836224677,                                     -0.6125083079640191,                      0.4593287953402045,                    0.050652647996895804,                  0.35918131253498,       -0.05977153304343851,         0.0987928652512475,-1795.9548605659052, -3.854406508839029,-1799.8092670747442, 4.089739506057401e-09
                                 -0.07427088105876184,                                  0.07951893593157039,                                         0.7200480877361783,                                        0.06792122041195797,                               -0.07830427579435718,                               0.037140174178395935,                                       0.1168792852609759,                                     -0.16081039713142076,                              0.030757190379222032,                            -0.0014740689490455317,                                    0.051675325177499586,                                    -0.26422747153227594,                              -0.01130703309473309,                             -0.013211744107680862,                                     -0.1514931726797817,                                     -0.6245884348590032,                     0.45394173204802357,                      0.0669554127035771,                0.3586467798616987,       -0.05287312277782375,        0.09954997635980638,-1793.8111274118446,-3.8156175981212908,-1797.6267450099658,1.8114553948043486e-08
                                 -0.07348703190587631,                                   0.0793379060069552,                                         0.6564168911078384,                                       -0.07992127692485344,                               -0.07575281895909425,                                0.03349345544383814,                                      0.14847773432687494,                                     -0.16189192869548816,                               0.04609401585409911,                             0.0024032610026549772,                                      0.0348225451316677,                                     -0.2939497903986862,                             -0.011334541907256732,                             -0.013530107732691934,                                    -0.17663883730331995,                                     -0.5820666714851247,                      0.4557650315376519,                     0.05167235433672303,               0.35852680375108836,       -0.06243747491176679,        0.09716070168691505,-1789.1642510833406,-3.4285140005894195,  -1792.59276508393,1.8886017684302447e-06
                                 -0.07513841977502451,                                  0.07846077190184747,                                          0.725859110709071,                                       0.011617668268612942,                               -0.09088522300339857,                                0.05602987921203492,                                      0.22628559132443274,                                     -0.19495260946232876,                              0.024572892029729274,                             -0.009464342945762066,                                      0.1104075967435811,                                     -0.2393426990380741,                             -0.013580330521587927,                             -0.012339136838086712,                                    -0.15759568970510113,                                     -0.5761711393781207,                      0.4542304911796497,                     0.06092085434303626,               0.35918725556338904,       -0.05907841613753189,        0.09725324959512927,-1789.5547635976618,-3.8550474005988673,-1793.4098109982606, 4.488717065778727e-07
                                 -0.07497622422284511,                                  0.07596341004609006,                                         0.6853831550586295,                                       -0.13654247196214428,                               -0.08353087625418709,                                0.04739328122947584,                                      0.21197438681572903,                                      -0.1401825564625694,                              0.028274708994008385,                             -0.008518905721421152,                                     0.09275419280523169,                                    -0.24962277268324987,                             -0.012149338591384812,                             -0.011648555016745846,                                    -0.14966985071893824,                                     -0.5955744890947464,                     0.45018205740189204,                     0.09259520658324503,               0.35916946132169525,       -0.05537653921819795,        0.09890107656783353, -1781.484622758394,-3.6049610764152993,-1785.0895838348092, 0.0014352906851761544
                                 -0.07648775838636093,                                  0.07687079756482806,                                         0.6594505315803803,                                        -0.0961802234816166,                               -0.06454049832599298,                                0.03581318373328926,                                      0.15648489979336785,                                     -0.10275263616194631,                               0.02328798921669946,                            -0.0002953718304939956,                                    0.030696627219467303,                                     -0.2709498067351507,                             -0.011399825054028881,                             -0.013056247989390132,                                    -0.14719659751528905,                                     -0.6282541919713468,                      0.4572761271298448,                     0.06991176881729647,                  0.36045748360664,      -0.059574594289938394,        0.09869854774936045, -1791.450456256278, -3.597623455107259, -1795.048079711385, 6.742692756124518e-08
                                 -0.07369962656151159,                                  0.07920827093999536,                                         0.6871147555909497,                                       -0.03343342504418184,                                -0.0581347643689865,                                0.04609159511874955,                                      0.15720705481158026,                                     -0.15507680159143142,                              0.020216118589074197,                             -0.011226906757630342,                                    0.051911364833172886,                                    -0.31866611455541827,                             -0.014079203321775327,                             -0.011444769087161771,                                     -0.1710290239838939,                                     -0.6262165478703086,                     0.45879171773606314,                     0.05386032606934332,               0.35908525713917755,       -0.06220653270303655,        0.09932335562019091, -1782.307745180469, -4.162489808287765,-1786.4702349887568, 0.0006301766983750871
                                 -0.07523883090579155,                                  0.07809591545871808,                                         0.6649991360976886,                                       -0.06522029054106324,                               -0.08542400736235414,                               0.044058703005880384,                                      0.15234791379909154,                                     -0.15968085628280895,                              0.039493709939713434,                             -0.008413077400878155,                                     0.08429159861584813,                                     -0.2479849083257281,                             -0.012394480912085212,                              -0.01238878949703684,                                    -0.14604587565920837,                                     -0.5842721470097427,                      0.4544872408196019,                     0.06524491001655938,               0.35985238369625194,       -0.05957889484163256,        0.09730715399668566,-1788.1807460785858,-3.2400633803358705,-1791.4208094589217,   9.6035852864124e-07
                                 -0.07796973163072463,                                  0.07729853117382199,                                         0.7370910279897874,                                       -0.10510228001091988,                                -0.0651394413324708,                                0.05237390978415868,                                       0.1720648873646235,                                     -0.13387286487891953,                              0.013444936523989634,                             -0.009262343829760988,                                    0.057227330294927894,                                    -0.29549087052890144,                             -0.015034867316669809,                             -0.011488481664404332,                                    -0.18269153833004867,                                      -0.601440165573756,                     0.45359513222185205,                     0.11153175230079279,               0.36419969771774563,       -0.04849842289728281,        0.09951874422651517,-1781.1385710461193, -3.969584111592239,-1785.1081551577115, 0.0010985280601508824
                                 -0.07549391602379843,                                  0.07640857433359427,                                         0.6519187853041385,                                       -0.12458287619362417,                               -0.09177070352497284,                                0.04516936524209736,                                      0.18914125579934263,                                      -0.1580702305084082,                              0.024249559168412135,                            5.6704697252427105e-05,                                    0.045477293019751945,                                    -0.22861893915010845,                             -0.013640492849081892,                             -0.013128205283096897,                                    -0.16073811695504178,                                     -0.5975752115994504,                      0.4510066673702376,                      0.0737541770041345,               0.35876900639167286,       -0.05840677216378552,        0.09731170287201237,-1794.1039397655777, -3.244660861588921,-1797.3486006271667, 2.570532292288019e-09
                                 -0.07516136774147134,                                  0.08000054423913736,                                         0.6872100021367804,                                      -0.037759665056591035,                               -0.06449277166330795,                               0.031411558236095705,                                       0.1688806385906946,                                     -0.11733419344477541,                              0.022125560487275694,                              0.004797317777939791,                                   -0.018104402003444292,                                    -0.29493298215337327,                             -0.011254256812873606,                             -0.012915123309363313,                                     -0.1549504132723418,                                     -0.5785170987224878,                      0.4593977165669386,                     0.07169412533621937,                0.3621178175851414,      -0.056912850503898216,        0.09942007650349735, -1796.986825129215,-3.5230948679526914,-1800.5099199971678,1.4388047359624554e-10
                                 -0.07454230739899079,                                   0.0781025936900861,                                         0.6983317454475336,                                      -0.007301722872030193,                               -0.08965276292172401,                               0.044285366409271054,                                      0.19977664177263196,                                     -0.10604745012665419,                              0.036946300220204537,                             -0.006137351447069353,                                     0.08291898722031639,                                    -0.24258450766827463,                             -0.012619563345946813,                             -0.011489837023558838,                                    -0.14878162974283654,                                     -0.5869448194880205,                      0.4526350250136988,                    0.061692060567051184,                0.3579290840641839,       -0.05650298034317386,        0.09780307622693327, -1785.805304944803,  -3.38628248133865,-1789.1915874261417, 3.020366268007316e-06
                                 -0.07411610509637459,                                  0.07901063907274511,                                         0.7076692825673147,                                       0.029748612368818792,                               -0.09737003851421036,                               0.052317810325396924,                                      0.21812432330631723,                                     -0.11819606379105381,                               0.03051182482478451,                             -0.002375011953631684,                                     0.07725889853283627,                                    -0.22577009363740697,                              -0.01115363925810911,                             -0.013340875744122307,                                    -0.12421192945743248,                                      -0.586908843029703,                      0.4539249899778684,                      0.0554154753254313,                0.3579777979641534,      -0.055602471806624365,         0.0978615207289356, -1790.983058826613, -3.411602724814017, -1794.394661551427, 1.703686459793899e-08
                                  -0.0769319775321891,                                  0.07697844250671632,                                         0.7580558701109287,                                       -0.03063317331133876,                               -0.07019125281516654,                                0.04044209107185376,                                       0.1818626153261438,                                     -0.13031430311435166,                               0.01570802591608178,                             -0.005656461742577043,                                     0.05589749963900702,                                     -0.3167407639269878,                             -0.011464631848297949,                              -0.01264602369569652,                                     -0.1860796376624842,                                     -0.5951641991563686,                      0.4539808048765058,                     0.09170514649216306,                0.3614103163375579,       -0.05209131022855047,         0.0990437753154087,-1787.9155397928434,-4.1854001361085835,-1792.1009399289521,3.6609707693951064e-07
                                  -0.0745140582112622,                                  0.07692449842200536,                                          0.723594911462321,                                       -0.07189679746643693,                              -0.057995213852913646,                               0.040566085342737895,                                        0.162851544133176,                                      -0.1750979127251632,                              0.029383951356628163,                            -0.0016821782677143016,                                    0.031775837612844166,                                     -0.2695322075749809,                             -0.011512264070083114,                             -0.013432668137023027,                                    -0.14973149729918692,                                     -0.5856954365902538,                     0.45014564121389106,                     0.08518543228402682,                 0.359092522900617,      -0.056511175609371314,        0.09811881724352386,-1788.9397600936302,-3.7167560564684123,-1792.6565161500987,1.3145679401227851e-07
                                 -0.07528095420922644,                                  0.07814623731797862,                                         0.7141304911048731,                                       -0.07889671050277426,                               -0.06541051255983232,                                0.04808500826966072,                                      0.16563713555212783,                                      -0.1647811456796486,                              0.014592183919637014,                             -0.007081684095450097,                                      0.0532614270201761,                                      -0.323138250033446,                              -0.01211011911602379,                             -0.012465760981611937,                                    -0.18169850639121923,                                     -0.6241330873917775,                      0.4511906696146528,                     0.08596615520790817,                0.3599793376219556,       -0.05376693270712986,        0.09790427307187612,-1783.0859205437164,  -4.03940044042224,-1787.1253209841386,4.5821916639886005e-05
                                  -0.0770310289848295,                                   0.0781052995729051,                                         0.7239817860025495,                                      -0.030626746340244926,                               -0.06581055403218936,                               0.042431071305266965,                                      0.12927956090379028,                                     -0.18364259534350866,                              0.022615239533630066,                             -0.013921440072122954,                                    0.050422954422216205,                                    -0.28532433521088385,                             -0.014904145552468578,                             -0.010975556151896354,                                    -0.14673411192444974,                                     -0.6095054684983808,                      0.4596397732953951,                     0.08193957511859866,                0.3630578886416925,      -0.055934012124779046,        0.09924008106227998,-1781.8843971528308,-3.9980867181889104,-1785.8824838710198, 7.703225893274282e-05
                                 -0.07512961108637628,                                  0.07836734161567513,                                         0.6842090748604733,                                       -0.03765077482132396,                               -0.07320456649582245,                               0.026248611058868054,                                      0.16945217694036516,                                     -0.09090433183364878,                               0.04915015367149686,                             0.0026546470746386525,                                    0.024495493813313785,                                     -0.2888486818703832,                             -0.011400025498825406,                             -0.012807070829847528,                                    -0.16451322512953528,                                     -0.5779559663403888,                     0.45559692151717956,                     0.07951551594872787,               0.36070116136173946,       -0.05308054620689512,        0.09911007228822133,-1782.5096592299558, -3.292202451431121, -1785.801861681387,4.1221592306223197e-05
                                 -0.07370700210975062,                                  0.07824342009578938,                                         0.6703764134884165,                                       -0.04145420323019176,                               -0.08701160839881421,                                0.04334375923987749,                                      0.16158797166150715,                                     -0.17909324257274523,                               0.03444685106704304,                             -0.005932023047057769,                                     0.07909657329897152,                                    -0.26855884534010144,                             -0.013088146612102239,                             -0.012378614268580695,                                    -0.15289072026755016,                                     -0.6064962980933194,                     0.45623723723363896,                      0.0608124298800574,                0.3585467702941292,       -0.05903122773737256,        0.09925186931053975,-1774.6946450527564,-3.6406128694774518, -1778.335257922234,  0.021353177908780323
                                 -0.07500344088045992,                                  0.07972153694879125,                                          0.667415211664544,                                      -0.009526907434852329,                               -0.08394909227390326,                                0.05026190550172305,                                      0.24281959940131273,                                     -0.11139651544090269,                              0.021501378137598004,                            0.00010288277385495093,                                     0.05809469257105322,                                      -0.285503703020982,                              -0.01364261646560569,                             -0.011972578488544244,                                     -0.1829196439795855,                                     -0.5790551104354767,                     0.46004428846114703,                     0.05545796969758497,                0.3607711905532718,       -0.05842085742109192,        0.09863061842680235, -1786.819290832692, -3.561733639969652,-1790.3810244726617,1.1582325377872602e-07
                                 -0.07576086408069492,                                   0.0765171900983935,                                         0.7012270554683614,                                       -0.09101443339286867,                               -0.06040950696223425,                               0.028513768384064025,                                      0.14043069859351484,                                     -0.14673501538243885,                               0.03865667792018995,                            -0.0039641645643321705,                                     0.05139966971004792,                                     -0.2760248872157089,                              -0.01342419879825793,                              -0.01228267372343124,                                    -0.17218167732414866,                                     -0.5835406312294081,                     0.45124939605112757,                     0.07370873184117807,               0.35874417365006805,       -0.05850712124887568,         0.0965655353887081,-1781.1797635721132,-3.4924691590310903,-1784.6722327311443,3.2584520242366986e-05
                                 -0.07432971705656359,                                  0.07908313828438654,                                         0.6924376098260807,                                       0.012225712533741778,                               -0.09470611145145998,                               0.058850901736339445,                                       0.2535884868360379,                                     -0.15460573132295388,                              0.019671919787196512,                             -0.005747879730737579,                                      0.0811397322805433,                                      -0.261156772509415,                             -0.013411892814435555,                             -0.012284717210297016,                                     -0.1587642731019492,                                     -0.5676312204200124,                     0.45567278774497294,                    0.051833414783142094,                0.3586432509446646,       -0.06060187515022675,        0.09683541226174931,-1782.0755884690423,-3.5979941237400825,-1785.6735825927824,1.3303304186933054e-05
                                 -0.07360853235056165,                                  0.07806219236804265,                                         0.7240139525661659,                                       -0.04569274065651556,                               -0.08206079794803281,                                0.03574980162089364,                                      0.16666959853400212,                                     -0.14696438444287485,                               0.02313187640955583,                             0.0018700702067706299,                                     0.03551139956313303,                                     -0.2696533019905781,                             -0.012613456444740073,                             -0.013213906089266397,                                    -0.15490432292462586,                                     -0.5807993379399298,                      0.4487552658083117,                     0.07013071165071784,                 0.357306577211126,      -0.057115294566856295,        0.09702689859281473,-1786.2434508052265, -3.557869378547849,-1789.8013201837744,2.0600601806660708e-07
                                 -0.07511848274606212,                                  0.07676360376954999,                                         0.6762178457716902,                                         -0.079077047478253,                               -0.07609651412273412,                               0.041023699992995294,                                       0.1813591995065809,                                     -0.15570018498839508,                              0.024153253021177212,                             0.0006414028207601535,                                     0.05104209219719286,                                    -0.27218944616956003,                             -0.012115356135566746,                             -0.013042484669158791,                                    -0.17632146275765875,                                     -0.5630840613799272,                     0.45235804290960724,                     0.08088930299307447,                0.3597131736520136,      -0.056831405526670875,        0.09830885960003805,-1790.4892537397373, -3.310482967495916,-1793.7997367072333,2.9508770987415117e-09
                                 -0.07566589555172915,                                  0.07735526723256655,                                         0.7344506865798553,                                      0.0017072010644566043,                               -0.06565113673251624,                                 0.0499023032043579,                                      0.21591356894697622,                                     -0.14083917135117358,                              0.028329019465400396,                             -0.008002974504847146,                                     0.05484410128339975,                                    -0.27487465672063904,                             -0.015265637535016613,                             -0.011050218453298885,                                    -0.14596281464641664,                                     -0.5630935227518626,                      0.4555668910943778,                      0.0666917649840282,               0.35955479725230005,       -0.05710674362415454,        0.09849465537211678, -1788.950757075748, -3.769324977494963, -1792.720082053243,1.3743955284175541e-08
                                 -0.07542046671969216,                                  0.07826053227639795,                                          0.669012860031063,                                       -0.08720712182587993,                               -0.07301769795352733,                                0.05630134247004767,                                      0.19649820039497487,                                     -0.13264031002479923,                               0.01356983370631433,                             -0.004203762117891002,                                     0.07094198624566905,                                    -0.28494553893349955,                             -0.012074836669446434,                             -0.012717266225091423,                                    -0.18157423100429768,                                     -0.6221018744870571,                       0.455995554371848,                     0.08021222749761224,                0.3610462846683285,       -0.05667944610224405,        0.09912962056906702,-1776.9375495647457, -3.787801567296701,-1780.7253511320425, 0.0022666343471340476
                                  -0.0768647683742988,                                  0.07463441295402162,                                         0.6652767036359667,                                       -0.14628224248109872,                               -0.07184677211321051,                                0.04799516309042548,                                      0.21186227514186262,                                     -0.16431519735947392,                              0.032201531422321544,                             -0.004573230210818555,                                     0.04271529658971556,                                      -0.261188192110263,                             -0.013593901143671233,                             -0.011939594859406072,                                    -0.15316534310844604,                                     -0.5596193223619353,                     0.45075298206250125,                     0.09501477852148395,                0.3603593404086724,      -0.057591718033526806,        0.09863268661070301, -1790.076145683182,-3.3514411124860963, -1793.427586795668, 4.460275361278118e-09
                                  -0.0753867054804365,                                  0.07813451919370876,                                         0.6807168620497382,                                      -0.009655989458771948,                               -0.05807415959053069,                                 0.0416298621048245,                                      0.16290299082677398,                                     -0.14298451309845236,                               0.01906589114335666,                              -0.00460875083565121,                                   0.0058298799383155325,                                    -0.29169695487806974,                              -0.01303300578733757,                             -0.012479775062927648,                                    -0.15835172469300465,                                     -0.6091300938855464,                      0.4567588290538427,                     0.07863695653144133,               0.36105244642819345,      -0.057595708009963456,        0.09965757163616733,-1780.2941124619074,-3.7137924752508376,-1784.0079049371582, 7.900320700281703e-05
                                 -0.07577723912653876,                                  0.07630781216562404,                                         0.6892569753835872,                                      -0.055125909398295946,                               -0.06643318368377762,                                0.04485387230292759,                                      0.19373727045403719,                                     -0.12182321973859525,                              0.021838677993864436,                            -0.0022168374166117444,                                    0.042758034535134506,                                     -0.3095856518513122,                             -0.012548458072487875,                             -0.013098926961939233,                                     -0.1607437483324086,                                     -0.5839320685375986,                     0.45732055228387875,                     0.07384992237068047,                0.3602249025307442,      -0.056837615052808425,        0.09980781276839934,-1778.6117329691972,-3.7121835019494145,-1782.3239164711465, 0.0002188733860726259
                                 -0.07689856598141999,                                  0.07515823597999491,                                         0.6943581704663427,                                       -0.07994765448082483,                               -0.08839135293538511,                                 0.0315466584832301,                                      0.14618822629958253,                                     -0.13427145773578428,                               0.04010136389591551,                            0.00048069226816507826,                                    0.043732978749451985,                                    -0.23008275240812445,                             -0.011891745462240741,                             -0.012990124781951634,                                    -0.15132720514332074,                                      -0.592777693460649,                      0.4525632467066397,                     0.08040433790308174,                0.3592708883129113,      -0.055433753674759084,        0.09825873196894654,-1790.5900857223255, -3.323642200951566, -1793.913727923277,1.3742332547748917e-09
                                 -0.07398711894291445,                                  0.07870305261208399,                                         0.7153086811297372,                                        -0.0240037377479206,                               -0.08749380518390976,                                0.06245627655529626,                                      0.26095766305112145,                                     -0.17733661013064472,                              0.022368654688209186,                             -0.007093710787554469,                                     0.08022106449436874,                                     -0.2510090944521275,                             -0.013464631645929065,                             -0.011912155457696694,                                    -0.12940616052809795,                                       -0.56794527788513,                     0.45481297546559696,                     0.06815027752617032,                0.3595071263102608,      -0.058761290744724776,         0.0989760086769514,-1780.4448150398237,-3.8414360789563733,  -1784.28625111878, 3.500221503538661e-05
                                 -0.07539729076926195,                                  0.07688917908132795,                                         0.6855609060313378,                                      -0.011628778184614818,                                -0.0726573010050064,                                0.04397456028353808,                                      0.14602624692910604,                                      -0.1589434623072652,                               0.02924172611480308,                             -0.008267427953219414,                                     0.08901820039349845,                                     -0.2556649739587741,                             -0.014175719591790314,                             -0.011416019066959576,                                     -0.1478540529069654,                                      -0.621443943745329,                      0.4543202823574035,                     0.07636672341243769,               0.35907583946795435,       -0.05348951030366297,        0.09986044665122414, -1785.328790114792,  -3.59387692643891,-1788.9226670412309, 2.648573953073392e-07
                                  -0.0750867890942197,                                  0.07693576397364374,                                           0.73180913633824,                                       -0.03473860972932957,                               -0.08697326834231067,                                0.04778055627038319,                                       0.2096836939823671,                                      -0.1351487601818988,                              0.028191835972965873,                            -0.0016820518250515448,                                     0.04750622236753932,                                     -0.2605241027453882,                             -0.012879366811675175,                             -0.012026373773969465,                                    -0.14636236349336718,                                     -0.5974715669554992,                     0.45112944760753065,                     0.08199167089500663,               0.35875429875665604,       -0.05496155304065974,        0.09848520250589125,-1776.4196016578223, -3.813508068164978,-1780.2331097259873,  0.001397764206562088
                                 -0.07410980345161462,                                  0.07763890181534816,                                         0.6782112880189602,                                      0.0005645018452487294,                               -0.06687219209467939,                                0.04208156967415219,                                       0.1702813088355366,                                     -0.13361327942322015,                              0.014245058007760797,                            -0.0013327761808096528,                                     0.03842820982628884,                                      -0.304327700201256,                             -0.011670346246198934,                             -0.012967124086980183,                                     -0.1683460580521079,                                     -0.6182736200370473,                      0.4545620695995079,                     0.05896367152296758,                0.3573814144014179,       -0.05633782676996813,        0.09857615486585852,-1777.8152700709115,-3.6656582155497355,-1781.4809282864612, 0.0003461806783911965
                                 -0.07617182222230234,                                  0.07675817524304335,                                         0.6767227520174391,                                       -0.09034121543715914,                               -0.06404007642702093,                                0.02476661994842691,                                       0.1363565319045099,                                      -0.1723377877810426,                               0.03445147073678667,                             -0.001061190963688341,                                    0.001266836888005569,                                     -0.2801977638507555,                             -0.013461207942782785,                             -0.012039895960250124,                                     -0.1506288300908309,                                     -0.5911823109255245,                     0.45776167489365865,                     0.07583735684776008,               0.36115351210393715,       -0.06059501842800243,        0.09959481602762582,-1781.0812022553669,-3.6777839562681125, -1784.758986211635,1.3210720329967966e-05
                                 -0.07650106040139514,                                  0.07823603282768485,                                         0.7091815416112399,                                      -0.034572477481429616,                               -0.06673046836709497,                                0.03974982661236534,                                       0.1426394264458447,                                      -0.1848216836356334,                               0.02824247064722407,                             -0.006065497314395318,                                    0.034900811139181635,                                     -0.3159452436033154,                             -0.013556456471734063,                              -0.01180992804431985,                                     -0.1455383492070273,                                     -0.5773566581253826,                      0.4599735231492861,                     0.07910619875279923,               0.36280281200650794,       -0.05427263137282842,        0.09969724095737113, -1779.363565924279,-3.7550073364874645,-1783.1185732607667, 7.360146844818912e-05
                                  -0.0741507839198711,                                  0.07845594371196651,                                         0.6825292345642665,                                       -0.04554787036525276,                               -0.06942634155239837,                                  0.053578952440233,                                       0.1559509875523926,                                     -0.15799255251577335,                              0.017919609940981435,                              -0.01007439853648913,                                     0.08601435317843607,                                    -0.28904109672115075,                             -0.014272609302991637,                              -0.01152785119740593,                                    -0.15346019096104127,                                      -0.611395273396375,                      0.4542754561263803,                     0.08040553037754647,               0.35986736464279606,       -0.05494739211738679,        0.09971715661639455,-1775.7080041700092, -3.681542227806534,-1779.3895463978158, 0.0028475855294382217
                                 -0.07651972079442074,                                  0.07686774101265403,                                         0.7076211159416436,                                       -0.02204277517256871,                               -0.07317147372451803,                                0.03974633103155353,                                      0.19647494738188861,                                     -0.13594992154007038,                              0.024566323149883385,                             -0.001016205019911981,                                   0.0071087528561590944,                                    -0.30622940322759756,                             -0.013804542277592854,                             -0.012560709235800188,                                    -0.16447782645002432,                                      -0.586016792486621,                      0.4562596691015755,                     0.08515394921500895,               0.36106966661698603,      -0.054566047975673854,        0.09992959167924909, -1775.383935414904, -3.802316752248463,-1779.1862521671526, 7.889719162789498e-05
                                 -0.07570512707395005,                                  0.07757163597322167,                                          0.687666325502124,                                       -0.05993607072121592,                               -0.08124109274064079,                               0.038171181518724784,                                      0.22050990895271638,                                     -0.09992738550119269,                              0.036922069177756645,                             -0.001765451574091012,                                    0.037824403942839924,                                    -0.27312587136083566,                             -0.013589969242485248,                             -0.012136056576449977,                                    -0.16683716440213145,                                     -0.5783886964254978,                        0.45333470892862,                     0.08585941846119553,                0.3606116876892499,       -0.05556784365892484,        0.09872194093904302,-1772.3598780269829, -3.463907689108031, -1775.823785716091, 0.0016232782929764971
                                 -0.07586520998660852,                                  0.07776356302184873,                                         0.6767516156021051,                                       -0.08932944409231405,                               -0.07980076674020835,                                0.05708522743333311,                                       0.1939763694603356,                                     -0.19036324907555133,                              0.022561583837296367,                             -0.010226703862735914,                                     0.07234737083894144,                                    -0.24407272342088657,                             -0.012428011081886098,                             -0.012606163700997236,                                    -0.12488726425381062,                                     -0.5865362132036633,                      0.4553608154818594,                     0.08747142283433383,                0.3615293049933444,      -0.054972745434661845,        0.09997131269181836,-1776.7998479017479,-3.4906514848210644,-1780.2904993865689,1.9148667793826666e-05
                                 -0.07538081298934973,                                  0.07761703852992302,                                         0.6666412832215391,                                       -0.04806195819247141,                               -0.06102179453627904,                                  0.044297405763635,                                      0.16284480350474836,                                     -0.17841922029106863,                              0.020084773440393763,                            -0.0058467911198853695,                                    0.026469425787537686,                                    -0.32702468064889234,                             -0.012055073056543644,                             -0.012467278240760285,                                    -0.15844540147270594,                                     -0.5727503361535773,                      0.4589973901992375,                      0.0664693609718703,               0.36017920599513226,       -0.05799719837501373,        0.09970272295348595,-1773.8181682851296, -3.590470309015806,-1777.4086385941453, 0.0003776292004278869
                                 -0.07549324611819706,                                  0.07715373104132844,                                         0.7169870250796895,                                       -0.09259855688100709,                               -0.07025578431816314,                               0.022588677018327716,                                      0.16203745060995364,                                      -0.1226842755564134,                               0.03650415066083251,                              0.003123211247917812,                                    0.018052407452930568,                                     -0.2768840535300313,                             -0.011801251909704519,                              -0.01293616883955824,                                     -0.1825834002503685,                                     -0.5910436952120879,                      0.4498796916926932,                     0.09924606872743769,               0.36023962141263965,       -0.05309036451231884,        0.09860044641488708, -1782.237024476708,-3.6444356996696916,-1785.8814601763777, 8.333026848407685e-08
                                  -0.0764361676962998,                                  0.07584544007333086,                                         0.6986463179506954,                                       -0.06868695698777845,                                -0.0876523943579044,                                0.05494840570284196,                                      0.22788105633462322,                                      -0.1370658052034251,                              0.024344461402087972,                             -0.005471980739369164,                                     0.09174453173700158,                                     -0.2607561453450486,                              -0.01329531420953782,                             -0.012085803271337653,                                    -0.15326646596961793,                                     -0.5759076353704505,                      0.4513051825394933,                     0.09656844698728931,                0.3603047370976178,       -0.05393979537177404,        0.09903486978884495,-1770.2226562552817, -3.548852685401311, -1773.771508940683,  0.013758674718288342
                                 -0.07553789719687345,                                   0.0774951100320985,                                         0.7415797291198458,                                      -0.020141233792354496,                               -0.06844539011164512,                                0.05371613579516338,                                      0.21185140302823072,                                     -0.14687426765407183,                              0.031414881583713694,                            -0.0070132007037120025,                                     0.07234685730143992,                                    -0.29486817624090905,                             -0.013219821804412363,                             -0.011682171007547523,                                    -0.15547641224358685,                                     -0.5514490886939322,                      0.4548738109494692,                     0.08551672320204197,                0.3605962844672527,       -0.05205782082986705,         0.0996779371031928, -1778.769960651155,  -3.77260567177106,-1782.5425663229262,2.6701119407224515e-06
                                  -0.0756007608352149,                                  0.07869730562541508,                                         0.6759088049273441,                                       0.006199804036337785,                                -0.0811713591520021,                               0.041771438615264306,                                      0.14400039029181366,                                     -0.11507956591004748,                               0.03058731635797335,                             0.0016356782913016232,                                     0.07580783267711222,                                    -0.28100824036834665,                               -0.0125737932567372,                             -0.012613130299726744,                                    -0.17664798391522923,                                     -0.6041486693904189,                      0.4596614766837314,                    0.062134715021951205,                0.3603956243450467,        -0.0562859597004019,        0.09973488443991929, -1775.763483687025,-3.5647528177104952,-1779.3282365047355, 5.397912301769566e-05
                                 -0.07565119731421709,                                  0.07787905922472943,                                         0.7310832390320379,                                       0.007719966183186473,                               -0.07692987017140734,                                0.03316483445905166,                                       0.1552713810815054,                                     -0.13358372342661895,                                0.0282834954265814,                            -0.0019271436483133397,                                     0.03267145632238708,                                     -0.2824080503194715,                             -0.013920399669186082,                             -0.012585515994130173,                                     -0.1687765197425516,                                      -0.624147297592586,                      0.4560905157520209,                      0.0803656651523206,                0.3606126158143585,       -0.05326783597816928,        0.09990048332577901,-1780.0507865733848, -4.040562479642368,-1784.0913490530272, 7.417778120512022e-07
                                 -0.07563295957556329,                                  0.07902331016241532,                                         0.7203382803395824,                                       -0.02248222241111892,                               -0.06895734312272805,                               0.048096512523262136,                                      0.16623838609650377,                                     -0.20586037751890368,                              0.036420403745991425,                             -0.011164756042822563,                                     0.06334052409048707,                                     -0.2760089240644435,                             -0.013868354670394697,                             -0.012057720389536272,                                    -0.14020669805453126,                                      -0.586077413988294,                      0.4566812158388691,                     0.08729034347115334,               0.36209854473092284,       -0.05342102662213899,        0.09998961565581294,-1780.4567186229215, -3.831255646334362,-1784.2879742692558, 4.942876840759562e-07
                                 -0.07611700170942974,                                  0.07714572543117251,                                         0.7296831185959505,                                       -0.02659640981459964,                               -0.08070496418104142,                               0.038882193161872525,                                      0.19993037802820393,                                     -0.13808961962371072,                               0.03502158634406527,                             -0.002663843719517528,                                    0.031716910898070376,                                     -0.2579411225017294,                             -0.013252632135196216,                              -0.01245602830046269,                                    -0.14169978228246266,                                     -0.5729164815300896,                      0.4529491844579151,                     0.09744108209018613,                0.3610961245130543,      -0.050693178251592655,        0.09952650761839323, -1769.974203568323,-3.5613618681163035,-1773.5355654364394,  0.017639173588337168
                                 -0.07627261694293404,                                   0.0771995997482103,                                         0.7095331675717286,                                       -0.09973041783373436,                               -0.07697799457318115,                                 0.0495220573929569,                                       0.2023763655566242,                                     -0.11664914186130564,                               0.01385277073874866,                            -0.0016484775750629649,                                    0.036957050585294894,                                     -0.3137346707300362,                              -0.01253320838119247,                             -0.012808895046310859,                                    -0.16581413301417108,                                     -0.5895657331000671,                      0.4520979632305233,                     0.09858004307864689,               0.36148424921237093,        -0.0515800779066341,        0.09884325875711701,-1776.8615927749472,-3.7352076723588787,-1780.5968004473061,1.8002097395953215e-05
                                 -0.07519213374085748,                                   0.0784493126561786,                                         0.7091572169944883,                                         0.0341653198435223,                               -0.07733806229103843,                               0.045548506764691216,                                      0.15672369072473927,                                      -0.1512585512423076,                               0.03038015162471064,                             -0.003823798910996601,                                     0.04996861711225545,                                    -0.26558134977954356,                             -0.013760331533896178,                              -0.01202402247034498,                                     -0.1384853023267025,                                     -0.5976350234105867,                     0.45670474323406846,                     0.06869204110002905,               0.35948350243916716,       -0.05342514811486816,        0.09949727960258388,-1774.8813283048682, -3.595288307782736, -1778.476616612651,0.00013041905200906817
                                 -0.07576582169510669,                                  0.07726399845164059,                                         0.6940241808637732,                                      -0.029760826194883846,                               -0.06082079065286542,                                0.03759816904742583,                                      0.15007716700692722,                                      -0.1396094285614373,                              0.020535462371015223,                            -0.0036894149005649995,                                    0.028782390239748577,                                     -0.2811173906490914,                             -0.012593294073431835,                             -0.011866018654398139,                                    -0.16090058194148896,                                      -0.610587982222142,                     0.45933691017250866,                     0.06585428258593587,                0.3608503062077031,       -0.06119058705864266,        0.09929334484336222,-1771.2504130252607,-3.8932588950757863,-1775.1436719203366,  0.004922973627725422
                                 -0.07547299681486966,                                  0.07895093248851007,                                         0.7075862739227965,                                      -0.047910988631215644,                               -0.07746265904562642,                               0.031031935038854763,                                      0.19264266199727328,                                      -0.1251535785792539,                                0.0406133036883545,                             0.0034625166489752057,                                    0.025606940645743315,                                    -0.28477121735242983,                             -0.012351759654001232,                             -0.013005654003960684,                                     -0.1603896720309097,                                     -0.5711968914341582,                      0.4571364156299573,                     0.08303386510937652,                0.3619112309064083,       -0.05372190603059899,        0.09925311944263347,-1771.5411205627743, -3.552118396233044,-1775.0932389590073,  0.003681076388534029
                                 -0.07649131994699432,                                  0.07611933136992599,                                         0.7243385289182177,                                       -0.09053695389347378,                               -0.07230814194050786,                                0.05256694638909129,                                        0.172295475742643,                                     -0.17325932169204963,                               0.02667531937952322,                             -0.012900868701036544,                                      0.0830087413212968,                                    -0.26373606938724004,                             -0.013719439631636215,                             -0.012183889241709614,                                    -0.12732251090324156,                                     -0.5859588479839686,                     0.45024331960374725,                     0.10227825671075261,                0.3608028058428864,       -0.05183046231083568,        0.09974094214042924,-1777.8421686662293,-3.7106465608885415, -1781.552815227118,6.7524971311243885e-06
                                 -0.07497796655305078,                                  0.07975242568202057,                                         0.7526194524662597,                                       -0.05080051643013902,                               -0.08196233991641201,                               0.045264826066032465,                                      0.15880912699092323,                                     -0.17163563018810507,                              0.031625841696005075,                             -0.007580051599458237,                                     0.07775088826910094,                                    -0.25333011159176194,                             -0.013456049519501523,                              -0.01225135909622202,                                    -0.15054775507091203,                                     -0.6012936530990821,                     0.45646592835566585,                     0.08468903399851978,                0.3626317798193606,      -0.055534920538294646,        0.09908300584012361,-1781.2928803609877,-4.0926478278020095,-1785.3855281887897, 2.142098123054869e-07
                                 -0.07615020164502655,                                  0.07717484896966084,                                         0.6690096353083461,                                        -0.0810143839603827,                               -0.08418363625673826,                                0.04033008059641671,                                      0.17640139767785054,                                     -0.15732005526207574,                              0.024326244524838184,                              0.001453226071258834,                                    0.029213969147090547,                                    -0.28273202250635115,                             -0.010883622952253327,                              -0.01318448180968762,                                    -0.15143769631460352,                                     -0.5829834147454203,                       0.455653804411627,                     0.08450886609584066,               0.36101470958113413,        -0.0553726536762128,        0.09992394908395555,-1775.0484617523048,-3.4398284487279502,-1778.4882902010327,0.00011034582477101593
                                  -0.0755279053162938,                                  0.07735496399834249,                                           0.68124128993829,                                       -0.04648981873170855,                               -0.08548941568849293,                                0.04729122697928487,                                      0.20624770348859223,                                      -0.1704916488387093,                              0.015970887059870903,                            -0.0008058067207988434,                                      0.0380766268883024,                                      -0.244151272698114,                             -0.011523933866041808,                             -0.013573502326024708,                                    -0.14249680906679008,                                      -0.635863948751283,                      0.4568527149998055,                     0.07325098667742196,                0.3604436447624127,      -0.056912334891631174,        0.09914286550036633,-1771.7302387706256,-3.8271190913782442, -1775.557357862004, 0.0030467851893228558
                                 -0.07502102298952706,                                  0.07766097858524587,                                         0.6899260921666911,                                       -0.07700829332935347,                               -0.09683698488928083,                               0.038560683210619395,                                      0.19393854500805155,                                     -0.12710595836266914,                                0.0424601731290887,                            -0.0030334364660657143,                                      0.0601206552352714,                                    -0.24316671426951192,                             -0.013289217707358053,                             -0.011984688349653355,                                     -0.1551941395313505,                                     -0.5720764521745044,                      0.4562770694795796,                      0.0815775257044414,                0.3608769571678219,      -0.055360838533863525,        0.09999428318488128,-1770.0837144370735, -3.423504583371862,-1773.5072190204453,   0.01580950485081662
                                 -0.07698817454666312,                                  0.07703117171774576,                                         0.6748335968033311,                                       -0.08018558032702351,                               -0.07138929124174778,                                 0.0493927731552605,                                      0.20714794079821006,                                       -0.134535542849774,                              0.021577245740696332,                             -0.004252751048683695,                                     0.03931647168327577,                                     -0.2846754404382568,                             -0.013896321056396252,                             -0.012041998519779287,                                     -0.1405362237460366,                                     -0.6001606129467546,                     0.45810156902187477,                     0.08089554527032236,                0.3617821912308882,       -0.05631631101215844,        0.09993613268132367,-1775.2802270249213,-3.6662194823093213,-1778.9464465072306, 8.751883463149547e-05
                                  -0.0747444526992293,                                  0.07841974475901164,                                         0.6624157281973279,                                       -0.07839028817076117,                               -0.07613807585305915,                               0.042744814194007275,                                      0.17419255059096572,                                     -0.15298813134740627,                              0.028830348267248285,                              -0.00215885170791677,                                    0.034314677827388146,                                     -0.3150763833873981,                              -0.01365789894525439,                             -0.011966148177239677,                                    -0.16668501083399948,                                     -0.5745565343435902,                      0.4576836362870919,                     0.06827059373544424,                0.3601180646773828,      -0.057380205974866615,        0.09970596008191196,-1777.8273216580333, -3.509882807701196,-1781.3372044657344,6.8534994471285075e-06
                                 -0.07491695065655898,                                  0.07778792330424905,                                         0.7029758211455241,                                     -0.0003001510770559424,                               -0.06065192000802608,                                 0.0392830944778054,                                      0.12713905527464897,                                     -0.14629888242668157,                              0.024544839195843535,                            -0.0018982006440323163,                                     0.03978334185345986,                                     -0.2994617201588659,                             -0.013361295998423187,                             -0.012298379593490727,                                    -0.15607575942109006,                                     -0.5924716932168054,                     0.45555325728383383,                     0.07535194190924617,               0.35939088143868025,      -0.052817850508690416,        0.09986050973990508,-1771.1258807833174,-3.5829453339124293,-1774.7088261172298,  0.005575851191341978
                                  -0.0747750031713117,                                  0.07820479368736086,                                         0.6697639199237104,                                       -0.08893956505694872,                               -0.06445461920553637,                                0.03976901642875966,                                      0.15708451290912853,                                     -0.15188056620911977,                               0.03347963506588081,                             -0.006302799400910525,                                     0.05316962707850452,                                    -0.27460827499617924,                             -0.013824769293199188,                             -0.011681771431302723,                                     -0.1515758114043684,                                     -0.5664220747490277,                      0.4576160513771087,                     0.07225764052123249,                0.3608853145655994,       -0.06008013072163811,        0.09983966675631015,  -1768.32147683128, -3.451388433712655,-1771.7728652649928,   0.09209760492727893
                                 -0.07677578362172185,                                  0.07620313988243613,                                         0.7009784107357024,                                       -0.07941161921171573,                               -0.06001039479602162,                               0.046292413898963936,                                      0.15095793116600953,                                     -0.16326825597701003,                              0.023217922575033495,                             -0.012482319519080867,                                     0.06822267099111276,                                    -0.28330841896308573,                             -0.014028978231592076,                             -0.011333395987737332,                                    -0.15725672023811496,                                     -0.5973320819036506,                      0.4519776370509437,                     0.08981680074692526,                0.3604450654991914,      -0.053106546259750614,        0.09818564077968191,-1770.0884928699243,-3.5647802234463652,-1773.6532730933707,   0.01573414039887139
                                 -0.07522908324847516,                                  0.07754032535124758,                                         0.7114911225766417,                                       -0.10898806435622367,                               -0.07871011167757462,                               0.057056068561261414,                                       0.1960382913076431,                                     -0.16266280628493054,                              0.021325492150792227,                             -0.008281384862101365,                                     0.09021992178695289,                                    -0.24970407815887813,                             -0.012714579181287794,                              -0.01226276313855476,                                    -0.13758037449381433,                                     -0.5860661213296595,                      0.4520956854092657,                      0.0935710732766013,               0.36103820604015485,       -0.05221560450107395,        0.09899861060221761,-1774.7014337229473,-3.6062212273506162, -1778.307654950298,0.00015612349444073774
                                 -0.07535048771825023,                                  0.07684766674995014,                                         0.6909381783312678,                                       -0.07855520689947891,                               -0.09256931353482975,                                0.04975089927142162,                                      0.24441518449265126,                                     -0.09630111830819393,                              0.023755517925798803,                            -0.0006874652090362726,                                     0.04890177016918149,                                    -0.24571337267296497,                             -0.012999639867097776,                             -0.012908897693629101,                                    -0.15736431077705657,                                     -0.6250175758628117,                      0.4522034793759633,                      0.0902621043610159,               0.36003433904020526,       -0.05285208478439323,        0.09914781769131742, -1773.792207200457, -3.713947971295817,-1777.5061551717527,  0.000387561229372848
                                 -0.07651674240188552,                                  0.07690269027885333,                                         0.7252979973019826,                                      -0.024892031568016115,                               -0.06082543179178143,                               0.030336678078409618,                                      0.12189140504015059,                                      -0.1313113782144683,                              0.043192967854347064,                             -0.004881668758581509,                                      0.0396687790861376,                                    -0.27741374060923873,                             -0.013812385564952873,                             -0.011597297537003975,                                    -0.16165536422085836,                                     -0.6017373422743116,                      0.4561848122178924,                      0.0803615855944969,               0.36110104361375683,       -0.05614475775692337,         0.0994989400297514,-1780.2914996177174,-3.8378954252851303,-1784.1293950430024, 5.830871784071263e-07
                                 -0.07651848904513492,                                  0.07676886717154485,                                         0.7081256982996703,                                       -0.06287199031773576,                               -0.07178220689394259,                                0.05402773666434235,                                       0.1857248769358767,                                     -0.19059697946989088,                               0.02952981524206283,                              -0.00682411151529623,                                     0.08380000674504541,                                    -0.25246909178611365,                             -0.014065715030025155,                             -0.012049980546638445,                                    -0.14436973273753065,                                     -0.5674921034530338,                      0.4540123838293948,                     0.08529527032364255,               0.36089332385891393,       -0.05472851098947012,        0.09915886408703975,-1773.1580426814892,-3.5581425489305403,-1776.7161852304198, 0.0007307258582983422
                                 -0.07613137103891483,                                  0.07658422836097725,                                         0.6760729424259495,                                       -0.13849802441378248,                                -0.0715792053706192,                                0.03666037877404649,                                      0.18209790588848643,                                     -0.14190698052511477,                               0.03346657243696363,                            -0.0021912423854282825,                                     0.04814801799119532,                                    -0.27360182987163195,                             -0.011232591728389571,                             -0.013614243083777636,                                      -0.166886129097623,                                     -0.5864661531700386,                      0.4511661535349592,                     0.09263377901553455,                 0.360611080424882,      -0.055519429689174386,        0.09822548810767702,-1774.5576216340637, -3.452238586505263, -1778.009860220569, 0.0001802706646522019
                                 -0.07634384839369898,                                  0.07798347407469242,                                         0.6876101219782131,                                       -0.08623373846798763,                               -0.08348558128264734,                               0.037787770944236604,                                      0.19545026407315255,                                      -0.2054468081680313,                               0.03950210839535023,                             -0.006142879976495291,                                    0.046786318255381154,                                     -0.2664582479659248,                             -0.012837475538532664,                             -0.012150398789438716,                                     -0.1481318785137403,                                     -0.5611072030280494,                     0.45973310926190675,                     0.07314168785131664,                0.3621604451206475,       -0.05861041051189778,        0.09902411050754818,-1780.2003144976152,   -3.6129950473651,-1783.8133095449803, 6.387555494212906e-07
                                 -0.07600388968557034,                                  0.07720964389742199,                                         0.6779383000533208,                                       -0.06958097833733776,                               -0.08621309958698768,                                0.03431003641455532,                                       0.1637759115009926,                                     -0.14535032137165083,                               0.04467665793035125,                             0.0014226054062204951,                                     0.05755266732238267,                                    -0.22442821519754794,                             -0.012350129436103655,                             -0.012793296405513757,                                    -0.16386440860696488,                                     -0.5695122794195637,                     0.45587307484688433,                      0.0746016997353302,                0.3602891747264269,       -0.05740515818426539,        0.09908073479864139,-1773.0380279973406,-3.2435882821530777,-1776.2816162794936, 0.0008239032028272541
                                 -0.07635847742111052,                                  0.07858729823604613,                                         0.7249624023977254,                                        -0.0666856452707157,                               -0.07827878212533318,                                0.04863121977423529,                                      0.19203227103298173,                                     -0.14176588477396898,                              0.035218379363771535,                              -0.00862677366409105,                                     0.04893362856163226,                                    -0.28661122439235126,                             -0.014308807108520172,                             -0.011596470060790287,                                    -0.13088458918073345,                                     -0.5720108148572093,                      0.4549572773178267,                     0.09510350706385204,                0.3625437777576274,       -0.04967887494533483,        0.09965494015025293,-1779.5212980536971, -3.594555863998795,-1783.1158539176959,1.2595858725451235e-06
                                 -0.07495346332381561,                                   0.0788709038451906,                                         0.7572359423956192,                                      -0.009518259606931973,                                -0.0895705301692408,                                0.04520566056028297,                                       0.1827337084996654,                                      -0.1501300014292453,                               0.02812395102891238,                            -0.0049057686654695315,                                     0.04764464992204872,                                    -0.27571273940664476,                             -0.012384069833421205,                             -0.012751628843637647,                                    -0.15405840578114785,                                     -0.6031252475812473,                     0.45416374375115187,                     0.08474351195065845,               0.36051061323992467,       -0.04915169624885343,        0.09942843313387974,-1775.2856039031237,-3.9794885793881427,-1779.2650924825118, 8.704951937344063e-05
                                 -0.07613752308769713,                                    0.076328389503132,                                         0.6987330303257611,                                       -0.06433239337870554,                               -0.06593247653650242,                                0.03282326944048822,                                      0.16252460937182392,                                     -0.13306846228321545,                              0.018244806754239923,                             0.0004861649043883809,                                   -0.007999359247239385,                                    -0.29495951693655575,                             -0.012114084082570892,                             -0.012991808365458796,                                    -0.15894869398526942,                                     -0.6103109298828894,                     0.45252745840324715,                     0.09994439283733378,                0.3609451990017843,       -0.05284417921335397,         0.0999790795495068,-1773.7723716800472, -3.733948274680763, -1777.506319954728, 0.0003953254572316037
                                 -0.07654826434470333,                                  0.07733325035789959,                                         0.7108945297846723,                                       -0.06783362652665977,                               -0.09985151150972572,                                0.05322627193595364,                                      0.24063340308580153,                                      -0.2027491433671895,                              0.024255190632029272,                             -0.009135129204499784,                                     0.05357747937563937,                                    -0.23538178642245372,                             -0.013965077482728405,                             -0.012258426678230502,                                    -0.12608870906509134,                                     -0.5744571469441875,                      0.4553936292380202,                      0.0906383935856083,               0.36196070147181186,        -0.0519237671139887,        0.09934803043828329,-1785.5359000960268,-3.6274762945766756,-1789.1633763906034, 3.076941951921114e-09
                                 -0.07411553367580863,                                  0.07815331244355947,                                         0.7212448049263658,                                      -0.016441718185536292,                               -0.06992390725671845,                                0.03698469922525374,                                      0.15789401765623254,                                     -0.15952731523644073,                               0.02661150633864967,                             -0.003959345133431255,                                     0.05456279435666491,                                    -0.26385747868094783,                             -0.013956013228396139,                              -0.01194282097940963,                                    -0.16941872340122308,                                     -0.6048299683436882,                     0.45466749024546466,                     0.07281797839588179,                 0.359309615522505,       -0.05585988849483232,        0.09861157754811906,-1772.3070704431618,-3.8170062518463075,-1776.1240766950082, 0.0017113034402424967
                                 -0.07616576299177001,                                  0.07712503268002732,                                         0.6939510050337446,                                       -0.07066835380014236,                               -0.07503744788599333,                                0.03690792555289424,                                      0.17921066305157043,                                     -0.12273650583571251,                               0.02510531147221759,                           -0.00035097388768814963,                                    0.035983339277192175,                                    -0.29243919006485697,                             -0.012754518780370788,                             -0.012831955205027432,                                     -0.1583882698261984,                                     -0.5981413151787931,                        0.45195421365961,                     0.09360041106154547,                0.3610267454258432,         -0.053353601038449,        0.09869889223216831,-1771.7436592426636, -3.554795401762917,-1775.2984546444266, 0.0030061690473918243
                                 -0.07640454466431125,                                  0.07756898371093088,                                         0.7293676269358655,                                       -0.08090484203923376,                               -0.06465676414886065,                                0.04181750952373092,                                       0.1681819439858445,                                     -0.15420445467502344,                              0.043712462992156004,                             -0.006219361919870839,                                     0.07268617598196142,                                    -0.27102436856082246,                             -0.014054917532359379,                             -0.011116620386032797,                                    -0.14273304542219378,                                     -0.5495552385887791,                      0.4513568184023377,                     0.10142771838908844,                0.3617217998552683,       -0.05018637881436122,         0.0982557209353909,-1782.2176251040523, -3.369731241521718, -1785.587356345574, 8.496260537987538e-08
                                 -0.07446797404436509,                                  0.07787211538664854,                                         0.6587104198480794,                                       -0.07307875714850517,                               -0.08933163286902596,                               0.036970131065772766,                                      0.16213778657624003,                                     -0.13700859135828317,                               0.03487718221028696,                               3.7047068385615e-05,                                     0.07471177283527083,                                     -0.2461823858813704,                             -0.011648802307668876,                             -0.012976606042656866,                                    -0.16447508485121773,                                     -0.6039461654964499,                     0.45768991751018867,                    0.058618181055183495,                0.3595403407509643,       -0.06442781543933243,         0.0985940556834672, -1781.695343105106, -3.615278070146446,-1785.3106211752524, 1.432359430420627e-07
                                 -0.07593087309707794,                                  0.07775327482979164,                                         0.7242704964071035,                                       -0.03258962680929254,                               -0.06746458073964043,                               0.026832472316504652,                                      0.13471769890876856,                                     -0.10745813619175018,                               0.04265349798494855,                            -0.0034940916885704137,                                    0.023020835653009344,                                     -0.3009623444602237,                             -0.013189696841226214,                              -0.01202080301951676,                                    -0.17692479649366263,                                     -0.5771946969928993,                      0.4566986465544281,                     0.08395898220186443,               0.36163113229205707,       -0.05254162866202611,        0.09973868590011391, -1787.497202495239, -3.659587636169665,-1791.1567901314086, 4.328490750508043e-10
                                 -0.07568108110729206,                                   0.0771653632411915,                                         0.6938068927959935,                                       -0.03777075472753998,                                -0.0999950026140266,                                0.05654135575671321,                                       0.2147159336874373,                                     -0.20907511321234337,                              0.017507810140211785,                             -0.007102819660141216,                                     0.06246390834747158,                                    -0.22907370412379496,                             -0.013400682488506982,                             -0.012183405980772805,                                    -0.12242295909192485,                                     -0.6141553033804253,                      0.4561785127685655,                      0.0774518141101475,                0.3603212029540407,      -0.054838611811284174,        0.09955871511582313,-1777.3364710910814, -3.767451071183666, -1781.103922162265,1.1196597717974744e-05
                                 -0.07402038377208614,                                  0.07898510919912402,                                         0.6865531509889147,                                       -0.02842702897564226,                               -0.07822605759414009,                                0.05220387257818179,                                      0.17205353923022532,                                     -0.16328590465494985,                              0.025716123878084918,                             -0.008115447361108544,                                      0.0795938985652369,                                     -0.2787475387016903,                             -0.013285801950774473,                             -0.012185124962340171,                                    -0.14194701062932435,                                     -0.5992925822880858,                     0.45442987498881016,                     0.06655425498267661,               0.35844881705878434,       -0.05527751071131661,        0.09869295715686391,-1777.5902700557065, -3.534376639384435,-1781.1246466950909, 8.686855250318863e-06
                                  -0.0763726715069343,                                  0.07783582311455792,                                         0.7344224509916168,                                       -0.05217789940815479,                               -0.07571880932542592,                                0.04281922335348495,                                      0.16617529103010242,                                      -0.1497791912316021,                                0.0321958728510153,                             -0.004367179249526371,                                     0.07029388574630878,                                     -0.2565493436288453,                             -0.012610010118425247,                             -0.012022258264095753,                                    -0.13944608902914196,                                     -0.6135574820735767,                     0.45202319297164845,                     0.09972327391238471,                0.3617017791062963,      -0.050418822363387586,        0.09939729317062611,-1781.8433936452511,-3.8228628729642082,-1785.6662565182153, 1.235248909338735e-07
                                 -0.07593110650079045,                                  0.07698045445672613,                                         0.6730394687583751,                                       -0.08821121549944215,                               -0.07642563566901936,                                0.04027325424696521,                                      0.17716320823796322,                                      -0.2079527220120013,                               0.03547568964595557,                             -0.005219930855448585,                                     0.04525754443246124,                                     -0.2627342347190236,                              -0.01392197123121211,                             -0.012404072927818824,                                    -0.16119359400740524,                                      -0.569232457737945,                      0.4556820745549552,                     0.07250351569832655,               0.36014241693028587,       -0.05892900578077903,        0.09833923353920106,  -1779.98420251389, -3.466327004971226,-1783.4505295188612, 7.928498132910694e-07
                                 -0.07392211373808838,                                  0.07814846285381932,                                         0.6771626598313477,                                      -0.027985756261805408,                               -0.08965566767738348,                                0.04360138854388254,                                      0.16678240565433056,                                     -0.16296426112622833,                              0.027612520881049873,                            -0.0003188491172616825,                                     0.06783107066926168,                                    -0.27510117719251087,                               -0.0116200672443688,                             -0.013061883168203003,                                    -0.16129831207004722,                                     -0.6166386417456232,                      0.4567980716655225,                      0.0512807089656894,                0.3582346538414921,        -0.0638217604876456,         0.0987780239230065,-1782.9812559412685,-3.9083032981647703,-1786.8895592394333, 3.959015141811237e-08
                                 -0.07568910413637736,                                    0.077507891647767,                                         0.6832546969635092,                                      -0.035105021822554386,                               -0.08795356221838604,                               0.036669874369342964,                                       0.1590859947028276,                                     -0.09539589517875832,                               0.03698647859019305,                              0.004386873032458369,                                     0.05164578924432892,                                     -0.2758011506854409,                             -0.012092402876073521,                              -0.01303890878974294,                                    -0.17596261571245853,                                     -0.6104347247887986,                      0.4553055764978094,                     0.07178331582312385,                 0.359685920246122,       -0.05655691841028001,        0.09914882641005358,-1779.9805784608966,-3.5836260100242154, -1783.564204470921, 7.957283558752293e-07
                                 -0.07616093857496327,                                  0.07703404680766265,                                          0.667971653355121,                                       -0.11197193919664841,                               -0.08496187774265099,                               0.041388145914626806,                                      0.17953216257705842,                                     -0.14348307691864676,                              0.017963628787804914,                              0.000213557122566585,                                     0.03600745857188492,                                      -0.262190903529351,                             -0.012368808287729488,                             -0.013095075055211083,                                    -0.17037552622412586,                                     -0.6447324772832149,                      0.4540544496379749,                     0.07974138448197403,                 0.360524208057708,       -0.05711136398935496,        0.09747842853408413,-1781.3942956595124, -3.731834134508742,-1785.1261297940212,  1.93550927203242e-07
                                  -0.0773813810366789,                                  0.07609664782619083,                                          0.685148342282379,                                       -0.05453149025036467,                               -0.05635413833714584,                               0.033658543106304645,                                      0.12299472910057091,                                     -0.13784654205327937,                              0.023012466540731857,                             -0.005044768002276545,                                    0.030106956797235497,                                    -0.27879841591870735,                             -0.013560054345966938,                              -0.01203166629762173,                                     -0.1515286086604028,                                     -0.6188188520554052,                       0.457866943660673,                     0.08310078815502826,                0.3618098786027164,       -0.05730140275317533,        0.09965410104976138,-1772.7841779343507, -3.716691404282981,-1776.5008693386337, 0.0010619935344574772
                                 -0.07498405663600964,                                  0.07900083599561242,                                           0.70961294037272,                                       -0.02152988537437509,                                 -0.090842894794643,                                0.04309044926783892,                                       0.2049023070954559,                                      -0.1598919814298271,                              0.036437303166615975,                             -0.003452178381178894,                                       0.083659986806985,                                     -0.2317353126553462,                             -0.012381347506617207,                             -0.012150920148983585,                                    -0.15867860204378323,                                     -0.5844223127686842,                     0.45926090027861716,                     0.06817336063741067,                0.3607751537501766,       -0.05615054776002328,        0.09977096477829439,-1771.9157812700096,-3.7175466248404443,  -1775.63332789485,  0.002530822880484937
                                 -0.07588367317480552,                                  0.07822591550740166,                                         0.7558515562653898,                                       -0.04738773624036406,                               -0.07936244689573961,                               0.041884300049012474,                                      0.15836340881915686,                                     -0.12063044286336135,                              0.024296925428787614,                             0.0006105764073756348,                                     0.03564529038701949,                                     -0.2818575660651396,                             -0.012017890464027042,                             -0.012748986103573876,                                    -0.16332813205039487,                                     -0.6065990056925229,                      0.4520124607606704,                     0.10637690108916001,               0.36202759516741456,       -0.04977603869165077,        0.09976509347086404, -1786.788987768266, -4.004280765115582,-1790.7932685333815, 8.788408627248922e-10
                                 -0.07659711707571452,                                  0.07723976742883162,                                         0.7244271510364779,                                       -0.04044086167568557,                               -0.07660255261333887,                               0.051051803037123006,                                      0.20865523526420987,                                      -0.1346507128377678,                              0.025488650743915348,                             -0.005771070051386787,                                     0.07223759420537552,                                     -0.2738011867695349,                             -0.014290230697849057,                             -0.012001014171712496,                                    -0.13906995368407862,                                     -0.5532386671512255,                      0.4549946709185309,                     0.08979283527326587,                0.3615873495984533,      -0.050896670509215876,        0.09980531800129384,-1773.8981483574407, -3.509718727062153,-1777.4078670845029, 0.0018017142623164039
                                  -0.0747313586880791,                                  0.07777222142287532,                                         0.6678134850342646,                                      -0.061233680271162674,                               -0.09515921422038362,                               0.057535370567997096,                                      0.20504169273723463,                                     -0.15272257028300443,                               0.02679649111494453,                            -0.0060552020209850566,                                     0.07941560009858327,                                     -0.2622342279805792,                             -0.013730195966439915,                             -0.012284587849840961,                                    -0.13922664640451674,                                     -0.5735433456838862,                     0.45386599581695297,                     0.07196392757356593,               0.35875696556251546,       -0.05486700110688889,        0.09895645037168466,-1775.7008248343116, -3.242955048349961,-1778.9437798826616,0.00029702531823506495
                                 -0.07495249657908298,                                  0.07665379925028615,                                          0.684150217794408,                                      -0.060724538417591165,                               -0.08898271914510937,                               0.043824068720587916,                                      0.18868862885327903,                                      -0.1760321598926327,                              0.020989950517090142,                             -0.002910501543961816,                                     0.01571350184673878,                                     -0.2769720180208256,                             -0.012464167483178107,                             -0.012332285236193133,                                    -0.15130372081019547,                                     -0.6152320753983928,                      0.4545667878174849,                     0.07716124084169058,                0.3589160164866468,      -0.054944725077446285,         0.0998700578419997,-1776.5201988240863, -3.750791756953668,  -1780.27099058104,0.00013090127223134177
                                 -0.07725708562934928,                                  0.07697841675878231,                                         0.6734170520880353,                                       -0.07821235703855166,                               -0.08075497228817904,                                0.03982130365282524,                                       0.1987407735791178,                                      -0.1646417544610411,                              0.033591450773062304,                             -0.006588486972580923,                                     0.04907484961847444,                                     -0.2355535374186633,                              -0.01288769436876562,                             -0.012896738307707434,                                      -0.142489037278656,                                     -0.6058755744112685,                     0.45757798250072595,                     0.08556338593813877,               0.36239554236386473,       -0.05448599992560796,        0.09964425801023437,-1777.6421536055282, -3.510497412149037,-1781.1526510176773, 4.262703219242138e-05
                                 -0.07593025938575516,                                  0.07671788123925036,                                         0.7131607163852475,                                       -0.06098648674816151,                               -0.08752274974482685,                                0.04745640857221364,                                       0.1960611745659277,                                      -0.1752306285948306,                              0.012785311806733743,                             -0.005635928935182083,                                    0.029477537369740115,                                    -0.27764666260499254,                             -0.012522838910882711,                             -0.012597584223189878,                                    -0.16338748647030488,                                     -0.6503302440969452,                     0.45554108968601686,                     0.08402017355286588,                0.3610435153733127,       -0.05438814803419744,        0.09978529493670328,-1779.8608133389273, -4.259171037073122,-1784.1199843760005, 4.635893149121948e-06
                                 -0.07586348357803298,                                  0.07662359212124412,                                         0.7030670989834387,                                       -0.05188968569118059,                               -0.06400489692862192,                                0.03554851732363298,                                      0.18211506410846048,                                     -0.16425384516158617,                                0.0353130889189793,                             -0.006983163496767877,                                     0.04369486457061882,                                    -0.26648193025761696,                             -0.014083162986180592,                             -0.012076672244347303,                                     -0.1568312213066096,                                     -0.5545744238494743,                       0.455383937753579,                     0.08779291380608734,               0.36083305521641595,       -0.05285059826517981,        0.09997327346461045, -1778.808244527947,-3.4086281701104326,-1782.2168726980574,  6.02848519940014e-07
                                 -0.07662770794910699,                                  0.07683457647251277,                                         0.6738746858700707,                                        -0.0908556397580565,                               -0.07369325995953445,                               0.033274601176145335,                                      0.11744113920066634,                                     -0.14161627501827553,                               0.03437263433395232,                            -0.0008459261280192032,                                     0.05954908722154214,                                    -0.24849674696470175,                             -0.012213999375205231,                             -0.012963063897372729,                                     -0.1588091867418413,                                     -0.6095496610779223,                      0.4552480140330153,                      0.0877289215487371,               0.36131760879575764,       -0.05249189126471841,        0.09951664407380342, -1773.462157227009, -3.345161476106034, -1776.807318703115,0.00012646909580842596
                                 -0.07609452682170618,                                   0.0777187067662777,                                         0.7034989174287025,                                        -0.0496615702025438,                               -0.07174770273070698,                                0.03319304604733539,                                      0.15438339311020097,                                     -0.13311152031010903,                                0.0322042439158122,                           -0.00022015238811570748,                                      0.0279885628842768,                                     -0.2995539377550425,                             -0.012945919632936093,                              -0.01276378308478851,                                    -0.16402873025907252,                                       -0.58099786668583,                     0.45640634654594814,                      0.0831834377659338,               0.36182055361632626,      -0.054102588871414524,         0.0997093527160053,-1768.8287886717417, -3.611527641888245,-1772.4403163136299,   0.01300860748636626
                                 -0.07649138184579835,                                  0.07605068989046215,                                         0.6990616393509053,                                       -0.05663167998825833,                               -0.09548241017337092,                                0.05282366628939317,                                       0.2300389289011262,                                     -0.13553085810465176,                              0.024550154291158727,                            -0.0016884746165006098,                                     0.05737495872644709,                                    -0.28161536361292017,                             -0.013201383314837431,                             -0.012533336516566601,                                    -0.15362090798619057,                                     -0.5691008654062315,                      0.4555501442006391,                     0.08197364618797032,               0.36057865736608674,       -0.05521296972814895,        0.09997946826046457,-1768.6220653252356, -3.652993303341138,-1772.2750586285767,  0.015995934547988484
                                 -0.07477082569464825,                                   0.0786184186755832,                                         0.7126103745445068,                                       0.019717569784469584,                               -0.07085619537443999,                               0.047076730632959196,                                      0.17758453343965755,                                     -0.14324838586087535,                               0.02320210967753647,                             -0.005856136676175197,                                     0.05109250449967941,                                    -0.32122534545162773,                              -0.01302519680776533,                             -0.012305475626158968,                                     -0.1624536458215702,                                      -0.586193345850698,                      0.4587990472617677,                     0.06652338082247145,                0.3602759430124653,       -0.05635073108487895,        0.09995561468927618,-1767.8982327969593,-3.9357022376349837,-1771.8339350345943,   0.03298876759046199
                                 -0.07522143479969998,                                   0.0764585323448689,                                         0.6824438007153603,                                       -0.07741778869114536,                               -0.09434050127735819,                                0.04426296230325574,                                       0.1993839370816519,                                      -0.1803500342091815,                              0.031207654654756917,                            -0.0053111581477116865,                                    0.052226607245983596,                                     -0.2245791688459278,                             -0.011576766622919149,                             -0.012419528887310627,                                      -0.140753740557409,                                     -0.6031101030549544,                     0.45342415166599503,                     0.07906677607275388,                0.3590802107471194,       -0.05645159320740344,        0.09927677405250432,-1774.0253095996995,-3.5591109390055435, -1777.584420538705, 7.201292405853427e-05
                                 -0.07621812647317011,                                  0.07688394984318236,                                         0.7298558682973629,                                      -0.020106459487514165,                                -0.0868704900557112,                               0.046078459088019885,                                       0.1767158631197436,                                     -0.14107746801474166,                              0.035809997606806726,                             -0.007006627995109593,                                     0.09716479438456908,                                    -0.24338680543243765,                             -0.013375973574335634,                             -0.012324643518286785,                                    -0.14681038290798368,                                     -0.5853287335699141,                     0.45461979578952477,                     0.08444598339660178,               0.36052126525071937,       -0.05207339083795038,          0.099619691330933,-1770.7746528771765, -3.653276765635595,-1774.4279296428122, 0.0018584578803743817
                                 -0.07559144094499658,                                   0.0764462499781633,                                         0.7191038703787384,                                       -0.04764143208084411,                               -0.07519272968470868,                                0.03958222201581005,                                      0.13884075088617287,                                      -0.1298811615599297,                               0.02991158157216789,                            0.00010814579323090157,                                    0.062022204947856166,                                     -0.2841096353886706,                             -0.012037503123705995,                             -0.012823635729110619,                                    -0.16859568119050142,                                     -0.5867497559282036,                     0.45185515825627426,                     0.08763674787360348,                0.3595200058392676,       -0.05345126967783427,         0.0988877121578298,-1769.2723814717097, -3.610225416833425, -1772.882606888543,  0.008347970477462786
                                 -0.07618287864859659,                                   0.0773356693246677,                                         0.6829765500216265,                                       -0.06532988501631234,                               -0.09045740012052446,                                0.04215158870489638,                                      0.19184206687178076,                                     -0.13631585689251943,                              0.022811226889664304,                             0.0017690139908292518,                                     0.03249004336890702,                                    -0.27511683591488667,                             -0.012754237888881331,                             -0.012986796869610823,                                    -0.16340579587499232,                                     -0.5835356951747828,                     0.45675882860609596,                     0.08301225836635939,               0.36175951954019575,      -0.054354753052714734,        0.09997481181628873, -1779.127699268142,-3.5070973363544042,-1782.6347966044964, 4.379966291141733e-07
                                  -0.0753946088229113,                                  0.07702004392616332,                                         0.6903138611287093,                                       -0.04821738386133089,                               -0.08456734193868165,                                0.04704624357264678,                                      0.18288621068881603,                                      -0.1341642882562824,                              0.023455989477020683,                            -0.0030984496592385558,                                     0.08481829936311498,                                    -0.27302410266594174,                              -0.01317682581391827,                              -0.01286678663099075,                                    -0.17649123211262713,                                     -0.5966381807745929,                      0.4557820500199794,                      0.0810247331901303,                0.3605584364892537,         -0.055615076363548,         0.0997150723635623,-1778.7505579672345,-3.6838301052906757,-1782.4343880725253, 6.386474081586035e-07
                                 -0.07668133434976394,                                  0.07742224849636184,                                         0.7160447048694959,                                       -0.04196110611813086,                               -0.08627144321899943,                               0.055610538212094274,                                      0.20777884950279701,                                     -0.19199910640549178,                              0.016228990848041636,                             -0.008419852567202624,                                     0.03926950174421239,                                    -0.27779942956310977,                             -0.013592255891219415,                             -0.012296861797848224,                                    -0.13040222102520377,                                     -0.6030744275048214,                        0.45666289697997,                     0.08973261070229156,                0.3623811639429243,      -0.055906784271644146,        0.09964528180040301,-1772.4467105340827, -4.016530114289214, -1776.463240648372,0.00034913011299825324
                                 -0.07641871064279052,                                  0.07769175887305432,                                         0.7059276294533631,                                       -0.05408741283149377,                               -0.06310248197913172,                                0.03486645469901686,                                       0.1564486608923757,                                      -0.1675778056121646,                              0.031563639385261216,                             -0.004996434153665505,                                    0.037090098703910925,                                    -0.28594525460878106,                             -0.012555822195583335,                             -0.012162788864574808,                                    -0.16730164797588717,                                     -0.6013944603494751,                      0.4551007311803661,                      0.0917296120026709,                0.3618653980370147,       -0.05064854532223377,        0.09990165474915787, -1769.244226104504, -3.695207596101448,-1772.9394337006054,  0.008586350746395592
                                 -0.07452360800039128,                                  0.07851406086296828,                                         0.6919348587312849,                                       -0.04184339848060113,                               -0.07911520254547165,                               0.036908411205234415,                                      0.14376634762955445,                                     -0.15260062085142925,                               0.03011344569667654,                            -0.0027501391394778446,                                    0.039203177167184036,                                    -0.29189440284180823,                             -0.012527483488215863,                             -0.012816245066107942,                                     -0.1625483229819145,                                      -0.590755702184574,                       0.456971527279864,                     0.07391880965309253,                0.3603284422224028,       -0.05537907445029408,        0.09978138342086254, -1768.607547062395,-3.6099923655796915,-1772.2175394279748,   0.01622986172937258
                                 -0.07514049124358498,                                  0.07900300439816524,                                         0.6853068133497391,                                       -0.04438219486360403,                                -0.0574696995928267,                                0.04041363066633277,                                       0.1523425432683864,                                     -0.10996976163308407,                                0.0313847252998011,                             -0.005444244887814947,                                     0.06322679026845723,                                     -0.3105915809404724,                             -0.014716106223033903,                             -0.011679547920707536,                                    -0.17894344403236173,                                     -0.5801275244999279,                       0.458116576500292,                      0.0740839632494855,                0.3614517377593499,       -0.05688996141922492,        0.09947765302218275,-1777.6004156357935,-3.5953242396727148,-1781.1957398754662,2.0172588151601434e-06
                                 -0.07586195888175429,                                  0.07605385052405683,                                         0.6812187011469596,                                       -0.10013012598359183,                               -0.05801149572813488,                                0.03366306581894721,                                       0.1676795869819332,                                     -0.14212681560378765,                              0.025458908715742523,                            -0.0028479254335518622,                                     0.04480096988041616,                                     -0.2972341742065951,                             -0.012527325421995777,                             -0.012625782720613238,                                    -0.18498502797393054,                                     -0.5878199992264647,                     0.45329845381756256,                     0.08557687415333508,                0.3602563330768524,       -0.05541721182070004,        0.09917650730307602,-1777.5332434551417,-3.5916842223957324,-1781.1249276775375,2.1574171628742016e-06
                                 -0.07568568248865552,                                  0.07682821025181494,                                         0.7195442148618635,                                       -0.05498598550839931,                               -0.08675793841640535,                               0.039368703610198785,                                      0.16482978841408388,                                     -0.14190695140255782,                               0.03166763140544426,                             -0.004290280738007482,                                     0.05154627598528072,                                    -0.21956758434633009,                             -0.012903069251121266,                             -0.011736512822975706,                                    -0.13513700987699206,                                     -0.6113447830919416,                      0.4541916230463306,                      0.0875498789082261,                0.3606417977994569,       -0.05281674713243663,        0.09997214119378114,-1777.0949127956474,-3.6670486496244865, -1780.761961445272,3.3442498481018566e-06
                                 -0.07573847637954233,                                  0.07759415573299361,                                          0.672977577241202,                                      -0.058975208835710155,                               -0.06332425962548349,                                0.02686138958647072,                                       0.1392953239850622,                                     -0.12204585628905436,                               0.03802180235963601,                             -0.001498826083448021,                                    0.012507637623214002,                                     -0.2958997090005966,                             -0.012141752968529027,                             -0.012742584838516535,                                    -0.16465524916098995,                                     -0.5846584004674604,                      0.4554725354829069,                      0.0787524148912046,               0.36033007871637457,      -0.053064601131711873,        0.09929145638219092,-1779.4989074191014,-3.2764772553628285,-1782.7753846744642, 3.021740159854557e-07
                                 -0.07588079835435811,                                  0.07707766231915433,                                         0.6965591586282743,                                       -0.07143215564409096,                               -0.08742762134601512,                                0.03838053867517016,                                      0.19779954642118092,                                     -0.16295678174852316,                               0.02768412705143719,                            -0.0016564383208662325,                                    0.017529323012765503,                                    -0.26936679152387016,                             -0.010761948460819709,                             -0.013243165300452497,                                    -0.15530898248639913,                                      -0.598653227981244,                     0.45367291810399873,                     0.08880610961354297,                0.3607854390922232,      -0.052731691549271924,         0.0991729836489956,-1775.2175682836264,-3.6142904465376238, -1778.831858730164,2.1858435689787084e-05
                                 -0.07771261257490417,                                  0.07686643621567382,                                         0.6880854716437101,                                       -0.07330568902001479,                              -0.061997375393917455,                                0.03562494493935048,                                       0.1410971620590613,                                      -0.1280299533610719,                               0.02295913077259111,                             -0.003400172128352988,                                     0.04395094581732561,                                     -0.3063137750612998,                             -0.013478277234499958,                             -0.012554571117864205,                                      -0.175814504075577,                                     -0.5969701646458235,                      0.4558478514197917,                      0.0850994848537309,                0.3620438088931196,       -0.05371734759952287,        0.09848287545208266,-1775.4494021197495,-3.5444579148527553,-1778.9938600346022,1.7335442126730615e-05
                                 -0.07704986501466807,                                  0.07682493619928732,                                         0.7022839734063706,                                       -0.08461907461835984,                               -0.07578468077511993,                                0.03743278925040569,                                       0.2078963015319123,                                     -0.12087793627536754,                              0.028714088548014938,                            -0.0008472434647774085,                                    0.005846027702478056,                                      -0.305676377406557,                              -0.01209870317551362,                             -0.012202995273435574,                                    -0.15409489495465786,                                     -0.5786489489741427,                      0.4539014876942178,                     0.09488344802619206,                0.3616984594248195,          -0.05108826972555,        0.09936959612002891,-1772.2334233307374, -3.580125326282528,  -1775.81354865702,0.00043213233514257873
                                 -0.07544754378005336,                                   0.0783256465706696,                                         0.6931370608379331,                                       -0.04809499755199329,                               -0.07186304668616854,                                0.03582902390599116,                                      0.15791316949543494,                                      -0.1687224284790317,                              0.033020669397779756,                             -0.002919433749431821,                                    0.008237373499934367,                                    -0.29775650884261784,                             -0.012456549903153494,                             -0.012019650118840985,                                     -0.1593916169438012,                                     -0.5772032666274193,                      0.4572396855369966,                     0.07292562069779024,               0.36094011732762576,       -0.05417450677338557,        0.09943773455249319, -1776.723490420461,  -3.53066288011784, -1780.254153300579, 4.848477717298846e-06
                                 -0.07639219310248394,                                  0.07700222463900397,                                         0.6962684698448184,                                       -0.07251178786165806,                               -0.06922387568629707,                                0.04261680432397724,                                      0.14870405821956098,                                     -0.13844395709486135,                              0.032019544901648156,                             -0.004217100170740257,                                    0.057880350780684875,                                    -0.27107726889436995,                              -0.01337694278398148,                             -0.011933416969976476,                                     -0.1656368969007047,                                     -0.6024357272939865,                     0.45590817396634037,                     0.07858946425387263,               0.36085981816017015,       -0.05471063701639459,        0.09896447753623268,-1771.2270804146283,-3.5997678431618367,  -1774.82684825779, 0.0011821319077159158
                                 -0.07489707245123844,                                  0.07719945044554943,                                         0.7149578908827914,                                     -0.0039041658968741013,                               -0.07721341488058446,                                0.04239297203858472,                                      0.18886725407853225,                                     -0.16983420891172937,                               0.03528087014587905,                              -0.00747826992894024,                                     0.03341050065771023,                                     -0.2773752366639364,                             -0.014537712339989031,                             -0.011252001493211122,                                    -0.14458738204714397,                                     -0.5828055162479622,                     0.45451351848821747,                     0.07207534038413645,                0.3590324982280888,       -0.05753220785035084,        0.09915965009206186, -1785.271753415891,-3.7763137569633476,-1789.0480671728544, 9.400305225112204e-10
                                 -0.07569797757605351,                                  0.07810609366148238,                                         0.6767119965705913,                                      -0.053307913541746695,                               -0.09746653138328007,                               0.049989061005190544,                                      0.24073216370061706,                                     -0.12407237571997158,                              0.033185961494373084,                            -0.0028561597215863987,                                     0.06349345224762402,                                     -0.2471006900570551,                             -0.013259597450307553,                             -0.012153863193926681,                                    -0.15610210735297558,                                     -0.5829327542217676,                     0.45504094696365993,                     0.08179527842740933,                0.3604039248883753,       -0.05242500150891554,        0.09967106856215337,-1776.3810148733323, -3.369218299889572, -1779.750233173222, 6.828741049973678e-06
                                 -0.07684043839225357,                                  0.07740647180642393,                                         0.7012423765517303,                                        -0.0658312986172748,                               -0.07174250060073281,                               0.026629120552323693,                                      0.16686809190027724,                                     -0.13674487195540228,                              0.038738310989637176,                             0.0027351223869717944,                                     0.02715363408024921,                                    -0.29920202246437466,                              -0.01246803401403851,                             -0.012087642818894712,                                      -0.174411391829924,                                     -0.5666726290544618,                     0.45605995427752144,                     0.08384063773874327,                0.3617228007459887,      -0.053193615162696765,         0.0995698407985531,-1769.6896041866626,-3.5175760030286116,-1773.2071801896911,  0.005500262056696926
                                 -0.07564754893520395,                                  0.07766026586925837,                                         0.6814019735625033,                                       -0.04959386927565401,                                -0.0612227865858583,                               0.027773474445340368,                                      0.16273557257911878,                                      -0.1332378800043014,                              0.028945664577544022,                            -0.0023533893845438247,                                    0.004604655890783841,                                     -0.2908919562521813,                              -0.01391427867869105,                              -0.01234655143736818,                                     -0.1659581901856315,                                     -0.6013086686391305,                       0.458273010999726,                     0.07225765799891079,                 0.360723525835511,      -0.058426079982300295,        0.09989637730108078,-1771.8760414606975, -3.724470911816225,-1775.6005123725138,  0.000617768469675427
                                 -0.07568104999472788,                                  0.07632044091751217,                                         0.6811144904354087,                                       -0.09083580027021691,                               -0.08860372301078304,                               0.048166928285828525,                                      0.18606284995299083,                                      -0.1491187996427604,                              0.034484622560432526,                            -0.0038346036465271294,                                     0.09257158818469786,                                    -0.26077781888399515,                             -0.011959918441418915,                             -0.013037067929055943,                                    -0.15785497276710303,                                     -0.5984291534834377,                     0.45042982054550784,                     0.09292904033549315,                0.3595703178744546,      -0.053050725545223595,         0.0984569004999541, -1775.432417320095,-3.4328588833083113,-1778.8652762034033,1.7632395849096974e-05
                                 -0.07435610179437205,                                  0.07694701087834735,                                         0.6557911212893192,                                       -0.06868693570709543,                                -0.0828665346610879,                               0.037113213939244466,                                      0.16914245388254232,                                     -0.15538895980224263,                              0.031876289251815515,                             -0.004432206977111691,                                     0.04917513261410373,                                    -0.25944558811532914,                             -0.011873188916165928,                             -0.013042883617253531,                                    -0.15795986166322568,                                     -0.6186512525682347,                     0.45450984145901613,                     0.06642107340768326,                0.3582242731664958,      -0.060672128607784225,        0.09846897060683038,-1772.8805156866374, -3.567598657236711, -1776.448114343874, 0.0002262497588635082
                                 -0.07510736394721887,                                  0.07842551670744544,                                         0.6998258391681224,                                         -0.041587624434194,                               -0.07566142355977558,                               0.033158627662538465,                                       0.1907225445680727,                                     -0.14000419950098908,                              0.038235344651746384,                             -0.002392043246632211,                                     0.03913643354450786,                                    -0.29370803205778134,                             -0.012965084702427049,                              -0.01254927466891051,                                     -0.1585646579320041,                                     -0.5772026034737233,                      0.4548352028722671,                      0.0875017834194091,               0.36095488511794693,       -0.05312954330805502,         0.0999855500318646,-1773.1122988758852,-3.5873736360720025,-1776.6996725119573,0.00017944277009462596
                                 -0.07497339741411946,                                   0.0764659188225735,                                         0.7078955435003506,                                      -0.059639471298348345,                               -0.06591686177551705,                               0.041987992602252444,                                       0.1944635898863683,                                     -0.16111486934390576,                               0.02711656139776447,                             -0.007593151410527438,                                     0.04828926293454328,                                     -0.2871767776049446,                             -0.014018198647749766,                              -0.01213243751823824,                                    -0.16649682814763794,                                     -0.5995316889033036,                     0.45297902759083347,                     0.08498932182945207,               0.35931818639734847,       -0.05505351410473924,        0.09982231519178024,-1770.9278622848858, -3.881553502753945,-1774.8094157876396, 0.0015944640158644782
                                 -0.07438242786885216,                                  0.07816486723225738,                                          0.681482617575336,                                       -0.06748716019712714,                               -0.07210529943697454,                                 0.0447146230223501,                                      0.17026258332746616,                                     -0.15516913186130946,                              0.021943372773669603,                            -0.0032232580600363714,                                     0.03040631856071836,                                      -0.300003982662669,                             -0.012271882684553453,                              -0.01267662644609191,                                     -0.1586006721308865,                                      -0.578181776887686,                      0.4564550714719087,                     0.07366666658505401,               0.35972748085036477,      -0.054150467835445824,        0.09994231436778113,-1774.8223638324178,-3.4939640608428384,-1778.3163278932607,3.2452950742960014e-05
                                 -0.07564116496242454,                                   0.0777018544889051,                                         0.7149929463880885,                                       -0.05331503390233296,                               -0.07579089214838342,                               0.027748935234398975,                                       0.1638370810934977,                                     -0.15141338961626297,                               0.03269926958694164,                              0.000854763225700772,                                    0.025529274925725702,                                     -0.2803131853777959,                             -0.012073704661549917,                              -0.01294488085889764,                                      -0.161928741867825,                                     -0.5877823709534219,                     0.45471521360808276,                       0.089097766583057,                0.3613021001043038,        -0.0549514635342918,        0.09928451311412222,-1770.8922249253064,-3.7247305005811095,-1774.6169554258875, 0.0030970269979304944
                                 -0.07534233641960288,                                   0.0773645912067644,                                         0.6723985131277848,                                       -0.04455121363879296,                               -0.08029551771876328,                               0.044743712726252965,                                       0.1808142748803839,                                     -0.14547700935586227,                               0.02619251080415208,                             -0.005546376154299662,                                     0.05855036684061004,                                     -0.2943663996950168,                             -0.012969460447220457,                             -0.012009366562615448,                                    -0.17558629348098445,                                     -0.6153611572063288,                     0.45737987218443055,                     0.07525880747283516,               0.36037989019688105,      -0.058750328254564374,        0.09992207776193833,-1775.3712258336454,-3.8608254174761787,-1779.2320512511217,3.5134972046538956e-05
                                 -0.07563898188334575,                                  0.07692970654739881,                                         0.7036961880961028,                                       -0.04807803628216694,                               -0.08180822660364775,                               0.048588253286607846,                                      0.20457801176937823,                                     -0.12293769415567568,                              0.020312578979184884,                             -0.005683853362082686,                                     0.06190419185346048,                                     -0.2698752363206093,                             -0.013667892050721955,                               -0.0126359887213474,                                    -0.16083211395669123,                                     -0.6108453129809941,                      0.4524395573795864,                      0.0821485711626442,               0.35954070495007234,      -0.055432001706566814,        0.09813585225119359,-1769.3277099406562,-3.7236720175584126,-1773.0513819582145,  0.014804891057746863
                                 -0.07628528520146638,                                  0.07704207915937633,                                         0.7098294380931656,                                       -0.02414203790486437,                               -0.07893931194709822,                                0.05358355310704532,                                       0.2432299430208678,                                      -0.1933428971130191,                              0.028508341308689733,                             -0.010669204954835074,                                    0.041634154776891766,                                    -0.26536413718087754,                             -0.013994490564171735,                             -0.011910318662515448,                                     -0.1376432469614742,                                     -0.5668969459190999,                     0.45714814935342263,                      0.0802687788990109,                0.3611343468478624,       -0.05562982365647878,        0.09991805534113121,-1773.8189688028885, -3.787475620898035,-1777.6064444237866, 0.0001659114180627055
                                 -0.07655173435612583,                                  0.07758295753222408,                                         0.7212097233566432,                                       -0.03694257599657645,                                -0.0709650031482542,                                0.04617635197442896,                                       0.1547222823287128,                                     -0.13578934392942105,                               0.03722485367999889,                             -0.007057027103866534,                                     0.09280675598570952,                                     -0.2512098240410772,                             -0.013438518698168075,                             -0.011947239912537017,                                     -0.1512834693829443,                                     -0.5806460645906668,                     0.45731329276794747,                     0.08255387830897444,                0.3617305459229411,       -0.05385250355121315,        0.09942465958985551,-1766.8294790165226,-3.6021518535661703,-1770.4316308700888,  0.013641608452986167
                                  -0.0760188184585604,                                  0.07807099430871986,                                         0.7027536762986519,                                       -0.05897102537506629,                               -0.08875672449607586,                                 0.0420027879543001,                                      0.20569762218540943,                                     -0.10993373967285433,                               0.03872537035135393,                            -0.0018768608703784162,                                      0.0583101334258001,                                    -0.24852295337128316,                             -0.012886258563697822,                             -0.011815630313874462,                                    -0.15534334998109436,                                     -0.5795690163447739,                      0.4559779022135233,                     0.08834131456210469,               0.36185133122069113,      -0.053233250652538325,        0.09973793033994172,-1769.5828334460798,-3.4947094621417714,-1773.0775429082216, 0.0008691584256622999
                                 -0.07594321278144446,                                  0.07633966213694443,                                         0.6906090770828412,                                       -0.07706867685006706,                                -0.0770234088308266,                               0.040178377206794985,                                      0.16640457427215627,                                     -0.17728503216302163,                               0.03840591128773202,                            -0.0055657790146471375,                                     0.06969513529584646,                                     -0.2698200103013653,                             -0.014225908026291048,                             -0.011803175322404186,                                    -0.15578018826399795,                                     -0.5550008928318013,                      0.4530882825091525,                     0.08405586372397275,               0.35971118797779594,      -0.054261841490508285,         0.0989447559609884,-1769.9993798094777, -3.308006799194224,-1773.3073866086718, 0.0005730534843383095
                                 -0.07631377036463655,                                   0.0766739792382497,                                         0.6746400686634562,                                       -0.05311741470758048,                               -0.08572053810092223,                                0.05268431149659508,                                      0.19656398118666107,                                      -0.1514511789653763,                              0.023925935193894604,                             -0.005568024205170802,                                    0.061024317386025664,                                      -0.274653338379839,                             -0.013155022945857603,                              -0.01161218577204605,                                    -0.13718005611436435,                                     -0.5788414356119701,                     0.45640542404033596,                     0.07319202225761777,               0.36025311534871235,      -0.057751755550682085,        0.09868919221786593,-1768.3219050213054,-3.4307264802147257,  -1771.75263150152, 0.0030669959433471923
                                 -0.07558400911034627,                                  0.07815487144139743,                                         0.6960820833714598,                                      -0.007427541422002149,                               -0.08998858672411687,                               0.046230441101118236,                                      0.23256960463574453,                                       -0.139136457241869,                              0.028606239206159734,                            -0.0014008944705478088,                                     0.04207141406678846,                                    -0.24849497671391121,                             -0.013036642730141296,                             -0.012372087576319302,                                    -0.14912677044661093,                                     -0.5966579692635285,                     0.45820278887097954,                     0.06712057011842647,                0.3603652631799128,       -0.05736789485343898,        0.09907676328739237,-1767.0349939791627, -3.711039327401705,-1770.7460333065644,  0.011107378359859218
                                 -0.07580934092187787,                                   0.0770362835936356,                                         0.6748380728429516,                                       -0.10080456325377193,                               -0.06285428033647984,                               0.042538723757240604,                                      0.15849845290860443,                                     -0.15925962770248658,                                0.0304139496406316,                             -0.006965364342593178,                                    0.042047650327415864,                                     -0.2917911830085521,                             -0.014396061537280347,                              -0.01142752878525835,                                     -0.1496547913866653,                                      -0.564434769779165,                       0.451557654690307,                       0.095810953509439,               0.36055896412364763,      -0.053995694687147947,        0.09918053222690888,-1775.9660396070967,-3.2763185130594943,-1779.2423581201563,1.4686142302285299e-06
                                  -0.0763489997884724,                                  0.07737737435946834,                                         0.6824312619463536,                                       -0.07507863876939368,                               -0.08229694408237134,                               0.050939195597565795,                                      0.20385482671925362,                                     -0.15585367168228223,                               0.02253503197149051,                             -0.006636900354186098,                                     0.08302856215349201,                                     -0.2632240515432775,                              -0.01356522475437097,                             -0.011607430161022739,                                    -0.15005539926590286,                                     -0.5858193305325226,                     0.45526467054312403,                     0.08758276172698137,               0.36173741282183036,       -0.05476025919850346,        0.09927585581949493,-1770.2504425890393,-3.5216861720285038,-1773.7721287610677,  0.000445820441624566
                                 -0.07530181084385139,                                  0.07774037044589718,                                          0.716996346803856,                                       -0.03974448584341392,                                  -0.06425438452245,                                0.04659134599577955,                                      0.18759227845768164,                                      -0.1410023662774645,                              0.030503584739003525,                             -0.007159265100242132,                                     0.05963052026191865,                                    -0.31460147828234064,                             -0.013599970915749021,                             -0.012043895936090662,                                     -0.1572037782742087,                                     -0.5653389428022406,                     0.45214771971937756,                     0.08756849149622134,               0.35976360528064044,      -0.049980806045312874,        0.09915329201899359,-1772.5830274619093, -3.543626884850734,  -1776.12665434676, 4.326445515746294e-05
                                  -0.0768322770949327,                                  0.07626999159582024,                                         0.6966964463512095,                                       -0.10532856344037034,                               -0.07920891504479606,                                0.05186610476141512,                                      0.20295529313887825,                                     -0.13035564287988025,                               0.02667028689359005,                             -0.006872467068028215,                                    0.062381101514166926,                                     -0.2624702826983577,                             -0.013582769741246309,                             -0.011401077735948284,                                     -0.1460929470238359,                                     -0.5712393648870224,                      0.4532531339639277,                      0.0984940364326072,                0.3617982018224224,       -0.05344790774983855,        0.09951901738683634, -1767.953230770047, -3.472335664461106, -1771.425566434508,  0.004434313506046396
                                 -0.07607690714361344,                                  0.07701713797356205,                                         0.7411839333062551,                                       -0.05885485322188119,                               -0.08541663525514041,                                0.03516547457700528,                                      0.18143703391319482,                                     -0.11456757077229776,                               0.03770515931612489,                            -0.0006199104254275972,                                    0.054005752673355514,                                     -0.2588041358260398,                               -0.0124645327527418,                              -0.01292658165570941,                                    -0.16246624811638183,                                     -0.5803641733146953,                      0.4524239812723348,                     0.09290595971727739,               0.36094976675978474,      -0.052816445464193854,        0.09904909930162203,-1769.4913909200538, -3.720190864847513,-1773.2115817849015, 0.0009523836455984854
                                 -0.07631849419725846,                                  0.07697636225844703,                                         0.6850224880660352,                                        -0.0667901473468119,                               -0.09945963833240251,                                 0.0475101917479632,                                      0.21556871323242113,                                     -0.11405171008411033,                              0.024765323341961173,                            -0.0004307957717878397,                                    0.054132822077003415,                                      -0.233411017920438,                             -0.013085200681377113,                             -0.012266181022272032,                                    -0.14455003201218578,                                     -0.5936480725648786,                     0.45515928199976996,                     0.08668481085889476,               0.36105770744918175,      -0.053267072053916155,        0.09997505828905384,-1765.8758934957873,-3.4281009325091163,-1769.3039944282964,   0.03539993868129885
                                 -0.07603831633952199,                                  0.07662593666005599,                                         0.7218876393209835,                                       -0.04090034836670222,                               -0.06023287997806321,                                0.03853852089406856,                                       0.1955110504643389,                                     -0.12511431975933607,                               0.02282808432055164,                            -0.0039556506071953546,                                    0.008476575709642956,                                    -0.30489996307964645,                             -0.013469700739134977,                             -0.011937835956064749,                                    -0.15672992233267133,                                     -0.5708357369012677,                      0.4543022818595588,                     0.08824631084952546,               0.36083641928295174,       -0.05322174525141497,        0.09976588542633646,-1771.5238012053683,-3.7208034059793387,-1775.2446046113475,0.00012478068263457157
                                  -0.0754517361738225,                                  0.07735973959149917,                                          0.690516042142096,                                      -0.054558003473051134,                               -0.07545125885093211,                                0.04248769038958966,                                      0.18396118883993828,                                     -0.13084448778978597,                              0.025966755389147278,                            -0.0032907292857746323,                                    0.041989254376125384,                                    -0.26682165916290024,                             -0.012862244568695252,                             -0.012260741639698355,                                    -0.13517997196465595,                                     -0.5860588250603255,                      0.4528664492492482,                     0.09051058526571086,                0.3602917164919034,       -0.05317091383621574,        0.09897571078956724,-1769.8219488025989, -3.357394119718545,-1773.1793429223173, 0.0006843093354099532
                                  -0.0761810339174768,                                  0.07627858298821108,                                          0.673765927154368,                                       -0.07420523975879466,                               -0.07246592390092653,                                0.05322590557298654,                                      0.20395603065744775,                                     -0.17477538364319667,                               0.02481353780617364,                              -0.00892358756555428,                                     0.06807550188532692,                                     -0.2861722212220996,                             -0.013629132848518605,                             -0.011593882889930768,                                    -0.14329151680460744,                                     -0.5543658893934005,                      0.4553221457577606,                      0.0821073817739698,               0.36039470050538763,       -0.05652233204588857,        0.09941192478195035,-1769.0455871397653,-3.3989543470353065,-1772.4445414868005, 0.0014873803883236807
                                 -0.07499896286096516,                                  0.07749982616495013,                                         0.6705982494498215,                                       -0.06627235764186457,                               -0.08593498252024961,                               0.041014017758954996,                                      0.18986865267918498,                                       -0.142568534790363,                               0.02330377757172994,                            -1.585510636931131e-05,                                    0.045396425246117894,                                     -0.2507913839556234,                              -0.01213396832524817,                             -0.012821148681069067,                                    -0.16492660775047305,                                     -0.5941336493709108,                     0.45637746372857607,                     0.07248934501972856,                0.3598614116558968,       -0.05647190078944997,        0.09934880952692308,-1767.4922876114042,-3.4415614449812857,-1770.9338490563855,  0.007030908802457867
                                 -0.07612591788418642,                                  0.07758292379511073,                                         0.6892891522264839,                                        -0.0540351302839818,                               -0.06198348843348864,                                0.02739550646263375,                                      0.14825516075523607,                                     -0.14482677898186286,                              0.033785469721837075,                             -0.001526817763181601,                                     0.01220278627576646,                                    -0.28042264339660194,                             -0.014089886784797973,                             -0.011850363689175442,                                    -0.16631260065757406,                                     -0.5876130921236559,                      0.4556524589873587,                     0.08600889429378632,               0.36118020790199223,      -0.052108578385591305,        0.09949174717023868,-1771.2707721105226,-3.4120551976621862,-1774.6828273081846,0.00016070763013275837
                                 -0.07520367096208841,                                   0.0776370727998246,                                         0.6793609376476465,                                      -0.040314190986824455,                               -0.09885570196733058,                                0.04582222982713938,                                      0.19356894421728935,                                     -0.18609578420978437,                               0.02549652583044476,                            -0.0022059763558423956,                                     0.05763439362196441,                                     -0.2439300840345395,                               -0.0128981952878999,                             -0.012471183352739196,                                     -0.1402356163183797,                                     -0.5843106986960234,                      0.4559458303122692,                      0.0747096369349928,                 0.360135817150079,       -0.05575553593958312,        0.09939091763159817, -1770.440881667388,-3.4380752314347576, -1773.878956898823, 0.0003685134444973456
                                 -0.07682471796851403,                                  0.07575793047006896,                                         0.6904627822011306,                                       -0.10205557670863562,                               -0.08934311967248715,                                0.04416413707970632,                                       0.2112779515155009,                                     -0.14119463746409763,                               0.02380438062352548,                              -0.00438785055000547,                                     0.04782046826587418,                                    -0.24477154206070306,                             -0.013393332101444722,                             -0.011970147453859131,                                     -0.1450174173843967,                                     -0.5823411194169686,                      0.4533271664093701,                     0.09624340097480263,                0.3613684240631426,       -0.05237466205561314,        0.09990736962616317,-1770.3015412316154,-3.4516945054639843,-1773.7532357370794,0.00042361186833619435
                                 -0.07654350014772875,                                  0.07674655105964243,                                         0.6862054271398392,                                       -0.07639554850793033,                                -0.0752760884913047,                                0.04135906730284203,                                      0.18742611876322213,                                     -0.12447195757224719,                              0.025078898259190435,                            -0.0012833352639464168,                                     0.06235533343532573,                                     -0.2830448879838018,                             -0.012275122231113378,                             -0.012642065244902773,                                    -0.16706689129656857,                                     -0.5814387844640329,                      0.4517311383834053,                      0.0921229211281107,                0.3605350607977184,       -0.05157399531478691,        0.09849978781571733, -1770.044322242943,-3.3344875939822045,-1773.3788098369253,   0.00054786922600809
                                  -0.0758582139874058,                                  0.07787935859999051,                                         0.7112798908445191,                                      -0.010897771016487826,                               -0.08632878647512009,                               0.040114825993605385,                                      0.19113214218095298,                                     -0.11420540300101611,                                0.0360375068893673,                            -0.0023446295637700176,                                    0.059654115984849154,                                     -0.2612327136141434,                             -0.013677442012788435,                               -0.0119091309557324,                                    -0.16752148258382804,                                     -0.5798630611309518,                      0.4560828962649993,                     0.08130469088329714,                0.3608912008164098,      -0.054435645274937924,        0.09969439356097576,-1767.0267600300358,-3.6037483212188186,-1770.6305083512545,  0.011199213512341806
                                 -0.07378945762223675,                                  0.07870434845329508,                                         0.6735568327517132,                                       -0.02451239038568014,                               -0.08352451453716028,                                0.04847351716988876,                                      0.17616014605792144,                                     -0.14787983062232493,                              0.025130142034282016,                             -0.007128833384908134,                                      0.0724329626468193,                                     -0.2727437416591206,                             -0.013822441063853136,                             -0.012091810250436236,                                    -0.15231651219472206,                                      -0.593361938937605,                      0.4593249841319508,                    0.058670022892998774,               0.35931021810413755,      -0.061651658549383336,         0.0999939876546745,-1770.5991872769155,-3.7176687438438805,-1774.3168560207594, 0.0003145589773251677
                                 -0.07595379770987266,                                  0.07689336049475057,                                          0.692527409387537,                                       -0.07033091948419533,                                -0.0807078601262559,                                0.04657655662086066,                                      0.20291094809572102,                                     -0.15827905235809214,                               0.03220163739190829,                             -0.007270387499805894,                                     0.04848390384655575,                                    -0.26824023254976875,                              -0.01301969532531666,                             -0.011721950979636644,                                    -0.14253423825481693,                                      -0.551479440893116,                      0.4537025560242746,                     0.08798766806323376,                0.3605285344014717,        -0.0548656549019369,        0.09889860616791145,-1768.1690378775615, -3.324372887820583,-1771.4934107653821, 0.0035735721801379615
                                 -0.07675387711187717,                                  0.07617667929335045,                                         0.6872087042720766,                                       -0.08431902128533261,                               -0.07688309797950246,                                0.03517668095939669,                                      0.19558824432340607,                                     -0.14699890386177655,                              0.035159442127739665,                            -0.0012968582826336505,                                     0.04298385399528089,                                     -0.2567349729472293,                             -0.013665995618236504,                             -0.012481281811975636,                                    -0.15880034449985114,                                     -0.5626498671027019,                     0.45260187332076685,                     0.09533760066902577,               0.36094311428363623,      -0.052062844465931575,        0.09970736603605791,-1773.9235246768394,-3.2802948376247474,-1777.2038195144642,1.1322978832459967e-05
                                 -0.07718515822550309,                                  0.07711818594804667,                                         0.7061942019870145,                                       -0.08216780823878257,                               -0.09317051906575986,                                0.05267784836086617,                                      0.22807531392242075,                                     -0.14852852720227214,                              0.028088846575188953,                             -0.003202406686042533,                                       0.051012572005137,                                     -0.2590730552205649,                             -0.012014994337996535,                             -0.012388049796560247,                                    -0.12845096996630198,                                     -0.5766938005999671,                      0.4559632785759407,                     0.09576138808184484,                0.3628224855878303,       -0.05237727463014667,         0.0999487399414835,-1768.2073967516988, -3.611889103486542,-1771.8192858551854, 0.0034390897611690004
                                 -0.07599783439447569,                                  0.07685253602456993,                                         0.6813996452418497,                                      -0.030097625397575684,                               -0.05935453382176403,                               0.038461959791734474,                                      0.15472253786035228,                                     -0.14964172879536608,                              0.017277199637384305,                             -0.004816697194188396,                                    0.023707976660415773,                                    -0.29076216412356537,                             -0.013022413193185603,                             -0.012616670065801389,                                      -0.167762985094097,                                     -0.6043523104682651,                      0.4561063172420142,                     0.07499679264006905,                0.3599309773583892,       -0.05539641562441899,        0.09993137284980097,-1768.0917749410269, -3.632625244971416,-1771.7244001859983,  0.003860623283041185
                                 -0.07622806527985453,                                  0.07699178370578527,                                           0.68874111231374,                                       -0.05157337697239484,                               -0.09264749532760785,                                0.04771928285711294,                                      0.20325716948581818,                                     -0.12867702667165357,                               0.01933709344027637,                            -0.0035826870139171324,                                    0.029569467363627828,                                     -0.2532745105440117,                              -0.01276541560659214,                             -0.012315832685835332,                                    -0.14049926474182614,                                     -0.6281844809570323,                     0.45645791667429664,                     0.08188110144912794,                0.3609200209621819,       -0.05388762770308121,        0.09995783564806006,-1768.6081846246839, -3.731251329024565,-1772.3394359537085, 0.0023034752459874623
                                  -0.0755494783041803,                                  0.07679032472655073,                                         0.6936814504867654,                                       -0.05025801641545817,                               -0.09511955791045805,                               0.039726747349300096,                                      0.19807115764113128,                                     -0.15266164072764796,                               0.02848956732123359,                           -0.00015372011566591737,                                     0.06075614200041405,                                    -0.25350782295463725,                              -0.01162985244573353,                             -0.013194514537699348,                                     -0.1598375789802607,                                      -0.593221877909385,                     0.45280710376374983,                     0.08407604191311654,                0.3593765583013376,       -0.05204882574199627,        0.09912250042181171,-1767.0468827240343, -3.463675831196076,-1770.5105585552303,  0.010976107441747285
                                 -0.07613858608213012,                                   0.0768825243279821,                                         0.7044973495736372,                                       -0.03290883829241297,                               -0.08563014176365731,                                0.04319411914746732,                                      0.17063172701570675,                                     -0.14020653376640008,                               0.03335532208836814,                             -0.005189440760555081,                                      0.0657104517353168,                                     -0.2577268947836371,                             -0.012839810930025564,                             -0.012185782059204203,                                    -0.15407596520010194,                                     -0.5875496129897044,                     0.45686177221910435,                      0.0811285970840978,                0.3611030114772206,      -0.055145069846138484,        0.09969325792008782,-1767.2214296281422, -3.602209030846281,-1770.8236386589886,  0.001120133165772384
                                 -0.07437803694672646,                                    0.078357122740879,                                         0.6761765520631409,                                       -0.01800912955829068,                               -0.07701025271344769,                                 0.0447528437886644,                                      0.17988683702240327,                                     -0.15382769583510206,                              0.028212405368001542,                             -0.007136836889434811,                                     0.08755437637595026,                                     -0.2686359464245675,                              -0.01439678693111568,                             -0.011620052669960829,                                     -0.1631553810938406,                                     -0.5791119737930416,                      0.4578868313060761,                     0.06621726553559959,               0.35929988794302453,       -0.05903216162623488,        0.09993422998171218,-1770.1126572617266,-3.5741353987542372,-1773.6867926604807, 6.217638228739131e-05
                                 -0.07661253438615556,                                  0.07616905131134794,                                         0.7398717341002925,                                       -0.09053760582502779,                               -0.06738226725405688,                                0.04664102135563955,                                      0.17345601040519107,                                      -0.1515394961825961,                              0.026055122543677756,                             -0.006122994597297843,                                     0.03676601553208424,                                    -0.28126173232795765,                             -0.013094484506001453,                              -0.01165999475123669,                                    -0.13807118402890847,                                     -0.5768739541234027,                      0.4515535839407816,                     0.10243233568304713,                0.3613423582565372,       -0.04963040984264994,        0.09925618803607841,-1770.3871329152248, -3.691570425360796,-1774.0787033405857, 4.725221674842336e-05
                                 -0.07578677294054342,                                   0.0774765107242498,                                          0.689284471916166,                                       -0.03013266626848984,                                -0.0809864737411477,                                0.04072190855679109,                                      0.21798917854602096,                                     -0.14397861176031185,                               0.02405303535570376,                            -0.0031863556200584647,                                     0.04759761685545339,                                     -0.2763060484971473,                             -0.011733145834967165,                              -0.01297490654701558,                                    -0.15638821723074853,                                      -0.598585930032353,                     0.45776598616229364,                      0.0731258062869469,                0.3605321565067135,      -0.055929768447646584,        0.09970451581821084,-1767.4574114101051,-3.7359884350859898,-1771.1933998451912, 0.0008846756434650893
                                 -0.07525827880584329,                                  0.07772527539483107,                                         0.6971701515251761,                                      -0.057136590193598874,                               -0.07780250217782704,                                 0.0471998881909744,                                      0.18780614885454874,                                     -0.12690262770226943,                               0.03284970548096369,                             -0.006145840241003675,                                     0.07792880327341152,                                    -0.28467297046307743,                             -0.013444126652484858,                             -0.012023171921940315,                                    -0.13954288489501956,                                     -0.5738952386995647,                     0.45548844013098444,                      0.0814218918194188,                0.3603672005744988,      -0.055902350007622434,        0.09940751836171098,-1771.8652811449592,-3.5474629613386255,-1775.4127441062979, 1.077632219975256e-05
                                 -0.07663353006326004,                                  0.07652644495948749,                                         0.6800551266811589,                                       -0.09890516064026666,                               -0.07238247596830782,                                0.04434863880543197,                                      0.19076711821595893,                                     -0.16119316705868794,                               0.01823583323522518,                             -0.006429984781832654,                                    0.034488348844650366,                                     -0.3005946958941957,                             -0.014459779718500196,                             -0.012262809772873043,                                     -0.1626268432852828,                                     -0.6076806554330466,                     0.45435929441915635,                     0.08657629743344013,                0.3610141999158009,       -0.05471802801652622,        0.09967168877296971, -1775.409247961232, -3.772899469850235,-1779.1821474310823, 3.114191646828167e-07
                                 -0.07498191894879137,                                  0.07830882458070734,                                         0.7036442901224295,                                     -0.0033399865703386757,                               -0.06650424652878362,                               0.036536259472065874,                                      0.15642185222977303,                                     -0.14705935100255152,                              0.029180477775379465,                             -0.003915797654989353,                                     0.04179331878589964,                                    -0.29553532621948425,                             -0.012498236201383281,                              -0.01267201724730567,                                    -0.15591696340541553,                                     -0.5838891592514595,                      0.4594070960090941,                     0.06304648486239138,                0.3602735884102771,       -0.06090885435029796,        0.09954004191610132,-1766.3757812417489,-3.8527546414411082,  -1770.22853588319,  0.002609336469174304
                                  -0.0750990993546768,                                  0.07763407050842291,                                         0.7269765052617843,                                      -0.042326450370773525,                               -0.06738040234303383,                                0.04344610427940024,                                      0.16964632958486203,                                     -0.14910088706167426,                                0.0240937758833141,                             -0.006432422114840769,                                     0.04268895453662873,                                     -0.2728120757952362,                             -0.012929393824747323,                              -0.01215330754532741,                                    -0.14776408853968326,                                     -0.6042053701599598,                     0.45692085229897905,                     0.07964732841169656,                0.3609239247776037,      -0.055407939097571614,        0.09976567836160104,-1768.6084307383953, -3.939413020009804,-1772.5478437584052, 0.0002798354480781486
                                 -0.07561133835169835,                                  0.07685909578406219,                                         0.7058464154878634,                                        -0.0501108350647061,                               -0.09628878732460193,                                0.05695608467876445,                                      0.23790915189167364,                                      -0.2016133999159745,                               0.02632283445682615,                             -0.007732157041440368,                                     0.05870887412885843,                                     -0.2519700391832024,                             -0.013309452183237369,                             -0.012520134883844208,                                    -0.12658532850682402,                                     -0.5841299767270475,                      0.4535415149964683,                     0.07655798429579762,               0.35957643575806003,       -0.05557869914766766,        0.09848468366747774,-1777.3907757682543, -3.706941238043591, -1781.097717006298,4.2931764968685375e-08
                                 -0.07612252380982325,                                  0.07702796876270615,                                         0.6709126469347625,                                       -0.05566820679162047,                                -0.0799206491608383,                                 0.0512295300470742,                                      0.18829907521438935,                                     -0.16157682240269833,                               0.02451319092040552,                             -0.007027679256788905,                                     0.04863025360263698,                                     -0.2736639202561912,                             -0.014412903673409153,                             -0.011514648718955495,                                    -0.14176855734404817,                                     -0.5966360442322579,                      0.4567920426654422,                     0.08416894286369767,                  0.36134900616402,        -0.0558085455097791,        0.09978173169347919,-1772.1717204820677,  -3.53644397262134, -1775.708164454689, 7.932053863613602e-06
                                 -0.07663612229471163,                                    0.076420042888897,                                         0.6671553824676207,                                       -0.09011138689893129,                                -0.0962703062079848,                                0.04862047411349915,                                      0.21523525737276578,                                      -0.1553893433182837,                              0.027290856396694985,                            -0.0026920264949410744,                                     0.07071973708815049,                                    -0.23209594867252797,                             -0.012458643876405606,                             -0.012497406618556889,                                    -0.14196812530614297,                                     -0.5870698090142378,                     0.45826588650854305,                     0.07284432999963007,               0.36078237516680106,       -0.05885729041430315,        0.09946140964652486,-1768.9445755328622,-3.5062154296931567,-1772.4507909625554,0.00019994792357393035
                                 -0.07543575475600693,                                  0.07659862428690384,                                         0.6578154081840409,                                       -0.05910523049723228,                               -0.09614256901683588,                                0.04593392833370796,                                      0.22900435624075605,                                     -0.13858923520831315,                              0.026405453330789808,                            -0.0006681915418278866,                                     0.05218318117791951,                                    -0.23045387220067512,                             -0.012741736945402413,                             -0.012336638960182791,                                    -0.14324217031741143,                                     -0.5948093241906313,                     0.45723136777140433,                     0.06781568816856685,               0.35936033108716803,       -0.05807824679929961,        0.09973365222376313,-1765.4306407602703,-3.4264033460346086, -1768.857044106305,  0.006714278942713311
                                 -0.07627004503938108,                                  0.07693740395918716,                                         0.6771193406404612,                                       -0.08234916176614533,                               -0.07088203664701503,                               0.049857924110215945,                                      0.19688724262948495,                                     -0.14685956564603278,                              0.021197018916757696,                             -0.009038476091383224,                                     0.03439681097614834,                                     -0.2809026511627549,                              -0.01529137908144354,                             -0.011240724460605575,                                     -0.1602386265191436,                                     -0.5980286410438048,                      0.4565735381954884,                      0.0827662937197636,               0.36109828896661134,      -0.055968326240120804,        0.09994135387311165,-1774.1535292183273, -3.663772577202475,-1777.8173017955298,1.0931935391803345e-06
                                 -0.07610064756125326,                                  0.07701785747249562,                                         0.6734459458363814,                                       -0.06342047555154837,                               -0.09441425089502413,                               0.051774416038552595,                                      0.21414089306439424,                                      -0.1494295661420615,                               0.02712011096899042,                             -0.005020080313417982,                                     0.08027666463805774,                                    -0.24450213113410668,                              -0.01442021012387705,                             -0.011680531300234998,                                    -0.14839807635117674,                                      -0.575917619714912,                      0.4545024610748287,                     0.08921561207627518,                0.3609039521496954,      -0.053507970460705295,        0.09947680100806511,-1766.5285621597297,-3.3021769389757085,-1769.8307390987054,  0.002239639789468093
                                 -0.07697940243185342,                                  0.07714152435293783,                                         0.7092866160072767,                                        -0.0726820295378045,                               -0.09553251490412447,                               0.047171761678368174,                                      0.22438016302945188,                                     -0.15589290151264487,                              0.027066605175502273,                            -0.0053382305548657916,                                     0.07128413209538943,                                     -0.2416832367180914,                             -0.014008288720085485,                             -0.012078614173737068,                                     -0.1561890966309978,                                      -0.607880756419367,                      0.4567825382230387,                     0.08672742977404241,                0.3620131729646633,       -0.05181855761493484,         0.0997633534212219,-1764.8099861328858,-3.8070524374898254,-1768.6170385703756,  0.012489534723307764
                                 -0.07513144854305345,                                  0.07684340160180944,                                         0.6811499717872394,                                       -0.03736310544101096,                               -0.08357474839449502,                                0.04895442822333171,                                      0.21125532453743057,                                      -0.1494296068489927,                                0.0357253993317293,                              -0.00932772002592111,                                     0.06948844392642137,                                    -0.27923508707585226,                             -0.013982906599799394,                             -0.011735927249717323,                                    -0.15416955474669933,                                     -0.5707628564944517,                      0.4572090650552014,                     0.06748364203789872,               0.35916645104447875,      -0.058582610087204515,         0.0997961142235678,-1771.1454094412427,-3.5960715622724253,-1774.7414810035152,2.2136394016499416e-05
                                 -0.07638353784420979,                                  0.07616644633283642,                                         0.7018542209469019,                                       -0.09785843019861544,                               -0.06595465302908646,                                0.03966727934530215,                                      0.18270366388004392,                                     -0.15032483187247211,                               0.02680765922518777,                             -0.006634856046632651,                                     0.01081019419879356,                                      -0.283501446898756,                             -0.013383156263019585,                             -0.012234680269162454,                                      -0.160607049449466,                                     -0.5819359858881125,                      0.4534496672193545,                      0.0953015659599062,               0.36114795671989464,       -0.05212455440334954,        0.09959971182203084,-1767.8512845977193, -3.584817884776429,-1771.4361024824957, 0.0005966602677425206
                                  -0.0749713772765599,                                    0.077244672031483,                                         0.7017349564615615,                                       -0.04257207180524286,                               -0.06634405767318453,                                0.03993260872541926,                                      0.17629737261418815,                                     -0.15331951908744634,                               0.02455145831983621,                            -0.0046157908261609815,                                    0.001372185357603029,                                     -0.2973078639299914,                             -0.013555680376715812,                             -0.012122262771402173,                                      -0.150344631281277,                                     -0.5774366176274031,                     0.45548908778713965,                     0.07556401499180476,                0.3596425206012516,      -0.054749769936029126,        0.09957904915447913,-1769.9073606211157,-3.6016232337249385,-1773.5089838548406,  7.63457115863143e-05
                                 -0.07624874593800907,                                  0.07790979978167084,                                         0.7157216937831247,                                      -0.020067827864367484,                               -0.08038347680843363,                               0.037861654918682625,                                      0.18349287912574772,                                      -0.1192081542934582,                              0.027642468734535713,                             0.0021420664261788264,                                     0.03333724711726665,                                     -0.2604021360901436,                              -0.01167979985706688,                             -0.012873431075540648,                                    -0.16679079527525195,                                     -0.6089324442180966,                     0.45510227488322996,                     0.08796934439695318,                0.3614465714575824,       -0.05150023764980245,        0.09987952174362871,-1771.0955108042876,-3.7224406921738558,-1774.8179514964615,2.3268992472064813e-05
                                 -0.07713387904960164,                                  0.07635255218943368,                                         0.6766685103637844,                                        -0.1075103568122465,                                -0.0795958389734501,                               0.040000500069782785,                                       0.1948920970098811,                                     -0.14238705716373745,                               0.02157967165971908,                           -0.00035778809320992366,                                     0.01310667633772484,                                     -0.2728614836375977,                              -0.01220649540386784,                             -0.013153973011880371,                                    -0.16327577087882378,                                      -0.623496842924702,                      0.4563396475373355,                     0.08925825140856329,                0.3622942710407926,      -0.054655909387087406,        0.09967078974786552,-1777.1208574490122,-3.7700002436964164,-1780.8908576927086,5.6234492452655814e-08
                                 -0.07625268820180155,                                   0.0768558951527038,                                         0.6591231128505782,                                       -0.05500211380649317,                               -0.08542960467129695,                               0.051330499724438566,                                      0.20868340643773414,                                      -0.1530676884419788,                              0.017199341872047774,                             -0.005108201308943003,                                    0.054850348519853695,                                     -0.2605264602332658,                             -0.013631783546503046,                             -0.011818240940059413,                                    -0.15789019338448085,                                     -0.6074871018968091,                     0.45615939517356985,                      0.0765444063983553,               0.36045263450791226,        -0.0576704935734854,        0.09885948869129027,-1765.9778072302593,-3.5339918051473975,-1769.5117990354067, 0.0038847940628267724
                                 -0.07430713175413398,                                   0.0779332640829482,                                         0.6850013652577942,                                       -0.06020069563835788,                               -0.07421279150182178,                               0.051127697977913666,                                      0.21325410905432038,                                     -0.14373744417425044,                               0.02396029649236378,                             -0.006886097931026985,                                    0.049894644198001596,                                    -0.28909537391339135,                               -0.0135835384016509,                             -0.011652167845114775,                                     -0.1516781800599114,                                     -0.5783958217098659,                      0.4568445811845978,                     0.07869500396010723,                0.3603427420248847,      -0.056485622326557405,        0.09996360801826129, -1767.382602809644,-3.6437051819822477,-1771.0263079916263, 0.0009533953578685489
                                 -0.07570361371410379,                                  0.07821270837172786,                                         0.6968147400863473,                                      0.0019922745487984134,                               -0.09509588695920264,                                0.04817250751974675,                                       0.1993963401790383,                                      -0.1707356388690521,                              0.032189261763272914,                             -0.006115763963922147,                                     0.07616497288021375,                                    -0.24751705612643468,                             -0.012954987337060478,                             -0.012074830689606963,                                    -0.14941580420291686,                                     -0.5980213993156617,                      0.4588541634283998,                     0.07202212993984802,                0.3610459711437239,       -0.05673235705390898,        0.09968177886727488,-1767.2990048676427, -3.747995549412761,-1771.0470004170554, 0.0010365235120835268
                                 -0.07592441045488678,                                  0.07769555838419706,                                         0.7043358094527121,                                      -0.030146678662720007,                               -0.08901680815393802,                                0.05434319254064793,                                       0.2147512789617036,                                     -0.14549806779129437,                              0.021800095153716254,                             -0.008140305940468467,                                      0.0692266496936518,                                    -0.25426765167133974,                             -0.014051526692497096,                               -0.0120287211554993,                                    -0.14226386221652595,                                     -0.6270652357080826,                      0.4557685631991538,                     0.08869818616801829,                0.3612233588800998,       -0.05266405370612206,        0.09997984563030964,-1763.0260352511953,-3.8799712479557016,-1766.9060064991509,   0.07435433326591159
                                 -0.07564313156173093,                                  0.07725802077468383,                                         0.6860295991104631,                                       -0.06782674522633075,                               -0.09291521051506445,                               0.042933693486660984,                                       0.2108890102017082,                                     -0.13002674873998715,                               0.03181997296828776,                            -0.0016866018791384524,                                     0.04258182324901333,                                    -0.26827880084238986,                             -0.012966134461408083,                             -0.011893068687209046,                                     -0.1492312579960956,                                     -0.5911415190252656,                      0.4548152103006091,                     0.09134329476678459,                0.3609001009653317,       -0.05276112595687526,         0.0999612722354561,-1768.1613510470972,-3.5167132099473104,-1771.6780642570445, 0.0004375895787543112
                                 -0.07627823793262084,                                    0.077145344776991,                                         0.6832098174689917,                                       -0.11426549775846298,                               -0.07988556235311839,                                0.04595138049451486,                                      0.20209280817222408,                                     -0.13682301436776395,                              0.028151572558208604,                            -0.0016142909398192407,                                     0.05859349245814209,                                    -0.28890245321994246,                             -0.012296919882257992,                             -0.012758440328110479,                                     -0.1641853012969464,                                       -0.56813274463898,                      0.4512849684826574,                     0.10445324851860589,               0.36145575322179535,      -0.050334162813346364,         0.0992052804199254,-1780.9302219809235,-3.3513439807826337, -1784.281565961706, 1.246283324097896e-09
                                  -0.0764850601394883,                                  0.07775812836364754,                                         0.7105412885730832,                                       -0.01740612929858781,                               -0.08112237370809927,                                0.04417029735129524,                                      0.21445154714377004,                                     -0.12249180314118314,                              0.029096785320529783,                             -0.004679365043757738,                                     0.04840224492925355,                                     -0.2614213338506868,                             -0.013755682455225043,                             -0.012186633964542781,                                     -0.1433029411256167,                                     -0.5897472772611898,                     0.45765400729632305,                     0.08200605385690893,                0.3620293155679508,       -0.05420525035431143,         0.0995211060689016,-1769.5822441181583, -3.675276566628308,-1773.2575206847866,0.00010567711550400272
                                 -0.07556549447149202,                                  0.07799690031172801,                                         0.7227803944063628,                                      -0.016662313992277553,                               -0.07563313950773054,                                0.04053787285278293,                                      0.18980770711320655,                                     -0.13385362316724905,                              0.032241083983416435,                            -0.0059405749207685765,                                     0.03569857937867884,                                    -0.27079341154267983,                              -0.01263632691892197,                             -0.012611635886237677,                                     -0.1480697591340255,                                     -0.5922608739157105,                     0.45638089411962196,                      0.0798658285013334,                0.3610821842268822,      -0.055001699140969244,        0.09936600527547279,-1768.1724837364034,-3.7820518245416483, -1771.954535560945,0.00043274504630229214
                                 -0.07523123877987505,                                  0.07677703215362261,                                          0.679352818053721,                                       -0.03441109625146298,                               -0.06345764214074591,                                0.04769314519134796,                                      0.19095436045361497,                                     -0.17369179461469902,                              0.020709393480029245,                             -0.007642428942792073,                                     0.06193668587045571,                                     -0.2747796582477212,                             -0.014593998483041423,                             -0.011652937554760129,                                    -0.17253233176311467,                                      -0.591338512516994,                      0.4557761211206486,                     0.06996034494118916,               0.35911707857256314,      -0.057297753585537146,        0.09972659630422094,-1771.6141748568768, -3.666020965706532,-1775.2801958225834,1.3852387860842724e-05
                                 -0.07680815151086354,                                  0.07705212028653927,                                         0.6817609161786663,                                       -0.08004849078449876,                               -0.08294315840060407,                                0.04958319489429608,                                       0.2266094362600456,                                      -0.1456128050813318,                              0.015490578312907816,                            -0.0017003538529082873,                                     0.03317052405157753,                                     -0.2846025744442321,                             -0.012257600046195596,                             -0.013313038605683475,                                      -0.151327201845853,                                     -0.6058830194269429,                     0.45458907729406023,                     0.09375104284131659,                 0.361683026995398,      -0.052416035751883396,        0.09986735236902919, -1769.346946351949,-3.6892680414913737,-1773.0362143934406,0.00013371171895992649
                                 -0.07565752108321436,                                  0.07777304539456964,                                          0.689251773545636,                                      -0.051779167982438014,                               -0.06684338604845902,                                 0.0475607054357185,                                       0.1488870156358794,                                     -0.17783673309130713,                              0.023002609186966533,                             -0.008826500770089465,                                     0.05244708424172322,                                     -0.2816875576433598,                             -0.015362607658424468,                             -0.011150220250819423,                                    -0.16026183054103718,                                     -0.6016778392545258,                      0.4565021772035372,                     0.07822058930727865,               0.36066057180264227,       -0.05508851870152363,        0.09985689516134245,-1778.7888270186488, -3.688608394830604,-1782.4774354134795,1.0607494119347874e-08
                                 -0.07582757817075991,                                  0.07681738862317339,                                         0.6789593091566405,                                       -0.05225405452129983,                               -0.08040028353603308,                                0.04395002545164872,                                      0.21580179446514786,                                     -0.12319881943971903,                                0.0276228389030016,                           -1.7909963369783233e-05,                                     0.05437865861825254,                                     -0.2771300751433205,                             -0.012073538968372363,                             -0.013154153589031908,                                    -0.17236726406195158,                                     -0.5831306245383113,                      0.4542435865635982,                     0.08532702564238655,                 0.360266552457047,       -0.05243259081226883,        0.09960734165538682,-1773.3627582749373,-3.4284953894983876,-1776.7912536644358,2.4105964546493883e-06
                                 -0.07510156785434684,                                   0.0762836792025868,                                         0.6626228110240013,                                       -0.07216939819801065,                               -0.07568026992087888,                                0.04585018848181174,                                      0.16771963703164713,                                      -0.1831809045034243,                              0.026173913229940893,                             -0.007755247162924278,                                     0.06523615629765005,                                    -0.25957640760402867,                              -0.01485266732497513,                             -0.011597651481336707,                                    -0.16247990276885085,                                     -0.5960444774900694,                      0.4567074356878261,                     0.07196698922480654,               0.35917391425883954,       -0.06042744188109197,        0.09986339506780459,-1771.3202491949407,-3.6405728431983144, -1774.960822038139, 1.858552939540425e-05
                                  -0.0759032223174721,                                  0.07813891883590479,                                         0.7178355789961031,                                      -0.018253126809432505,                               -0.06785413234253693,                                0.04483666698026073,                                       0.1816709330783597,                                     -0.13727893894959944,                                0.0238143130886542,                              -0.00583103116621253,                                     0.05149371352041666,                                    -0.27402806757317244,                             -0.013060718879944894,                             -0.012440626852233863,                                     -0.1641718422349321,                                     -0.6060464201557425,                     0.45690307824252074,                     0.08065719424918323,                0.3612671785038379,       -0.05071949120256571,        0.09983534694587365,-1767.9101856564587,-3.7620062125923903,-1771.6721918690512, 0.0005625313280933857
                                 -0.07517792386138883,                                  0.07735645912177733,                                         0.6755965272314307,                                      -0.009571019428426626,                               -0.06762529404460138,                                0.04046042312982756,                                      0.17689139739841128,                                      -0.1391023236888055,                               0.03172323373637306,                              -0.00547759835596133,                                     0.05529500493479022,                                     -0.2775394367851496,                             -0.014002338870172146,                             -0.012003361854740588,                                     -0.1662665074250383,                                     -0.5896187409273392,                     0.45678332321202053,                     0.06712902126227269,               0.35923338275272687,       -0.05567933430764046,        0.09997654131314923,-1767.0334113558981, -3.487598956946918, -1770.521010312845, 0.0013518389470143315
                                 -0.07672540354772954,                                  0.07741189991548766,                                         0.7112169465182053,                                        -0.0652181779434043,                               -0.06033858750682312,                               0.034134117971163086,                                      0.13451247011050022,                                     -0.14356687755295183,                              0.036306568399903955,                              -0.00223113675575512,                                     0.06069327646232588,                                      -0.271258551350499,                               -0.0129960722923093,                             -0.012322095226681443,                                     -0.1693934624680123,                                     -0.5855651456887845,                     0.45744868295100527,                     0.08883258907794976,                0.3624747087018685,       -0.05431574584015847,        0.09991168430103974, -1766.131468734481, -3.671064391857518,-1769.8025331263384, 0.0033314527493078644
                                 -0.07710544092264686,                                  0.07593006240145608,                                         0.6914030550564764,                                       -0.09092516761873627,                               -0.07021556518959564,                               0.038116405424062194,                                      0.19131064319023572,                                     -0.16291409220347552,                              0.023231607821509376,                             -0.006971101521344725,                                    0.017687848058102192,                                     -0.2816559292414344,                             -0.014271230247433403,                             -0.011715617599775796,                                    -0.15290590840479687,                                     -0.6053123688948151,                     0.45442426648641304,                     0.09560338064622498,               0.36168828889750143,       -0.05441184237411848,        0.09958006308304733, -1768.252629257433,-3.7567453617920266,-1772.0093746192251,0.00039941589841740245
                                 -0.07659172106566695,                                  0.07619983785488724,                                         0.7035884421896729,                                       -0.10039265204711757,                                -0.0995160766049353,                               0.051618720132283163,                                      0.22842016398234224,                                     -0.14819173674297403,                              0.021402766115737132,                             -0.003328695833616363,                                     0.06601500853587011,                                    -0.23490068374955697,                              -0.01234751412671238,                             -0.012508091876293467,                                    -0.13691832717205438,                                     -0.5905368711036348,                     0.45328652078202086,                     0.09461202859322734,               0.36129891385061086,       -0.05320515387164116,        0.09921884323328567,-1766.3761696003878,-3.6116395948625586,-1769.9878091952503,  0.002608323307562393
                                  -0.0751861027942476,                                    0.077385830317665,                                         0.6662397037690183,                                      -0.053702098921961754,                                -0.0771967661135354,                               0.041982198428555606,                                       0.1883090154209214,                                      -0.1330136917055612,                              0.030707329738453693,                            -0.0019620426321756423,                                     0.06736514358161638,                                    -0.28127175224291756,                              -0.01320895774927236,                             -0.012480924278495759,                                    -0.15592970063356157,                                     -0.5679218026025581,                      0.4556542542098217,                     0.07863794817377152,                0.3597753410924106,      -0.056131465734796555,        0.09973459514616682,-1769.3885216019894, -3.316194097658524, -1772.704715699648,0.00012826659628186406
                                 -0.07615339506277877,                                  0.07710471003717326,                                         0.7015432576268961,                                       -0.09957730918199098,                               -0.09273704209276808,                                0.04692656653061045,                                        0.213968708827886,                                     -0.12725065695801707,                              0.025792757630915653,                            -0.0009412691800575329,                                     0.05207674183332039,                                    -0.24487794717709055,                             -0.012745972819171822,                              -0.01277818112564981,                                    -0.14998957911169128,                                     -0.6276957076527452,                     0.45457679026441683,                     0.09157444924993279,                0.3618104709600971,      -0.054160628593995855,        0.09929495464464115,-1771.0883999258822,-3.8597427087660483,-1774.9481426346483,2.3435045138613315e-05
                                 -0.07674230025521411,                                  0.07718329116000763,                                         0.7033814681762026,                                       -0.05861113134519872,                               -0.07180444939485794,                                0.05285820368683189,                                      0.19556542588372275,                                     -0.13681832536847915,                              0.023424028692643706,                             -0.012251478219608355,                                     0.06241534397846335,                                     -0.2845743767173982,                             -0.014592912819620787,                             -0.011236479441042599,                                      -0.151385697155664,                                     -0.6077563617708927,                      0.4579297957915045,                       0.078574079341065,               0.36181021455575435,      -0.056880960342501896,        0.09964344524658576,-1774.2652666946342, -3.923507698644591, -1778.188774393279, 9.776200207738029e-07
                                 -0.07594849992911146,                                  0.07748054343672076,                                         0.7268398033877672,                                      -0.046997578030791264,                               -0.08573683957305685,                               0.050502826302844445,                                       0.2061910638162097,                                     -0.14623104137684798,                              0.028282538570850918,                             -0.009415028142577025,                                     0.09256371631409956,                                    -0.24530871911471594,                             -0.013937463530171751,                             -0.011440951817746653,                                    -0.15713797523135212,                                       -0.58525828500926,                     0.45373700507083997,                     0.08955599996805369,                0.3610832117337421,       -0.05413875608783791,        0.09929541771940309,-1768.8939850640222, -3.776426960563709,-1772.6704120245859, 0.0002103236257231729
                                 -0.07490099151052992,                                  0.07833767578393155,                                         0.7222259532249274,                                      -0.016299491162172886,                               -0.08852413596282402,                                0.04592955957121456,                                      0.18262541260449028,                                      -0.1832687339673451,                              0.028628095524707797,                             -0.007385144284622336,                                     0.07418542035009361,                                    -0.22877771446561368,                             -0.014161046729305488,                             -0.011793607807128001,                                    -0.13708135870737004,                                      -0.583152624679478,                      0.4584606551213174,                      0.0732194542850836,                0.3608226477483661,       -0.05651758940353628,        0.09968962813153415,-1768.0069624396504, -3.761434505180411,-1771.7683969448308, 0.0005106426567526868
                                   -0.076673739948747,                                  0.07683973610125436,                                         0.7348898254363283,                                       -0.05720188602594149,                               -0.07228156700577332,                               0.039085142477470275,                                      0.16679155609719223,                                     -0.14059830169024976,                               0.03278219865304782,                             -0.003973665111566452,                                    0.051904703212130816,                                    -0.29298836933386635,                             -0.012572350608158062,                             -0.012081648579291587,                                     -0.1596505427814159,                                     -0.5752533672985014,                       0.455539665510065,                     0.08873850193580969,                0.3615736762621196,       -0.05333538131041467,        0.09951830184235848,-1765.7941553933374, -3.808576826171952,-1769.6027322195093,  0.004667958439257447
                                 -0.07646748966627584,                                  0.07607014952006724,                                         0.7103050782214532,                                       -0.06915921585783921,                               -0.07912791348381717,                                  0.040176766894297,                                      0.19737410284529952,                                     -0.13848441493436192,                               0.02450739962584922,                             -0.004746411967746805,                                     0.07089759087131742,                                     -0.2581988493696229,                             -0.013059538297331835,                              -0.01236004934537413,                                    -0.17379982247894862,                                      -0.598338769544249,                      0.4534925467636002,                     0.08478707050570922,                0.3602293552344344,       -0.05424222598760718,        0.09894357798587308,-1771.5062879983623,  -3.73102401005066, -1775.237312008413, 1.543047553890098e-05
                                 -0.07627980254414757,                                   0.0761219069094898,                                         0.6865660791050447,                                      -0.035671161338389615,                                -0.0970211307103562,                                 0.0545129547968731,                                      0.23729519687058365,                                      -0.1641699597958129,                              0.018485781479547964,                            -0.0063104588293484976,                                     0.05226372430884676,                                    -0.24975631653869912,                             -0.013829467409091828,                             -0.011891807666223012,                                      -0.135402342732098,                                     -0.6098459957351144,                      0.4564334628508967,                     0.07466426035845437,                 0.359850272859698,      -0.057760775513258526,        0.09995072055591689,-1768.7254366377515,-3.8378313903226906,-1772.5632680280742,0.00024893600256609453
                                 -0.07458050857384535,                                  0.07780135369404323,                                         0.6572009060381533,                                       -0.06829201507634403,                                -0.0841463922931606,                                0.04692825546148735,                                      0.21185275484909852,                                     -0.15539480434460412,                              0.021487149152977295,                             -0.001746175617542145,                                     0.04847244877994076,                                     -0.2705395498249587,                             -0.012541556472531246,                             -0.012866646430323536,                                    -0.16251901877130107,                                     -0.5802613430272113,                     0.45622720733621486,                     0.06896431645034873,                0.3595206477391824,       -0.05803582720003583,        0.09880175974399787, -1766.949288181227, -3.394260901061302,-1770.3435490822883, 0.0014704802133108398
                                 -0.07478413151316099,                                    0.077580783570381,                                         0.6771280994036932,                                       -0.06909713067933036,                               -0.09000870134361005,                                0.05146940032284247,                                      0.22123123652737536,                                     -0.15142618352963014,                               0.02224642017681497,                             -0.007271561013891231,                                    0.049394931725971584,                                     -0.2688202256353239,                              -0.01385538309963516,                             -0.011900076971206111,                                    -0.13848649938623028,                                     -0.5854454733199074,                     0.45651252080920257,                     0.08234459625497922,               0.36066285199585146,       -0.05653628573372564,        0.09980749907594899,-1768.2933520546437,-3.5784290004551353,-1771.8717810550988, 0.0003834773005105187
                                 -0.07688633843788563,                                  0.07653358295438967,                                         0.7240951296515498,                                       -0.09636295342908449,                               -0.08468888413941958,                                0.03716854942258732,                                      0.21823051932050094,                                     -0.09695052792856006,                              0.028762545918688487,                             0.0019692139715554446,                                    0.024282355062317934,                                    -0.27045405246533716,                             -0.011806287872855453,                             -0.012984835280840129,                                     -0.1647597180009765,                                      -0.586626213447351,                      0.4521469994953621,                     0.10795187525287958,               0.36239899836737316,        -0.0495146633345065,        0.09947712380075086,-1767.4462711821066, -3.688854484174821,-1771.1351256662813, 0.0008945862324528704
                                  -0.0752153936350579,                                   0.0767530741308993,                                         0.7082710122834138,                                       -0.03552483042318861,                               -0.07995247538373215,                               0.049768761667776495,                                      0.19991213932446703,                                      -0.1530821692943636,                              0.019798261510336507,                             -0.006261756426959961,                                     0.05381732269794132,                                    -0.26198177300329983,                             -0.014375672829223585,                             -0.011836463204361977,                                    -0.15548304386054407,                                     -0.6038863379413018,                       0.452962730005927,                     0.08318138969810655,                0.3595249422793794,      -0.053555251971202436,        0.09984199821964727, -1768.220511703149, -3.752584017390432,-1771.9730957205395, 0.0004124523897087708
                                 -0.07527833937498951,                                  0.07766483243776978,                                         0.7060348056000959,                                       -0.04508957003638654,                               -0.07780429747774076,                                0.04571310665214173,                                       0.1997969000786362,                                     -0.12574318728065373,                              0.028357499526671187,                            -0.0061165939491558685,                                     0.03542185470363262,                                    -0.28299545016865124,                             -0.013750371162372405,                             -0.011348182907315527,                                    -0.13751766648808986,                                     -0.5686393329729975,                     0.45657510631024223,                     0.08124412819526472,               0.36096421739834816,      -0.055840497533615155,         0.0993538568071702,-1772.3539308461181,-3.5693926096244897,-1775.9233234557425, 6.610779916234614e-06
                                 -0.07663712122809516,                                  0.07653898450902338,                                         0.7198481548349135,                                      -0.023597609944916012,                               -0.08045477962560937,                               0.052137739635952696,                                      0.19847020765842663,                                     -0.17954010899436804,                               0.02549286310608842,                             -0.008909706502607653,                                     0.07543626370247858,                                    -0.24042206425972806,                             -0.012953089176987592,                             -0.011991493429010208,                                    -0.13337600377851908,                                     -0.5811867460200917,                     0.45454646467356863,                     0.08960765551176467,               0.36084404093433337,       -0.05149642198928575,        0.09973918319676552,-1767.9747471943028,-3.6078036282508137,-1771.5825508225537, 0.0005273609818348751
                                 -0.07703058815914443,                                  0.07696605715380833,                                          0.668333105608277,                                       -0.08313728636963229,                               -0.08516354257525618,                                0.04945513494954887,                                       0.1892319107446768,                                       -0.156535692630827,                               0.02134310037382517,                            -0.0030049512967929015,                                     0.03703874007438169,                                    -0.26033772174370484,                             -0.013880500026215853,                             -0.012256749484744783,                                    -0.14751529085100887,                                     -0.6121560045806754,                      0.4571095422497811,                     0.08699089679565059,                0.3621728424945678,      -0.054051565928795314,         0.0997420665484812,-1769.2828778453545,-3.5447340248844204, -1772.827611870239,0.00014255881309280913
                                 -0.07448413853705449,                                  0.07802847973925667,                                         0.7245472663930211,                                      -0.014468688466794324,                               -0.07347718284611786,                                0.03624416784707246,                                       0.1456213828855363,                                      -0.1424140376351536,                              0.033890885290591366,                            -0.0018289293973177967,                                    0.039058858975218734,                                    -0.29415151157553465,                             -0.012899299654212965,                             -0.012002231325141582,                                    -0.16775663686383915,                                     -0.5732365710397336,                      0.4559925713029065,                     0.07173936330055458,               0.35946850154656707,       -0.05487292443429574,        0.09936871043786033,-1769.3241256577978, -3.692823459328189, -1773.016949117126,0.00013679819704100733
                                 -0.07617786828642531,                                  0.07793524192283557,                                         0.7145839225269258,                                      -0.021428523063188255,                                -0.0738208378852483,                                0.05715429169720662,                                      0.19414823890443292,                                      -0.1698978471725254,                              0.022181640125905178,                             -0.013325943642482019,                                     0.07690788612257815,                                    -0.26523520781456666,                              -0.01466764359708081,                             -0.011428256930262976,                                    -0.13571518188820095,                                     -0.5860712545113226,                      0.4590030532502017,                     0.08018012008034694,                0.3622278612192687,       -0.05638128133682246,        0.09998159532488834, -1769.376656899539,-3.8474950241714994,-1773.2241519237105, 0.0001297975052115871
                                 -0.07575761117249806,                                  0.07889156599513089,                                         0.7366758020007494,                                     -0.0021846758762157346,                               -0.09902688652279171,                                0.04733456547128803,                                      0.23986933666904672,                                      -0.1541945158020261,                              0.025011389745199175,                            -0.0019501709111817561,                                     0.06092116665820049,                                     -0.2382410095318917,                             -0.012556004070022261,                             -0.013081113609286682,                                    -0.15086115452907967,                                     -0.5934612632685264,                      0.4579704415946641,                     0.07422465433048438,                0.3615982617510489,        -0.0545640441285898,         0.0989109658281163,-1772.2793224162413, -3.941868168112744, -1776.221190584354, 7.122865249337502e-06
                                 -0.07562211176281478,                                  0.07794158541273141,                                         0.6947689196523787,                                      -0.036461877617299916,                               -0.07748081644667941,                                0.06456470446814508,                                      0.20804908287730375,                                     -0.20385772808155872,                              0.008268171325080911,                             -0.010692923420414058,                                    0.053450473204170755,                                     -0.2690632111706923,                             -0.014937835627873763,                             -0.011427100122369568,                                    -0.14606747135244555,                                     -0.6299761633697243,                      0.4583727755352343,                     0.07343837355812817,                0.3611823902890959,       -0.05613815693624253,        0.09956507947357829,-1773.1981662671785, -4.055491994806072,-1777.2536582619846, 2.841881168577619e-06
                                 -0.07635171289005968,                                  0.07759563482613896,                                         0.6969823094721456,                                       -0.05811498996217468,                               -0.08443107984320494,                               0.047284985794018464,                                      0.18735965527610463,                                     -0.18802589221826235,                              0.027051621327475683,                             -0.008040160682902642,                                     0.07014461358694381,                                     -0.2488914629823846,                             -0.014064124978947032,                              -0.01240008007341975,                                    -0.15470318152036924,                                     -0.6020729595248235,                     0.45512174537548133,                     0.08761573386853823,                0.3616180944827671,      -0.055480837720135553,        0.09903756799086312,-1771.7754134854458, -3.718477549545979,-1775.4938910349917,1.1789614277354314e-05
                                 -0.07632566122626908,                                    0.075812714729185,                                         0.6789630155207157,                                       -0.07339159925832973,                                -0.0722677409837661,                                0.03961772560927143,                                      0.19861428727812344,                                     -0.13872754339159826,                              0.023305345996531404,                            -0.0018714045956545328,                                    0.023061674812386513,                                     -0.2588905326153437,                             -0.013604539437953117,                             -0.011994471390234462,                                    -0.15755490043131123,                                     -0.5874694438124738,                      0.4553778937603342,                     0.08614566735752749,               0.36065182967808407,      -0.055772274265973545,        0.09986334253735532, -1768.834058406334,-3.5000448445868435,-1772.3341032509209,0.00022331293350738365
                                 -0.07548737786673508,                                   0.0786996803778634,                                         0.7035502980113784,                                       -0.04270830699863873,                               -0.08648389493073055,                                0.04883061397943783,                                       0.1890540902364816,                                     -0.19067603164116317,                              0.021981656737131455,                             -0.005856638996847616,                                      0.0487751902718536,                                      -0.260886580268241,                             -0.013912989754212707,                             -0.012387580820742095,                                     -0.1434341409978913,                                     -0.6040581024415134,                      0.4583567309524469,                     0.07703553433217147,               0.36163001467312383,       -0.05435369556656582,        0.09940457647631837,-1765.4190692373015, -3.780613562454207,-1769.1996827997557, 0.0067924246360859105
                                 -0.07662678569079615,                                  0.07713865084291077,                                         0.6863470964565835,                                      -0.061344101826485746,                               -0.07888316355891035,                                0.03897300182464608,                                      0.21728071665735352,                                     -0.12971460485510544,                               0.03593522084817899,                             -0.001792593907669504,                                     0.03319038723346375,                                      -0.258973428665147,                             -0.012548603342109318,                              -0.01273972732029574,                                     -0.1489809377490577,                                     -0.5762275452535864,                       0.456031360165682,                     0.08312476646161045,                  0.36117020486085,       -0.05403990058813808,        0.09959792982489984,  -1769.73894149308,-3.4176869551494975,-1773.1566284482294, 9.034999758372405e-05
                                 -0.07558815717405817,                                  0.07665722334336803,                                         0.7047625242767059,                                       -0.07963012960578172,                               -0.08325322536781735,                                0.04554832015403967,                                      0.18727213131922152,                                     -0.14208969894771625,                              0.024231810408375923,                             -0.002514445117971942,                                     0.03548796872181994,                                     -0.2867151600312151,                             -0.011269736748070372,                             -0.012732018760573824,                                    -0.13993976811375547,                                     -0.5909647394719314,                      0.4545295517322228,                     0.08745710983407154,               0.36064021521300327,       -0.05541857969198286,        0.09954170732335776,-1773.0478058584958,-3.7290530827076367,-1776.7768589412035,3.3029850654205687e-06
                                 -0.07653085912457751,                                  0.07716191452846505,                                         0.7275195865939371,                                      -0.052640305505574275,                               -0.07128414618566414,                                 0.0386046498939534,                                      0.15717114402029805,                                     -0.15564984935748907,                              0.028342886980157994,                             -0.004956792720612488,                                    0.047422081105982596,                                    -0.26348257544236786,                              -0.01230863616352637,                             -0.012311036535011366,                                    -0.14899447798797832,                                     -0.5816507235853122,                     0.45696205588763017,                     0.08834926093156101,               0.36233071062701094,       -0.05348626261035893,        0.09982553222545708, -1768.761994334695, -3.718839624474678,-1772.4808339591696,0.00023999981408112273
                                 -0.07566390430678771,                                  0.07667980238787073,                                         0.7187799360366107,                                       -0.04989403715136032,                               -0.08229960016200565,                                0.05252273367370999,                                      0.21114043718001432,                                     -0.19705394459920358,                              0.023982665084666885,                             -0.010780021240236887,                                     0.06860209566654492,                                    -0.25173247410755234,                              -0.01487143277954861,                             -0.011798333906186648,                                     -0.1554458322851193,                                      -0.591541285914084,                     0.45302362124751105,                     0.08060231605504495,                 0.359544016230561,       -0.05385267830953822,           0.09841432412424,-1773.0854137478495, -3.770550804792711,-1776.8559645526423,  3.18107355434381e-06
                                 -0.07683860282255842,                                  0.07592181921667512,                                           0.69402245865692,                                      -0.059550668901888495,                               -0.05058619904997395,                                 0.0451833795572007,                                       0.1307601317999413,                                      -0.1560033425477799,                               0.02635208543555928,                             -0.010072740397201532,                                     0.05930493958881701,                                    -0.29793366800586885,                             -0.014591141688774095,                             -0.011435167812381936,                                    -0.17049805753485683,                                     -0.5829745107601662,                     0.45554258114203916,                     0.08240068744843435,               0.36077369473288107,       -0.05537736627190374,        0.09996170599446204,-1779.5151821118384,-3.6282124054415994,  -1783.14339451728,5.1305129811985255e-09
                                  -0.0758343706680378,                                  0.07783153015442518,                                         0.7006465719997613,                                      -0.029652320206528315,                               -0.08454980829074468,                                0.04326024746422927,                                       0.1880411226305294,                                      -0.1624765420787878,                              0.026306864027515753,                             -0.005048884678620219,                                     0.05446471685305851,                                    -0.26335693534098126,                             -0.014192362588039673,                              -0.01258137527992513,                                    -0.15177921358670654,                                     -0.5957419172582731,                     0.45589249735559007,                     0.07844501290481791,                0.3606816069014309,       -0.05596134489030379,        0.09869946638542894,-1772.6249803921598,-3.6556599343169527,-1776.2806403264767, 5.041240038546922e-06
                                 -0.07521029992969504,                                  0.07671043527279942,                                         0.7040331142222662,                                       -0.07049000859865616,                               -0.07809390176938907,                                0.03755344753447801,                                      0.18948626770182925,                                     -0.17413247724778394,                              0.027681723343895237,                             -0.004186894906929306,                                     0.03247385136509641,                                    -0.26809917362067603,                             -0.013038917479336457,                             -0.012137169596431102,                                    -0.15846835367171522,                                     -0.5983542969855005,                      0.4528408618750099,                     0.08044017446605059,               0.35934602381755554,       -0.05765660701978373,        0.09891353269093038,-1769.5526015649743, -3.811028405464124,-1773.3636299704385,0.00010885654542563081
                                 -0.07562893807335835,                                  0.07673015383169404,                                         0.6787886833730853,                                       -0.09651819209621791,                                -0.0963182559292123,                                0.04907765710497053,                                      0.22713811455079005,                                     -0.15575383123617398,                                0.0339186362794911,                             -0.005881679003264334,                                    0.056850114894452575,                                    -0.24444549892548553,                             -0.013191055641155802,                              -0.01192311193928991,                                    -0.13123585117211314,                                     -0.5677019396231375,                     0.45499436206512694,                     0.08250047603608647,               0.36065053775970685,       -0.05636864420928343,        0.09892361448822151,-1770.0868088370212,-3.3744060345088327,  -1773.46121487153, 6.380449525132888e-05
                                 -0.07623028730579035,                                  0.07622178858169557,                                         0.7277474915254287,                                      -0.053649232061715055,                               -0.07150280740799776,                               0.036190114180431054,                                      0.13932570862442156,                                     -0.14839351435821066,                               0.04254741153376074,                             -0.007835962993941153,                                    0.048193677216569364,                                    -0.26293535241801486,                             -0.013647365580951393,                             -0.011591909029036757,                                    -0.13763675499074168,                                     -0.5717745575392171,                     0.45425068112666217,                     0.08773117551209188,               0.36082532715753063,      -0.054829439626677676,        0.09914145987295904,-1770.1776494291757,-3.5745186026214912,-1773.7521680317973, 5.826392118536533e-05
                                 -0.07556850734449261,                                   0.0765081712470557,                                         0.6958164123864902,                                      -0.015505315799140464,                               -0.09009986364429544,                                0.05522661253479716,                                       0.2230362988678257,                                     -0.20796342028647205,                              0.018960557246412657,                             -0.009428359456490301,                                     0.06815834626746743,                                     -0.2641340494172861,                             -0.013921396381769632,                             -0.011863450704609896,                                    -0.14457356544823552,                                     -0.6096035885864178,                      0.4561196378304191,                      0.0708990200644217,               0.35911592760117206,       -0.05627013391197774,        0.09978181966508305,-1771.3298961755756, -3.949614812753208,-1775.2795109883289,1.8407097202992364e-05
                                 -0.07560697608395321,                                  0.07798813291669401,                                         0.6847069264430538,                                      -0.041158653515011905,                               -0.08249250730556941,                                0.04602123509686204,                                      0.17825314218531377,                                     -0.16014580265000136,                               0.02029991251427614,                             -0.001006255869464165,                                     0.04907188022820088,                                     -0.2765026463224012,                              -0.01142542763962158,                              -0.01323579448115883,                                     -0.1614145338891402,                                     -0.6025620619698056,                      0.4564929190422927,                     0.07672808700804679,               0.36087635459215717,      -0.055485673969100126,        0.09879660192716488,-1770.1645026867807, -3.604114005899534,-1773.7686166926803, 5.903495916165962e-05
                                   -0.076316616286622,                                  0.07713864107852783,                                         0.6900921955232373,                                       -0.09225430474019429,                               -0.06472472652938312,                                0.05369824178723623,                                       0.1740835324276129,                                     -0.19278176066698402,                               0.01907452694280716,                             -0.013984645962220613,                                     0.06586697830905723,                                    -0.28835235566679185,                             -0.015816514383304198,                             -0.011127081742301911,                                    -0.15295416118870217,                                     -0.6115146154545474,                     0.45333235955158674,                      0.0924184000726643,               0.36133789723879806,      -0.053683569574763966,        0.09889537687368016,-1774.7205876508756,-3.7748964131810827,-1778.4954840640567, 6.200499947496588e-07
                                 -0.07509481387144704,                                    0.077775632746894,                                         0.6779419313800723,                                      -0.027560023200008412,                               -0.09268040092446227,                                0.05597551338557544,                                      0.22173519883756676,                                      -0.1449054487728507,                              0.021349392371136602,                             -0.007192378514878153,                                     0.06948480116006438,                                    -0.24708742722788704,                             -0.013975464407864513,                             -0.012350718200661387,                                    -0.13817552132914213,                                     -0.5903911162982283,                        0.45721374814469,                     0.07553334310131332,               0.36018374328510716,       -0.05659955545643634,         0.0999620268525141,-1767.4669463779567,-3.5431550912176983,-1771.0101014691743, 0.0008762803775458876
                                 -0.07611403877555252,                                  0.07705621929086703,                                         0.7131860268504194,                                     -0.0025145634402782163,                               -0.08423731890101863,                                0.04800830886584567,                                      0.22407729706373475,                                     -0.14324784393739673,                               0.02228710797670115,                             -0.005051591111341208,                                     0.04824160293822829,                                    -0.26742856195699394,                              -0.01297994807461314,                             -0.012078404754175404,                                    -0.15248322277706558,                                     -0.5746192152641189,                     0.45694250249957835,                     0.07029372166623743,                0.3602007120870384,       -0.05656982302300839,        0.09942267302088162,-1767.9433927570612,-3.7351216303131256,-1771.6785143873744,  0.000544158043777967
                                 -0.07545798331237236,                                  0.07658416056324113,                                         0.6882193813787524,                                       -0.07638987017649172,                               -0.07891407151579519,                               0.050467847281799816,                                      0.22794990970475526,                                     -0.16354322574422714,                               0.02101354391081814,                             -0.005061996120856102,                                     0.04479636692866367,                                     -0.2503444905427883,                             -0.013401486485063702,                             -0.011936583277777399,                                    -0.15136098417604826,                                     -0.5846801152838894,                     0.45483779014576675,                     0.08133016994483126,               0.36014560303999466,       -0.05484842774036253,        0.09963942324330542, -1769.994436087308,-3.5805433264273425,-1773.5749794137353, 6.997908390670705e-05
                                  -0.0765844496726519,                                  0.07786969601952112,                                         0.7249598819765304,                                      -0.012549595023334326,                               -0.06787859065986047,                               0.052735601365928114,                                       0.1637638029793918,                                      -0.1571100355573886,                              0.024038656161378416,                             -0.008364533797668439,                                    0.058405671479340525,                                    -0.28199598271426785,                             -0.013049802670108968,                             -0.012160768447902343,                                    -0.14602759959504288,                                     -0.5967293629102723,                     0.45640523435723224,                     0.08539063163456286,                0.3615037756929648,      -0.051947628960863225,        0.09989165645625774,-1773.4018634863996,  -3.79770040446121,-1777.1995638908609,  2.31814894105395e-06
                                 -0.07534359880868499,                                   0.0772387982183009,                                         0.6745029460929316,                                       -0.07355563405058994,                               -0.08437027937016836,                                0.04981521964456709,                                      0.20030840817908963,                                      -0.1468984732644794,                                0.0253032161643017,                            -0.0030718869577019137,                                     0.04807879926535381,                                    -0.28090014186324763,                             -0.013251145128262934,                             -0.011906755589887921,                                    -0.14648520995571146,                                     -0.5574462692820784,                      0.4559397153009998,                     0.07869257012116201,               0.36015570188153156,      -0.057024342513115195,        0.09932393684731401,-1768.2831514690565,-3.3530697519473938, -1771.636221221004, 0.0003874090123247607
                                 -0.07616949666225398,                                  0.07675464096720783,                                         0.6937519507781468,                                       -0.07288712030287418,                               -0.08038917803907535,                                0.04183647415407987,                                       0.1932922282564538,                                      -0.1443358855430615,                               0.02079161255641071,                            -0.0017520851778078106,                                     0.05365342666998254,                                    -0.25018255738507933,                             -0.012044846738325315,                             -0.012525842037763829,                                     -0.1646092036228804,                                      -0.611557573952899,                      0.4543854383055384,                     0.08324146514440114,               0.36052903276706155,       -0.05351205126115993,        0.09954143828934556,-1770.0796967695765, -3.660118677593598,  -1773.73981544717, 6.425989462078398e-05
                                  -0.0752139303165188,                                  0.07711268067288418,                                         0.7099473908054192,                                       -0.08068040637399979,                               -0.08216274217285864,                               0.041058648499898404,                                      0.18168756784630377,                                      -0.1444705359635403,                              0.030055011538807686,                             -0.004098862512500745,                                     0.05216805320057761,                                    -0.25501983084564156,                              -0.01271780439072659,                             -0.012321739168237617,                                    -0.16083851440068644,                                     -0.6015787650240474,                     0.45356851820678906,                     0.08287905241065195,                0.3601126189976833,       -0.05597734255213629,         0.0993365354544202,-1767.5771775340825,-3.7714342517594295, -1771.348611785842,  0.000784820437275081
                                  -0.0767031364320191,                                  0.07658150284931822,                                         0.7015421529260278,                                       -0.05348994832652259,                               -0.07709151119924311,                               0.052222304514180584,                                      0.22304632312651962,                                     -0.16694714326355278,                              0.020966258061353174,                             -0.007766609092712234,                                    0.050088083308460055,                                      -0.251380874495287,                             -0.012676824742877402,                             -0.012319324255217853,                                    -0.15385888504765374,                                      -0.597713146055857,                     0.45552309579627975,                     0.08144041061492831,                0.3608410158414336,      -0.054585733338528133,        0.09941087188683939,-1769.4360111049173, -3.739511757154506,-1773.1755228620718,0.00012231765353795245
                                 -0.07506119422442561,                                  0.07787181737000734,                                          0.718953595484268,                                       -0.03308420924636394,                                -0.0921796069473645,                                0.05630634322648473,                                      0.20738544755568497,                                     -0.15901509272411354,                              0.016327934647411738,                             -0.004853055554646282,                                     0.06015941586501689,                                    -0.26105385986776497,                             -0.012750436601625545,                             -0.012888935343802851,                                    -0.14193022219920734,                                     -0.6150036935940464,                     0.45394911390758447,                     0.07596309098822898,                0.3597042334213351,       -0.05324204169640968,        0.09846321151191122, -1769.319778029065,  -3.81935461787053,-1773.1391326469354,0.00013739423955999315
                                 -0.07496166232544764,                                   0.0774444734623882,                                         0.6864806300511823,                                       -0.04560137371691095,                               -0.08388630122471845,                                0.03963079118729104,                                      0.19335940919144484,                                     -0.13128145420392479,                              0.024704466856840177,                             0.0011122434839584694,                                     0.04085811160310217,                                     -0.2805002957014041,                             -0.011082809849969691,                             -0.012875186245511774,                                    -0.16577887814657932,                                     -0.5794045628436023,                      0.4551026348985768,                     0.06935849721903836,               0.35900537687660045,      -0.057796772449658106,        0.09847877213169504,-1772.2656435864697,-3.5074288924195485,-1775.7730724788892, 7.220967140451588e-06
                                  -0.0750394737427849,                                  0.07826165246971598,                                         0.7077192170363392,                                       -0.04846492693015648,                               -0.08925830507402899,                               0.048221372254610095,                                        0.237340953305366,                                       -0.145396229935473,                               0.01879932876341857,                            -0.0036908432051094148,                                    0.046824979748980186,                                     -0.2670322622151132,                             -0.012210879854393925,                             -0.012597192329068502,                                    -0.14977463101241575,                                     -0.5920788055132411,                      0.4555073161703431,                     0.07762978948072444,               0.36034819730282497,       -0.05415370952676961,        0.09876540399499906, -1766.835467936223,-3.7225973716703606,-1770.5580653078935, 0.0016477476061814375
                                 -0.07463568551162797,                                  0.07775428813745194,                                         0.6841114508623842,                                     0.00028332014321796916,                              -0.058480597202702524,                               0.042336401326039275,                                       0.1525510955065473,                                     -0.15844455439695843,                              0.026552885889115724,                             -0.009410418588619102,                                     0.05865960434044416,                                     -0.2860241744221443,                              -0.01495279227797637,                             -0.011131104781239493,                                     -0.1621779436328389,                                     -0.5742982742096067,                      0.4566475269720894,                     0.06666609649155894,               0.35895759060138044,       -0.05675080639888759,        0.09992092084210587,-1771.4661708918966, -3.493340188776893,-1774.9595110806736, 1.606208605579697e-05
                                  -0.0751447000186077,                                   0.0778491933937909,                                         0.6923971311374767,                                       -0.07188693790140067,                               -0.08874371696877946,                                0.05255640378042087,                                      0.21479392286011068,                                     -0.16467413308002238,                              0.021379112337472986,                             -0.006993758095699687,                                     0.07077981720918701,                                     -0.2814770161604003,                             -0.014654551117899567,                             -0.011324649247809779,                                    -0.15225445064443013,                                     -0.5900141175028987,                      0.4566425563252388,                     0.07814662691005994,                0.3606658958227013,      -0.055553425694241765,         0.0996183735317624,-1770.3962142033056, -3.757808928927228,-1774.1540231322329,4.6825048311197944e-05
                                 -0.07589084375134816,                                  0.07657927283215843,                                         0.6851184517484331,                                       -0.04864238563694816,                               -0.08660685377736091,                               0.048519732306169294,                                      0.18566937621250043,                                     -0.17680472438551906,                              0.021457059114014854,                             -0.003546405746895284,                                     0.06429599700039033,                                    -0.25373720202715483,                             -0.012890605581928186,                             -0.013085700913192916,                                    -0.14931098262432754,                                      -0.606755727870277,                     0.45243123557950155,                     0.08535343628750472,                0.3593906812265452,       -0.05250391609375156,        0.09895139835274538,-1768.3508772711562, -3.493252561953901,  -1771.84412983311,0.00036204018437235657
                                 -0.07672207541961243,                                   0.0772553552713211,                                         0.7098837153539804,                                       -0.05018808764501929,                               -0.07828950925264698,                               0.042658177712550704,                                      0.19193022323726405,                                     -0.14870090673030228,                               0.03626889180695353,                             -0.003995988205523132,                                      0.0594154994868024,                                     -0.2532455283195945,                             -0.012505978312641539,                             -0.011815728817610324,                                    -0.14442141824416216,                                     -0.5707549488224767,                     0.45811465794338996,                     0.08691976167192746,                0.3624177851086813,       -0.05501688777469552,        0.09995048842583046,-1765.2921397746895,-3.6004319378443927, -1768.892571712534, 0.0077116905421169375
                                 -0.07554185446709166,                                  0.07812844556768034,                                         0.7234584291923659,                                      -0.014964931044298434,                               -0.08001933397934172,                               0.050264054365265404,                                      0.21787742670036556,                                     -0.14926513072606026,                              0.025547857692040626,                             -0.006069310260430075,                                     0.05797297525973111,                                     -0.2838787645990245,                             -0.012761196623625334,                              -0.01198411576077446,                                    -0.15606830254605955,                                     -0.5900211605906666,                     0.45728885796886265,                      0.0687033298002781,                0.3603414086666446,       -0.05367151237631635,        0.09902202291957579,-1771.3360555929355, -3.851050299957686,-1775.1871058928932, 1.829406866126002e-05
                                 -0.07568587942653746,                                  0.07740396557828885,                                         0.6832136426222203,                                       -0.07591180532515976,                               -0.08853680400683261,                                0.04385080780970632,                                      0.20720155826401912,                                     -0.14032880157032707,                              0.029233175859623095,                             -0.002484383486832137,                                    0.059729631773570664,                                     -0.2719722491825004,                             -0.012810000552359452,                             -0.012459884490699652,                                     -0.1647341833114467,                                     -0.5698982260217854,                      0.4580836729546646,                     0.07392634838043632,               0.36082142246194704,      -0.055561198543782386,        0.09965349474450962, -1766.928964462753, -3.496131915661382,-1770.4250963784143, 0.0015006716006013875
                                 -0.07629531052317165,                                  0.07721919312672934,                                          0.711821087787813,                                       -0.05837152144955115,                               -0.07514863907027951,                                0.04398633316966899,                                      0.17348488659544262,                                     -0.15562887656559293,                              0.034295491381826027,                             -0.004201502824542402,                                     0.08055326070456323,                                    -0.26959121599798747,                             -0.012815243618414157,                             -0.012494349756941345,                                    -0.15130454627996753,                                     -0.5578566464953085,                      0.4544199415155241,                     0.09362328200564174,                0.3614960035708732,       -0.05182838640027335,        0.09965702060076387,-1767.2085290342714,-3.4431746442336086,-1770.6517036785049, 0.0011346771602011576
                                 -0.07558482246666356,                                  0.07753312856837821,                                         0.6724159667897275,                                       -0.08277572893283995,                               -0.06757474473545776,                               0.038877138281462775,                                      0.16896019582854535,                                      -0.1531781329007375,                               0.02392503103628492,                             -0.003417452826292605,                                     0.03193257353494701,                                     -0.2720439923342393,                             -0.012789770486555802,                              -0.01276858195210162,                                    -0.16007206181255126,                                     -0.6077764509088232,                     0.45726220297168707,                     0.08151930760760821,               0.36134106046349324,       -0.05536331133816119,        0.09998724461421221,-1765.8309939073226,-3.6055640722295186,-1769.4365579795522,  0.004499126636083665
                                 -0.07558878473215266,                                  0.07724402421071411,                                         0.6803771820944594,                                       -0.07674042454699087,                               -0.09549497656015309,                                0.04528507525856951,                                      0.22151037167893836,                                     -0.13252257553337754,                               0.02234736260601211,                            -0.0018447271304699309,                                    0.054331162025048896,                                     -0.2690398815528306,                             -0.013151008215508464,                             -0.012220030580835331,                                    -0.15687615030915764,                                     -0.6050327519350327,                      0.4545119190002679,                       0.091273286406287,                0.3609285298226072,       -0.05408435568097783,        0.09968543097466173,-1766.7113429513483, -3.648152677482615, -1770.359495628831,  0.001865509587510168
                                 -0.07510246272474665,                                  0.07822786757575448,                                         0.7007636337705676,                                      -0.017726799770468985,                               -0.08418869934785793,                               0.049231835709884014,                                      0.20555349521638186,                                     -0.15246619106121614,                              0.029673429391405798,                             -0.006137057801706314,                                     0.05137724413117687,                                    -0.26444244339981243,                              -0.01309724558372119,                             -0.012297270948521871,                                     -0.1383408701536138,                                     -0.5797253733676853,                      0.4567621126486066,                     0.07372860196989851,                0.3606791670597071,       -0.05653212013959655,        0.09892058938226932,-1768.7762997674474,-3.5837953849788415,-1772.3600951524263, 0.0002365909536259441
                                 -0.07606092758784685,                                   0.0762665015961603,                                         0.6624324162877949,                                        -0.0691604242026148,                               -0.07211211076389443,                               0.050962243812063546,                                       0.1791288795051727,                                      -0.1940025389688831,                               0.01787813731690857,                            -0.0071775905335264845,                                     0.05780099247785937,                                    -0.25941192494301696,                              -0.01437944437126372,                             -0.011957251016080361,                                    -0.14581576511319766,                                     -0.6067823638904353,                      0.4565387890970148,                       0.075003462019759,                0.3598721473956124,       -0.05933327427938136,        0.09962343730556945,-1767.9952008637897,-3.6661045828359153,-1771.6613054466256, 0.0005166840777688899
                                 -0.07585729870542729,                                   0.0781861370027403,                                           0.70905002089218,                                       -0.01689306044658738,                               -0.07761519308834076,                                0.05114927642636127,                                      0.20121554754456392,                                     -0.18097732925551982,                                0.0322726322885335,                             -0.010171374065645528,                                      0.0617707729051952,                                    -0.27063618840887393,                             -0.013547581920627633,                             -0.011891420087209614,                                      -0.136840507053522,                                     -0.5843046763316019,                     0.45761159184583705,                     0.07852532395731267,                0.3615471629580829,       -0.05403215160052993,        0.09950768182510618,-1769.4989942397701, -3.708726670686909, -1773.207720910457, 0.0001148512994741605
                                 -0.07562469507150615,                                  0.07806752246997764,                                         0.6792255436659391,                                       -0.05057785314347433,                               -0.08961239833315428,                               0.044754378473080114,                                      0.17701660753612966,                                     -0.14175138572318088,                              0.026559721928355318,                           -2.8035073119450638e-05,                                    0.050052296278730896,                                    -0.25193518617133914,                             -0.012893220795169413,                             -0.012779703110142301,                                    -0.15217757541627713,                                     -0.5913273089822109,                      0.4567211736168474,                     0.07500246493095429,                0.3608164446184282,      -0.057093371519449654,        0.09896126497222524,-1767.8079666190715,-3.4381033748207765,-1771.2460699938922, 0.0024361036972787384
                                 -0.07751794753537479,                                  0.07609235461153419,                                         0.7089922101457747,                                       -0.09825832768880821,                               -0.09012602845742851,                               0.046897115743501416,                                       0.1921236003681667,                                     -0.15804711776454333,                               0.02675584452406718,                             -0.004548099539666936,                                     0.05538740471065716,                                    -0.23534432182524326,                              -0.01338429345650241,                             -0.011855277960220206,                                    -0.13171475647172887,                                     -0.5770433755413188,                     0.45435775340350265,                     0.09919529123281136,               0.36268475424527424,      -0.053334142061866326,        0.09961327390924492,-1768.9775509021442, -3.529534074351184,-1772.5070849764954, 0.0007564004362433793
                                 -0.07497620489103804,                                  0.07810705274838711,                                         0.7086321959016835,                                       -0.04754554178040913,                               -0.09015753464116497,                                0.04348087821043345,                                       0.2317119282388952,                                      -0.1375210462742932,                               0.02807545676639764,                            -0.0009898983446474108,                                     0.04037017427670939,                                     -0.2701227865649441,                             -0.012464461117278156,                              -0.01244423636462716,                                    -0.14402812506882504,                                     -0.5837909637519897,                     0.45733965630652385,                      0.0796964582871888,               0.36113885584101246,        -0.0565622915703478,        0.09994166793674662,-1767.2739611476113, -3.820925958792523,-1771.0948871064038,  0.004155386269927519
                                 -0.07645893054457899,                                  0.07639592842598233,                                         0.6892531883128417,                                       -0.04593378293366724,                                -0.0680282468932567,                                 0.0373230203889926,                                      0.16564271761619867,                                      -0.1366824857697169,                              0.026175562256157414,                             -0.003177338067821861,                                    0.004867152460977911,                                     -0.3269086474373938,                             -0.013383574611523771,                             -0.012045068533461226,                                     -0.1551515394750783,                                     -0.5782671892890806,                      0.4566963108058188,                     0.08109541317589249,               0.36073043931329063,        -0.0546991533254248,        0.09975229933940888,-1765.5990735989026,-3.6045352638408694,-1769.2036088627435,  0.022182261496210127
                                 -0.07571597040619693,                                  0.07713777922353193,                                         0.6859650969662395,                                      -0.024584615453577558,                               -0.07072144623626359,                               0.039236513714194815,                                       0.1684059420578019,                                     -0.13152912014001514,                               0.02390998081465001,                             -0.005221148772421164,                                    0.036895156837988656,                                     -0.2805817547984272,                             -0.012625555947162748,                             -0.012153181961319537,                                     -0.1621626114753863,                                     -0.6107230556357399,                     0.45680877597116937,                     0.07363576613666951,                 0.360315559688433,       -0.05764410137505777,        0.09912678632138258,-1766.5485570913668, -3.700454499467763,-1770.2490115908345,  0.008583222668050082
                                 -0.07530116880743232,                                  0.07762385146411588,                                         0.6881659720516525,                                      -0.030402692810307524,                               -0.08571548234121426,                                 0.0462557337919271,                                       0.1726868950743462,                                     -0.17760447157067236,                              0.023077042465067074,                              -0.00493533756307897,                                     0.05647547780609567,                                     -0.2558975782137844,                             -0.013055346476326432,                             -0.012046273497300239,                                    -0.14982359615850302,                                     -0.6012369218557971,                       0.459062514096729,                     0.06823414713114778,               0.36031154620178885,        -0.0610433569409526,        0.09993084829310052,-1769.0469955961107, -3.846517865312487,-1772.8935134614233,  0.000705654837737045
                                 -0.07626064579874361,                                   0.0768063643819846,                                         0.6761234413813391,                                       -0.06536366762211668,                                -0.0670284819167998,                                0.04753898652934596,                                      0.19190937998276217,                                      -0.1490761907067138,                               0.02637227615189941,                             -0.005460670065457668,                                     0.04173739906167442,                                    -0.27356914000004967,                              -0.01338038619258311,                             -0.012213824282976599,                                     -0.1426472497071392,                                     -0.5876443332447374,                      0.4556694900258046,                     0.08410198172542468,               0.36047027798993747,       -0.05292910753292808,        0.09992759313072716, -1767.792409377253,-3.4075209520868226,-1771.1999303293398,  0.002474299088703457
                                 -0.07551462782158028,                                  0.07791747192538714,                                         0.6830527343810403,                                       -0.03609864088167135,                               -0.06950927561578449,                                0.04368455137650734,                                      0.17812679724687586,                                      -0.1717860042051995,                              0.029320334117652336,                            -0.0051017818375298785,                                    0.027615943720667967,                                    -0.30693990113946396,                             -0.013698394229644431,                             -0.011871629605291381,                                    -0.13980108091767524,                                      -0.554423147605661,                      0.4565486787865519,                     0.07935726614172955,                0.3606463914283795,       -0.05522899571128015,        0.09956731767396747,-1770.7698825431467,-3.3979645608802813, -1774.167847104027,0.00012599462817590394
                                 -0.07640924150793608,                                  0.07752973382290973,                                         0.6915581959792566,                                        -0.0401999018691875,                               -0.09053732504462181,                                0.05190312377912712,                                      0.21998483333009397,                                     -0.19707475602808358,                              0.024746542192643023,                             -0.005737199033055876,                                     0.06513363799577436,                                     -0.2215889437459613,                             -0.012771681402954482,                             -0.012652150766900197,                                    -0.13073007879188697,                                     -0.6045590100856446,                      0.4584529215850794,                     0.08018096404290473,                0.3619728219494689,       -0.05633213964028842,        0.09996801074171562,-1771.4968713815258,-3.7689078986422015, -1775.265779280168,6.0901051107935306e-05
                                 -0.07712426823996296,                                  0.07693439287528775,                                         0.6953862294596537,                                       -0.06154726128460959,                               -0.07742707318762425,                               0.055158655209183505,                                      0.21542444556791893,                                     -0.17698442680857462,                              0.021279265391911245,                               -0.0077947346018339,                                     0.05616337505011236,                                     -0.2652652007442994,                              -0.01294643375647793,                             -0.012497671845075914,                                    -0.13703795131334046,                                      -0.612601544278982,                      0.4564520793126746,                     0.08740765385657892,               0.36181481463895726,       -0.05383313391043556,         0.0996414568050432,-1764.9910324098614,-3.8210247341480676,-1768.8120571440095,  0.004765301696389749
                                 -0.07602723226208026,                                  0.07757513523510315,                                         0.6800458464851548,                                       -0.04687986122056263,                               -0.06945156314973665,                                0.04405577563542393,                                      0.16073294973290705,                                     -0.19192966195420116,                               0.02725443487307036,                             -0.006279404710857514,                                    0.030584249974854445,                                     -0.2778245853732185,                             -0.013253928200958859,                             -0.012180485689598758,                                    -0.14779746926306603,                                     -0.5926170908405034,                      0.4580076542121673,                     0.07430671748870109,               0.36088775133043494,       -0.05515002412978014,        0.09995353016087992,-1767.6913342760715,-3.5775305197154657, -1771.268864795787, 0.0003201578844298876
                                 -0.07605690832012424,                                  0.07749963870791263,                                         0.7056570058693284,                                       -0.06542235239865712,                               -0.09097513569759562,                                0.04192350955921026,                                      0.21154170398238767,                                     -0.11577744317574083,                               0.02858284092823024,                             -0.001165893887372274,                                     0.04186089340127309,                                     -0.2620153493650685,                             -0.013875223462306144,                             -0.012668823467731405,                                    -0.17025603620686322,                                     -0.5836183653871956,                     0.45510955449174195,                     0.09108282240902195,                0.3614597735316896,       -0.05134605537780871,        0.09977690155145381,-1771.8265402506615,-3.5628155245373234, -1775.389355775199, 5.122324235902347e-06
                                 -0.07754090237990313,                                  0.07698454182740641,                                         0.7323503488291269,                                       -0.04517522083815141,                               -0.09251696126898802,                               0.054201148898865015,                                      0.21512234885757606,                                      -0.1622757617609689,                              0.025519703529201326,                             -0.005983772842981877,                                     0.08329855279118263,                                    -0.24327360539790296,                             -0.013132061779998191,                             -0.012273059966072336,                                    -0.15038586042774757,                                     -0.5794306286866328,                     0.45733623685492436,                     0.09026257622900156,               0.36287089948291434,       -0.05082024723063779,        0.09980886524768737,-1767.8731052816788, -3.761492555453007,-1771.6345978371319, 0.0002669451635524768
                                 -0.07590228331821507,                                  0.07665744098720803,                                         0.6806239806171649,                                       -0.07362823096578464,                               -0.08378261120473232,                                0.04114845236047726,                                       0.1970213345198014,                                     -0.14629510150858172,                              0.018637715287946582,                            -0.0030536420388829755,                                    0.030399378998502185,                                    -0.26158465696475164,                             -0.013426484175148273,                              -0.01253790396458121,                                    -0.16109502491093752,                                     -0.6067972697042331,                      0.4552136295209908,                     0.08561356262261514,               0.36046864998150174,      -0.053503627319314635,        0.09992029115820039, -1766.580813006728,-3.5894425876527016,-1770.1702555943807,  0.000971980295664079
                                 -0.07540408272490198,                                  0.07760808521601711,                                         0.6995479883973137,                                      -0.031784492685635095,                               -0.08828175979465311,                                0.05556087811047758,                                      0.22206998563293698,                                      -0.1670955482497207,                              0.023410488256072642,                             -0.006766602087706547,                                     0.06744208492455579,                                     -0.2627500336302379,                             -0.013027785825511437,                             -0.012138322317781974,                                    -0.13172333088589813,                                     -0.5996097963921054,                      0.4543418107781365,                     0.07641983175450129,                0.3595507052950556,      -0.053645871353510385,        0.09876282368511036,-1765.2408323117093, -3.642504409670262,-1768.8833367213795, 0.0037119633754249546
                                 -0.07673637474604347,                                  0.07754393805144269,                                         0.7167467972826569,                                       -0.04694826210726936,                               -0.09054967030257528,                                0.04866118967631308,                                      0.20698495896758548,                                     -0.17116560521565133,                              0.027697182925740804,                            -0.0067194518958166305,                                     0.06374433775538615,                                    -0.26928744116835185,                             -0.013879763741083267,                              -0.01174866904334082,                                    -0.14859935116089606,                                     -0.5912062874824527,                      0.4570589119534733,                     0.08459319929331614,                0.3619783512693847,        -0.0531519015370579,         0.0993593830821788,-1762.9313726212306, -3.801373825680981,-1766.7327464469115,   0.03737569544716393
                                 -0.07720517694727543,                                  0.07663329886554673,                                         0.6989333342170297,                                      -0.055270617120232395,                               -0.08515044299732247,                                 0.0528026790107782,                                      0.20046427558419574,                                     -0.18083029013333404,                                0.0203454893308668,                             -0.005876289121179906,                                     0.06901935634685269,                                     -0.2562422485941359,                             -0.013069921749166574,                             -0.012253792742072694,                                      -0.153832983517889,                                     -0.6244469192790812,                     0.45795447803074624,                     0.08437090895521886,               0.36218707655025606,       -0.05412952481054819,         0.0998564366373018,-1765.8562994230238, -3.940672291445975,-1769.7969717144697, 0.0020059020042522274
                                 -0.07636366811044233,                                   0.0770461277545281,                                         0.7233383993139794,                                       -0.03060256924331925,                               -0.07220896708661372,                                0.04759281566718687,                                      0.18504079574722146,                                     -0.16620564458960227,                              0.036261652402196975,                               -0.0084788024897208,                                      0.0648997389777784,                                     -0.2613980427411403,                             -0.014045468851846363,                             -0.011807412079108931,                                     -0.1470213363746137,                                     -0.5814545779606887,                     0.45582704869174506,                     0.08175794645745876,               0.36078212038002666,       -0.05215236211220996,        0.09977465571509625,-1766.6530539128726, -3.678607115476587,-1770.3316610283491, 0.0009042398320622167
                                 -0.07757800920709809,                                  0.07613323370688091,                                         0.6989736009051507,                                      -0.048590974313334444,                               -0.07222591516442783,                               0.046251199498343165,                                      0.19158169219876395,                                     -0.18625558163114464,                               0.03011888386344433,                             -0.007376634509582147,                                    0.041204540441151065,                                     -0.2711641659646487,                             -0.013576110928728624,                             -0.011674515882329206,                                    -0.13942991098323793,                                     -0.5764469120823528,                      0.4589221012460143,                     0.08255269199312257,               0.36219191836540854,       -0.05663690200201705,        0.09996464339457609, -1768.484531923181,-3.7111464755639334, -1772.195678398745,0.00014483810709173785
                                 -0.07669165103349124,                                  0.07764658414668846,                                         0.6964832495340711,                                      -0.028409839298905743,                               -0.07004906022184415,                               0.041599560282774506,                                      0.17802785452582243,                                      -0.1582567421821893,                              0.027527925317289037,                             -0.004156503880881984,                                     0.05408714802708116,                                      -0.252803929004371,                             -0.012888296175801756,                             -0.012551376173234013,                                    -0.15537536063406038,                                     -0.6000756236069432,                      0.4592829125070986,                     0.07712437415655905,                0.3619719751034133,       -0.05516042938654142,        0.09988661636719591,-1765.2317121705614,-3.6739751800772567,-1768.9056873506386, 0.0037459718506651076
                                 -0.07687493455358171,                                  0.07761436992725565,                                         0.7287127993165443,                                       -0.04549361507108191,                               -0.08419779378557614,                                0.04726219479023944,                                      0.17009269151930817,                                     -0.16711378575189567,                              0.027450704659390285,                             -0.004591881288849756,                                      0.0856262756481053,                                     -0.2469760818713467,                             -0.012982368552153636,                             -0.012800831461512535,                                    -0.15328044916142095,                                      -0.600007878143658,                      0.4572684953049827,                     0.08812755525096165,               0.36240758524491684,       -0.05153566957195016,        0.09980434263111064,-1766.2886383078094,-3.8148239206136094, -1770.103462228423, 0.0013018091517965362
                                 -0.07559678085913085,                                    0.077243733469462,                                         0.6668578797398454,                                       -0.01711197883073438,                               -0.08469130999596843,                               0.048214059016760596,                                      0.20824881777915552,                                     -0.15083628689572376,                               0.02688104742761177,                             -0.003984299681286649,                                     0.07218023601532955,                                    -0.25911071928763296,                             -0.013085000030548868,                             -0.012125203599757509,                                     -0.1445369703127197,                                     -0.5882390980439145,                      0.4576187236645634,                     0.06171205064662142,               0.35937413116015865,       -0.05993492261764871,        0.09903216309441097,-1767.8465425663821,-3.5156778256289174, -1771.362220392011,0.00027413096664563087
                                 -0.07578628498214002,                                   0.0779185492899517,                                         0.7451411781037462,                                       -0.03666360359442409,                               -0.07218383252228117,                                0.05516770599841117,                                      0.19143894510267614,                                     -0.18689588461304282,                               0.02542012884761763,                              -0.00877101959485807,                                     0.08630594971705394,                                    -0.26018819979469915,                             -0.013629490058387123,                             -0.012135270761790218,                                      -0.147383034020506,                                     -0.5777383970963781,                      0.4556333935345895,                     0.08761052909627591,               0.36142130544176077,       -0.05160266189311773,        0.09981598865467219,-1767.9612020762404,-3.8966508561402167,-1771.8578529323806,0.00024443427595817913
                                 -0.07700138463403156,                                   0.0769472648279147,                                         0.7138891857914461,                                       -0.06761061824806326,                               -0.08859405282602534,                                0.04874250290330609,                                      0.22925900685886863,                                     -0.16180980371625583,                                0.0256122610077974,                              -0.00697506637231507,                                     0.05279163006293795,                                     -0.2760408122881875,                             -0.013614344261985392,                              -0.01215113058977002,                                    -0.14748717862999536,                                      -0.599102917413195,                      0.4573966017425199,                      0.0870381187610865,                0.3622834967436919,        -0.0523446203180926,        0.09991018509118225,-1765.2248150814753,-3.9071260210668743,-1769.1319411025422, 0.0037718974550618395
                                 -0.07582734496328665,                                  0.07724676410714296,                                         0.7139517469184152,                                       -0.07526120208820912,                               -0.08031759377460138,                               0.055232359351018584,                                      0.19587654849941563,                                      -0.1777669072763256,                              0.023556031785938014,                             -0.007008580050763422,                                      0.0599944033762829,                                     -0.2738807739495293,                             -0.013967888496742228,                             -0.011820397436101943,                                    -0.14314936471668585,                                     -0.5782179756181336,                     0.45268962840192734,                     0.08927137207017659,                0.3606457970817997,      -0.054242875638139204,        0.09858710496286045,-1764.5479269863663,-3.6619992421997907, -1768.209926228566,  0.007422131452544603
                                 -0.07575123670542638,                                  0.07703590190151507,                                         0.6719353127343829,                                       -0.04927113286575862,                               -0.09539486681275561,                                  0.050593803970127,                                        0.203901675030769,                                     -0.13810311354281493,                               0.03218525558207927,                             -0.002624827219961559,                                     0.09461702290354983,                                    -0.23745097807621823,                             -0.013901857775621751,                             -0.012059312100721448,                                    -0.15984148781646132,                                     -0.5707057621303263,                      0.4579055125034905,                     0.07160141577637129,                 0.360322480493978,      -0.057801565410680704,        0.09983133331571384,-1766.6198314553822, -3.395724880575187,-1770.0155563359574, 0.0009347854929378961
                                 -0.07584514048020595,                                  0.07665684470497355,                                         0.6889971876053419,                                       -0.07526817397384734,                               -0.09405696488345722,                                0.05078911826825308,                                      0.23037839992714268,                                     -0.14192758613877215,                              0.015709577333910027,                             -0.002344495209572639,                                     0.03773329277621177,                                     -0.2718570561314555,                             -0.012471252903560187,                             -0.012737893440083248,                                    -0.14022021733767895,                                     -0.6056849015667125,                       0.455049687354993,                     0.08176016805457106,                0.3604577036406591,      -0.057136447899902444,        0.09909792574804703,-1765.8944117752537,-3.7841195760409274,-1769.6785313512946, 0.0019308908655713347
                                 -0.07512534593396532,                                  0.07864846005274126,                                         0.7191274971836309,                                      0.0026319901859501805,                                -0.0892323243866302,                               0.056326512661431155,                                      0.20711447642431816,                                     -0.17326146420519908,                              0.028410450832494022,                              -0.01006729243450144,                                     0.08083269610729928,                                     -0.2396793289203391,                             -0.014494127588295297,                             -0.011381949572168731,                                     -0.1366705138031826,                                     -0.6052742011844697,                     0.45933641151770993,                     0.07028801679763746,                0.3610460060963627,       -0.05713750664244532,        0.09992166892483395, -1767.057449682695,-3.9881909582059882, -1771.045640640901, 0.0006034715250069749
                                 -0.07586435906185918,                                  0.07687398189412611,                                         0.6764685677533927,                                        -0.0803530656807523,                               -0.08492414421621686,                                0.05455837635146535,                                      0.20328793975859677,                                      -0.1780150217610492,                              0.021858804808107382,                            -0.0070124475274747355,                                     0.05673142619294157,                                    -0.24710748796392076,                             -0.014449650537652223,                             -0.011333313811317941,                                    -0.14550376294168896,                                      -0.585932634045802,                     0.45458783754951404,                     0.08327508877333294,                0.3604620887932136,        -0.0560208563515049,        0.09882354734971172, -1766.432961840134,-3.4504899495419585, -1769.883451789676, 0.0011268559615409384
                                  -0.0753317162168616,                                  0.07778909815628987,                                         0.7015612256395376,                                      -0.048336243036401626,                               -0.09849679568160999,                                0.05620036782066393,                                      0.21531660278853942,                                     -0.16444572564588492,                              0.021819209677472376,                             -0.006660150063276485,                                      0.0930378715434482,                                      -0.229834456289922,                             -0.013516900725391912,                              -0.01198889906343184,                                    -0.13266831943706953,                                     -0.6182688689020152,                     0.45595333975415414,                     0.08008517137313846,                0.3607731188456381,       -0.05541203657640786,         0.0992776111228708,-1772.1735846015447, -3.816836090812821,-1775.9904206923575, 3.620325494805946e-06
                                 -0.07657516351130532,                                  0.07671546854721165,                                         0.6847683501998518,                                      -0.060935855814656666,                               -0.08777836253438913,                               0.045309893662918654,                                       0.1778075054519286,                                     -0.18512826686909636,                              0.028305135380086888,                            -0.0036911555184572092,                                     0.05077616848854439,                                     -0.2515878519228235,                             -0.011964019464187778,                             -0.013034999751665319,                                     -0.1439002593655145,                                     -0.5909537498241932,                      0.4571396263598941,                      0.0822109181021126,                  0.36123155601584,       -0.05422148196469927,        0.09994528755157404,-1765.0825701124272, -3.526452343000253,-1768.6090224554275,  0.004348466036501289
                                 -0.07583775433824165,                                  0.07735716104311693,                                         0.6902257370195378,                                       -0.01715738650537249,                               -0.08928080291875519,                                0.05385816231691673,                                      0.20928391509795696,                                      -0.1686485907786419,                              0.022522525263495047,                             -0.007875527227055992,                                     0.09506266775942465,                                    -0.24353389063594044,                             -0.014304293360945214,                             -0.011729230286078945,                                     -0.1469742376187853,                                     -0.5951646218486044,                     0.45802569079586863,                     0.06646496686440298,                0.3600330570241555,      -0.057642502396572794,        0.09987061799786781, -1764.421670224195,-3.7307060081130836, -1768.152376232308,  0.008420953261958773
                                 -0.07582205384786463,                                  0.07840734760690476,                                         0.6800072112545906,                                       -0.07285337134548006,                               -0.07459633101659613,                               0.049145405462847014,                                      0.19439152790108932,                                     -0.15213573096233377,                               0.01895823028054036,                             -0.005127576743438708,                                     0.05154058616976084,                                    -0.29811673043233167,                             -0.013519308411038919,                             -0.012132063426626788,                                    -0.15441723777012697,                                     -0.6058418417054655,                     0.45775812451878406,                     0.07774052866527487,               0.36181840451877306,      -0.057054420138381884,        0.09879508427751088,-1768.2726766192807, -3.756237249363996,-1772.0289138686446, 0.0001790154150537879
                                 -0.07784952142402835,                                  0.07603755390151656,                                         0.7189639358936958,                                       -0.08979526835177125,                               -0.08723365260692427,                                0.04743801111315149,                                      0.19214680659466046,                                      -0.1721393588393775,                               0.02465543566885417,                             -0.006520765076037854,                                     0.03931472547299824,                                    -0.24747762168498333,                             -0.014153058654974376,                              -0.01171660711374485,                                    -0.13914522654156872,                                     -0.5957327254215439,                      0.4558872218323759,                     0.09731757413051421,                0.3630236921579102,       -0.05313420222860679,        0.09965831494579835,-1766.0466958103366, -3.788996747788023,-1769.8356925581247,0.00029227677674781565
                                 -0.07673456509105504,                                  0.07736535146730789,                                          0.699508744926561,                                       -0.05471159024176562,                               -0.08724985144472547,                               0.046422580745742986,                                       0.2114969059850915,                                     -0.16420971190996206,                               0.03138441122093488,                             -0.003844859780476273,                                    0.056812077921744066,                                    -0.24411823090065632,                             -0.013244140604174975,                             -0.011854418476111364,                                     -0.1484402422790631,                                     -0.5803059888654944,                      0.4564482321618317,                     0.08680530313173404,                0.3619722650836898,       -0.05364670667417487,        0.09958176159197163, -1764.142221102953,  -3.54859347590843,-1767.6908145788614, 0.0019628954377189337
                                 -0.07618774206674916,                                  0.07750820443525216,                                         0.7320895842041131,                                      -0.036131176739140444,                               -0.08112825326037741,                                0.04916541801738844,                                      0.19496922721389817,                                      -0.1395877250555023,                               0.01661219038598727,                             -0.007095051720409126,                                     0.05022133879136181,                                     -0.2781304537617384,                              -0.01325973401009782,                             -0.012049547960211932,                                    -0.15183166342758628,                                     -0.6295761048020522,                      0.4568016870381815,                     0.08867264825314093,                0.3620099537437568,       -0.05396766463558337,        0.09966141493732052, -1765.859483648385,  -4.17323507770335,-1770.0327187260884,0.00035245162572649535
                                   -0.074859222485859,                                   0.0779504665126792,                                         0.7028105731965182,                                      -0.049413201446784134,                               -0.06193142066684653,                                0.03551486059734649,                                       0.1648890596322106,                                     -0.12858546959895045,                              0.031311764005568204,                            -0.0014189562058310456,                                     0.03534866628316077,                                    -0.28238307654202394,                             -0.013064273941754884,                             -0.012470599352546505,                                    -0.16655100221330355,                                     -0.5772462450074021,                       0.454965016578915,                     0.08658210377932461,               0.36039356780796256,      -0.052807310245346704,        0.09995585180641234, -1763.677063723914, -3.510466311026333,-1767.1875300349402,  0.003125449229642892
                                 -0.07523368118448906,                                  0.07725129618048343,                                         0.7016603358580903,                                      -0.033571658496984284,                               -0.09557831382121897,                                0.06001035268480631,                                       0.2407670990347132,                                     -0.17784407444802383,                               0.01670560989970267,                            -0.0063536092802027044,                                     0.07486363448827091,                                     -0.2648585439062474,                             -0.013684885044442832,                             -0.012131740264158516,                                    -0.14840113493309293,                                     -0.5972433293020781,                        0.45549537318857,                     0.08380748860656845,                0.3603615896512913,       -0.05323865033814085,         0.0999912226926451, -1771.451617059505,-3.8352900382973605,-1775.2869070978024, 1.313611178806751e-06
                                 -0.07589525767056127,                                  0.07703409460845642,                                         0.7218031522486065,                                       -0.05677726305539521,                               -0.08059575271149216,                               0.040992492841891826,                                      0.18060763267930655,                                      -0.1413352299693323,                              0.028708389029640485,                             -0.003368474189773693,                                     0.04085952781013628,                                    -0.27744896273228453,                             -0.013146525021831362,                             -0.012308284462907451,                                    -0.15394857901553782,                                      -0.591621347097686,                       0.451883911746833,                     0.09868546965624833,                0.3605457871555099,       -0.05035734989496104,         0.0999529294183594,-1768.5580832886114, -3.687697222981727,-1772.2457805115932,2.3719885349602693e-05
                                 -0.07558692038088637,                                  0.07805948730446804,                                         0.7223454194996611,                                      -0.029596072456796366,                               -0.07919950709974713,                                0.04818649749580642,                                      0.17150479546644673,                                     -0.12599000562399731,                              0.027421633903571357,                             -0.007454351574723239,                                     0.06626742619668255,                                     -0.2720192625713753,                             -0.013701470745160316,                              -0.01163666044766401,                                     -0.1505755701900159,                                     -0.5879239830838168,                     0.45632341632737106,                     0.08515932212721011,                0.3611463798403994,       -0.05232507617524869,        0.09990897229807003,-1765.6187101251608,-3.6826772135084593,-1769.3013873386692,0.00044840054385568103
                                 -0.07652074685384318,                                  0.07771749048680951,                                         0.7205572462112633,                                       -0.07107031595873801,                               -0.06945081738841652,                                0.04043985691099797,                                      0.17532842375168575,                                      -0.1397541750495982,                              0.027041349087374322,                             -0.003815220810206993,                                    0.034187053310219984,                                    -0.29245212463457226,                             -0.012875576012118667,                             -0.012537460724731636,                                     -0.1586325334686466,                                     -0.5828475134734378,                     0.45644372274231787,                     0.09207606987480813,                0.3625309294604068,      -0.052258247760027195,        0.09958892904419984,-1761.9539470126024,-3.7372763884433264,-1765.6912234010458,   0.01750864462710989
                                 -0.07733305297839986,                                  0.07677362363957596,                                         0.6975539293511256,                                       -0.06725374548498261,                               -0.07963501169288704,                                0.04433655330603209,                                      0.19811187197159155,                                     -0.18312921764895815,                              0.025638428170363714,                             -0.005653307887015624,                                    0.017099182511605335,                                    -0.25195247663373266,                             -0.013256697591305544,                              -0.01224814471055874,                                     -0.1353158836486406,                                     -0.5887513713849547,                     0.45765936301604127,                     0.08551849972121812,               0.36235037096189865,       -0.05374166778976504,        0.09944358149448729,-1770.4454685238384, -3.590750866125388,-1774.0362193899637, 3.592788009441304e-06
                                  -0.0745577141197681,                                  0.07846396635648684,                                         0.6887501007433842,                                      -0.057297250688890286,                               -0.08302938784192183,                                0.05368226685020605,                                      0.22078049383654538,                                      -0.1545958518732644,                               0.02006271907782986,                             -0.007707165714369024,                                      0.0768441075212304,                                     -0.2547476093818156,                             -0.013656690933772184,                              -0.01208168593091248,                                    -0.15235780134630209,                                     -0.6113138142324805,                     0.45591314311057357,                      0.0812980413456614,                0.3607598893421151,      -0.055819434370969624,        0.09962589263065035,-1765.2236053439608,-3.7917557170429737,-1769.0153610610037, 0.0006656684243819037
                                  -0.0759398667601639,                                  0.07662140314209073,                                         0.7213441804066516,                                       -0.04118691442537609,                               -0.08677376837867276,                                0.04312902696675877,                                       0.1922341524094864,                                     -0.14064522852930159,                              0.027976603275491396,                             -0.001502552076722008,                                    0.030969848782042078,                                    -0.24353492847132824,                              -0.01338559189931117,                             -0.012052071054580255,                                    -0.14437420203118587,                                     -0.5894638015779895,                     0.45460769380093413,                     0.08574698449626046,               0.36025393914847936,      -0.052637171114701786,        0.09999128737400594,-1767.8554532705095,-3.6429956964538137,-1771.4984489669635, 4.789177408796002e-05
                                 -0.07641500323812374,                                    0.077407976081694,                                           0.70279446700899,                                       -0.04871598096199745,                               -0.07927476038021464,                                0.03675769858476027,                                      0.17124835146957276,                                     -0.13119295281820292,                              0.024612399730756948,                            -0.0029748542619776747,                                     0.03911214920199659,                                    -0.26331941872122483,                             -0.013423762698121483,                             -0.011860015724012435,                                     -0.1658138125248784,                                     -0.6164616420847419,                     0.45505085220976926,                     0.09176046062167958,                 0.361450260418033,      -0.051160577663897325,        0.09979440952137111,-1766.6373249245878,-3.6743778598384305,-1770.3117027844262, 0.0001619150969021397
                                 -0.07689348638486346,                                  0.07840188502872839,                                         0.7181486772029856,                                       -0.05952022384543464,                               -0.08078192228004447,                               0.048780818755171734,                                       0.2010092138532869,                                      -0.1651532950108105,                              0.024248456225701487,                             -0.005688821406643257,                                    0.056686147797315956,                                    -0.25400768874555957,                              -0.01356098332007441,                             -0.012131297476278502,                                     -0.1445924401939035,                                     -0.5936814290215541,                      0.4583892329105085,                      0.0857318880890311,               0.36331436181565113,      -0.053435358879966664,        0.09933381512797114,-1768.0786269788605, -3.777627369927978,-1771.8562543487885,3.8312263868597594e-05
                                 -0.07597687882415327,                                  0.07689502924543887,                                         0.6943710629835586,                                       -0.04087231292787271,                               -0.08189959717461162,                                0.04035097550633429,                                      0.17165844978785347,                                     -0.14832582248378048,                              0.031954959291924157,                            -0.0012073007653285728,                                     0.02932313309907519,                                    -0.24632776553434793,                             -0.013531321625527074,                             -0.012063299844878736,                                    -0.14204219533525428,                                     -0.5887568603297924,                      0.4568000158993866,                     0.07842421417637531,               0.36057284052445626,       -0.05437444832859299,        0.09983949824724286,-1767.4283912470396,-3.4566299221522105,-1770.8850211691918, 7.340600778472457e-05
                                 -0.07577175218003057,                                   0.0770629453492698,                                          0.665880453166039,                                        -0.0775386381132435,                               -0.07847440955090138,                                0.04263860188860552,                                      0.21422273164941327,                                     -0.16580692735916286,                               0.02742766112822756,                            -0.0032349088979233553,                                    0.027685602558720934,                                    -0.27460960451618904,                             -0.012878480120757568,                             -0.012335694869283292,                                    -0.15283058930523685,                                     -0.5652027835740119,                      0.4568154374130416,                     0.07614954396257533,                0.3604791667647581,      -0.056546981573718506,        0.09937127772957212,-1766.1465380015068,-3.3780317921642737, -1769.524569793671,0.00026450470190846553
                                  -0.0759888133797714,                                  0.07778562156179189,                                         0.7078997264931491,                                       -0.04768633981643919,                               -0.08647963619338908,                                0.05673096772976974,                                       0.2376463833132414,                                     -0.16039773646010105,                               0.02829667891706933,                             -0.007849129860003176,                                     0.07660297874701286,                                    -0.25820645395108655,                             -0.014760358652139274,                              -0.01165360824252959,                                     -0.1499950082071632,                                     -0.5777582363936744,                      0.4556927912719379,                     0.08779707831475182,               0.36125029692555444,       -0.05290489968587629,        0.09971990390244141, -1765.216624252216,-3.6875596451131254,-1768.9041838973292, 0.0006703317754256119
                                 -0.07642926981382787,                                  0.07821030466990142,                                          0.705509625771415,                                       -0.05650987589402518,                               -0.09025282562754003,                               0.052409158937345324,                                      0.20255609154308335,                                     -0.14883995254854876,                              0.023683025708115396,                             -0.006066538479776923,                                      0.0875556909591636,                                    -0.24361834217239844,                             -0.013090437460146084,                             -0.012227150332256687,                                    -0.14769757378326823,                                     -0.6119780981207923,                      0.4575224306641329,                     0.08701421366573622,                0.3625060591639174,       -0.05355725234744123,        0.09947968759715314,-1762.7614060641667, -3.781828249493745,-1766.5432343136606,  0.007808678052571595
                                  -0.0768608348563454,                                  0.07696595093765726,                                         0.7105159413520663,                                        -0.0785712696829301,                               -0.07345707476017291,                                0.04822914963188055,                                      0.20228441894268387,                                     -0.18991063816146597,                              0.019481661495775085,                            -0.0065897965591902585,                                    0.016189937196058934,                                     -0.2819546954031555,                             -0.013100372698929358,                             -0.012069839441411614,                                    -0.14947699517467986,                                     -0.5972762193978087,                     0.45623584563100933,                     0.09068687266688141,               0.36225859237889346,       -0.05288139033697647,        0.09984945088349101, -1768.358243614688,-3.8848096810940014,-1772.2430532957821,2.8966888869295324e-05
                                 -0.07539612237611741,                                  0.07820009035244033,                                         0.6846485798408901,                                      -0.009546436960220468,                               -0.08685438314886754,                                0.05887418541742864,                                      0.22277124631796774,                                     -0.17678380250459194,                               0.02337220376304265,                             -0.009605943881812712,                                     0.06968887961114037,                                    -0.23888061055975987,                             -0.013905879890759906,                             -0.011762291831271865,                                    -0.11960114524696304,                                     -0.5927098738311883,                     0.45982569536709744,                     0.06537311116208891,               0.36052413514171705,      -0.058342802941725676,        0.09980995586084838,-1766.5662001789344,-3.6790223775578688,-1770.2452225564923,0.00017385069398457377
                                 -0.07587461940166282,                                  0.07723937069579626,                                         0.6851224758364747,                                       -0.08437036061598487,                               -0.07597399474605976,                                0.04205783185128345,                                       0.1942410428951208,                                     -0.15130031515538334,                              0.025858280365048086,                             -0.003906491631176345,                                     0.05187613144220908,                                    -0.27267236084126545,                             -0.014306232031879779,                             -0.011582409888983819,                                    -0.16953378147702178,                                     -0.5884647680303273,                     0.45555227238976415,                     0.08536484975041782,               0.36126715372947116,       -0.05543732571423087,        0.09948589039653653, -1769.807447402382,-3.6131157844966113,-1773.4205631868786, 6.800183702268906e-06
                                 -0.07567868594364802,                                  0.07699945005261455,                                         0.7150208610724383,                                       -0.05106986528259989,                               -0.09378873739268481,                                  0.062167632693576,                                       0.2441562373846994,                                     -0.18756733105047474,                              0.011326613747965689,                              -0.00878792836671094,                                     0.07243929757565713,                                    -0.25273052245730393,                             -0.014603350401024298,                             -0.011653865439188213,                                    -0.14247141859860582,                                     -0.6156689747958531,                      0.4533700005648367,                     0.08855963261754918,               0.36029228165981997,       -0.05384852775552659,        0.09911963848416058,-1779.5122142898676, -4.010449291896996,-1783.5226635817646,  4.14757203550362e-10
                                 -0.07600761712480147,                                  0.07802944732761713,                                         0.7355320250493177,                                       -0.03673726435546153,                               -0.07121238200601619,                                 0.0381702689141217,                                      0.15284017535586045,                                      -0.1521245557670698,                              0.029495667024458078,                             -0.006619409639569668,                                     0.04690649452799087,                                     -0.2757418250899183,                             -0.012487682998193653,                             -0.012261850973112512,                                     -0.1555922333387071,                                     -0.6093252868531541,                     0.45649329548471856,                     0.08482431007020501,                0.3615409582421953,      -0.052889810001047664,         0.0995310254343999,-1766.1059389644174,-3.9448775639340594,-1770.0508165283516, 0.0002754643074931706
                                 -0.07722700480815017,                                  0.07618668142668067,                                         0.7200765516310904,                                       -0.07046374306747162,                               -0.07172578456419097,                               0.037801773289833696,                                      0.16949308596615742,                                      -0.1410772367614897,                               0.02604385798339376,                             -0.004337428881662525,                                    0.040892621526315405,                                     -0.2702837303576458,                             -0.013313000091703414,                              -0.01207111887675201,                                    -0.15507340594073935,                                     -0.5697440380463947,                      0.4532591132700423,                     0.10065119786061252,               0.36186010635505556,       -0.05177360160104215,        0.09976170084514906,-1767.0613133346503, -3.549938379271982,-1770.6112517139222,0.00010596233434406075
                                 -0.07629180127559627,                                  0.07624962623964279,                                         0.6806707528928831,                                       -0.07178753234021804,                               -0.08449623999154827,                                0.04391236985315458,                                      0.19611184932022954,                                      -0.1451500133565366,                              0.022468531994418492,                            -0.0020340386068321975,                                    0.024241431224769665,                                     -0.2682072261587758,                             -0.012439533098067307,                             -0.012550522935099187,                                    -0.15092326729391842,                                     -0.6128012164401387,                     0.45405320346099703,                      0.0850990303515402,                0.3601388142559876,       -0.05558075108511252,        0.09901687271083372,-1766.8742115073276, -3.628494175910316, -1770.502705683238,0.00012776409068572246
                                 -0.07499562557881037,                                  0.07801328037459077,                                         0.6941119958851235,                                      -0.022349145245041804,                               -0.08472023354208466,                                0.05399550304212106,                                        0.207781936693601,                                     -0.15996869676524555,                               0.01938378497327102,                             -0.006324448608231947,                                     0.05952611791701908,                                     -0.2828960726807678,                             -0.012965017934498196,                             -0.012647706257203892,                                    -0.15132179449542935,                                     -0.6202444530246543,                      0.4578165148276341,                     0.06769220551982306,                 0.359801234908888,       -0.05703214742122252,        0.09980757375421312,-1763.6853137839187, -3.977484701658014,-1767.6627984855768,  0.003099770158545887
                                 -0.07699282101214801,                                  0.07673829354302192,                                         0.7104523339644913,                                       -0.05152465855903069,                               -0.08364899132888184,                                0.05072930761846517,                                      0.21031160479477912,                                      -0.1718697897900612,                              0.022466485704632194,                              -0.00666780915500137,                                     0.07148611563853337,                                    -0.24375002050567005,                              -0.01350759913617304,                             -0.011806120377179985,                                    -0.14524628550037766,                                     -0.5928314234994653,                     0.45501243536920816,                     0.09226659092790788,               0.36160020785532626,       -0.05175309066294252,        0.09984192165001077,-1761.1133987901085, -3.680419172261563,  -1764.79381796237,   0.04057868627421645
                                 -0.07645163407230182,                                  0.07688338275505463,                                         0.7273319016164334,                                       -0.05793214036534521,                                -0.0870745382974338,                                0.05077261154243526,                                      0.18904879926456697,                                     -0.13985494780082472,                              0.024703965874377953,                             -0.005820616724927313,                                     0.04592542865050819,                                    -0.25013235106292686,                             -0.013350683829081417,                             -0.012069768756498164,                                    -0.13901794586644547,                                     -0.6111883957361294,                      0.4544786727108503,                     0.09100480761524474,                0.3612452557688795,       -0.05233242045250346,         0.0997510194141133, -1766.616906763418,-3.8364136421366126,-1770.4533204055547,0.00016525508764475346
                                 -0.07570818740345159,                                  0.07772339918386811,                                         0.7164360088868701,                                       -0.03060046825627201,                               -0.09532831270766362,                               0.051479412622078086,                                       0.2455063486571244,                                     -0.15181388401194176,                              0.029732030174576485,                             -0.006215471465723196,                                     0.08757862397213294,                                    -0.23184013378065998,                             -0.013765793254203462,                             -0.012057695422032513,                                     -0.1444581310552589,                                     -0.5704226117725097,                       0.455070804452171,                     0.08522065576976373,               0.36089426478072256,       -0.05310929410951523,        0.09921460832101624, -1767.786856396585, -3.601625406065004,-1771.3884818026502, 5.129229944647817e-05
                                 -0.07515144016040068,                                  0.07834706345411993,                                         0.6911277301438279,                                        -0.0550207098341333,                               -0.07703341441883935,                                0.04291545056837179,                                       0.1805399956268935,                                      -0.1625843651946773,                              0.025347816783467175,                             -0.004600952549709422,                                    0.057559610036893104,                                    -0.26855932345747946,                             -0.013753785952898168,                             -0.012099439505342952,                                     -0.1634800837182979,                                     -0.5915165454194494,                      0.4564039850824459,                      0.0791803451912814,               0.36078164231072707,       -0.05550554357431103,        0.09999318543219204,-1764.4205923148254,-3.6589560010534776,-1768.0795483158788, 0.0014859427739573774
                                 -0.07602389103990984,                                  0.07687667885624266,                                         0.6805347847848476,                                        -0.0470496523759807,                               -0.09112938496815168,                               0.053240380904969936,                                      0.25229353422760714,                                      -0.1512761365911484,                               0.02109254161746052,                             -0.007327093380977603,                                     0.05720738404048678,                                    -0.26712029496642054,                             -0.013507561314197503,                             -0.011928409754387942,                                    -0.15344775167893412,                                     -0.5959192029706972,                     0.45809459890035437,                     0.07543432242039866,               0.36104362163766757,       -0.05781906159233745,         0.0998236423560096,-1768.2370553984656,-3.8143029872379355,-1772.0513583857035,3.2698906297135346e-05
                                 -0.07539331850967954,                                  0.07789074444105543,                                         0.7030182799415842,                                      -0.027803514102473812,                                -0.0990460333149226,                                0.06049633157823192,                                      0.23846340479170505,                                     -0.14746193981436528,                              0.018728368060139403,                              -0.00437048781705085,                                    0.062458410497723105,                                     -0.2629165835777609,                             -0.013560191392618104,                              -0.01216982704549624,                                    -0.14173902948007372,                                     -0.5961158618645398,                      0.4566323038210774,                     0.07629004862055289,                0.3606022211071599,       -0.05526836745940375,        0.09981204040827558,-1766.2813410938238,-3.8054995948515726,-1770.0868406886755, 0.0002311474770070413
                                 -0.07554486492811134,                                  0.07865225199604661,                                         0.6793388195051138,                                      -0.031193405253558407,                               -0.07104709691309881,                                0.04563596839889633,                                      0.19047948795439112,                                     -0.15293344531607694,                              0.027727747287019072,                             -0.004912404899285128,                                     0.05532941556698658,                                    -0.26338511888432503,                             -0.013369317741123363,                             -0.012083491184472134,                                    -0.15632882124941483,                                     -0.5781839914759255,                      0.4605744801957232,                     0.07001287121170251,                0.3616247060848554,       -0.05830140153079271,        0.09995292333738373,-1764.6841733955882,-3.5665019920991727,-1768.2506753876874, 0.0011416428878496794
                                 -0.07662116798054595,                                  0.07702949003690832,                                         0.7182008479456621,                                      -0.056743720209005394,                               -0.08843444659244293,                                0.04938153609675178,                                      0.22633482074725725,                                     -0.12844337076522655,                              0.015032236523956494,                             -0.002333935419904065,                                     0.03710960514852735,                                    -0.25440139871969103,                             -0.013543214980692733,                              -0.01243889181447004,                                    -0.15153347997821445,                                     -0.6010194817104236,                     0.45498457734766634,                     0.09121131311159991,                0.3616410773210127,        -0.0530117766247664,        0.09961300574008966,-1767.1121617311305, -3.809663298762745,-1770.9218250298932, 0.0001007090128905451
                                 -0.07619781580828433,                                  0.07720835959163999,                                          0.684364525175493,                                       -0.04297955475343622,                                -0.0827051761236507,                                0.05290733073207282,                                      0.22166166647590774,                                     -0.17202622005045393,                              0.024671430601498387,                             -0.007953041812754427,                                     0.05432497879188454,                                     -0.2635225138344568,                             -0.012967071087611887,                             -0.012274878568093409,                                     -0.1356296951722624,                                     -0.5763356862257615,                      0.4589172771780552,                     0.07036136469367198,               0.36111444212372285,       -0.05663055058980634,        0.09955786646839203,-1768.0055642778725,-3.5704534713167106,-1771.5760177491893,4.1216256400763874e-05
                                  -0.0752320408479217,                                  0.07869589280296124,                                         0.7010028316143454,                                      -0.010681529331585966,                               -0.06961674192596269,                               0.055401561178335584,                                      0.19211098044646088,                                      -0.1899937569851576,                              0.025767353559181083,                             -0.011035403983977038,                                     0.06067513792890454,                                     -0.2733187078795001,                             -0.014532898310736078,                              -0.01171457003054567,                                    -0.13030533591943053,                                     -0.5804888949907089,                      0.4601167481808422,                     0.06781075522360842,                0.3612208887188353,      -0.055746600864556996,         0.0999586842420691,-1765.7470452881066, -3.710542955429268,-1769.4575882435358,0.00039439452513636967
                                 -0.07604889162790585,                                  0.07798850081519992,                                         0.7084983035472937,                                       -0.04843446627402853,                               -0.09738998801806764,                               0.054084504412221096,                                       0.2404917653669214,                                      -0.1702442544656027,                              0.018506422140189563,                             -0.002978767190465567,                                     0.05990373914008576,                                     -0.2478911474448815,                             -0.013833765788111185,                             -0.012276406215637303,                                    -0.14373289584036894,                                      -0.578447450769016,                     0.45778241978590606,                     0.08085172743968445,                0.3617015927585094,      -0.054456159484778985,        0.09949956657678044, -1767.603827309001, -3.716467623999615,-1771.3202949330005, 6.159432380294707e-05
                                 -0.07604186718217815,                                  0.07701580832466554,                                         0.6937061607989129,                                       -0.08498191182193145,                               -0.09462302987080981,                                0.04752317658685104,                                       0.2277205963392785,                                     -0.14403701305532246,                               0.01996215149271878,                            -0.0030772680790443208,                                    0.054201054877714705,                                     -0.2562524658401476,                             -0.013044360511290279,                             -0.012442834150522344,                                    -0.15242167779289018,                                     -0.6166937873275408,                      0.4552264340446238,                      0.0910885997318151,                 0.361396967026407,      -0.053620608316969326,         0.0995937634081679,-1761.1908704430816,-3.8093660408260073,-1765.0002364839077,  0.037553677412686844
                                 -0.07535353056088329,                                   0.0783915062624265,                                         0.7095029678053458,                                      -0.020376972327656333,                               -0.08750466657526933,                                0.05983345548770236,                                      0.21488060061818318,                                     -0.18868737307073968,                               0.02424624303458696,                             -0.010760509937249724,                                     0.06280150276091952,                                    -0.24844924177958266,                             -0.014088600616888894,                             -0.011497561021478905,                                    -0.11316997629722508,                                     -0.5975100310834651,                     0.46054911784151165,                     0.07179039716821509,               0.36172671856051525,       -0.05732006055292192,          0.099906849088657, -1768.432490298289,-3.9069210675008526,-1772.3394113657898,2.6894094601103796e-05
                                 -0.07598687056571231,                                  0.07757468229792416,                                         0.6936412302696007,                                       -0.04328309602470596,                               -0.09759021608750426,                                0.05919798939230683,                                      0.23126010170034442,                                     -0.16982660927775922,                               0.02399848017244352,                             -0.006726583008661496,                                     0.08357435295181986,                                    -0.25273442721697537,                             -0.013414546321251594,                             -0.012402853013444182,                                    -0.14019410605421576,                                     -0.6028499828403834,                      0.4552184319502619,                     0.08402162703297493,               0.36072372810976966,       -0.05384595149728092,        0.09917630398679089,-1769.4266410878859,-3.7013509726573175,-1773.1279920605432, 9.951824899643283e-06
                                 -0.07675112258087978,                                  0.07705394625358084,                                         0.7080641153189233,                                       -0.04713578253493856,                               -0.07587371945094672,                               0.042756264238716424,                                       0.1589010429176744,                                     -0.16259941900976763,                               0.02302283721546687,                             -0.006654035122241164,                                      0.0601878293809437,                                    -0.26579693565979245,                             -0.013892327543588157,                             -0.011745371125263929,                                     -0.1497982025333362,                                     -0.6049400310611984,                      0.4565852489455425,                     0.08822840707919469,               0.36196812575487103,      -0.053453607470048986,        0.09962104131781799,-1765.3514858898309,-3.7277978795848297,-1769.0792837694157, 0.0005857605799236953
                                 -0.07632406763317127,                                  0.07799387250674894,                                          0.690384057631393,                                        -0.0702517871787731,                               -0.06185633755604219,                                0.03200745962633203,                                         0.14033177274492,                                     -0.16959355526785738,                               0.03594645531935642,                             -0.004972058270650309,                                     0.03622629934894557,                                     -0.2678746766990861,                             -0.013854241518216584,                             -0.011828717097340444,                                    -0.15666020275492068,                                     -0.5704918656897424,                     0.45683946829124583,                     0.08798275137169657,                0.3621165923442268,       -0.05323872911078406,        0.09988139726427449,-1768.8798705535937,-3.3785412241671664,-1772.2584117777608, 1.719341524015906e-05
                                 -0.07738026306936598,                                  0.07640273693712737,                                         0.6994473222128489,                                        -0.1043236990512335,                               -0.05696959201021887,                               0.036566464868462906,                                      0.17084214592946595,                                     -0.13338130737684817,                                 0.032233511271966,                             -0.006877674350611929,                                    0.019722226417478422,                                    -0.30196390958496866,                             -0.013952136393284367,                             -0.011764371574908825,                                    -0.15972328007835546,                                     -0.5754722577911487,                      0.4547447343995982,                     0.10243477010132618,               0.36268468457831515,      -0.050931955719272115,         0.0999449608367145,-1762.3922408471653, -3.550435019762446,-1765.9426758669279,  0.011295460316448663
                                 -0.07513337871934492,                                  0.07743307434736521,                                         0.7079743914703125,                                       -0.05193354920620968,                                -0.0918221480964631,                                0.05648815591361822,                                      0.22604530285617253,                                     -0.14546570268840536,                              0.019652259982729167,                             -0.006021215341033587,                                     0.06331621936841514,                                     -0.2654262779368604,                             -0.014541405289012974,                             -0.011995202815595171,                                    -0.14182656786612885,                                     -0.5938866781262816,                     0.45446992173098405,                     0.08428043125458659,               0.35987991828449134,       -0.05246402217385853,        0.09989544967042963,-1765.7812127120135,-3.7171174556608593,-1769.4983301676743,0.00038114669117151636
                                 -0.07616675801185227,                                  0.07669623626391173,                                         0.6990337822276615,                                      -0.062347069975560394,                               -0.07462727203143546,                                0.04846732340530316,                                      0.19030668771523784,                                      -0.1358853163712868,                                0.0210836403637934,                              -0.00790695136779343,                                    0.061363523561890655,                                    -0.26994097566135117,                             -0.013739309524923804,                             -0.012098118552311604,                                    -0.16694527850506527,                                     -0.6167840541665149,                     0.45585972134649144,                     0.08557792852592204,                0.3610259194433318,       -0.05526625529387481,        0.09946893032085523,-1763.2153076374375,-3.8478114381666715,-1767.0631190756042,  0.004959644738251244
                                 -0.07590038147587516,                                  0.07696423346264619,                                          0.690157615036109,                                      -0.031539286923507555,                               -0.08775761926216753,                                0.05067643525167484,                                       0.2153566406519282,                                     -0.19875035755966178,                              0.026077704901415727,                              -0.00678199890043564,                                     0.05010971261532757,                                     -0.2586938054055551,                              -0.01431915255693475,                             -0.011730735286669486,                                    -0.13223186815432417,                                     -0.5876576701718904,                      0.4578494034242328,                     0.07348006937265085,                0.3604330866571437,       -0.05538571361540201,        0.09978578561126283,-1764.1684533326973, -3.666783184265314,-1767.8352365169626, 0.0019120738102269361
                                 -0.07587108509558473,                                  0.07709064025468254,                                         0.6910431055604348,                                      -0.022058967106099055,                                -0.0794834709705889,                                0.04514626333210653,                                      0.18955702992209048,                                     -0.15611032370175426,                              0.026322684504343385,                             -0.006036921843324855,                                     0.06339573747265315,                                     -0.2768140423250709,                             -0.013160233353453302,                              -0.01223136465337693,                                    -0.15438435019726612,                                     -0.5725608723862754,                      0.4584589648173251,                     0.07041993916572788,               0.36041142720232167,       -0.05873661476407748,        0.09985105815816502,-1764.8093853663995,-3.6536503052025067, -1768.463035671602,  0.001007282775207002
                                 -0.07518004782540105,                                  0.07789751061091232,                                         0.6949302275104295,                                      -0.044636804913348434,                               -0.09137000405319065,                                0.06440301621259784,                                      0.23103674202925886,                                      -0.1837847515872813,                              0.017110603224985504,                              -0.01040200501421791,                                     0.09127739625039016,                                     -0.2801327809415608,                              -0.01433487384329088,                             -0.011978802116929782,                                    -0.14715472212984645,                                     -0.6036312087229846,                     0.45604865160398694,                     0.07962672584072991,               0.36043482647169656,       -0.05429443461659157,        0.09950937239736052,-1773.3086961735949,-3.8799479660759246,-1777.1886441396707,2.0509148228109098e-07
                                  -0.0753674434344238,                                  0.07811495100397936,                                         0.7315493752800256,                                      -0.033754430546438716,                               -0.07519682545118646,                                 0.0372962516688449,                                      0.16770203980737153,                                      -0.1420464353823725,                               0.03215030879745415,                             -0.002866926573320258,                                     0.03777382476920187,                                      -0.281648010296122,                             -0.013039164661623956,                             -0.012090165796522015,                                      -0.163164158323259,                                     -0.5708277795465251,                      0.4564361431117617,                      0.0790724880967686,                0.3608062456527856,       -0.05460945796009369,        0.09966656483285867,-1765.5471548472744,-3.7526209775999795,-1769.2997758248744,0.00048166178744937793
                                 -0.07570376806506426,                                  0.07627986832895545,                                         0.6918535763540089,                                      -0.022331524485182996,                               -0.08453059446908398,                                0.04788860836757611,                                       0.1686373411486763,                                     -0.15604754853870234,                                0.0196243162791732,                             -0.005097309675805503,                                     0.05264143661773778,                                     -0.2573686129539974,                             -0.013636437149827443,                             -0.012428443860952543,                                     -0.1449967789191736,                                     -0.6133798401064499,                      0.4563880914403271,                     0.07330721183511117,               0.35941195563496625,      -0.057103680959214385,        0.09972220686118863, -1765.284738592577, -3.725128447791111,-1769.0098670403681, 0.0006261928787496621
                                 -0.07591326112845155,                                  0.07827854946539362,                                         0.7303418612885549,                                      -0.001982597029941483,                               -0.07475831825771259,                                 0.0468290659168033,                                       0.1854089820748707,                                     -0.14931996389979288,                              0.025510756448749394,                            -0.0053942973912724235,                                     0.04100527521636844,                                     -0.2988322004439826,                             -0.013615237339778638,                             -0.011996331884020175,                                    -0.14878592388661144,                                     -0.5849380766910283,                     0.45611444486233677,                     0.08773862424757674,               0.36157206988504975,      -0.049713833270404434,        0.09999111501901546,-1767.6901639238413,-3.7775556290711294,-1771.4677195529125, 5.649957440094524e-05
                                 -0.07571111637723538,                                  0.07741738664347617,                                         0.6942595705262508,                                       -0.05388255396575822,                               -0.08077761093229985,                                0.04129250399299794,                                      0.19602964413525395,                                     -0.14492580081569356,                               0.03649457528182151,                             -0.002773303296238261,                                    0.054425074580942936,                                      -0.245280557307919,                             -0.012871906165514785,                             -0.012127210313910355,                                    -0.15524335128468106,                                     -0.5633495488446243,                     0.45653812254723636,                     0.07988960208433546,                0.3606212467543323,       -0.05390984015870504,        0.09985411109726833,-1765.0055773773317,  -3.35998169121138,-1768.3655590685432, 0.0008278397954484293
                                  -0.0763911919056133,                                  0.07805481152020724,                                         0.7164731810105658,                                       -0.05840966786500908,                               -0.08589477501619892,                                0.04274486483457318,                                      0.19520797907925405,                                     -0.13530682591272045,                               0.02655405608400324,                             -0.003224365224081177,                                     0.05972763095240496,                                    -0.25668539872634516,                             -0.013262651481960167,                             -0.012263103197188402,                                     -0.1488244502181654,                                      -0.574643619453149,                      0.4553111478629895,                      0.0946117724434827,                 0.362185056351324,       -0.04991844164656237,        0.09966543379793269,-1767.4126122021332, -3.488922101750137,-1770.9015343038834, 7.457347098242276e-05
                                 -0.07546822526742283,                                  0.07716181273074099,                                         0.6727545149164285,                                       -0.08826477875965717,                               -0.07574157611834514,                                0.05102058731927753,                                      0.21262511666941594,                                      -0.1731011539638925,                               0.02286068412488247,                             -0.006028407486152576,                                     0.03662816411233088,                                     -0.2749505066372164,                             -0.013679093848343177,                             -0.012318648496173076,                                    -0.15187824957698506,                                     -0.5973841105417522,                     0.45559840677718444,                     0.07833666203678086,                0.3602812483033119,      -0.056037913492749454,        0.09957489899254154,-1766.3237612156483, -3.646574355272527, -1769.970335570921,0.00022154723417484125
                                 -0.07524332776485584,                                  0.07831561782540175,                                         0.7074728344303974,                                       -0.02516263993738146,                               -0.08831337238787594,                                0.06528876106762582,                                      0.24034748152823399,                                      -0.1880914121878827,                              0.011943309113447473,                              -0.00692180896034586,                                      0.0609027466519449,                                     -0.2740835285077209,                             -0.013070363085938924,                              -0.01252156477771095,                                    -0.14164826445529594,                                     -0.6313969604139239,                      0.4563762498020167,                      0.0765886875690995,                0.3606047449056965,      -0.053186871743068416,        0.09939993396198253,-1772.1886165200222,   -4.0950271803137, -1776.283643700336,  6.28625561806519e-07
                                 -0.07661708155011554,                                  0.07801552610379575,                                         0.7260749657013652,                                      -0.029009714616630572,                               -0.07665829761397308,                                0.05429878878205541,                                      0.20118677704136412,                                     -0.16436643754992933,                              0.021688058127776716,                             -0.011054713411959766,                                     0.05702486608422372,                                     -0.2866238828084255,                             -0.013921268883291288,                             -0.011562807141974524,                                    -0.14286291323291392,                                     -0.5919241740975688,                      0.4590712253271891,                     0.08310386307002077,                0.3627215006580195,       -0.05348606459740661,        0.09982570963439573, -1766.625344727307,-3.9431202885699927, -1770.568465015877,0.00016386653768855306
                                 -0.07700050254982356,                                   0.0768732198512648,                                         0.7160684881469968,                                       -0.05398500836886563,                               -0.07904961687409588,                               0.056092347248086066,                                      0.20498180857620782,                                     -0.14528700316446788,                              0.022715865008142197,                             -0.009554021483335548,                                     0.07902893259147445,                                     -0.2707358024707764,                             -0.014599880185975939,                             -0.011892894445296773,                                    -0.14699142315027341,                                     -0.5886535110429828,                     0.45775517140021876,                     0.08467478496311481,                0.3622645071077123,       -0.05286325160625897,         0.0997722401743392,-1772.0904385585077,-3.7694904826886164,-1775.8599290411962, 6.934740011433912e-07
                                 -0.07584169988614531,                                  0.07722272371726188,                                         0.6936828876735691,                                       -0.03652484760216346,                               -0.08073338546443268,                                0.04933399744755371,                                      0.20559430952960628,                                     -0.15615145566353889,                              0.023638249530851252,                            -0.0073315233162433435,                                     0.04817782453733758,                                    -0.27485919068690506,                             -0.012972156063650292,                              -0.01203887799155734,                                    -0.15700132501169775,                                     -0.5976993386299904,                     0.45629350235601784,                     0.08146054325065855,                0.3606720116102323,      -0.055348621181237866,        0.09998146327206188,-1764.2349721783187,-3.7508365909713843,  -1767.98580876929,  0.004583943048529218
                                 -0.07568362362850745,                                   0.0774173594824843,                                          0.674508493542682,                                      -0.018322656715656898,                               -0.09597536905515035,                               0.058778473246109464,                                       0.2445775016511134,                                     -0.15514227384880555,                               0.01796179739771006,                             -0.005667569809827619,                                     0.07442417322462204,                                    -0.23960370897038785,                             -0.013858008704986852,                             -0.011915985049532424,                                    -0.13795161430474648,                                     -0.6182146744122066,                     0.45939374151509293,                     0.06324497768564061,                0.3603172131168087,       -0.06044506174831902,        0.09918649616482218, -1769.169818524652,-3.8567171297411784,-1773.0265356543932,3.2965728384569335e-05
                                 -0.07664976487218159,                                  0.07701008707392229,                                         0.6873893132151767,                                         -0.034959012270571,                               -0.07746401859645026,                               0.040948023041864956,                                      0.19544328890932208,                                     -0.15288047543588437,                              0.021353963498879747,                            -0.0028376454452812283,                                    0.040140387603177945,                                     -0.2655237793907037,                             -0.013126593455127386,                             -0.012466739829224943,                                    -0.16878087678752493,                                     -0.5992797798735319,                       0.458578615411693,                     0.07522011638606392,               0.36101347176489706,      -0.054474568308585804,         0.0999892947554535,-1763.9376493985096,   -3.6550373318469,-1767.5926867303565,  0.006171132281968369
                                 -0.07699790627311512,                                  0.07620336507457212,                                         0.6893706019280997,                                       -0.07852305965784126,                                -0.0833162277259857,                               0.046480052893401125,                                      0.21050134712563567,                                     -0.17182149506425295,                              0.022031309998103363,                              -0.00530964342197969,                                     0.03799053081692266,                                    -0.26986658281818704,                             -0.013339817148743632,                               -0.0118165791965721,                                    -0.15161076416666594,                                     -0.6018974721148506,                       0.454639388456608,                      0.0899863798017552,                 0.361178926875717,       -0.05261966964403409,        0.09936758274514619,-1763.9601490546768,-3.6524287390258565,-1767.6125777937027,   0.00603383429820836
                                 -0.07523801172588196,                                  0.07749304767126464,                                         0.6803001814378135,                                       0.009399971457586115,                               -0.08444250326300418,                               0.052527207751628335,                                      0.20668587454574763,                                     -0.15091688682400564,                               0.02345676623807491,                             -0.005531879959200431,                                    0.054900222296120134,                                     -0.2747228500897299,                             -0.013928684860404925,                             -0.012240879517294204,                                    -0.14217008359079528,                                     -0.5923660836524369,                     0.46033332587676434,                     0.05576232474493597,                0.3596387278662682,      -0.061914742819688694,        0.09979517422005314,-1766.6007700353714,-3.8095837686449237,-1770.4103538040163, 0.0004303147756591919
                                  -0.0778374943145901,                                  0.07625168351876269,                                         0.7064898813965433,                                       -0.07639499039344277,                               -0.08446900616878777,                                0.05172058005820246,                                      0.19980487718773832,                                     -0.17476024281757144,                              0.023600951658403285,                             -0.006958200097184508,                                    0.030652974965479907,                                    -0.26236919831277855,                             -0.013027540049858233,                             -0.012332321467800528,                                    -0.12905033262462595,                                      -0.611034428121218,                      0.4567233217122875,                     0.09480189090644216,               0.36292100057580723,       -0.05290376375739508,        0.09998818415471124,-1766.2171502994656,  -3.84163247473835, -1770.058782774204, 0.0006315244846210656
                                 -0.07736310196428133,                                  0.07658618722767074,                                         0.6967234785575477,                                        -0.1170177193447483,                               -0.08784395193996758,                               0.050470366837854524,                                       0.2150461383970656,                                     -0.14674512420742328,                              0.024226659287053476,                             -0.006525263727841221,                                     0.06021346480362225,                                    -0.24805577172328785,                             -0.013801730884189609,                              -0.01151287163746037,                                    -0.15097798042009195,                                     -0.5869607636201327,                      0.4562216458138083,                     0.09781430870441019,               0.36307411998910477,       -0.05346985824564429,        0.09988624231484948,-1764.4967722769056,-3.6561170456932004,-1768.1528893225989, 0.0035280999095605083
                                 -0.07506845356093687,                                  0.07789146809113853,                                         0.6895282198948909,                                      0.0017590209100157696,                               -0.08961852937049891,                                0.06084293316164616,                                      0.23783907617904573,                                      -0.1682524315316044,                              0.018431756059536883,                             -0.006780024268363549,                                     0.07390812668394217,                                     -0.2513700197388192,                             -0.014286690820721232,                             -0.012004286941715472,                                     -0.1386049848702392,                                     -0.5893683748227281,                      0.4609097510481127,                     0.05523564160825436,                0.3600629609300251,       -0.06056592287464937,        0.09976243236374649,-1765.4900681997074,-3.8581164810167223, -1769.348184680724, 0.0013066459807865639
                                  -0.0765220059093285,                                  0.07792972056240008,                                         0.7064184383212426,                                       -0.03212867589479414,                                -0.0697448428463534,                               0.033656759775010536,                                       0.1488079855041713,                                     -0.12942352226133855,                              0.026436603681710802,                            -0.0027468129149479104,                                     0.02427807450055142,                                    -0.29582555238944686,                              -0.01224001744769107,                             -0.012523806728049106,                                    -0.17089223365179215,                                     -0.5946606984000886,                     0.45860468383003894,                     0.08070981732786378,               0.36203274348686315,       -0.05524002981370478,        0.09973561305725351,-1765.5344780315404,-3.7566230760286934,-1769.2911011075691, 0.0012498876935841605
                                 -0.07624688676075761,                                  0.07791662156572615,                                         0.7064981969297297,                                      -0.037691803981774574,                               -0.09341709835407817,                                 0.0501974701953784,                                       0.2365874350030126,                                      -0.1372887460020001,                              0.026303866642890805,                             -0.002280554709010313,                                     0.06483168265353657,                                    -0.25473526113832107,                              -0.01281139271412296,                             -0.012472987512914577,                                    -0.14576882905237185,                                     -0.5688421776256333,                      0.4595485793096217,                     0.07613666672811512,               0.36198842496423744,        -0.0549483351992034,        0.09983841090600085,-1762.5543725022258,-3.6401549648063996,-1766.1945274670322,  0.001995671534936738
                                 -0.07546599853509564,                                  0.07805112654718324,                                         0.6808115374139893,                                       -0.02902713461885717,                               -0.09688816858486442,                                0.04566424827625132,                                       0.2017394611345301,                                     -0.15882490745475353,                              0.028725859301923895,                             -0.002478159171376809,                                     0.06120491404643692,                                    -0.23407062064001388,                             -0.012199420058663424,                             -0.012245599950208713,                                    -0.14915390532062112,                                     -0.5916957044837561,                      0.4594850707289518,                      0.0687791104074604,                0.3606869719596565,       -0.05610703010325246,        0.09991511130919349,-1763.1782428169142, -3.517667539747177,-1766.6959103566614, 0.0010694134151420804
                                 -0.07677683279935636,                                  0.07637047564601634,                                         0.6876787610162571,                                       -0.07886241852723959,                                -0.0808165400887953,                                0.05461558652475457,                                      0.20235783717543368,                                     -0.18832273718391715,                               0.01603781612708044,                             -0.008408577759213068,                                     0.05457219362353025,                                    -0.25376094271842503,                             -0.013506719979494208,                             -0.012259056510353583,                                    -0.14792423233661858,                                     -0.6117473887251719,                       0.457199339505329,                     0.08256944668922657,               0.36159690921539145,       -0.05848609685136525,        0.09965913729298329,-1764.5759865659027, -3.908305849395875,-1768.4842924152986,0.00026430977832611326
                                  -0.0762063728199039,                                  0.07770410744906184,                                          0.707515888422502,                                       -0.05311840180772852,                               -0.09424196797841608,                                0.06378341590628028,                                       0.2145930824123753,                                     -0.19532088244145998,                              0.017983359786799658,                             -0.009957081980548108,                                     0.08469012005398684,                                    -0.24094528068630477,                             -0.013711009376356414,                             -0.012454546253262297,                                    -0.13756954797870163,                                     -0.6155465169722342,                     0.45817754940608707,                     0.08230036653189166,               0.36215844096514316,       -0.05538306578624949,         0.0994732467514263,-1778.8094767701841, -3.970424984088391,-1782.7799017542725,1.7401511646569421e-10
                                 -0.07701139996613265,                                  0.07722843116697467,                                         0.7176943462511008,                                       -0.06027106776200024,                               -0.09068846410177561,                                0.05885881537801291,                                      0.21814302814070727,                                      -0.1601963592728574,                               0.01756029999790895,                             -0.006014112660740506,                                     0.07911110402246489,                                     -0.2357176366213407,                             -0.013479751624218522,                             -0.012517452461601936,                                    -0.15063753233854138,                                     -0.6211699898598573,                     0.45601812707694594,                     0.09260014797877106,               0.36251375386157547,       -0.05288833259661163,        0.09966952627257143,-1765.6223354307922,-3.9614228860916896,-1769.5837583168839,  9.28302868169638e-05
                                 -0.07687268595035264,                                     0.07743607166868,                                         0.6849788961661094,                                       -0.08384709590179909,                               -0.09044069923584876,                                0.05603490462341229,                                      0.20740891045054852,                                       -0.164554584349114,                               0.02314219164152831,                             -0.006280248986301723,                                     0.08124962173175825,                                     -0.2517511115155292,                             -0.014029387595544188,                             -0.011821559831094758,                                    -0.13988838959325106,                                     -0.5836794739007846,                      0.4574598999403977,                       0.090458371332107,                0.3627050994274327,       -0.05433093798488909,        0.09965217487219764,-1761.1905840337715, -3.541266118006672,-1764.7318501517782,  0.007805035256664946
                                 -0.07675195581512595,                                  0.07710562696260626,                                         0.6808762247849335,                                       -0.02852082037042112,                                -0.0840973523125359,                               0.060750119579751405,                                      0.22284318322051738,                                     -0.18822463714882656,                              0.012593862990771365,                              -0.00846376914075396,                                     0.07371707188834031,                                     -0.2698750154737205,                             -0.014155110654765976,                             -0.011611473047795182,                                    -0.14693406135552523,                                     -0.6066963791524559,                      0.4617572315784972,                     0.06378273538641269,                0.3614268851568039,      -0.059279143037379634,        0.09989139217017554,-1769.3807244147401,-3.9573295230158565, -1773.338053937756,2.1649212121168695e-06
                                 -0.07623855101855807,                                  0.07699407692392121,                                         0.7100012274249263,                                       -0.05989650214291394,                                -0.0850920157984926,                                 0.0537368340451678,                                      0.21581581920917214,                                     -0.16430356864293238,                              0.025943735382879085,                             -0.006639588272562433,                                     0.05403516789252818,                                     -0.2663141415930877,                             -0.013945306386499379,                             -0.012114924702497865,                                     -0.1406237359071137,                                     -0.5733450387834558,                      0.4554108384995971,                     0.08608002202942745,               0.36112131747756204,       -0.05394525510844984,        0.09926639190949796,-1759.4171663515153,-3.6284063011967347, -1763.045572652712,  0.045979091171427094
                                 -0.07594550855211062,                                  0.07682806042877588,                                         0.7051586239585506,                                      -0.058249834226816594,                               -0.09571336077727596,                                0.05285420481928138,                                      0.19826342645406278,                                     -0.15567536696043485,                              0.026980663663965676,                             -0.007316949026722558,                                     0.08238013266367815,                                    -0.24475431994868788,                             -0.013537366448366325,                             -0.011744466326479547,                                    -0.14029902434254118,                                     -0.5998981684445702,                     0.45632694793161277,                     0.08439232091896175,               0.36109378253026936,       -0.05491896404233138,        0.09975994095389204,-1764.2520227449495,-3.7356012870500415,-1767.9876240319995,0.00036543398195563434
                                  -0.0756335361247178,                                  0.07766546488027065,                                         0.6867472668121076,                                       -0.02737137162816353,                               -0.08053455329351063,                                0.04577223160427782,                                      0.18888243439370223,                                      -0.1350931861994137,                              0.025959748177109082,                             -0.004957905415837266,                                     0.06243020704547714,                                    -0.27459009833055326,                             -0.013287831678996886,                             -0.011544138036570631,                                     -0.1568502311440114,                                     -0.5891447637110426,                     0.45835782480153137,                     0.07166755039433571,                0.3606287530334487,       -0.05702759599303734,        0.09963486868959401, -1765.139087442256,-3.6161463934759572,-1768.7552338357318,0.00015050870779897545
                                 -0.07613704674914697,                                   0.0773319339549528,                                         0.6814173528754358,                                       -0.06862459375269758,                                -0.0980281959596655,                               0.043237934762492325,                                       0.1973197320101353,                                      -0.1472943687327347,                              0.027005582670588973,                            -0.0007679952166524673,                                     0.06377525043180718,                                    -0.24186829494645054,                             -0.012222187108861693,                               -0.0131118077159946,                                     -0.1589606588714806,                                     -0.5873091894490071,                      0.4575127227298076,                     0.07978831414533036,                0.3614184206594707,        -0.0566332691064093,        0.09959395574096873,-1762.6311303138855, -3.521591895372494, -1766.152722209258, 0.0018482195883643474
                                  -0.0771611447621364,                                  0.07705258208821314,                                         0.7014062974182238,                                       -0.04280241641273487,                               -0.07606330608759689,                                0.05163694467335553,                                      0.20205019014076223,                                     -0.14706919255850703,                              0.016993856633905485,                            -0.0065442864067694895,                                     0.07122670427455562,                                    -0.26463826902828924,                             -0.013559660754692893,                             -0.012309262042724783,                                    -0.16045988010369258,                                     -0.6032621352970834,                      0.4575873828670994,                     0.08696145456942649,               0.36225157755060367,      -0.054631293373211154,        0.09990590906879099, -1764.852106482222, -3.809463482625022, -1768.661569964847,0.00020053762834427812
                                 -0.07661637036451453,                                  0.07719340893576962,                                         0.7181386561657003,                                       -0.03851192087151156,                               -0.08313284849552699,                               0.049559908211445014,                                      0.20060318472608074,                                     -0.18092644323442975,                               0.02186011646594352,                             -0.007901088522594218,                                     0.05419521210458369,                                    -0.26235071926921294,                              -0.01363187385030716,                             -0.011993496594623912,                                    -0.14953189524282087,                                     -0.6024522117765999,                     0.45589633715327815,                      0.0917299994034932,               0.36203500161480107,       -0.05304952596908086,        0.09980867536624029,-1761.3030767830544,-3.8889943909920217,-1765.1920711740463,  0.006974609370180564
                                  -0.0764103723854746,                                   0.0775842418036686,                                         0.7162734381331929,                                       -0.04478503384111525,                               -0.07965195174815504,                                0.05368194105400992,                                      0.20304732239162193,                                     -0.18501860200824025,                              0.025041471007917815,                             -0.009107196138485818,                                      0.0584724751079455,                                    -0.25288362971550593,                              -0.01392068626104613,                             -0.011814564642915873,                                    -0.13339981293825787,                                     -0.5895045979472137,                      0.4553100947171156,                     0.08740521199836357,               0.36150176198244316,       -0.05079341912153201,        0.09967842453682582,-1762.9140033986887,-3.6610565012025473,-1766.5750598998911, 0.0013928467943503326
                                 -0.07663468301565418,                                  0.07694587967934527,                                         0.7271507178559801,                                       -0.04495397615740797,                                -0.0872008793482641,                               0.050017736506737104,                                       0.2000599537814389,                                     -0.18753434080391201,                               0.02148487488148318,                             -0.007671636318498404,                                     0.06292475933514131,                                    -0.23008484152397818,                             -0.013454975176408604,                             -0.012100519412089825,                                    -0.13738848765614473,                                     -0.6166315084226196,                     0.45758627681217023,                     0.08663172168949504,                0.3621115633660294,      -0.055791515830123144,        0.09996112923528058,-1762.9022534447447, -4.079789804345443,  -1766.98204324909, 0.0014093092069282166
                                  -0.0752739929056766,                                   0.0768374576427194,                                         0.6776081006004121,                                       -0.06486484347193593,                               -0.09317708723062634,                                0.05080335821627824,                                       0.2354811760821664,                                     -0.15589688664064372,                               0.01987503962293302,                             -0.004586553324231274,                                     0.05224658514346313,                                    -0.26972626045982595,                             -0.013387865159301154,                             -0.011761759611425865,                                    -0.14692317917580583,                                      -0.598584444517887,                     0.45552271969380387,                     0.07897617726449799,                0.3597489301864784,       -0.05583824923086045,        0.09962607532733167,-1763.3580156314883, -3.676704265767717, -1767.034719897256, 0.0008934521255982208
                                 -0.07584499508264037,                                   0.0771706109807595,                                         0.6757149856864266,                                       -0.05271442244745127,                               -0.07916836968891361,                                0.04642503953770724,                                      0.20266412578746054,                                     -0.15871397669581946,                               0.02507822632502424,                             -0.006204030115831732,                                     0.04533257618963347,                                     -0.2666635380400306,                              -0.01276557393549424,                             -0.012555394492341304,                                    -0.14809199469093184,                                     -0.5941032471264993,                      0.4578437041723635,                      0.0782032065273634,                0.3608888826417551,       -0.05777875817189793,        0.09980094162119402,-1761.8870630489412,-3.6384584039905614,-1765.5255214529318,  0.003889536722158216
                                 -0.07561976349421931,                                  0.07731526130330485,                                          0.668289334978896,                                       -0.05631456600628935,                               -0.08732088396301357,                                0.06190516906775398,                                      0.20443925012417397,                                     -0.17836542539183645,                               0.01669441414410658,                             -0.008683170159921372,                                     0.07300976487340732,                                     -0.2645364893312527,                              -0.01347607372565901,                              -0.01192020598704821,                                    -0.14303307486518865,                                      -0.611583275928585,                     0.45770368834621095,                     0.07094623308452219,               0.36038121663628636,      -0.058263614642904006,        0.09914730792051366, -1763.691913192119, -3.711821417600999,  -1767.40373460972, 0.0006398253137181499
                                 -0.07542932226499739,                                  0.07728695606555727,                                         0.6863175881807585,                                       -0.03899908605789911,                               -0.09308929826620092,                                0.05483293400899947,                                       0.2298635918769315,                                     -0.16677889538079818,                              0.015935565851487837,                             -0.006226606260986187,                                     0.06671996708211385,                                     -0.2768771970746601,                             -0.013537717290397794,                             -0.012043643282035874,                                      -0.162165285301141,                                     -0.6079548543315273,                     0.45687986111607626,                       0.074766532168319,                0.3601372352749977,       -0.05773029279229703,        0.09967381253799391, -1764.788175944801, -3.928982410165378,-1768.7171583549664,0.00021377679124051857
                                 -0.07619086847531106,                                  0.07719390361629822,                                         0.6855382181551297,                                       -0.06734982534582092,                               -0.08897930610374245,                                0.04800024652863383,                                       0.2138859770357895,                                       -0.138878246056075,                              0.024530968447413426,                            -0.0008721006919197027,                                     0.06412242545846679,                                      -0.250398509703736,                             -0.012974669840207856,                             -0.012438560853447328,                                    -0.15342401265333272,                                     -0.5767459729996949,                        0.45766225537252,                     0.07765062343572061,               0.36108602524076333,       -0.05696189366579439,        0.09980535610473128,-1764.4882063815148,-3.5449090428863754, -1768.033115424401, 0.0002885597015686212
                                 -0.07593497854546512,                                  0.07793654940513914,                                         0.7123892005674201,                                      -0.024961245530241042,                               -0.09559502775749602,                                0.05409473588570185,                                       0.2538859498418995,                                     -0.15590527443157715,                              0.021737172123681897,                             -0.004694212499416428,                                    0.052632239980499235,                                     -0.2717857283385826,                             -0.013235808792107978,                             -0.012348335629536633,                                     -0.1419623290054762,                                     -0.5758115453848636,                     0.45786024490399163,                     0.08098929133167644,                0.3616464075433046,       -0.05527907488051463,        0.09998277326010563, -1766.927932047154,-3.8524088798418017,-1770.7803409269957,2.5158010046342337e-05
                                 -0.07574014091950985,                                  0.07744546764006552,                                         0.6900364617989124,                                       -0.07562330780381019,                               -0.08130075618225653,                                0.04935934735855302,                                       0.2260562790234138,                                     -0.16635697698742585,                              0.025459541763508398,                             -0.003285254291183551,                                     0.05932362666603164,                                    -0.26526541676467225,                             -0.013495079384255246,                             -0.012425868595981451,                                      -0.155421972838795,                                     -0.5667999885874881,                     0.45617758309164036,                     0.08749023730625072,                0.3615674474392694,       -0.05390884041018719,        0.09995447630847121,-1765.5765760877327,-3.5479179368479277,-1769.1244940245806, 9.717682879526429e-05
                                 -0.07692297002090516,                                  0.07609694176552997,                                         0.6892741938487704,                                       -0.07677753079027035,                                -0.0880574875109102,                                0.04302098498870824,                                      0.20051374254037738,                                     -0.14839699352115207,                               0.02982203013785273,                            -0.0032243686122558207,                                     0.05080289025594125,                                    -0.24874960255587433,                              -0.01288075897292651,                             -0.012235838256734091,                                    -0.15259188395787995,                                     -0.5651944097236584,                     0.45650476507506826,                     0.08739969645294683,                0.3616308556311669,      -0.054362661279538316,        0.09993953406767364,-1766.4140286089937, -3.401015126524327, -1769.815043735518, 4.205926835719466e-05
                                 -0.07538386021412886,                                  0.07787377584675867,                                          0.708440978079629,                                       0.008471690576257351,                               -0.08277738792545249,                                0.04456244781542873,                                      0.18565097824688956,                                     -0.16539268854246655,                               0.03414587489969026,                             -0.007099825882011662,                                     0.06336167507544131,                                    -0.24880384494792546,                              -0.01422595799498759,                             -0.011309372601955664,                                    -0.13934077618806895,                                     -0.5735628237481157,                     0.46039909026302367,                     0.06188460779846642,                0.3603188345470218,       -0.05751655771170478,        0.09997587376054007,-1767.9021051490781,-3.6649893518175096,-1771.5670945008956, 9.497259039540597e-06
                                 -0.07656759590837814,                                   0.0773740010635561,                                         0.6783629473898635,                                       -0.05322838036875816,                               -0.07889824370568195,                                0.04968690176716142,                                       0.2133427477885836,                                     -0.14249478506950927,                              0.024448985077979463,                             -0.005578967229006276,                                     0.06289925210786766,                                    -0.26613109589721906,                             -0.013465315774729009,                             -0.012192648895245586,                                    -0.15395770402514153,                                     -0.5774556592497135,                     0.45845270124604387,                     0.08170178091648338,               0.36189984514152185,       -0.05619206986818842,         0.0997202576580996, -1762.169378127618,-3.5161903619766943,-1765.6855684895947,  0.002932850970151751
                                   -0.075705699808193,                                   0.0767038620915638,                                         0.6999140363056249,                                       -0.07241116097760547,                                -0.0928132423857558,                               0.050380876128176044,                                      0.21092378277084198,                                     -0.15965165775712228,                              0.022666830612272884,                             -0.005288837966605953,                                     0.07241398079343347,                                      -0.250059524762646,                             -0.013693870240402056,                              -0.01217670247929327,                                    -0.16011745613561187,                                      -0.586124262978434,                     0.45432203740300253,                      0.0848311837170644,               0.36025980625922094,        -0.0553038321877945,        0.09962845818411109, -1762.591447213239,-3.6767866007788643,-1766.2682338140178, 0.0019230373547775856
                                 -0.07645442115506348,                                  0.07689242779007344,                                         0.6991103116011852,                                       -0.11688947836505487,                               -0.08940973817867474,                               0.042199761932997654,                                       0.1939550933643874,                                      -0.1536619885585208,                              0.029430370498836567,                             -0.001834440390503539,                                    0.036456575139278795,                                    -0.25193361682247184,                             -0.012957095573549071,                              -0.01263946492023263,                                    -0.14384949656423213,                                     -0.5775328898004369,                      0.4544115063421467,                     0.09640949708186318,                0.3619231900301709,      -0.053002181243947004,         0.0998416764714448, -1770.326511698782,-3.5261061453010076, -1773.852617844083,  8.40798439928853e-07
                                  -0.0768786233381949,                                  0.07619047199286566,                                         0.6984196300381955,                                       -0.06509810756246481,                                -0.0913031628089575,                               0.057837965605368996,                                       0.2231683688562844,                                      -0.1511781935688977,                              0.019781711995972034,                             -0.006453616183317093,                                     0.08218354471203847,                                    -0.24574747872126354,                             -0.013926336409327555,                             -0.012290567612982806,                                    -0.14243379277857204,                                     -0.5931027511067014,                      0.4569710331623463,                     0.08122667376412072,                0.3612409846939939,      -0.057141925820388836,        0.09928189913892994,-1764.9169929548198, -3.747973275449814,-1768.6649662302696, 0.0001879386216767359
                                 -0.07650956990423316,                                  0.07677673557614234,                                         0.6930161759644835,                                      -0.052323819124678074,                                -0.0956210711657214,                                0.05376979772955623,                                      0.22190551641376835,                                      -0.1440846640410303,                               0.01920270648644498,                            -0.0035366739907063127,                                     0.07161740757733506,                                     -0.2731789940215337,                             -0.012790754477466929,                             -0.012313497329221212,                                      -0.163649821260917,                                     -0.5985636966188866,                      0.4567131724525284,                     0.08311398922730771,                0.3612309973726679,      -0.054235908509009986,        0.09963721622966999,-1762.7673908043264,-3.7470752682879143,-1766.5144660726144, 0.0016127846812097185
                                 -0.07581742848377634,                                  0.07656724248828373,                                         0.7057390341063976,                                       -0.05385500610981747,                                -0.0790224075396106,                               0.042241172612581146,                                      0.20671652907030327,                                      -0.1479580863032641,                              0.029702062380313643,                             -0.004932404535848117,                                     0.05512417102941962,                                    -0.26862827082315954,                             -0.013132551594957492,                              -0.01225848620904707,                                    -0.15587640097245423,                                      -0.580903183156676,                     0.45687136120386895,                     0.08004117403077812,               0.36078763232082567,         -0.057568555087768,        0.09987149798839266,-1765.9008896260805,-3.7896512252845973, -1769.690540851365, 7.026113196673653e-05
                                 -0.07631457916926637,                                  0.07727045604324206,                                         0.7089931725245562,                                       -0.02325586215153855,                               -0.08471646357884371,                                0.05366134050837859,                                       0.1815601257325928,                                      -0.1839874052228171,                               0.02543430054225354,                             -0.005925852484997163,                                      0.0638923387869841,                                    -0.27703178008221496,                             -0.013580984444719252,                             -0.012250352563246622,                                    -0.13807410469085987,                                     -0.5776938626586309,                      0.4580746426724655,                     0.07712842041849907,               0.36120852027204575,       -0.05510044539175124,         0.0999509069291904,-1764.9638241876726, -3.720251207732684,-1768.6840753954052, 0.0001793401346313061
                                  -0.0768548662182776,                                  0.07703657569871991,                                          0.690832374684973,                                      -0.026794907888308267,                               -0.07588613933837335,                                0.04947403773749098,                                      0.18620369623929317,                                     -0.17303410290930882,                              0.024231620756655636,                             -0.005339043483642031,                                     0.05467375913911543,                                    -0.27001933935576633,                             -0.013790004714925919,                             -0.012189474790539764,                                    -0.14890686817499604,                                      -0.600924577930699,                     0.45988715327254187,                     0.07185633056827789,                0.3615803531249199,       -0.05767551160239807,        0.09987883408365456, -1764.597252776202,-3.8046891529033084,-1768.4019419291053, 0.0002587482568379085
                                 -0.07573246275350833,                                   0.0771399872853448,                                         0.7228586902353786,                                      -0.045167773694008345,                               -0.08409425413725999,                                0.05581100549021664,                                        0.209175781916678,                                     -0.14865838014129001,                              0.017366406219030003,                             -0.004405226661538461,                                     0.06649600983914253,                                    -0.25153303304793084,                             -0.013519014328752646,                              -0.01204572779552332,                                    -0.15313698040778798,                                     -0.6173484577468816,                     0.45510428186645113,                     0.08319106111822797,                0.3605340039042614,       -0.05535068612230402,        0.09944257921547506,-1763.7270670220669, -4.007958476676674,-1767.7350254987437, 0.0006177237566625059
                                 -0.07573302070017994,                                  0.07660383859482109,                                         0.7040594842747291,                                       -0.04892304914221663,                               -0.07264346837994674,                                0.05131727869053207,                                        0.210889140259868,                                      -0.1616474916693902,                              0.021423637771351922,                             -0.007240191952333858,                                     0.06699872645967658,                                    -0.27888809753941424,                             -0.013708443721193356,                             -0.012231255839926888,                                    -0.16568766140164806,                                     -0.5895074515574048,                      0.4544328325416694,                     0.08449241551469118,                  0.36021034204588,      -0.053824187684588055,        0.09972071905787556,-1765.3989478941382, -3.765185057754873,-1769.1641329518932,0.00011606617351161902
                                 -0.07525208655215108,                                  0.07816126443074287,                                         0.7002744540444925,                                       -0.01270945806625377,                               -0.09209131836394813,                                0.05368112575543771,                                      0.23700246155264112,                                     -0.17319354656014355,                              0.020560950181950616,                             -0.007791690826467315,                                    0.055416597763754835,                                    -0.26862541341386165,                             -0.014135100145174676,                             -0.012186115120543711,                                    -0.14700585341715505,                                      -0.613780518324296,                      0.4588260811039988,                     0.07215139618552353,                0.3608621103967558,       -0.05715271301498586,        0.09989663471182754, -1766.552132856669, -4.047369179317447,-1770.5995020359865,3.6633954438082373e-05
                                 -0.07463728885232024,                                  0.07778230031388841,                                         0.6898764070325729,                                       -0.03026396101980136,                                -0.0781804940368504,                                0.04474293952488223,                                       0.1925617935057523,                                     -0.17796560537264608,                                0.0208947367213769,                             -0.006991276155510637,                                    0.052928171662855565,                                      -0.265575901184384,                             -0.013246699372912507,                             -0.012068334990547963,                                    -0.15396910732162963,                                     -0.6036333766698553,                      0.4569004693874474,                     0.06916022934465495,                0.3593800862236954,      -0.057047088248803675,        0.09983261221945001,-1764.9713666445437,-3.7776188608275207,-1768.7489855053711,0.00017799255780910706
                                 -0.07492592477731147,                                  0.07769468351163664,                                          0.661459311060406,                                       -0.06647913632116145,                               -0.08699691693913257,                                 0.0461803613067521,                                      0.19305404190372966,                                      -0.1462836544070317,                              0.029608757112875195,                              -0.00278225067902807,                                     0.06150514596231578,                                     -0.2681820660930652,                             -0.012739412337807551,                             -0.012336064086958157,                                    -0.14685946886744178,                                     -0.5690727607680485,                       0.458107053681809,                     0.06617384303514534,                0.3598406478487859,       -0.05876632532406685,        0.09954114184766191,-1765.9410427356001,-3.3548369100318394,-1769.2958796456319, 6.749581853299565e-05
                                 -0.07687898279761485,                                  0.07685244042591402,                                         0.6950066637786383,                                      -0.040931518534383184,                               -0.07368461311871045,                               0.053337377744205855,                                      0.17454017587714846,                                     -0.20308654622488345,                               0.02056464628528784,                             -0.009819447445062607,                                     0.06427404174787583,                                    -0.27422509835867076,                             -0.013889621133651803,                              -0.01191639365366605,                                     -0.1391170010771455,                                     -0.5969307730225001,                      0.4582153139203757,                     0.07692169770047849,               0.36154202549502185,       -0.05667694858134238,        0.09956200593642617,-1764.1552109158195,  -3.79523844888038,-1767.9504493646998, 0.0004025814626595884
                                 -0.07509367272197852,                                  0.07829797706268168,                                         0.6930815776851557,                                       -0.05243450302431997,                               -0.07374819267588903,                               0.055786276925859496,                                      0.18476050846760605,                                     -0.17593816384819752,                               0.01593494715868035,                             -0.007761513095467132,                                     0.06780646918635351,                                    -0.26124298827753933,                             -0.013701011879919511,                             -0.012201135801328478,                                    -0.15019615749661222,                                      -0.613122837702746,                      0.4562497603721412,                     0.07524952234260517,                0.3604651266176715,       -0.05524781443059628,        0.09919238330203711,-1765.3528862741007,-3.7470166799373414, -1769.099902954038,0.00012153740917068671
                                 -0.07657903945746532,                                  0.07800352323537901,                                         0.7055002990678217,                                      -0.006257297395861271,                               -0.08977015610820795,                                0.05664335845323873,                                      0.22913024549419403,                                     -0.14177942809774552,                              0.020253220309928155,                             -0.004774452717508787,                                     0.06671465911095259,                                     -0.2598663383834228,                             -0.012909189719740366,                             -0.012442154227065697,                                     -0.1449173057764084,                                     -0.6010099412619346,                      0.4602612350303725,                     0.07588924941777182,               0.36215489996141315,       -0.05609166562294653,        0.09987980170867164, -1762.378261761236,-3.8844137585523613,-1766.2626755197884, 0.0023799782373770326
                                  -0.0759481095454565,                                  0.07633033506539388,                                         0.6753502214739879,                                       -0.04825419494249463,                                -0.0822055293982829,                               0.047967606802660934,                                      0.19310648634570574,                                      -0.1443772028764281,                              0.024919380177094164,                             -0.002121228203455644,                                    0.061501486807057845,                                     -0.2595630200518575,                              -0.01282816334026625,                             -0.012607993553421515,                                    -0.15664578249746472,                                     -0.5839667178411354,                     0.45557504726764675,                      0.0754938190336865,                0.3596152007297945,       -0.05597183563494706,        0.09941290642491249,-1764.3167001364202,-3.4120741002570982,-1767.7287742366773,0.00034254678519408157
                                  -0.0755938713710514,                                  0.07702594793623854,                                         0.6874082082627632,                                      -0.040357794263411385,                               -0.08696329859832545,                               0.044771841350063124,                                      0.18550744046010548,                                     -0.12081325451219432,                              0.024643962288954865,                            -0.0015018196285553342,                                     0.06561783217058306,                                     -0.2608231470067136,                             -0.012109293315324107,                             -0.013097539146020215,                                    -0.16320780211606756,                                     -0.5998509871450214,                      0.4565875672392167,                     0.07686151392054089,                0.3601660017592665,      -0.056482049620322244,        0.09983794845571092,-1763.4243329240292, -3.627029154471978,-1767.0513620785011, 0.0008361227729277935
