y,x,reconstruction,noise_map
-0.6199340026836664,-1.1484622845568857,1.8487729138539723e-16,0.014944780291144232
-0.6505584784838261,-1.0611833125409886,1.1609832878596696e-16,0.011846035362607291
-0.6407816806538336,-1.0296758829641586,1.2217367002321909e-16,0.011939048305366117
-0.6795251239736206,-1.0596994665199055,1.1137337230958804e-16,0.012325215732400314
-0.837942944832688,-0.9032302268329946,0.0008874737138231783,0.013942704073955915
-0.8249871183091368,-0.9107741440020395,0.0016341332894373067,0.013362450541599092
-0.7797221092093122,-0.8659484071605448,0.0022404028775781094,0.011990329911868648
-0.7328424477202631,-0.914017440001343,0.004840869297427145,0.01162173786701298
-0.7822172722819994,-1.002109851092417,0.003602950690635409,0.015216563219821464
-0.715852471694266,-0.9803896758284729,0.0007112044805560742,0.012200973104228111
-0.693247567746397,-0.9844534712269445,6.723466236813025e-16,0.011697319417296886
-0.6017157002664744,-0.980052291356591,6.447383658985866e-17,0.01064506287635334
-0.6448714714545078,-0.9271875834627923,0.0010556966084206492,0.011320897166552771
-0.5964817577827088,-0.8606020469801229,7.466418957631537e-17,0.010864379390926193
-0.6679291274101649,-0.8459721789823078,5.581149649264163e-16,0.011364640975441419
-0.7157449614916531,-0.896144450866671,0.0044000431816625645,0.012345432639102113
-0.6898161652644166,-0.8028781060008896,1.5260981407479054e-16,0.01117025712952616
-0.6671512821888641,-0.8059225500303121,6.717075989818548e-17,0.011020918779959667
-0.5770325635508611,-0.8046748904764782,8.925860890304586e-17,0.01117626588332944
-0.6149536937881152,-0.7526214151670625,5.251238188797227e-17,0.011039899590527359
-0.5646103362422468,-0.6877804121654838,1.442882049614642e-15,0.011400132916824221
-0.6365755816637815,-0.6771119213308215,2.7955214315954356e-16,0.011531743983383452
-0.6895183760123604,-0.7297512214268043,1.4070219915308248e-16,0.011135487044921845
-0.7298121096348932,-0.7079515785301108,6.273808269750206e-17,0.010953289753852466
-0.727509915526351,-0.734191008226867,9.869601458388271e-17,0.011187884821333836
-0.7243659426279185,-0.8424727453126822,0.0007666639210675214,0.012093629146660042
-0.7715009613300299,-0.7958035291335299,4.2263660376755326e-16,0.011261740161180344
-0.8292427307830234,-0.8532927023983374,2.521196371980347e-05,0.012415883083409565
-0.8419664704458966,-0.7657933620570166,6.516092792550286e-17,0.011384589107015312
-0.7901282696317177,-0.7045776122192023,3.865244863735559e-17,0.010644029089233809
-0.8658312435986136,-0.7546673231019003,1.505431841270043e-16,0.011884046467411516
-0.8909640697601374,-0.7508168353614446,2.5796092899162734e-16,0.011832271720582146
-0.9290098857511667,-0.8017203575501479,7.004527596751329e-16,0.015384323156699083
-0.8839291047501305,-0.8644654490635117,1.1952308650610227e-16,0.013666125503442022
-1.0064466667428702,-0.6226916928829385,0.0006720567661728244,0.01330412759430065
-0.9454466310503122,-0.6547130955662209,0.0014519378450437268,0.012208208842885664
-0.9095388302298149,-0.6896971844365998,5.675697173036824e-16,0.011522105033102572
-0.8617454876046033,-0.6345653848496183,0.0017464209519754607,0.011666391454569857
-0.8657467364281737,-0.608386842655297,0.002736594030415519,0.011917787922186155
-0.8699467371063521,-0.5822404178213444,0.00406486825929218,0.012485038745139622
-0.9222181435851182,-0.6280607362869807,0.002359145453639461,0.011651211693431468
-0.9787883592117319,-0.5792549134201339,0.0016225165628146216,0.012003954713905255
-0.9299630269054169,-0.4882294364593406,0.0017745018496086126,0.011463770721801825
-0.8924478697406143,-0.5301322320305409,0.004418330615238635,0.011514336582799057
-0.8409550187252848,-0.47349215164301023,0.0021330924577559556,0.011637541548470213
-0.8459686697635844,-0.44758588452652065,0.0012568261487590114,0.011733263335223376
-0.8512206731296776,-0.4216223790154535,0.00015577421874691806,0.011255199760841056
-0.903698962664421,-0.4654789688123737,0.0015359764503623309,0.011496468824094823
-0.9635164088581296,-0.41566028790337584,6.842672605443062e-17,0.011238191062319967
-1.0486145391516657,-0.44763649399645905,8.5508778772107e-17,0.012318069574151965
-0.9993304438525574,-0.48792799214519766,6.59375632777895e-16,0.012143370726132023
-1.0296026613584055,-0.5236064625134279,0.00019291515297973795,0.012287340717631434
-1.0630002295099445,-0.3241110467149925,1.538186162537106e-16,0.012127271039326188
-1.006699142580636,-0.3695386943218707,1.1612587096505142e-16,0.011962713056478265
-1.0058338602384929,-0.34948164894390543,7.619154983687906e-16,0.012095288546854209
-0.9825393501772706,-0.30775029123012354,2.023705868801237e-16,0.01115787554702712
-1.0313268157480913,-0.2532598639859407,8.386371265099952e-17,0.011583454951280747
-1.0984977428840326,-0.31123982955753426,2.527165613854308e-16,0.012966858933751204
-1.0714985034484794,-0.1991903865950908,1.9206137846949337e-16,0.011842026482525672
-1.1018449376151502,-0.11970801052167453,3.671375872229119e-16,0.012544856274218521
-1.0874543169812871,-0.1321589258015349,1.846227026868177e-16,0.011924476610029005
-1.030033723006051,-0.08370599639035678,1.1341675071797605e-16,0.01139004545505227
-0.972467698460472,-0.14680328981434798,5.196294805493136e-16,0.011058336542263167
-1.0305456738342196,-0.21010671811698517,1.1308790008317393e-16,0.011500590557017515
-0.9535152013643974,-0.19767883466071892,1.0684759494192435e-16,0.011096908503454147
-0.9279082723536083,-0.15633584297278458,0.00010813634257947028,0.011599714156366129
-0.9498168175167819,-0.11524519799885174,1.1225236130096145e-15,0.011023914511153898
-0.9148791166450547,-0.12847155041998795,0.0001648457637565558,0.01106840726299438
-0.8573631915882058,-0.08127303124583567,8.303040014566429e-16,0.012001274097891704
-0.8000043868192308,-0.14219791492207645,1.701015290621559e-16,0.011125105875821403
-0.8584442879853289,-0.2037768769133635,1.134350050139337e-16,0.011095209978652097
-0.8308063592119416,-0.23689308770070572,8.672246599375072e-17,0.011403874761517404
-0.874684917000897,-0.26813196934073064,1.279005942833884e-16,0.011531311313114861
-0.9168280182788452,-0.2487680824203463,1.4056630157514207e-16,0.011721470876146669
-0.9074337958072531,-0.27803523910867856,1.3180607033467067e-16,0.011153064680764954
-0.9588952916522251,-0.3340915710716688,6.903159690735336e-16,0.011493322737570777
-0.8975340935413437,-0.3848976028862125,5.2825303014084204e-17,0.011281677810281146
-0.8302798892053342,-0.32793042618530704,3.9896575990332097e-17,0.011243466093319152
-0.7703042229932628,-0.3761363916917576,9.484283092508319e-17,0.011425605620803901
-0.723791054384541,-0.3392246761905782,1.1640812241886814e-16,0.011483572739949825
-0.6831713257942098,-0.3558795633559874,1.6865610361414802e-16,0.011741110206196215
-0.6881814578468308,-0.3311684444361196,1.204762419422598e-16,0.011245962187453043
-0.6352877030348356,-0.2770187126724067,1.3348549048074835e-16,0.011602729153781556
-0.6961294572800942,-0.23027351402862745,4.1057436940817914e-17,0.011168684791037472
-0.7633270888814621,-0.2850624562817235,4.1392135712951634e-17,0.011253980019467846
-0.7867803679900365,-0.19928635620228763,5.739328940727796e-17,0.01123334018274349
-0.7451677680902471,-0.15413252766589286,1.6680568624865475e-16,0.01133882800236935
-0.7710219154850595,-0.11091476565600637,4.455779898053662e-16,0.011730035939917538
-0.742305240968985,-0.1178699214944546,2.424978822009649e-15,0.011538604120956796
-0.6878986399692755,-0.07529360657802087,1.3939978788240643e-16,0.011304571413675565
-0.6275472814834941,-0.13048236312353548,1.0172351872688323e-16,0.011739903096084749
-0.6886276196121376,-0.19163380741615543,8.268838836633491e-17,0.01110199358137884
-0.6154991977050096,-0.19656863963261662,6.973015735214197e-17,0.01152096664804563
-0.5696872017005497,-0.15020557370032966,6.596781246485647e-05,0.011697801462997225
-0.5984798890543908,-0.10672385470131383,9.15947210429332e-17,0.011564407849518878
-0.5698285729072188,-0.1131176082615773,8.018793457391347e-16,0.011814615996611632
-0.5187081659147764,-0.07576086926004158,0.0005455019525080647,0.011851306665177285
-0.4553745213510038,-0.1236738977500608,0.0025052005054337716,0.012305971040409288
-0.521030519445213,-0.18449490403429805,0.0015283783904599603,0.011852993235989467
-0.47819424376139913,-0.21657562516241566,0.0010055311204507573,0.012126763123310347
-0.5362440799239261,-0.2604604663832945,2.4963856492471694e-16,0.011852515798738462
-0.5866609475528182,-0.2366999227153361,1.853619951431871e-16,0.0117688959443219
-0.58118604981797,-0.26058864977230983,2.0493434837512215e-16,0.011570172080920786
-0.6236278340691261,-0.3043810205805832,1.4374077577202063e-16,0.011609599620477017
-0.5754125141254107,-0.35414227387066444,7.2868337940461e-17,0.01142972001598979
-0.4995334972264158,-0.2919195954217996,1.0894777071908164e-16,0.011804254975956538
-0.48813265980096104,-0.3657408085466841,1.031726360245958e-16,0.011735125330527436
-0.5426410233162426,-0.42222185663031164,6.883225762332228e-17,0.011717710760625801
-0.5207761046239165,-0.46497516858536553,7.440891612297866e-17,0.011761776790534742
-0.5441559518290024,-0.4638237227291232,1.265434857821719e-16,0.011716817425159842
-0.5890425880440356,-0.5030831656042228,1.859667277959466e-16,0.013057513021073504
-0.6389450513812589,-0.4624785153101052,3.8741472771073014e-17,0.01131828709562119
-0.5696941811125965,-0.3911852063635871,6.38472461137457e-17,0.011555850772372074
-0.6596424330317525,-0.38267339806840034,4.297787605490034e-17,0.011204537080976738
-0.7195798643346794,-0.4328544392239023,2.518182795437899e-16,0.011313316201739457
-0.7711779392352052,-0.40546022354680483,1.687009122638311e-14,0.012072732055594627
-0.7696022245920401,-0.427733865696686,0.00029530770249270596,0.011433572182151457
-0.8022707953381975,-0.46981826382881753,0.0024668272403133872,0.011925276833919272
-0.7571631032806856,-0.5211009569255489,0.005781785786196596,0.01182682676548908
-0.6840990184849756,-0.45636619558369357,5.411420096885717e-16,0.011616108871945799
-0.6819529086298837,-0.5389790628394355,0.0029506786271704857,0.011843741254199616
-0.7411041204613718,-0.5924874774656317,0.0021861410223907615,0.011674073046308025
-0.7893050897001508,-0.5661858481674662,0.004761783952994398,0.01153138109742121
-0.7914778300304793,-0.5859975570436563,0.0038445597614990322,0.012310608196490009
-0.8179441330024655,-0.6289760965400384,0.0010080622705893293,0.01157004549512033
-0.7790453353039521,-0.6776781134705016,5.671064905960612e-17,0.01113542633389311
-0.710912185296734,-0.6130468434521144,4.547898005598695e-05,0.011151473771448577
-0.6672455510605793,-0.6570837134103391,1.0922850508304123e-16,0.011541984178280833
-0.6147428599917413,-0.5953142908792388,1.1208610666875828e-15,0.011537385111040214
-0.636799852188178,-0.5491922825425399,0.0011105860438057032,0.01187768271402361
-0.618264413420941,-0.5457404546021801,0.0004843273505724013,0.011902200684529874
-0.5799808127150736,-0.5217966677604001,0.00018766657062144838,0.01371854491872202
-0.5404909325904522,-0.5556691396535803,7.421156621213888e-16,0.011814289679081578
-0.5999935498103817,-0.622762667044766,1.0088267786195033e-14,0.011635642303152827
-0.522513313967091,-0.6260632757008051,0.0013382099517130132,0.011700074103028809
-0.4707231656139895,-0.5607417402077657,0.0013738205208934364,0.011979947238228091
-0.4871904456843985,-0.5162664293519422,4.772054443267925e-16,0.012593282366054974
-0.4702925586390501,-0.5117074972858564,3.496583905635605e-16,0.012305170841655732
-0.43789238881139575,-0.4895495167480846,0.0003340568973431139,0.012692782352689445
-0.4060687339743121,-0.5213971636595985,0.003591480902264642,0.012154332248787985
-0.4611218221626997,-0.585311903670574,0.0020206397173384892,0.01184326764829502
-0.39596462413911143,-0.5907339367311601,0.005072438738735408,0.012159555402851945
-0.341382510099645,-0.5237895159178747,0.001751484922058703,0.01193029100713226
-0.31345931951893,-0.5529366729923941,0.0007072459108502868,0.011622535909890524
-0.3064874174867428,-0.5271371714175286,0.0004349536149657456,0.011979629071660372
-0.29177912396342104,-0.49080027270539195,4.0619538802377343e-16,0.011894098455006746
-0.31021934346906843,-0.446142422577922,2.4801716644866535e-16,0.011647552748362966
-0.3567101367225774,-0.5118538677036911,0.002304691275026088,0.011931971300565187
-0.3574801409771887,-0.42948121737306155,0.0011696457780644314,0.01189577619610971
-0.2950925123837806,-0.36143839240464004,0.003286515939391747,0.012395893633148488
-0.27471157579313005,-0.38414010353231126,0.0022124887378610417,0.01265094954047559
-0.2621513518348303,-0.35696519751828787,0.0026998730510575577,0.013529982953254764
-0.24744055632857093,-0.3282724017910616,0.0017288949362071963,0.012827191681201562
-0.2608375009566937,-0.2981659225373191,0.001740588480835474,0.011956164813272791
-0.3094300713165953,-0.3542050349398675,0.0033520895467350417,0.012713147026500607
-0.34717641062311777,-0.32364049448395604,0.0018060843761587952,0.01215573410965545
-0.41037835235875386,-0.3893019836944377,4.943191208257887e-05,0.01208758628055322
-0.3882539932339852,-0.42113299908880475,0.0006082246978316666,0.01328138322301989
-0.4126547421749705,-0.43481296927501933,7.034771880918009e-16,0.011798554479835167
-0.43744365106832284,-0.44818871767244595,1.1784565727131393e-16,0.011910832001976072
-0.4736267407208229,-0.41943849109625986,5.891568290645961e-17,0.011879056957817616
-0.4237282012555742,-0.37391352432642966,3.974558711248494e-16,0.011855414520611595
-0.46673562699442334,-0.32843068609158366,1.3720575293664776e-16,0.012036494872564387
-0.39773502248918213,-0.2723376951566378,8.829937406464277e-17,0.012118005156413172
-0.36026489850859833,-0.2952460214454332,0.00033409475465919245,0.012832008650622395
-0.34736992905956293,-0.27221560627913394,1.2251621825958698e-15,0.012316155962921667
-0.3346519287019785,-0.24970538782358648,1.3771181398001751e-15,0.01220886559201815
-0.3674388275411088,-0.21886920115219582,0.0009984242835088895,0.012423622122939813
-0.41388179056069546,-0.2557142941610648,1.815521084155776e-16,0.012043647962595445
-0.4366970374471223,-0.20157607416773735,0.0014613699315537511,0.012288167277859896
-0.37162789775236527,-0.14960323492300304,0.0036013489980552416,0.01267902983387775
-0.4120253553094676,-0.11237571019976393,0.0024187525533203923,0.012357943108870766
-0.3831406360935627,-0.10553618630246989,0.0030337454671079114,0.012972659035676145
-0.3542540900669675,-0.09885623978926339,0.004209397876858898,0.013308792558883651
-0.3073968129521495,-0.12703603294324417,0.0048260030423801885,0.012930959311234924
-0.34474788201655754,-0.1602503692019613,0.003836860489939821,0.012587025137688904
-0.27438952970796054,-0.18115358029134593,0.002291923787033797,0.012658047196212488
-0.20381504397302092,-0.13464031827182532,0.007390207860451492,0.013367154960165412
-0.24067647869208497,-0.10738888086551686,0.008732013850715257,0.013653318708223628
-0.21171020922358258,-0.10057181548087024,0.01098811292314566,0.014400981506391292
-0.18272566759339703,-0.09398392850597964,0.013284754189878314,0.014289817511686412
-0.14212977193397502,-0.11005306667764526,0.006900177603074746,0.014039241158251607
-0.17823364482889292,-0.13591271299023505,0.007483028898440229,0.013736062905474656
-0.1445957681777691,-0.1551586452528645,0.0035500649745559727,0.013111761510244492
-0.21222251463520908,-0.21164689957330957,1.3544884947371215e-15,0.012405467101438791
-0.24102735343021398,-0.19989016213239796,7.079609298796904e-05,0.013121419249599005
-0.2572388443227962,-0.2223209734055489,0.0002728725972535701,0.013174846238432809
-0.26892444023923295,-0.24161001847047667,0.0004677278501459621,0.012916393315341685
-0.2548165546314092,-0.2616295733797297,0.0009498702013233918,0.012742200025482247
-0.21775097287002965,-0.22999700032324896,1.1899425291070932e-15,0.013048561470730592
-0.19570144812991216,-0.2458059615232273,0.0004716006751667387,0.012225062015414116
-0.13541466225640536,-0.17447065496799566,0.003682623158898183,0.013038377336596046
-0.13230614015032674,-0.18048428872028202,0.00412290884656647,0.012701444432270935
-0.11092064152087394,-0.14752074099844908,0.0024713350413952213,0.013187202044291595
-0.09807652403852596,-0.13002462638866213,2.934675653231304e-16,0.013308361648357352
-0.08513197257585364,-0.11968908822387586,8.971473216782395e-17,0.01381495066688094
-0.11986993962495687,-0.15422031770826955,0.0028074246266857838,0.012990480457091709
-0.12800388305254579,-0.14309095113041645,0.0026122115842009156,0.013244824007956119
-0.05538281057953587,-0.09705849968042723,1.2506039655390303e-16,0.014194346898567382
-0.07376682884722924,-0.09285555791748068,1.836545471332374e-16,0.014052017790687264
-0.03452439371493171,-0.07990887289046177,4.3631209395773004e-17,0.014055943259675569
-0.014679180615196574,-0.07527706402692881,4.3621515549607675e-17,0.014417844559947955
0.015444865846483996,-0.06362339178733693,0.0002517723331340894,0.021922095532015306
-0.02443064258220548,-0.08104593097899028,1.6595050683582719e-16,0.01414670476318777
-0.027960383839971265,-0.0520819325404252,2.441436045272723e-16,0.01668509805199916
0.028854900338434103,0.021443228698575012,2.301187994641022e-16,0.016637060566462514
0.06478159764252936,-0.018110816652919567,1.2809815492411172e-16,0.015548196253554084
0.1007959031774906,0.013357042340819594,1.234926149569159e-16,0.014049778691335654
0.10000941304510277,0.04436023743036001,3.916616998697096e-16,0.013949702113335766
0.026928883576580215,0.12245520836458589,1.9218907995703254e-16,0.013576306747334012
0.013255993025570012,0.06241702411691066,4.3775641464786713e-16,0.02689974208229948
-0.027823680514833887,0.06378474648002996,0.08537035740592688,0.07924123983072429
-0.054581335960986806,0.07781095672464314,0.17685606764129552,0.07490127142342387
-0.0564660604589202,0.06626961127209224,0.3193544010334823,0.1892934881386242
-0.05181641801013055,0.05498715198526441,0.6520502293982269,0.22221933534715965
-0.05494311906413025,0.04722134697338701,0.35582984137395407,0.1966370529195328
-0.057125498081551054,0.04851907228254185,0.8105206732946516,0.3536350452020943
-0.05902008533740032,0.047656043810730214,0.5549602890233301,0.25089202643413255
-0.06005013308721639,0.038932814628885426,0.1814910797676138,0.13661905620233433
-0.06122488374576723,0.027925216114818352,0.0014436858588255364,0.17739247229450217
-0.06092518327570677,0.01530016888402208,0.013546632485839588,0.10544368218811484
-0.055619704527456376,0.029072544937451372,2.4134979119521046e-16,0.0701768163941218
-0.06944720068855353,-0.049569935037377,5.973397286512601e-17,0.016291302341709807
-0.04724590269418348,-0.014085452864597864,1.8186612782439207e-16,0.02510341625805181
-0.07884137309775399,-0.08972008550663071,1.3676447788771402e-14,0.014072311618276347
-0.09029750458811404,-0.1126282073465526,0.0002428558180818829,0.013155305573534568
-0.09881265527642785,-0.13788574363409306,0.0010516462082939514,0.013638179068218934
-0.07659851783311603,-0.0778164448593826,5.882105357852327e-16,0.01391515184343994
-0.07183787608758185,-0.1325214014318502,0.0005412388578519427,0.013928686955443812
-0.1005245062077767,-0.2201651533649122,0.004462470071802903,0.01277681183935744
-0.07955550642547339,-0.27101031926317953,0.0023432124536366407,0.012090527541889435
-0.11093835001271934,-0.3312716432525285,0.0003607889513341379,0.01162032054086624
-0.12627926296967038,-0.3213155205487397,0.0002588309277153612,0.012506649313930491
-0.13804761109129615,-0.32025514259688237,4.471010663352457e-16,0.012006763190019837
-0.11199881395172574,-0.2548772730368631,0.00316813893410736,0.012314142402659763
-0.12084265335844023,-0.1980620151625817,0.005278280348213297,0.012605341234395974
-0.1667328088050213,-0.28086435458554926,4.463796983886987e-16,0.012441378455973233
-0.1728777439096685,-0.24430162275688472,0.001015010804686373,0.012325888741351203
-0.21912808772042752,-0.3124770575318987,0.00046648103377146943,0.012021106595937497
-0.22189633555169627,-0.3412401779584431,0.0006823558006620658,0.01217890648766463
-0.2277148729930957,-0.361743846734917,0.0008811958447496943,0.012187817433809683
-0.18715598808454809,-0.3098802403244753,1.9287106124568843e-16,0.012088418377918847
-0.1692010742673753,-0.3494643592744409,2.7892190701150252e-16,0.011674178134455366
-0.1994232165572455,-0.46304744594936026,6.051930460613649e-17,0.011574143388849295
-0.22418778423323643,-0.41219198245039745,6.948381546730255e-16,0.011732184341595512
-0.265846695257434,-0.48220060820866484,1.2036437209159483e-16,0.01172801534443695
-0.2616194663215323,-0.5204011837228499,1.371356237581052e-16,0.011827824426557049
-0.2651294962581927,-0.5428969915746655,8.259182619555725e-17,0.011578936148442123
-0.22342517169428888,-0.4944508639650148,2.1577078640443127e-16,0.0127385153283296
-0.19391914995443996,-0.5423566129058682,5.789602472880453e-17,0.011429257743276485
-0.12882735683053348,-0.5096925605213259,4.6793158967768285e-17,0.011189625363417202
-0.15920400336217383,-0.438857893555249,1.0659036919891118e-16,0.011366037929506181
-0.12155593802285655,-0.37599074936515403,1.984729955052847e-15,0.011785543755342564
-0.09865243011311858,-0.39875900669879416,2.7520592412686576e-16,0.01174220497230414
-0.08645797573614963,-0.3981499153733134,3.0191112734715475e-16,0.01175192237396118
-0.11001541598081838,-0.4654758847867446,8.947089820602356e-17,0.011647778470435471
-0.07948109212022847,-0.5307763133308174,4.774828324472683e-17,0.010821969392226958
-0.09520606915221239,-0.6471494154371507,0.0028165423701196545,0.010865029185774581
-0.14090682635886528,-0.5776643742961053,0.0010087575649543228,0.011559685718003506
-0.18064149160638932,-0.6514390264760358,0.0001704227428560948,0.011116574114459451
-0.16283930200823238,-0.6992743110335069,6.198898473178876e-05,0.011231880981319555
-0.16625829492904912,-0.7274477825875394,1.1684557452851827e-16,0.010647997282511376
-0.12443682381369145,-0.6836888943295816,0.0018565454730307817,0.011906027478008676
-0.08370297032833433,-0.7405122371233077,0.00043439993472760356,0.010317478053756473
-0.12537274927911685,-0.7969504513853811,5.949810573974606e-17,0.010322612152977258
-0.07747592593140731,-0.8796325177377564,1.4712836742649427e-16,0.00974388905062119
-0.12776912056727344,-0.9462350476150776,7.987252938018816e-16,0.010170727227871493
-0.1603887406312707,-0.9058125148446932,0.0006217494412198923,0.01024564869448712
-0.1817364661805838,-0.9144456917645003,0.00044408661351668527,0.00999583005632555
-0.15282526402573293,-0.8473458141782741,0.0004288241016304417,0.010807735198354498
-0.18752870344151926,-0.7829376429980985,4.1123102240394853e-16,0.010496969757484632
-0.2487004640452713,-0.8039778867706893,0.0006280853219145722,0.010798797360230932
-0.2052509784291008,-0.8825438393961393,0.0016281777248274701,0.010074933267261376
-0.2569990280963562,-0.9512084438781382,6.306545790209419e-05,0.010569707058733845
-0.2900923303314236,-0.9094370362861611,2.528139904307281e-05,0.010476410198664342
-0.31221204598879926,-0.9201492265295184,1.014367125262742e-15,0.010513499900350158
-0.2830603986104581,-0.8557871723077062,0.0003818473026644911,0.010688317938833122
-0.31352367072877374,-0.7971302765122178,2.7467727290970926e-16,0.010563471613732304
-0.28333432970616773,-0.6897752771097343,5.864048980946656e-17,0.01093958609160255
-0.23916552070983704,-0.7544915587427725,1.0739167676775662e-16,0.010471354462445653
-0.19406741067459876,-0.6771065154182738,8.409663588762817e-17,0.010781739533769123
-0.2190468392117762,-0.6234965471553355,6.201747071243693e-16,0.011933482279356061
-0.21120136873939854,-0.5904809319688805,9.607634875616734e-17,0.01135662043086262
-0.24838174151740872,-0.6297263812390601,6.277015545846247e-17,0.011334204503552938
-0.27737093593483086,-0.5874654234983183,6.5820280059401e-17,0.011837464275416763
-0.3452577247869209,-0.6330960552663826,0.0012643717033253238,0.011238254192620147
-0.3135432383855042,-0.6972361142240673,4.5970496517374446e-17,0.010768092214645832
-0.36477842247961156,-0.7720912164481905,9.099737002440249e-17,0.01104319161600102
-0.39729128292412624,-0.7299292285455605,0.0008344174745191507,0.011533056129527767
-0.4193722783339199,-0.7424842809768202,0.0011468097948925007,0.011299071991555772
-0.3923260959388276,-0.6878457732078034,0.003030090018571247,0.012052518752024193
-0.4132780666458189,-0.6446159056896502,0.005426109562308432,0.012054047011732063
-0.4505512717625447,-0.6874949992633324,0.003989492890096084,0.011634300933995199
-0.48864004926522514,-0.6427529844181299,0.0029957115693504907,0.011878520160438093
-0.5500722385907237,-0.7114610346286121,3.408471122846597e-05,0.01125245932002695
-0.5215502623633335,-0.759988303185878,2.0903020513958078e-16,0.01086103713480798
-0.532278363583149,-0.7905833978656491,5.37918525570714e-16,0.011802360229958552
-0.4944069791794803,-0.7593282839282246,1.637844090138465e-15,0.011048965185630694
-0.46611328396649837,-0.7913152416161497,0.0002690663866570701,0.01095985891351437
-0.47481058175897095,-0.8672970447937443,2.3399133650371383e-16,0.010427361136343705
-0.5163159910913404,-0.8160124291098755,3.256909202212528e-16,0.010958003739366857
-0.5756856932373227,-0.8855935789280474,1.0407560677406777e-16,0.01059163410656076
-0.5445718287447436,-0.9393016317798945,1.391206971076431e-16,0.010690073919081826
-0.556295266105908,-0.9736226711091507,4.52116962882923e-16,0.01140880633971046
-0.5198181319342031,-0.9445612958424947,1.990367124364516e-16,0.010672315034384924
-0.49026193301129156,-0.9752969577897929,8.837013123264466e-17,0.010440533805740943
-0.41089316986769964,-0.9429408154271117,7.757446254698038e-17,0.010529406732553294
-0.4472578429717198,-0.8778971679425472,4.9506355003501266e-17,0.010313431649762592
-0.3961941048206905,-0.8000362021301132,1.6243449257992102e-16,0.01099944820210726
-0.35963171859175347,-0.8479204797511429,9.45370594759752e-17,0.010754870511569538
-0.3329590805827716,-0.8295984304234202,1.8699887763165794e-16,0.010780046360544911
-0.3533974590298028,-0.8797008437358912,7.304759256290589e-17,0.010278295463083472
-0.33753468164082073,-0.9256698541554104,1.1358103718318567e-16,0.010353909873660836
-0.3826343757645513,-0.9978560986800524,1.1381182704052827e-16,0.010547211720697168
-0.3426970280464596,-1.067326949581024,1.6787811247538964e-05,0.01177061833534801
-0.39189913076606053,-1.1446616409886927,0.0012176364726282434,0.011769119483777195
-0.4337619052875959,-1.0927122336720412,0.0025120314508149098,0.011277004754795402
-0.46501170280082194,-1.114615967171741,0.0029734607376675883,0.011166930546479431
-0.4427684614911175,-1.0629735488855847,0.00217181957116091,0.010919432862637007
-0.4550991481602494,-1.0185831988409295,0.0005699216027158861,0.010918695320814712
-0.48667305420516227,-1.054296265669798,0.0009115499120382223,0.011021334116456971
-0.5313697748642787,-0.9978899651837772,2.9914682396838383e-16,0.010629403541351633
-0.5895820249088104,-1.0675057192292288,7.787547012092993e-17,0.011055850944886389
-0.5558166485147877,-1.1249148349578248,4.058300245476127e-16,0.012064450319075189
-0.5837214640385477,-1.1439161912048776,6.07913284549955e-16,0.01301419882571263
-0.5353309509390968,-1.096535170071032,1.4948967350847218e-05,0.011224298678806222
-0.49212513499289545,-1.1492119790164121,0.001923634674247328,0.011725473811814104
-0.5628881097182811,-1.1884209005807989,7.568822021716087e-16,0.015997553238733732
-0.41744957095662677,-1.194836013164918,0.0007765767698785328,0.012841047086836636
-0.39571260904116784,-1.2181554013578415,0.0006177263079754271,0.013304491645970225
-0.37303157840247414,-1.2254046523119593,0.0004404518781551152,0.01330367011949802
-0.31862753114158354,-1.2824462263312464,6.618167771040498e-05,0.014619601173349534
-0.22376701994840018,-1.2890242336656668,1.0442649927767296e-13,0.015041223975652666
-0.26886409971721104,-1.2154039392706557,3.631009283753807e-05,0.013076452424285834
-0.2386652302546003,-1.1640633585850448,4.654806490969505e-15,0.012626716802179564
-0.2911710251922665,-1.1990598460413264,8.40506900740343e-05,0.013316368782180387
-0.3141714063081382,-1.1909320723245496,0.00016723099132821077,0.013143614909877812
-0.27902368405347455,-1.1327675534615946,5.2329654538966425e-06,0.012215603662027764
-0.32760705097725124,-1.0702376873746826,4.6208554505592724e-05,0.0117449733892405
-0.29235738236225006,-0.986300912262965,2.2247762749291924e-16,0.010423111211797854
-0.24461607696438417,-1.0489515384777284,1.0532667062068594e-15,0.011647049245527709
-0.20657623135007125,-1.0019736608313,1.4290189777087829e-16,0.010594551787456746
-0.23349886054110602,-1.0814072074902035,2.8451273785320042e-15,0.011780726181742427
-0.2282493659780923,-1.114199017379551,2.9568397171152274e-15,0.012043939556469227
-0.1405791280804992,-1.1312510628282921,1.4718463735083734e-15,0.011291000139671083
-0.18992289585755892,-1.0634492395345836,3.3714947635673284e-16,0.011247113160269518
-0.16164869934964843,-0.9788405659644581,1.015258515904162e-16,0.010132160963586965
-0.11196105914386621,-1.0457068655410908,9.88172259945299e-16,0.010971621999473843
-0.07191700441646363,-0.9960469889170703,3.9570646296761e-15,0.009887881307424039
-0.09970800328001789,-1.0789118352726201,1.1315145216808239e-15,0.010807621118031139
-0.09346787153729863,-1.1121495014916245,3.988520874846027e-16,0.011106133358467192
-0.07759947740110992,-1.2451574864892543,0.00033422488528664856,0.011794841463737002
-0.12919505616849855,-1.1760809527427176,2.322056477176234e-15,0.011599297622766958
-0.19126937888103573,-1.212463036019346,6.690708156322641e-15,0.012526565106890175
-0.14124690044175853,-1.2819944416938502,0.00013783213690851464,0.013106768931585987
-0.17691001419272914,-1.3156572708379801,6.95386975092567e-05,0.016540827468199824
-0.10222686333474346,-1.261628616603514,0.00026854317512193946,0.012233786892644597
-0.02384939190414341,-1.3123311079089333,0.0009203076375419483,0.012790637630814781
-0.058079730684233374,-1.2890120397147466,0.00047883056801566914,0.012428728016731798
-0.03654725077851763,-1.1792087781981988,2.482216135165037e-16,0.010303126032319688
0.012976420071137765,-1.23928514647616,0.0008850893292643216,0.010238593053454571
0.0591841645222157,-1.16543558645886,7.227093864792983e-17,0.010001361400753141
0.05610560239109316,-1.2976855796469715,0.000525124006879722,0.010850104358608646
0.06349015984003321,-1.3144987827239465,0.00038080612676114685,0.013070009511528561
0.1301801367482153,-1.283801205485135,3.3210288448701483e-16,0.01088800118752272
0.18385412772143567,-1.2718425124418649,4.447183532941553e-16,0.01124547735101788
0.18297614540430027,-1.2476675997638775,3.2030779008271456e-16,0.01047390086386879
0.16658302131431013,-1.2028683976905552,3.5454871651959666e-16,0.009731225278119326
0.13372274798315206,-1.2386321357849601,2.6880419995162402e-16,0.00977412201849257
0.08300514455917879,-1.161455567802927,1.7668888434121377e-16,0.009943552201983067
0.12619123764143256,-1.0853609277656961,1.1523114949325958e-16,0.010527704347676895
0.15803489286975608,-1.1200028864274543,7.733652760199861e-05,0.010201145788060938
0.17730268900191454,-1.0717188580040418,0.0008198297501326521,0.010692564188148485
0.17480660086539945,-1.0456905239501546,0.000942131326746917,0.010877389820526346
0.16143863382640566,-1.0050286863614668,0.0007581944395093763,0.0100857330971769
0.12684208422850038,-1.0441818800108567,1.2191521205268115e-16,0.010558115243767692
0.07641871829250813,-0.9672736319070461,1.75181021684548e-16,0.009995497969703655
0.020328330606937936,-1.0240920922434418,3.9016114651211496e-16,0.00989756757165462
0.04477068082115719,-1.0670127492949801,4.601690723368788e-17,0.009766828246511402
0.01036601434707747,-1.1031101452702878,1.2429257633399648e-16,0.010528948480942482
-0.011038880335621601,-1.0966760884392508,2.5003162547098797e-16,0.010273400291006143
-0.03665222025220526,-1.0841837996328914,1.5317511133341548e-16,0.00990893971456537
-0.005697609123327119,-1.0303994376894248,2.639494862039249e-16,0.009932840453904971
-0.05850462193448213,-0.9628883416974169,0.00041339623119136023,0.009801477778761886
-0.024494720529582528,-0.8804807941391336,9.251370823119976e-05,0.010094949704004317
0.00631217479034317,-0.9168135616132539,1.148263158044418e-15,0.009825766856275338
0.03432882664597742,-0.866034247662143,1.0581857737703012e-16,0.010230324685853784
0.027229348809824166,-0.8326051900101423,1.3215440882982026e-16,0.010310036511502706
0.020193069356526414,-0.7991733919658033,4.703350042561803e-17,0.009661513285393011
-0.017659807451501017,-0.8472266878631435,7.127982151441133e-17,0.010180035496468717
-0.062364145859117176,-0.7709089157081979,4.5278388671098853e-17,0.009938491883369802
-0.020893492989067217,-0.6965497053820715,1.9728460551079255e-16,0.010355676901772205
-0.046641221818281814,-0.6474289712690694,0.0013526818967573113,0.010813910141017477
-0.013014331076157362,-0.6015726001744619,1.4914725686509883e-16,0.011070457866761856
0.00803338723695085,-0.611631409367676,2.9811271684851654e-16,0.011267531836264652
0.02949470639366951,-0.6219196034721568,1.6662188233188942e-16,0.011200436546135225
-0.00015213567630996405,-0.6785511364126693,1.750607851188561e-16,0.010647748194602683
0.04935072350019905,-0.7511816492112098,8.737396097839303e-17,0.010252939574162493
0.11236604156845181,-0.706689793766611,5.583904795958647e-17,0.010388044427913084
0.07847578566692787,-0.6547672382430685,6.061326118132514e-17,0.010442965166365793
0.11527764462207565,-0.6082381880916572,4.6795911839851945e-16,0.010656465750303988
0.13841741485176381,-0.6194025544895605,2.399818939976053e-16,0.010780309391374287
0.16191538523267468,-0.6306324227157041,1.1018872558300392e-16,0.010511315251379407
0.13180524766393015,-0.6845634560329001,1.2825930386782573e-16,0.010374222665356338
0.18379863064850072,-0.7618873060527586,9.751032633208293e-17,0.009600759567086834
0.16489370463353853,-0.8479849544630258,1.0223737244922207e-16,0.009662921494555327
0.12690013578385326,-0.791833184152207,7.823829908401518e-17,0.009919263587144182
0.091737484327814,-0.8526753846084262,1.0808386274687122e-16,0.009773120438143369
0.09938174662405191,-0.886072580476623,3.167020620028121e-16,0.009947335031976088
0.10704914793278508,-0.9194659257839156,0.0002523310093576593,0.010014061793197655
0.1461674581428348,-0.8727912399017177,2.362687088839106e-16,0.010059801963696133
0.2036436419300446,-0.9423934220997181,0.000625874782781488,0.010149929393609832
0.2506245509089572,-0.886973658381146,0.0017363810333982101,0.01072566468796264
0.29229227925361234,-0.9493361918025527,0.0014938305264374867,0.010084461146066807
0.3308657116325462,-0.8881970839573208,0.0001045058132060619,0.010531471308940651
0.3215604266938211,-0.8548367601672746,0.0009249231051780228,0.010512538796226966
0.31295894420676784,-0.8224642789262835,0.0015059381117461976,0.010317969110505828
0.2729781638231705,-0.8669165065216391,0.0019328612833391925,0.010522977815693868
0.2138275032455511,-0.7970029289291002,1.9257848849315933e-16,0.009558794779290178
0.2614250584115795,-0.7215140431236653,9.759335715331302e-17,0.010108204197837102
0.21068644469171177,-0.6626926700602438,3.275588537183745e-16,0.010269130297525731
0.2534446841500397,-0.6129575551685373,9.810794948390747e-17,0.010721989935482769
0.2821005306648592,-0.6291074649540164,1.9791129699530004e-16,0.010680863663987582
0.3036505134421001,-0.6358832191721562,1.3562384598002593e-16,0.01046053836459581
0.274715415670719,-0.6912167804789746,1.089233745759135e-16,0.010171978066173886
0.3270801266479779,-0.7656112870258416,9.141873650338906e-05,0.00985116030489945
0.41191410823502084,-0.7395986474459073,8.062144333523135e-17,0.01004517793826636
0.3563592718465041,-0.6755674567685371,4.247157814182155e-17,0.009949181662905779
0.4017589444101445,-0.6271866050065726,8.259525614227737e-17,0.010124900464358228
0.4354083153072238,-0.6471851657066751,1.0350634742850294e-16,0.010530297727033096
0.45459443113879483,-0.6497187456447617,1.898151390086334e-16,0.010543610143804281
0.42733061600615135,-0.7081478712538978,6.840720694205036e-17,0.010055722570671007
0.478513860022984,-0.7773565497973485,2.678322566831008e-16,0.010504419430273838
0.4660603506326232,-0.8847087572419524,6.30718178376512e-16,0.010568150040935788
0.40774934146309977,-0.8158695377308487,0.0002548838396311239,0.00991173583639431
0.3689567170537179,-0.8756821319649876,5.424097789413865e-05,0.010865762701485034
0.3883323907246696,-0.92145472894549,1.0911671311581623e-15,0.010893157646274939
0.3899566265892794,-0.9450234745883371,2.1411801580228693e-16,0.010063910083900722
0.4378016410924145,-0.9087821900856546,4.2558586432848165e-16,0.010526129101966842
0.49299086691440164,-0.9687692280720744,7.045927482021415e-17,0.010437222521469084
0.44626427956011877,-1.03277165947205,2.116919197363962e-15,0.01035011308854322
0.5032149303307047,-1.111265358174052,0.0015065831932506032,0.011214407135406062
0.4542871834026244,-1.164537338113194,0.002009975030705734,0.012534683970655306
0.41459309809278133,-1.1368331042907032,0.0003150962617003429,0.01101955316220721
0.3960062182086943,-1.1354753572432146,5.110866175008939e-16,0.011273480635210546
0.42440286085621814,-1.0729596979134313,4.129607334355915e-16,0.010653925342338603
0.3765146121038481,-1.0046750870462327,1.8199151221596945e-16,0.010187483526938452
0.3332000746447129,-1.0659777671434465,0.00027454514923952125,0.010474617005101085
0.26905287584944226,-0.9910979657370617,0.0017089691806273786,0.010187010991584752
0.22656774861774293,-1.0584186319470632,0.0015801773499907615,0.010364631177002192
0.25372030594120143,-1.1092949047649479,0.0009840927801161407,0.010468088260845143
0.25212368637089866,-1.1370470922937332,0.00080915035818836,0.010289288554005682
0.29961888817196447,-1.0987588850988972,0.0009345619024115746,0.011196899847595074
0.35271394106358456,-1.158844713839102,0.0002820859169887958,0.010447283234982938
0.3320297734587293,-1.2466066888115945,4.068015159201608e-16,0.013311675683391009
0.2923165428134403,-1.2008631840997803,1.4535736317091208e-15,0.010619374358891124
0.25729157743362063,-1.2570695767358508,1.7687710389020618e-16,0.01181830102685012
0.24041847214943107,-1.2890295768066353,1.458054739326817e-16,0.013379619080378219
0.43076707989472096,-1.1865925667037365,0.0009887754668257472,0.01294872367674401
0.5714539336612455,-1.100541110159958,0.0005249276176838312,0.013262427920201807
0.5361147117812051,-1.03591135410722,2.90057726208939e-16,0.010694782715791221
0.5626900571991248,-1.046636782136579,0.00018599883646385948,0.011413226573105771
0.601711470997117,-1.007453378927069,0.0006122760673533036,0.011577920980570875
0.677395058138129,-1.0305143877489196,0.0036589388633733004,0.0154946503895055
0.9250367227892953,-0.6883118239637118,1.0590332151597381e-16,0.013688876161931896
0.9128866578643527,-0.7387614852516396,1.3282317623965293e-16,0.014141558402451947
0.8380408803996986,-0.8136962300554795,0.00019654998094323432,0.012754742328177545
0.8284645367564214,-0.7002833422376955,2.861479505430997e-16,0.011323966694085395
0.8409010653461111,-0.6621527259916871,1.5158853583492294e-16,0.011504329162194332
0.800975480574299,-0.6828271059375074,2.412242671646081e-16,0.011068408989315506
0.7588041328358401,-0.6565373707535248,8.439706672371685e-17,0.010727320024226486
0.6645661261383821,-0.6561749166420127,5.458089986576798e-17,0.010374513617596592
0.7240656808589261,-0.730756698692146,2.4983834421697737e-15,0.011212921889122056
0.6741343140472831,-0.7944568939537584,3.130626355168575e-16,0.011211796309386863
0.7701532700051115,-0.808226707107338,0.0011670891280749513,0.011858127615666514
0.8068540133800907,-0.7903814483490719,0.0009728844156288414,0.011641743664862963
0.785836572025289,-0.8392926300496284,0.0010651429353439462,0.011951382747427002
0.805812592650675,-0.8830719865909055,9.723117761981235e-05,0.013596819171972582
0.713511290331913,-0.9503782837525456,0.0027687442766952865,0.012342955244810928
0.6925771607502629,-0.9676110946744156,0.0029009868124833687,0.012521546394783633
0.7220065465496307,-0.907373254832924,0.002344406595413844,0.01218453318509095
0.6711778958541492,-0.8407018203259102,1.7257815708425364e-16,0.010952773378342544
0.5883797210513009,-0.8488456716439252,7.581411970675138e-17,0.010632779908957677
0.653098500370427,-0.9328854643121429,0.001315828555919045,0.011092558399101187
0.5979344353163689,-0.9910758260821408,0.0004672741128145108,0.011703054918064679
0.5559956741857354,-0.9489606083240903,2.8293387357278135e-16,0.010793379689774825
0.5316322809093702,-0.9539544075989909,1.331047260337503e-16,0.0107937403073656
0.5600426233723055,-0.8933068943929316,2.0005484546095485e-16,0.010792642210104666
0.5101397665240325,-0.8258617756392164,1.5006411137449851e-16,0.010174297530136524
0.5254389516944146,-0.723133925646598,5.496323250009648e-17,0.009829040920223717
0.5968176227145925,-0.7992284687314966,6.422165574945486e-17,0.010599829642057738
0.6442687706817316,-0.7335947501103666,7.461444281470465e-17,0.010488640512215501
0.6042795733925463,-0.6803156090489002,2.0716359044764663e-16,0.01088245374026558
0.6088139667636343,-0.6502852480520787,1.766088293909244e-16,0.010530633997583146
0.5609340086801458,-0.681840451758448,1.2191500093994044e-16,0.010695039702685495
0.5047395127812534,-0.6242912021971585,1.7138911813883122e-16,0.010316168449943664
0.5088931226960404,-0.5423585415854169,0.0008391612154071253,0.010340999339446327
0.5814381546056486,-0.617203303521968,3.3961849673675564e-16,0.010667094015490314
0.6291054071374946,-0.553859304144172,8.182505304526217e-17,0.010319830399782176
0.5847976858867673,-0.49780431149202686,5.607921644706109e-06,0.01118234193467921
0.5892782809467375,-0.46877357592373187,2.066721498767165e-16,0.011395195498278098
0.5437910466681659,-0.4955427182860245,0.0006109669015228719,0.010935274749743743
0.48999172628108917,-0.44328069960224864,0.0017400129259781977,0.01227626916521867
0.5241848431190184,-0.40350905110337754,8.000570192526628e-17,0.011226661140527889
0.4600088334026356,-0.3281743708786903,1.1728902086656923e-16,0.011776543221629576
0.5119591768448699,-0.2744052094096202,1.352214324381732e-16,0.01209787607212038
0.5674774713298432,-0.3246400671455499,1.264079788189328e-16,0.011643822559945121
0.59436004898458,-0.31961717777314186,4.3862117869734856e-16,0.012156151519080553
0.5727472154913993,-0.3654352176695216,1.8015276239400093e-16,0.011838013926573233
0.6170736072158601,-0.4194245644017721,1.3178536620161286e-16,0.011083498719698298
0.68531547735361,-0.4198224070539297,9.249008034828238e-17,0.010927654047964853
0.6243954359621949,-0.3488022260244883,8.545274013395166e-17,0.011383467802596522
0.6753357245030995,-0.2892432264911036,6.499217926794139e-17,0.011914550669413937
0.7344508756282195,-0.34268972287448607,7.336173621548472e-17,0.011200508119919024
0.7619024297985973,-0.33704414618535594,2.6447119757651006e-16,0.011413830172574227
0.7420906124371403,-0.38058111542793566,2.0429172522024373e-16,0.011452760435953495
0.7826197549583043,-0.4303100428703832,8.248137429039831e-17,0.01080685974927165
0.7663091811234812,-0.529489785820993,4.973594864430133e-17,0.010594423069681606
0.6990571763388682,-0.46453127707623976,8.413281793362715e-17,0.010851773175014755
0.6420649502221798,-0.518329240295083,2.6261645798373297e-16,0.01075534346535032
0.6942537922819637,-0.5829284158340075,8.003697138193712e-17,0.01017866185959034
0.6879357299850516,-0.6142826884105294,6.965641492984358e-17,0.0104628659262596
0.726862710545127,-0.5946619528606661,9.371363015048545e-17,0.010579368451050314
0.7706546432402515,-0.6340782809503008,6.993193140211581e-17,0.010676558764281077
0.8653285271626097,-0.6200432915444629,5.788781047060305e-17,0.011335728781713425
0.8050953552215216,-0.5472157725058473,5.244173409262356e-17,0.010656238891414392
0.8557637113138082,-0.4836965611022242,1.191762966922895e-16,0.010971893009585494
0.9150820559855716,-0.5395330627883419,2.7841828572434077e-16,0.011567944521309317
0.9472478207135084,-0.5283111702979989,2.5435882643169884e-16,0.011753482614593242
0.9287237965997515,-0.5719230963921416,7.394313624792327e-16,0.012510639579749534
0.9578801633601708,-0.6191464103784627,1.610895452863167e-16,0.01355228608463573
1.010636087643166,-0.5063007107330959,3.7565378385374197e-16,0.01345752131234641
0.9844597736324143,-0.4860676776643198,9.13009812036578e-16,0.012548301257465547
0.9908183470232788,-0.4076694174897303,0.0009384708755583905,0.01268999454271829
1.049403591130212,-0.4475957642745101,0.003170008192123507,0.01630553897573116
1.0524129593841836,-0.3422191418630552,3.211964071727717e-16,0.013732437418612548
1.0169856940969075,-0.37074122789482117,0.0007568259073820965,0.01323444973637894
0.9504017426841359,-0.3075098615465871,2.321564024825664e-16,0.0112649826308295
0.8895844840145055,-0.362068177059065,2.635012484151958e-16,0.011034595024795897
0.9201361529209289,-0.4011984477074585,3.3160134841620974e-16,0.011445255942260157
0.8803869139282624,-0.41998979464465347,1.8922717152246816e-16,0.01091456424706046
0.8598550810575544,-0.41856007563145825,1.9131261118510226e-16,0.010994768358950377
0.8220643792592056,-0.3990159491269592,2.682379986829324e-16,0.011275259646203172
0.8517495257925152,-0.35957827970977096,1.2904070541038028e-16,0.010987869266729643
0.7869406615186023,-0.2942459784760931,1.1901169317654826e-16,0.011643668484269166
0.8395899808927478,-0.23276933787659965,1.4737941360582206e-16,0.011493998720420954
0.8091292893736055,-0.19512791257767376,9.737936063729254e-17,0.011535400245243627
0.8505288412113491,-0.17091983420529014,4.397517086593918e-06,0.011461653141316332
0.8738956183380309,-0.17437779678884646,0.00019925687969564175,0.011948906982543724
0.9083743987206185,-0.18890521621074113,1.7429885611944672e-15,0.011470203872659799
0.8741757570255719,-0.2312744997313994,2.8283452533386253e-16,0.011322843448264508
0.9417808268921529,-0.2925217776195884,2.4800676611489677e-16,0.01144049037663437
1.003499606261549,-0.23774163491056333,0.00027346267323932055,0.01255640238281922
1.0410274654324112,-0.26852431839392854,2.3369763185380593e-16,0.012815056296865163
1.0453856363538776,-0.2541745704278759,6.435974747557116e-05,0.012742144881950227
1.1089956308380757,-0.20758087349273005,1.5743259846671537e-16,0.015417726218085365
1.039696311079347,-0.13836782788960947,2.0992760072190523e-16,0.011882345919906015
0.9769746730271622,-0.19331718030272416,2.1925085531474649e-16,0.011844947383197867
0.9733122557461743,-0.12173370213375502,9.635841799371994e-17,0.011545081633180094
1.0188256228190573,-0.08446968762862493,1.0891361378839666e-16,0.011875433348441052
1.0653322372404865,-0.11051325005812482,2.9875032718156176e-16,0.012534194160497307
1.0847625453145797,-0.053760756673162755,3.879346458503273e-16,0.01303547969991661
1.0747323807822207,-0.023384995324053873,3.3042022472933957e-16,0.012735712438582762
1.096430678163126,0.031524788202847404,9.061489849035334e-05,0.012354561209463556
0.9881467164056981,-0.008474535388278026,1.1657720117952087e-16,0.011676189391315433
0.9665477028982571,-0.008575344880861382,1.868480623721365e-16,0.011715706163034927
0.8717652045759272,0.03481411098682792,9.203820225097862e-17,0.011712586923323986
0.9227285937259927,-0.02158100548340887,1.701568528277915e-16,0.011517810706779383
0.9038146631111728,-0.11915323090373134,0.0007158514430402009,0.011856471236589023
0.8366748515195984,-0.060837919561050086,8.3243738087125e-17,0.011664964507198386
0.7763795429274203,-0.11131394375404965,8.038161520607902e-17,0.01196394507174549
0.811512733703351,-0.005100656018342406,1.6396620032362148e-16,0.012503717341770608
0.81501448626939,0.018620514304649602,8.791041185930614e-17,0.012160086970630668
0.7583403723527306,-0.014506412772849114,6.159657214494802e-17,0.011882264826360423
0.6996520908050078,0.03324322483830072,1.1478371914886282e-16,0.012254005819524965
0.6014215760639845,0.013568310268236503,1.6621814161042126e-16,0.012324640199288814
0.6590881985527499,-0.046261127022196216,1.5569539052736235e-16,0.012232343920476871
0.6050961016750998,-0.10419140687499562,2.3924359226636495e-16,0.012632965401004611
0.7176755136693879,-0.07726221109383416,2.742463729220488e-16,0.012168645090876616
0.7458325914004974,-0.07129174141955621,2.0057639079839967e-16,0.012031325705380763
0.7121702601022677,-0.1244858640161708,7.44019039611612e-17,0.0119446375723458
0.7646344617619908,-0.18278665142286038,7.151888307120208e-17,0.011840407170834882
0.743514202164197,-0.2748223423796672,7.607498939038191e-17,0.011455773435349068
0.6812117059988361,-0.21940170191497055,6.571679896088236e-17,0.011768116053767532
0.6218357873996563,-0.2707474808744834,9.014243884355724e-17,0.011768446870961307
0.6404751216735726,-0.16134794896530072,1.7099244890418786e-16,0.012332399682331654
0.6463006296598783,-0.13444441769026147,1.0159895758293172e-16,0.012108551889189391
0.5447992026012607,-0.1144617786621508,1.6155453504341224e-15,0.012274755166288318
0.5955264717065264,-0.1697373296369788,3.431159655153134e-16,0.012005597531883804
0.5750284840290443,-0.258005626653678,1.4910537901029e-16,0.011953641110878691
0.5148681673300671,-0.2048151614233628,1.7942833871715937e-16,0.012084975187261406
0.45911706484561216,-0.25485702766185814,1.7985223097563982e-16,0.012525017200459485
0.4677676094926117,-0.14796271633121916,3.0478747143497854e-16,0.01275427309721457
0.47285663663879113,-0.12215184277641503,5.306029924833717e-05,0.012663580098195909
0.4315373271130961,-0.054145463480052905,1.5806199776302218e-15,0.012369598063029761
0.4858058104302519,-0.09713366354604791,6.719255167096301e-16,0.012814357031612386
0.5769856833217948,-0.07681671424022458,3.339321226869934e-16,0.012572402272397788
0.5245760073359963,-0.02226626927032853,2.910639755436969e-16,0.012323113947540286
0.5846811069888667,0.029603178792548417,7.63901209049584e-17,0.012366663949464904
0.47001129199602726,0.020564478132159288,5.621176676867113e-16,0.012629920448577012
0.44154039264879114,0.014974111285706672,0.0001252597322983475,0.012947527371380534
0.3711680508671735,0.044286704476914476,0.001060229814508504,0.012920529332148361
0.41347223573423425,0.003121269604039259,0.0005469966843758478,0.012678679397844183
0.39273930329059353,-0.07697101516425905,6.57958599191614e-06,0.012370614189832851
0.3304835293006512,-0.028461312367146233,0.0019509503630643521,0.012956708629107843
0.2807081158279338,-0.07732291559017741,0.0005598916212549593,0.012916900557752863
0.2772586329624948,0.014463732032342067,0.005264893410909708,0.01349411281031013
0.28349266131809325,0.035939562679737636,0.004864199907907257,0.013375519902854002
0.24102257635494712,0.02123647302143372,0.006835837951254086,0.01381871142754229
0.19437982658524783,0.04972295838451689,0.005565031662684601,0.014722124824481174
0.0973198909101543,0.04100164843027755,7.013393628295787e-16,0.014643079662065286
0.15808755502193456,-0.006074883006706874,0.0022514497056403578,0.01381886613426555
0.1063485517905367,-0.03773120832490445,0.0013772471800242746,0.01531036238402132
0.20946931955647846,-0.053406470948906035,0.00418465095689561,0.013805897070435573
0.23843831284783923,-0.04898398775865087,0.004788382103372387,0.01449157427518119
0.2596218427448818,-0.11532776209271986,0.0005572883467494453,0.013043098595209211
0.21444291747890293,-0.08167939064518895,0.0031399611094296916,0.013724041049795552
0.12578869730911296,-0.07940912787384558,2.0274013888634393e-17,0.013665616912505127
0.18904683535117783,-0.14782579514709052,3.1895955761914575e-16,0.013571377033302133
0.14489169834207188,-0.19055545358725473,7.75212837734299e-17,0.014762430018331248
0.23710870941693768,-0.20931108006491128,0.0003041551384326084,0.01261756184368504
0.2663704082049282,-0.20148022704691917,9.487372841718518e-05,0.012639104920045514
0.31850211890539715,-0.23653648165097438,1.253830153229557e-16,0.01209268443087057
0.28954331797794014,-0.19205386623843818,1.422576420833227e-16,0.012373291581151248
0.28663673850583166,-0.10267538399079242,2.376822215773916e-15,0.012626207663209946
0.35585273494981196,-0.16217678799215102,6.629738159396802e-17,0.012241101005568022
0.40888537069353914,-0.11328890380113638,2.570849271250657e-16,0.012481472165287782
0.42257684192098044,-0.20986975399939856,1.299813410821439e-16,0.011948555220249632
0.41032273288370635,-0.24474140384230997,1.6396958075103091e-16,0.011954306249868426
0.440919831040084,-0.2942919909320375,1.6630814117819852e-16,0.012035675840879412
0.4001069250399549,-0.26988183211816374,3.6824163022370936e-16,0.0120492881412928
0.30722779039602366,-0.2620708717995665,0.00011656956507715707,0.011830808433350078
0.3690116184471862,-0.3336088846951415,0.00029709828536896417,0.011702693670946129
0.325855086191966,-0.3925288574478765,0.002924939442464607,0.011868685173476777
0.417137559111925,-0.41188134539088206,0.002583383699375666,0.011691627914322881
0.4533078015707759,-0.3952637918969283,0.000839882270347323,0.01154465886703623
0.433471088655599,-0.4421081435580595,0.003541025245248838,0.011580376050370858
0.4527828095700119,-0.48302225375848096,0.003052280492409173,0.011592120901958443
0.46210558894123105,-0.5938829885081782,2.5684373690970097e-16,0.010631977368405349
0.4008578264309297,-0.5213415950039162,0.002735242908014024,0.011097613575834435
0.3497144348176109,-0.5755654482730381,0.0006982404788246625,0.011213249711127547
0.32616761597884314,-0.46640707779493484,0.004113390964920961,0.011493981786020322
0.34440957951131845,-0.42450977242772425,0.003574093800227786,0.011781783812594225
0.2807686541738697,-0.42439649113541583,0.002343262612082694,0.011448824187466808
0.29637225145829954,-0.46213186009730134,0.0032415734314065157,0.012382964506481312
0.3102871247345459,-0.5790893923319717,0.0009042152536725981,0.010776012202160597
0.25396675328541773,-0.5017317569716774,0.0006583919758054313,0.011917361576964564
0.2068054286302473,-0.5569077007603052,4.3216834795006845e-17,0.010671311485521837
0.17845712933446273,-0.4440614845411109,0.0002965220910510324,0.011307388299991134
0.20007967150910133,-0.4020047949605994,0.0018763108358774065,0.012372699785111003
0.17600094745374265,-0.35294572590432194,0.001296577249120813,0.012014786879849776
0.20230561072169356,-0.36755661111346605,0.001914627185236904,0.01206703843760135
0.298090969273831,-0.38832614426374323,0.002776760931983518,0.011443994689856199
0.23365210901353653,-0.31973754205425864,0.0015552174392139907,0.011720547516409418
0.2710164319508524,-0.2661311143542786,0.00029996977331321807,0.011813416186752685
0.1821651132518519,-0.22576956972466172,1.023204376294124e-16,0.012510877872858504
0.15121410726139728,-0.2558725533926409,9.4351067083608e-16,0.012281065494280877
0.12706165330041502,-0.24286854363580798,2.11012246716437e-15,0.013394935018189476
0.10353543882991895,-0.2296682668500331,0.0006904184129428893,0.014605453547036512
0.02204651980377645,-0.1991870372061979,5.373045091041723e-05,0.015866037490802204
0.07519670642397813,-0.2728154440384901,0.00020527582797605527,0.011973408864033499
0.04852125931277318,-0.32923686040380323,2.4733938724637826e-16,0.01134119551053737
0.12054538547249716,-0.37291204599471317,5.133183166355738e-16,0.01188715039578417
0.15263401663573073,-0.33529469458395256,0.0004912562083569579,0.01151482218047413
0.13619460992373392,-0.40637563764307105,2.3124984531480923e-16,0.01155084709706437
0.1458278346803382,-0.4388755385087768,1.8816876287831845e-16,0.011264018975583226
0.17117180142097474,-0.568050820200573,7.233224614006503e-17,0.010628626693378154
0.11673427245375498,-0.4933746031241636,6.115325769349275e-17,0.011243809231643297
0.07798864939961508,-0.544147937763379,7.764203045155012e-17,0.010726285744025966
0.04885044049535131,-0.4350225128746828,3.458752999723353e-17,0.010904478009741004
0.07529049316914374,-0.38050829944825015,9.88962869323204e-17,0.011384220344263877
0.010156636127594307,-0.3868206069503718,1.2583770590146553e-16,0.011579777102587563
0.017596361194467586,-0.42026273820925686,6.890368326799919e-17,0.0113081537980001
0.04194824494218839,-0.5533893331722475,9.888681095174367e-17,0.010904550661732272
-0.00737102556005019,-0.48330515887339454,3.142224549673471e-17,0.010955537739931426
-0.04464563093483771,-0.5387112996772581,5.5099814255740255e-17,0.01091831004153412
-0.06469717187782492,-0.4296780715868864,4.447052001089934e-17,0.011012695489080378
-0.03637036099743782,-0.3658044610445834,1.6130704377554915e-16,0.011670680919563017
-0.05763008807080952,-0.30100718728213294,0.0005646538511398548,0.012523031305932155
-0.041533783951018116,-0.3108014656697337,0.0002374834854980785,0.012055371500963969
0.0319525749887164,-0.35384608799709705,2.0363619805919535e-16,0.011387944994654235
-0.01097062504631352,-0.2740661378541034,3.518615324567874e-16,0.011682574356002454
0.012942622005935822,-0.21244949469307195,4.472698351778519e-16,0.013785599646400474
-0.04164835815084694,-0.1703920375756844,0.0010453693230233932,0.012833092649108459
-0.06550137670249506,-0.22538919981999989,0.0026963073611868554,0.012996651766267655
-0.05029707321271189,-0.13231722043073707,0.00031056496396553656,0.01408393536068559
-0.05470888456016769,-0.10012831090700405,7.702481144439395e-17,0.013755908450491367
-0.06397984711688828,-9.061733505488778e-05,1.4874201749555032e-16,0.06759060854007388
-0.0642949276655293,0.0029441660155386518,2.0655275076381138e-14,0.08843840910608435
-0.06414385958066823,0.010805383577230876,0.15474309405590236,0.24102318000181033
-0.06398892552644989,0.01817569180191042,0.4556785672908751,0.42610863782984454
-0.063882565035945,0.02288745230934522,6.350510085946306e-16,0.1176364351830642
-0.06377009525216501,0.027598906287223002,2.126670184023173e-15,0.26057725384711156
-0.063651137394061,0.03231002821950582,0.01128671122249437,0.13704025825788668
-0.06399894265817203,0.03409414696515278,0.028974883446229012,0.18339251574085727
-0.0645815866355309,0.034116631212683685,7.274395927303128e-16,0.24308342024664661
-0.0651146452690206,0.03406414830087656,0.07282546141191568,0.3140108406054483
-0.06559596894602111,0.03393853466971394,0.09335836743884732,0.17312509723002698
-0.06557559491589166,0.029588929338145525,0.0796975836480213,0.16334074006490248
-0.06527044214046128,0.022575567826339266,0.01455811734987527,0.1015570447368991
-0.06514685183996353,0.01715279480552309,23.241519082569422,1.473859507864421
-0.06534106408466978,0.016407789095410574,1.670251419475906e-16,0.03878026608952242
-0.06575528359189899,0.020347949337190863,7.425929615419051e-17,0.04196219609694922
-0.06637985675202643,0.026366307401761158,0.554647050654466,0.4167469053616883
-0.06703307917610524,0.03237998294311478,2.2234800347123225e-16,0.11954030256934574
-0.06736391334807884,0.03120440081140677,0.060517715848287246,0.25109759430108236
-0.06622087780894953,0.0234140392052182,0.03201310581720903,0.12716809914562094
-0.06330406580976057,0.01129156209741125,0.14616072197540755,0.22122949233256944
-0.061633120868456945,0.010959610277230053,0.030603686332293874,0.09899938937645694
-0.038689377572797015,-0.05946469504322782,7.422191076015888e-17,0.01527723863368526
-0.029033855685908494,-0.01581057439452585,0.0011324516331712615,0.01995498213401914
-0.023959407375448785,-0.10658417064501036,0.0007382919272570273,0.013796614931884941
-0.020087332419511786,-0.12966446672698245,0.0005762883600296565,0.01398519165761332
0.0034217629291207197,-0.10293180738200797,0.004947444101669351,0.014779897602160919
0.051861482779090556,-0.16697043168281653,1.2167483397881246e-16,0.013966744941345364
0.12307064151211267,-0.16634597572284443,4.6814129711969515e-17,0.014689285043467743
0.06284939238519366,-0.09231516883337507,0.061496864376723644,0.023133958350340107
0.08994093774484502,-0.054839412266340454,0.014072031935934948,0.02675091258723694
0.017263151083473316,-0.06358452337179663,3.8789119812415553e-17,0.021718121997745757
0.003310186554128264,-0.05750309030279502,1.0964814270316201e-16,0.016221263815543237
-0.050645103067430725,0.04059062787447271,0.11757041813174439,0.10646102044657597
-0.014076266222878164,0.015450876683060777,4.999250499121057e-17,0.023669452654457707
0.09032418000345227,-0.044324351287360925,0.008458970006767269,0.020738462886118206
0.02746295709717178,0.013020725133213146,1.012688534630496e-16,0.01508968063453433
0.06968229136171267,0.04007318706917276,2.3888095619489223e-17,0.013568685012380887
-0.014480137682113259,0.06252797478340852,0.09134402782556497,0.08492733554464367
-0.031823103643704304,0.06230220888235062,0.2985245571276858,0.13768241256715327
-0.03930926919373853,0.06535606642469598,0.48987530127072815,0.17479432289865648
-0.04696134698919602,0.06593477575459278,0.4317254226630451,0.15839711192883454
-0.04508985570476237,0.06371841603507755,0.8501688819465738,0.1716093184276841
-0.04222040107202385,0.06024409795044614,0.8297487183449717,0.17663776955125204
-0.026797773822514914,0.05199262815906115,0.06247222421129796,0.04144726045914345
-0.030379289553952665,0.04830466940995755,0.044550023081970716,0.05471051341247636
-0.055059994934597484,0.05743253050969553,0.5115148370177608,0.2403242509875685
-0.07165692657351472,0.06852630377273718,0.07714744893057668,0.08515383399735955
-0.055178869158681754,0.06069109439263297,0.14858451882828624,0.21687076680263784
-0.054973965735614555,0.06307094746137203,0.6397199117066246,0.23189650203762904
-0.05866115785439677,0.06634837490695687,2.3107955144207923,0.364605661535161
-0.06804770716778386,0.06945271300454753,0.19812916782190013,0.09308296057644781
-0.12964621740572024,0.0858229182670638,7.622742955751588e-17,0.016071882143160153
-0.0965272922078895,0.07965208878104225,1.5164411454826665e-17,0.025876902562578585
-0.06462885975409263,0.04268607628353152,1.488759655937731,0.255513154633149
-0.06398928187792018,0.029733970420850575,0.019484688889891275,0.18012300216518262
-0.10007635568194397,0.10543375522335492,5.754223395609175e-17,0.024054670451633602
-0.0749556974521214,0.05605309491076357,5.759732803140588e-17,0.06496046798283488
-0.07010786548846737,0.04161746814632877,0.9325016526243355,0.20434506317413575
-0.07432062482445945,0.060200503330334304,0.07695547806488885,0.12956583136600744
-0.07256983353820079,0.05750603475066188,0.3833738430680606,0.24199584156493498
-0.07070540107936057,0.04849716692150011,0.5456918158152112,0.19771973222905972
-0.07008229207603894,0.0470905733981567,0.80588304584127,0.19932721045228946
-0.06970722867663079,0.04796729128759564,0.7950198465099552,0.22388227280783438
-0.06920832921704641,0.048735315077214264,0.9684366469169889,0.2938463609894941
-0.06984328997278398,0.055362594835269424,0.4081285816120501,0.14887545466367103
-0.07121674029829032,0.06512123493983926,0.14718351903600294,0.15967141356786127
-0.07004270759957207,0.06611701735406955,0.18654223947508256,0.21036023381249228
-0.06863097387598974,0.06672862148983943,0.2733350652500956,0.20480947351205114
-0.06743792058735476,0.06612441124492036,0.0950784319944628,0.12159037435232893
-0.06724114660309535,0.06271885773360308,0.1692158158301937,0.11390640011252054
-0.06704981023955278,0.05931295273314777,0.37428013088392686,0.1671155673429345
-0.06686364664912164,0.05590671901215366,0.334783497184161,0.2368066677828643
-0.06668240789783927,0.052500177525554775,0.8546063538382384,0.26287059365985854
-0.06629913035025332,0.050535405522968174,0.8314991238675614,0.21287142110017374
-0.06557244824633908,0.05066841776118583,0.9008517792378116,0.37915036199873725
-0.06479457119780556,0.050729831827889316,0.6385525489777365,0.23653490890824774
-0.06396757329494901,0.05071783873822111,0.4442938551132928,0.22767575823699063
-0.06311295056774699,0.05080390507870841,0.25533330451688335,0.24145144206552094
-0.06290589502623942,0.056933599442225924,0.3774289968493148,0.1930414435042857
-0.06268235906697228,0.06306233011026033,0.3259895665110859,0.1460232811965718
-0.062172620729622534,0.07546640372160324,0.3436016662057433,0.09116879165358717
-0.0688737455041153,0.08828664161881172,8.941741235837035e-17,0.0309425338851634
-0.05728634206051928,0.14105694841686978,4.080966554514285e-17,0.01710566677087804
-0.16683708628408722,0.1466706942349663,0.000516082364778392,0.013380135384233991
0.057233513862045074,-0.23331476941778984,0.000245364196062197,0.013763531663179777
-0.0021405790342949246,-0.1684957904675001,4.3875046094155233e-16,0.013310118852243362
0.06685652869602866,-0.1337729579154308,8.068777509222068e-16,0.01624664680551049
0.007086666511350426,-0.07320621358804064,1.3960385173357468e-16,0.01720729934170563
-0.030315132361951144,-0.04115493909952758,2.6385427229051523e-16,0.01621653194518211
-0.0427222432724251,-0.010686347633542564,0.0035779860381107646,0.031241794380725742
-0.11207654362640143,-0.036779208652283985,0.003944514869742777,0.015231360179255278
-0.1211698449294579,0.0705203466719084,3.773284783427646e-17,0.016574458920642864
-0.06640638614714975,0.0695112571478493,1.0646802618062088e-15,0.17817067412960588
-0.07476634545976746,0.06376512554285482,9.901529665779868e-17,0.08746663938301906
-0.04350728569353085,0.06858257685755823,0.4227241938144238,0.103257833817786
-0.04726573243910437,0.06939526310295169,0.3603784636222093,0.14651348351974625
-0.04923903885858111,0.06919772206212667,0.5036227972928519,0.15408493993308375
-0.046244933595914,0.0680715565475761,0.40341140622263244,0.11993353547194019
-0.020423741144988128,0.06852312789575124,0.0009700090001146467,0.06569879930437417
0.05766168336983174,0.07526583599424741,6.48447448210336e-17,0.015071150160128851
0.01685163896181585,0.08578864020563454,2.834043653075338e-17,0.018101182157665194
0.08787474034987575,0.12208527877250541,7.487290402493787e-17,0.0141265422984651
-0.010853021489620612,0.06570118541817546,8.673975058970273e-16,0.041892959625473326
-0.05457620216034614,0.05160691116439102,0.5069089912066934,0.18464458291666314
0.010204984164502745,0.05441353038624737,9.837615591860344e-17,0.027567351517231397
0.06018106932555456,0.1044665085263684,3.372572861740896e-17,0.013893379273533986
0.07357837991952704,0.12096352354019735,4.7589736882683627e-17,0.014189479091585747
0.08283570205979057,0.12849521077195242,7.647148046489907e-17,0.01380026342265492
0.1354545642829711,0.17602951204689893,6.810960210860957e-17,0.012854998700041332
0.13407698854403743,0.18959757242022926,3.1377636440091636e-16,0.013488363632092356
0.07842271306682733,0.10777492583397213,4.319339138204896e-17,0.014161164790801243
0.09110377117291617,0.12477757684719037,3.1482264824986655e-17,0.013269662283428737
0.06423812658411246,0.05348220946437504,2.581281863115315e-17,0.01409340029727172
0.03184211471700549,0.027946936784526172,2.7571189774104717e-17,0.01461196185389997
0.04079104350781683,0.01383035202494623,2.2807992399270516e-17,0.01426627068268475
0.033368655041394274,-0.050876235845263934,0.05843433821962133,0.024818062702536853
0.06417408134741084,-0.0007373365656041242,8.943208363139842e-17,0.014131696450118011
0.07336067997622345,0.08655335622649271,3.8079250398415926e-17,0.014221981354485385
0.065065109146713,0.1325088152354846,1.4253016296561715e-16,0.013340839747799838
0.08676033034768815,0.19283795281332072,3.448898064126319e-16,0.01266946405234136
0.09857617338010478,0.16262993270395612,2.838996486095297e-17,0.012943110124715137
0.10245820637904991,0.1920624375391794,1.4009039085251345e-16,0.01288791359519619
0.1250153205553446,0.2481619683880842,7.274964014112005e-16,0.012969326051451
0.10862720636701732,0.31263987793849934,1.387533243452441e-15,0.01213893022410463
0.07163813367368574,0.23505547581061384,1.016791233814524e-15,0.012499592664357906
0.05897136851425099,0.3481323668369166,8.783280486248748e-17,0.012290868305278905
0.08794537982881845,0.4148245327511456,4.7250858061942234e-17,0.011906389588299456
0.0660108789654393,0.48095158335168786,1.027768438195451e-16,0.011950698726296524
0.08239589082211998,0.475365337120521,9.577278421657643e-17,0.011847155349481735
0.1102613656407247,0.5130764735000906,1.0503084545556436e-16,0.011705609202737097
0.14570752721023925,0.4530534685213692,9.287806345340442e-17,0.011859147730863993
0.10470109401888164,0.36730221872487445,3.256190153173436e-16,0.01220473268743421
0.15234882013263784,0.3599674006378972,6.917182961727638e-17,0.011927426591123292
0.18818131589861897,0.4306934281449019,2.46274415342414e-16,0.012064191874323754
0.17432891114378912,0.48966803443300105,6.039590736866161e-05,0.012259470910918127
0.18769514586820135,0.49062585249713,0.00027596455748478334,0.012438617304167652
0.21723556153018486,0.5237132700309429,0.000642817295026075,0.012096313404444909
0.24540362458240844,0.477164586422939,0.001246131771209187,0.01210313160015383
0.19743242536519442,0.39401150019110054,3.4935821790645826e-16,0.012457907974507553
0.2145241514097706,0.348903493176699,3.135304501504958e-16,0.01193142473758145
0.17079715469755602,0.2838273880508216,0.00045050664707972415,0.012582057614766972
0.15339990460369413,0.3063931564397654,2.6428807280525875e-16,0.012284337300184392
0.14876878384108816,0.2841447756574329,9.980486814685004e-16,0.012713364820322752
0.13049556110795596,0.23632581796377772,1.2430143043483914e-16,0.012624610146336583
0.13051051529176105,0.19626500655246548,1.990993115811746e-16,0.013044291950302093
0.17936741788375532,0.27136189641810043,0.0006766361145548313,0.01278469777886161
0.19235245803888584,0.24908135209190263,0.0003386499525833426,0.012238698381061628
0.2469022757267146,0.30853560563386545,2.398683833831847e-16,0.012464970277274381
0.2754570048459235,0.29964089087843093,2.2887771843577575e-16,0.01224116772961453
0.28199542348537415,0.3154517755841126,8.50186763944645e-17,0.011902572234317337
0.30561250492439973,0.3498609753083546,1.586357033547961e-16,0.012715029367214576
0.2884206517051481,0.38283058377209755,2.747955688779202e-16,0.011792041542880369
0.23428967628595296,0.3155697451467836,3.104470678501157e-05,0.012021491289842933
0.24899990106303485,0.39573757000964427,3.0124209701319305e-16,0.011937786165303667
0.29735280392395935,0.4685390639236442,2.470689255080595e-16,0.011937806877100821
0.2847919370966092,0.5154802608534251,0.0005120719209457316,0.01197707661315378
0.3003024663136402,0.5226747132322661,3.309316988648331e-15,0.012119533568048051
0.32539906754075687,0.5430441487720514,1.1981740947217873e-16,0.011640083154796492
0.35306680311755356,0.5070067281289174,6.483002269396897e-17,0.011705475226805822
0.30230717830746756,0.4456283458427498,1.8209441391362322e-16,0.011715078962654696
0.36193848011641755,0.4400301423427258,8.419991618953298e-17,0.011593267998123756
0.4202053793544082,0.511637513791462,1.7922208319445173e-15,0.011720277847067365
0.4009318474152159,0.5498401563085661,1.3897547534870708e-16,0.011699623349831153
0.42190462128286593,0.5614474101126177,1.007845368734351e-15,0.011687302213670188
0.4468684766435448,0.5772597730903183,2.352004000292472e-15,0.011629996336478892
0.48052130668171666,0.5437378066679038,6.204860202471914e-16,0.011761913110434358
0.42790337762193603,0.49030776615661753,2.1536596604805306e-16,0.011848157338631253
0.4635147590675989,0.4426980594919193,8.813279257066202e-17,0.011169661965337589
0.3962261928267694,0.3806241519560487,1.155607886036285e-16,0.011682615952844366
0.3663266885904481,0.40316701807797295,4.3699408458436273e-16,0.011837620162008141
0.3527288847982184,0.37752330688266833,1.8268438114560488e-16,0.011791654312424677
0.3389621542481902,0.3524958007458739,2.432406371806557e-16,0.012798925018898701
0.3653944266775311,0.3207578259260526,5.5276665161354304e-17,0.011770321122748869
0.4133599199847721,0.3691538864249807,6.79013421636606e-17,0.011549068199107842
0.42333474979671976,0.3119561659889828,6.509363006235954e-17,0.011741921898757179
0.35942561697921027,0.2526330960019944,0.00026408438927817766,0.012329368299403029
0.39298804982543456,0.22079345968655442,0.0018780330724717305,0.012617616601688605
0.364472534222096,0.2115997706231371,0.002417710127759213,0.012450470320487874
0.3359769705782716,0.2023482909755106,0.0018919464751491557,0.012594820233902753
0.29343074588167317,0.22570446514245432,3.0055838056748937e-16,0.012314262240708602
0.34063460873697504,0.2645940613158701,1.0037642408928241e-16,0.012170368230877408
0.2825402782136386,0.2696269669654491,9.607045943412006e-17,0.011969581961100173
0.2140065393904167,0.21193184480926783,0.00045535486661943923,0.012842273222936202
0.18962785638934912,0.22157818792510364,0.000191899585261507,0.012642160799227538
0.17316135234724275,0.2008568625177768,7.901265513975665e-16,0.012777038143549455
0.15657967169162768,0.1814698988690431,9.782971575275546e-16,0.014003490266279261
0.1754699650119741,0.16768738956751061,9.16145614171192e-16,0.013000018201460085
0.22245199502183832,0.19960097523259046,0.0006204880068426012,0.013397083526094884
0.24694815675003917,0.1579285476147884,0.00048632235263242285,0.013076508387436516
0.1825937328304506,0.11210587110958453,0.0002444203691402982,0.013629612090618443
0.13935454048160179,0.12850094690943517,4.957222593511888e-17,0.013314251182625388
0.12712716375154737,0.11309408921145706,5.382986634357052e-16,0.014384027640583283
0.11605414215651066,0.09821616438250963,0.0003927323246066931,0.014493744416831236
0.15226124492556814,0.07534087496146119,0.0024641353054773944,0.013942812534935088
0.19293803668629456,0.09569077021699621,0.0011034218923965436,0.013635137091154437
0.2576397513742609,0.05786548888346814,0.005109427580873004,0.013741348615626927
0.32302045222214054,0.09989284617112662,0.0014389502342693175,0.012989262788970174
0.28457846367360523,0.13287284745657196,0.0006584819716785284,0.013020794196908301
0.31471819912518906,0.14122495469362073,0.0015038328682904889,0.012786286443368922
0.34238482657325814,0.14786280222298637,0.0017872912069299882,0.012894766849895265
0.3834084223621684,0.12345688707929031,0.0015275744860824031,0.012459102242125574
0.35383085860753916,0.09471462483182871,0.0015151372798133693,0.013039613439885496
0.4258779566215111,0.05562512211955256,0.00026413326941935076,0.012719614687139478
0.48337088469177625,0.10952301808410488,1.0607465666578794e-16,0.012184586143873938
0.5283764035746774,0.07805432514976078,1.9972757342255585e-16,0.01227819080316731
0.5408144464230569,0.10673413696875565,9.555455661259939e-17,0.012311028743226095
0.5441953539660308,0.12738478670708672,1.2821139254389608e-16,0.012203330761376245
0.5172516501908944,0.16299695254671365,1.3107034109694325e-16,0.012032455049901023
0.4799840656031607,0.13793124118213107,6.166656506630293e-16,0.012317965545395632
0.43072199781397613,0.19090337145248207,0.0013381816671975814,0.01236781846362898
0.49692014918912547,0.24409715507195304,1.1142829075351644e-16,0.012088052609472036
0.4685792097405254,0.27414110095637995,1.0024460672569735e-16,0.011776185392528771
0.5056205251271226,0.29125928018514785,2.0235214332633205e-16,0.011830758537923505
0.5257463633464445,0.2935935202616494,1.1639392037642676e-16,0.011442464249477093
0.5648468308491352,0.27967439461431626,2.991881361224473e-16,0.011592372364342372
0.5338117629955613,0.2467690937343686,1.103862359460142e-16,0.011805532364958658
0.5951202878507003,0.20277767619642836,1.0658431684224511e-16,0.011585005248962861
0.6624694910584417,0.25607344760431533,2.59756618530929e-16,0.011805036525407556
0.6350269291257853,0.2874426987329829,3.3568735115876057e-16,0.011808740680220444
0.6758411024527429,0.3072466930292407,1.44659845591507e-16,0.011583103167542649
0.6963988737948897,0.3087143536577887,1.5228588527743632e-16,0.011573179647548204
0.7337523917966211,0.29492581053664746,5.395313419193005e-17,0.011479510490925446
0.7005266118365302,0.2581114456996919,8.1993138957198e-17,0.011744946065647658
0.7579789668866594,0.2042407934216249,4.6676928109069286e-17,0.01161413564197133
0.7010515703016228,0.14238184408128182,1.25469984892593e-16,0.011978647068474978
0.6651722647220021,0.16748580409045197,1.3452042089431715e-16,0.011810337152761087
0.640940027288389,0.1287784508527693,1.3945485946018252e-16,0.012129258669375175
0.6414732715426573,0.10944978241486347,6.78495410555524e-17,0.012075190489847823
0.65623000236318,0.07739658692692342,1.0721298720440255e-16,0.012599471415600904
0.6989943906630534,0.10904515393824132,9.723059361891434e-17,0.011894692351862725
0.7583249279985426,0.05002024361804107,4.765517663886377e-17,0.012015239987880238
0.8284681387146535,0.09834191520309682,7.245487706506416e-17,0.011943794427324477
0.7997559754180925,0.13236544208979928,1.0499434333095817e-16,0.011608840779944656
0.8431184643710317,0.16113261767772336,0.0012611872429135875,0.011867879548512745
0.868284653939814,0.15744973774255072,0.0016350859979030626,0.011892130261261099
0.9004655655403196,0.14707190763599232,0.0004877914507254299,0.011990487455288149
0.8618191508382551,0.10321132867764148,4.463508677616012e-16,0.011999455065072159
0.9275528195049803,0.04782555467352598,5.190682007597628e-17,0.011336565147570747
0.9923769063492676,0.10281120990290843,1.833103420692166e-16,0.012663926334329086
1.0300892584907455,0.07364370358274634,1.3287339340660986e-15,0.011776776562823348
1.094165169808163,0.10236122371168706,3.4084096389403856e-16,0.012528780226012608
1.0298487632945879,0.14460069314996118,1.3586253851235037e-16,0.011864688223941607
1.0874995732923214,0.18031081788587744,0.00018968524569194981,0.01281597031229619
1.0013629450085986,0.18711568494349176,1.5155103384237796e-16,0.011453862369084931
0.9435570601102001,0.1389862373546915,8.507133410264036e-17,0.011739452050398658
0.971678528844716,0.25436346438730095,1.672268136219943e-16,0.012013432047928834
0.9926220594676645,0.2548353868964511,8.65164171352589e-17,0.011608847929772301
1.0878371536054579,0.2179099041222696,0.0007732095496625782,0.01288971888455964
1.0488506693262758,0.2559871899897456,2.8501987550172487e-16,0.012143150607468178
1.1038287701828824,0.3086841717910457,6.778031617188603e-16,0.013978579412859928
1.0078041192813194,0.35130535144965713,5.753944511453418e-17,0.011023194067253909
0.9466180719752849,0.2996077739034929,7.262799905748337e-17,0.01118114067359977
0.8925126186564956,0.33290186003036737,0.00027082601529154586,0.011237061057926023
0.8902378617432072,0.3119717597077215,0.0004543033587473497,0.01224884308239345
0.9302573068546999,0.22642078717243241,6.808688685408537e-16,0.011537374390160332
0.8743965821213845,0.2716696513163962,0.001081458865846755,0.011466202791081107
0.8145614027979653,0.21017085221507098,0.0009119879529453049,0.011912983698534085
0.7902861076735853,0.2961266827673364,4.4277235355618466e-17,0.01136908027708661
0.8484026912949034,0.3572368095220021,3.612433776972678e-05,0.011464292595570285
0.8201517272459267,0.39491234095924665,0.00040301566531948955,0.011260249967618968
0.8266971750296086,0.41897446207006717,0.0006891856925275119,0.011989324287083644
0.7927581325875395,0.4934886660892686,0.00018681849205596398,0.011529690539040675
0.8433789469952706,0.4529141560827362,0.0010686473391320296,0.011145837690915235
0.9040946179489713,0.5182657192563789,0.0007532397804519564,0.010742827373138296
0.9254604357006686,0.43731103410741307,0.001149901014663906,0.011093466684360953
0.865245758415916,0.3729723270758462,0.00041367126272401784,0.011567395917295345
0.9799403759525765,0.41041545154123654,1.9270866999669094e-15,0.010948210043468064
1.0085872715054227,0.4192073574287756,2.771709762574649e-16,0.011027604403338094
1.0847127980171272,0.3817681633680831,2.1732638056696132e-16,0.0148072306993358
1.0415643918695863,0.504234075553731,3.0721442198383185e-16,0.0123073167304178
0.988825988914818,0.4595427321834245,0.0004882406901014212,0.010967099147162138
0.9756556925410643,0.5522067717151987,0.00026343028561902544,0.01161182067701809
1.0233765443398049,0.5710244230955481,0.0007321456501096836,0.012493807708528294
0.974461095868427,0.6622532094931094,3.909675341075627e-16,0.011820289493423784
0.9112642001250375,0.6825355258498702,6.393281534870945e-17,0.01093377538613625
0.9521974704506515,0.632873857843047,3.979475621724752e-05,0.011191678266729335
0.9195713531764864,0.538280421362183,0.00042040568611938337,0.010919263945687912
0.8654409464113956,0.5835980173387663,1.239930659993228e-16,0.010501150101873217
0.797928825890286,0.5234802457830856,5.000882473905227e-05,0.011070949539217311
0.8412632360407807,0.6338778040034848,3.2557973291314687e-16,0.011768765633121594
0.8517746743175036,0.6618319974754721,1.2581197029439945e-16,0.011461940330906894
0.7952962736212821,0.6215651853058584,5.913904439869973e-17,0.01081905051167438
0.7498181430902696,0.6602998577347343,2.631540342653521e-16,0.010993632550753451
0.662175980694649,0.6194809437132485,0.0002278769713804659,0.011191499186722851
0.6985443869749899,0.5734813569897519,4.890957889676013e-16,0.010678061843326666
0.6369866071325422,0.5063516588765172,4.162849962112582e-05,0.011440634405871638
0.7458922436689259,0.5450992412383417,0.0003751956403095789,0.012108490943221648
0.773525593019658,0.5556511256948943,2.35981288565056e-16,0.01110198010713577
0.7372879264196162,0.5033952918376117,0.0009361181128015788,0.011320677676166402
0.7755283844243441,0.45915524268600955,0.0005609863492070121,0.011033438003265762
0.7395977769091522,0.3717628663508135,5.040978180297108e-16,0.01140068638058465
0.6888502925737997,0.41088843666797414,0.000415032779086587,0.011066345674073327
0.6225373847032765,0.35214195925267894,2.0386451817068513e-16,0.011569225843033758
0.6535479853731508,0.4545575481606978,0.0005025310000839374,0.012149292417531389
0.6644627923325769,0.48100438386274696,0.0004917909843891465,0.011415553867338783
0.5822624769324481,0.4799590475056077,1.4666712281420113e-16,0.011151015591061932
0.6136582360279339,0.4422871287367597,2.439816248328694e-16,0.011054625534385722
0.5745403499411353,0.3578406362494733,1.3253246156486974e-16,0.011617142540852278
0.5279598094158314,0.3918098067208855,5.034706056995255e-17,0.011111444961698306
0.46346112115167293,0.3305311981179257,7.165471288253997e-17,0.011572620481884791
0.4941802339637824,0.4269781246047148,9.745257685311145e-17,0.011213366300369525
0.5063652308927915,0.4528049153469815,2.3693533788947124e-16,0.01142730391190241
0.4932147725563527,0.5055262890300072,1.5399437428384652e-16,0.01122779899907268
0.5251798522104523,0.48047467528646154,1.8111058812688357e-16,0.011393777807516983
0.6144012132269983,0.520370237696296,1.4934711876207022e-15,0.011168603996372999
0.5791387432083965,0.5650755102362442,9.718070451849692e-17,0.010936401025606264
0.645167414947575,0.6290733266616033,1.1422066870131104e-15,0.011258571687848667
0.5484577413551515,0.6027268394711464,7.585803459391408e-16,0.011804697059845349
0.5231268194735679,0.5894356704794135,2.3003957735871557e-16,0.011307958535864944
0.5276901148265087,0.6612609470969238,9.300649007283889e-17,0.011107712124463074
0.5557410541397788,0.6354561269389098,1.4488710298806625e-16,0.010979517428669924
0.6428733217185668,0.6749401944510993,1.057852313517268e-16,0.01111348935026743
0.6075236771140612,0.7258698483760722,1.2039034240755027e-16,0.010843317512655591
0.6709535992680355,0.7928867392124792,1.8944663477280899e-16,0.010672899339617813
0.5808997539603782,0.7718209050631871,2.0658987748521667e-16,0.011047160782433943
0.5530764231782812,0.7546198131776308,1.5563388341333294e-16,0.010978894789395512
0.5778147514635641,0.8016087889410219,1.672136211909227e-16,0.011574735154320316
0.5613366965509521,0.8407342725739945,1.668544300918482e-16,0.011238430241654598
0.5889577616187576,0.9478397975359385,0.0008939120607295243,0.011488311055984836
0.6328118274830152,0.8974546591517069,0.00011010361621955398,0.010908546561044317
0.690134273278787,0.9712445226909423,2.31948950056069e-16,0.01130928584975463
0.6751078321464401,0.8628349879989068,1.6263310105796534e-05,0.011615004684982149
0.6570363235601354,0.8243709045081887,1.0164173320276743e-16,0.010758343674321403
0.7160295559672627,0.8287715675534751,0.00012450772966969816,0.010928413945710331
0.7035448290437213,0.868082886920061,0.00012296621121581395,0.010705593557309923
0.7260345438139,0.9713310890174677,2.0302126428139148e-16,0.011452439336794637
0.7726461135248816,0.9222165254525053,7.393412731814528e-15,0.011848107361897611
0.8384698346888271,0.9304330521008913,7.010988586513637e-15,0.013024521738791548
0.7797245011365954,0.8577245352948919,2.0507605386959917e-16,0.010961093203635454
0.7994064971717526,0.8260816221874827,5.089391029340897e-16,0.011605741638285988
0.7578313668587955,0.7922265534625026,0.0006380863942131546,0.011012787253286943
0.7241943921086138,0.8072085083355142,0.00030653520486990016,0.011067127701319575
0.7295713006049047,0.7766933575760735,0.00021490565334521613,0.010703410874830385
0.6778956688552632,0.7136112643050337,1.3863297791754317e-16,0.011232240049767372
0.7254700762924259,0.669585698452263,1.439116628498969e-16,0.010684723628365958
0.7916003011343484,0.7333694160545612,0.00024105084272433972,0.010740887453629791
0.8204003244155864,0.7109583550815273,1.2663306541721802e-16,0.010634570619882532
0.857906643849942,0.7567049661024813,1.0382538665911302e-16,0.010894982819611466
0.8437037718175213,0.7953711979783635,8.084499388941099e-15,0.011253757459783579
0.8692812361441831,0.790746058393525,4.291112867858191e-16,0.011542626770847065
0.9423316805426911,0.7561842303238783,1.3384696153147395e-16,0.011951189498682837
0.9480906784136331,0.7275220434183638,1.2333883384962991e-16,0.012325197559565789
0.8692676055848545,0.8847850280916806,7.880978148556309e-17,0.012581313998676574
0.7254896922687637,1.0439875899225082,1.3531284490902386e-16,0.012072266852596106
0.6973131233005296,1.0543556108483005,3.560252701802618e-16,0.012693592532938669
0.6751593074234679,1.0336051832938096,4.1784380412876906e-16,0.011665636788366608
0.6075634073149896,0.9806225884084512,0.0009460326266136743,0.011268753912745939
0.6000685315822294,1.0850656369088374,1.3777415488424453e-16,0.011764755652947247
0.6210416464877581,1.1185772227346262,1.0389554661370702e-16,0.011788077518179596
0.5511507506028065,1.156233848568791,1.153657316220668e-16,0.012164408029452145
0.5133583996056273,1.1836125744917,9.871897115203666e-17,0.01223559675676862
0.4651369116135982,1.2269698110156628,1.6617198539446527e-16,0.013734785465322077
0.339729570031308,1.2738566903261959,0.0022255392658035934,0.012835012878742728
0.3830150486473499,1.2369850677439316,0.0009901263084587835,0.01184633239155429
0.32804047685340404,1.1683264195448257,0.0012405028990731782,0.010584011719238904
0.3932697060122896,1.1403952463417186,3.546461591102365e-16,0.011699820308371264
0.4167861839922945,1.1949662381327113,3.273996417121169e-16,0.011286547020958961
0.4453042746519166,1.1086273599027805,1.2142881456056698e-16,0.010948994253029469
0.3951875812700406,1.0310788310014378,3.129334623973867e-16,0.010742321141642114
0.36074673907198157,1.0730718356654227,1.1868083895313371e-16,0.010585038901961542
0.35147390166064335,1.0381369057592706,1.2809683796041195e-15,0.011203398379435322
0.34491909945360516,1.0071156312667786,8.623070686804947e-16,0.010652162496698401
0.3677596467849234,0.9613127208405471,0.00037724379430818664,0.010800283825174305
0.3980715226384679,0.9965407060430271,4.554528324185866e-16,0.010670972084114827
0.44230590223434074,0.9393765316401335,9.945468267010817e-17,0.010775272268217853
0.4989011829973093,1.009360549680749,7.135388090895358e-17,0.010750481261998193
0.4745981221019736,1.0546462724371042,6.485611504165656e-17,0.010839056908435157
0.5032707245009647,1.12943453008711,3.723883938849496e-17,0.011244905072271008
0.5410128805040414,1.0488998311616544,5.001568679589987e-17,0.010915660821204796
0.5707668409271704,1.123027240036649,8.72160103516929e-17,0.011775110244218873
0.5710868046419431,1.016026393003696,1.5587292919177315e-16,0.010835547887016558
0.5282110523697254,0.952604150208388,1.013045626906978e-16,0.01107733434064537
0.5458959456874826,0.9007856149445856,4.930383245438401e-05,0.011092652742787961
0.5246256021110105,0.9049572271683335,1.0709255086942335e-16,0.011013621928193796
0.439679010489588,0.9172862275192124,1.8022348214284518e-16,0.011157871333458629
0.4750186726496737,0.8542279104076671,4.5759128052618567e-17,0.010892616656161603
0.42879466072491035,0.7849564980833461,8.156072576382769e-17,0.011267700274211366
0.4945632469204637,0.7696699811210277,1.3492310931491142e-16,0.011248460855930405
0.5466549448387357,0.8299133251901687,1.2450505812266855e-16,0.01101635030746176
0.5014197643670957,0.7429737274378605,2.641737330714766e-16,0.011391785708215273
0.5022003165968484,0.7154225994380594,1.6222927952420575e-16,0.011795076816216665
0.4962335254645458,0.6206519928142596,1.4980220127253767e-16,0.011174844293711083
0.4368008244320837,0.6579951364035372,9.970839546959459e-17,0.011594497970181743
0.4210030096187498,0.6433364380586417,1.4281410274648612e-16,0.01153116470392839
0.45201008776723506,0.6894377717128681,7.783558033402866e-17,0.011320634535203688
0.4139995893640688,0.7376466655487963,8.96061812043179e-17,0.011048784422336675
0.3570178297502469,0.668592625741293,4.042277968755285e-16,0.01129847941094611
0.37084596180502805,0.6354175441619032,2.0151668496074391e-16,0.0117042270942661
0.3615886832205318,0.6372898018042179,5.0583062786751946e-05,0.011515163266549139
0.2890985941656722,0.5618495245750378,1.0502050583665345e-16,0.01134584287052586
0.30897416179135134,0.6708228426762611,1.8482444200791498e-16,0.011174992642593827
0.3181481852778782,0.7031517772734474,1.1450913909029519e-16,0.011404965026788599
0.30073783555024375,0.7793494188946994,9.866666592859873e-17,0.01100089438331376
0.3326677286133602,0.73650665828249,2.7606538446470286e-16,0.01127514152422631
0.40411444974160377,0.7801453299646877,2.3122057683159774e-16,0.0109798778001772
0.37490185312940827,0.8362282394844467,1.8932385948155426e-16,0.01078103106841422
0.42815978072004257,0.9096073528464366,1.6784964285174869e-16,0.011105103289117376
0.3406161790273267,0.8825678754664155,0.0008665132469373734,0.011081392962921597
0.3186332920383697,0.8714098477392915,0.0007691779770294931,0.01142277778609778
0.29678730830384265,0.8603845394837881,0.00021767890252141395,0.011060850246429697
0.26377129641077546,0.9029633714727899,1.1617739586758432e-16,0.010665090720626774
0.19134652508055638,0.8671958689199895,9.43756206842696e-17,0.010600484421592723
0.2261234687121307,0.8022398151842828,3.4273970372239974e-17,0.010736367320808108
0.1763893541037101,0.733124341527061,6.964680142000705e-17,0.010802734107867301
0.257780197514563,0.7489829588518709,9.197361148496619e-17,0.01136643353632747
0.2788309446248404,0.7602059871858642,8.815629772795831e-17,0.011386675496854513
0.25873314038422096,0.7090987616315194,6.068644454914693e-17,0.011559219846025044
0.2793467332059418,0.6633897284597406,6.619340667354969e-17,0.011425313219965871
0.23200777803135625,0.5478921366658269,6.35883212862182e-16,0.011625768319838891
0.19525983305190364,0.5695609706270539,1.9029859769684834e-15,0.012094196551273568
0.17843040750062517,0.5908743232423843,3.177585900531946e-16,0.011491373963040131
0.22140333114072078,0.6604587355391378,4.6452404092978775e-17,0.01102190029756571
0.15416291003848068,0.6856902483287298,9.324222837209284e-17,0.011057942043652647
0.11601322566997121,0.6145532805540488,1.8196941393535143e-16,0.011435086297408643
0.13917724326354325,0.5520040688046868,3.238561516325384e-16,0.01159576630470637
0.11761392196713723,0.5815473353180691,1.1614904223877413e-16,0.011329062674263769
0.05415335248959849,0.5467481526916047,8.827766723043236e-17,0.011766103167201458
0.0784482743068605,0.630439924813271,1.7020843361422313e-16,0.01147247760035781
0.07299527870670942,0.6636742920757738,1.3989341345667417e-16,0.01123844352782512
0.057296383925966865,0.7967504022293395,0.0007880679776631306,0.011071021486328192
0.10426963784175447,0.7286657312158287,9.7371913806266e-17,0.01069633482782884
0.16047972434567054,0.7651332884083801,1.0943134676111017e-16,0.010942777973602744
0.11577365598332068,0.8328042741083295,8.428535080567244e-05,0.010454822465927185
0.1521779058239583,0.897026744127103,0.0001308523175418017,0.010731581558624267
0.0942994554652043,0.850445359778849,2.0650723651476984e-14,0.010824803528408998
0.07250472807062218,0.8594117724755561,2.70177026101834e-16,0.01067659734278475
0.10542410990087292,0.9181360604897673,1.0010042788647796e-16,0.010456728451116072
0.060477412197860736,0.9936774325795399,5.910220305402883e-17,0.010025333085246385
0.07562278800176238,1.112254336207176,2.903080975727798e-16,0.010375847945930976
0.09435041730051247,1.0279028309599114,1.2063407001372227e-16,0.010370801087881439
0.1340925480226446,1.1122493467865757,3.819629794823578e-16,0.01035490120807688
0.16184937686179424,1.0131945160690505,2.3131943715079655e-16,0.010376821176580021
0.12183841198430452,0.9627853898803207,3.1734961836754e-16,0.0105430810976507
0.183182706362058,0.931092449657076,1.5641084830945215e-16,0.010720576764436083
0.20578123080418545,0.9878696001360939,1.2124672369421755e-16,0.010587686831306361
0.24852037082566908,0.918133596937944,7.671341458505415e-17,0.010645466497535672
0.29937552616490704,0.954607033787044,9.501180428112458e-16,0.010751349656300353
0.258217109044678,0.9841842972657394,6.541231624096277e-17,0.010592382810724547
0.30849035408827785,1.0652118113504274,1.1685743266639338e-16,0.010415929670659862
0.26268114417156235,1.1321384263598964,0.0025298583384887395,0.010601545909879814
0.2087577702518361,1.0310776870812708,1.0306143230582504e-16,0.01022033054391261
0.19314903717654813,1.1132199108534366,0.0010922499652774556,0.010456890997782103
0.22139008964122936,1.2297168502615408,0.0012857524655348264,0.011035839321522462
0.2619708930066109,1.1650247375464355,0.0031779980856761524,0.010656713003322592
0.30381781196328594,1.2326231887279484,0.0027913743928132837,0.011528551994338622
0.29320297612908763,1.2730002330042383,0.002069403402701124,0.012514006601033687
0.23494891364948078,1.3127393862661092,2.8567535465723783e-05,0.013700617238525555
0.1882247876357832,1.2885291176814757,0.0005397187746292478,0.01190488241617161
0.15132266642328107,1.2783299424425987,0.0009518341144525192,0.01113035044181979
0.11740720548959022,1.2173531829293107,0.0009744085313157891,0.010954465489312957
0.1638390976384308,1.182267937547697,0.00043654699188761247,0.010358292856655005
0.1405087400680822,1.1577482036993763,5.104541981462025e-15,0.010802768347227076
0.09099008864903843,1.1287768204199229,6.379034736526438e-05,0.010367766578646702
0.04653922152760828,1.2423892532344003,0.0017531573381933002,0.01052691695007715
0.09787492487238639,1.2782629353111339,0.0016717731666337514,0.011917899258257921
0.05643606485663206,1.3118377224189082,0.000575697158268399,0.012799956209740195
0.017920866527044645,1.2293863453285647,0.0015119181710714924,0.010462437350074365
-0.014099228392084759,1.3297308063500557,0.0009172784303546769,0.01357072612528318
-0.09337036437382261,1.3290153241232796,3.141642665663997e-16,0.014696856277967326
-0.07327494678024372,1.265095573367349,5.721068885498844e-16,0.010682608926584765
-0.05977337078527137,1.1912083742699089,0.00020806319279592306,0.010466247410252831
-0.04550133330795163,1.1481108424775455,1.4742921522310962e-15,0.010417371671608736
-0.0198456789616311,1.197080927848878,0.0006844215042648769,0.010876554729647839
0.01239688297100107,1.14346113603103,0.0012232077980185035,0.01061911683103576
-0.021702881709482702,1.0856772264083747,4.2704325609811476e-05,0.010546611201844925
0.02895907505451048,1.013232428850784,7.201706228990729e-17,0.010028013992432354
-0.018762402708670883,0.961341051227398,1.3165796076403718e-16,0.01026623604787512
-0.038093015767415445,0.9655499859492911,7.317944153558182e-17,0.01000497455712566
-0.0900865721827787,1.0153112518737912,8.302230341353933e-17,0.010292781582595174
-0.040362279236984086,1.081622668310906,6.826464545797635e-17,0.01002290116327577
-0.11493521155384087,1.0683256567516832,8.849652149890171e-17,0.010108104279064476
-0.12598399283341116,1.0272747416277204,1.215622394182156e-16,0.010272947281604558
-0.10007052449289049,0.9683485331892879,6.591873472033339e-17,0.009946589606060714
-0.17229754555871815,0.9967895395682892,9.152217661697504e-17,0.009975874709872509
-0.2173549304251014,0.9598553127119258,7.039030850071893e-16,0.010365588617086079
-0.19009130746934755,1.0233530082837938,1.1402674836247996e-16,0.009823154781505068
-0.23543664560722669,1.09184242327545,5.459316493411812e-16,0.011452066592919452
-0.2348063668333496,1.223023699461202,1.6216575521187126e-16,0.01060747575117995
-0.1993515125465069,1.122395517983226,7.94234056742539e-17,0.009994430546894221
-0.1202055353142008,1.1181138321918214,1.6720331494987477e-16,0.009991298803047305
-0.13218066378889382,1.196193361460149,2.565789519578725e-16,0.010264331749262957
-0.14483403889279434,1.2679234337175929,3.822905075486671e-16,0.011035703703670543
-0.16771126361259406,1.313889602594206,1.7158072590040066e-15,0.01584429119556771
-0.23205972870981967,1.2721988152331938,4.539413006652214e-16,0.011725746185570138
-0.30007278579600527,1.226888938311817,1.4580839424928804e-15,0.011959717089901255
-0.27988203622340824,1.2092738803430332,7.895645598061918e-05,0.012303674123664277
-0.2921040001384987,1.2023025820205466,5.569964313217199e-05,0.011626530348589847
-0.36524769763805787,1.1496698619084602,6.1397221443231115e-15,0.012774477383237321
-0.36113367985980616,1.230777292524903,1.4493038393571476e-15,0.015269596586471047
-0.48086210670280966,1.1581060063536253,8.21381414721885e-15,0.018393457996721513
-0.43474929441950166,1.2032700712251052,1.130917135636632e-14,0.018685352800872822
-0.41247662345648006,1.107963677767937,4.315821720027894e-15,0.01306480595427041
-0.460034314516298,1.055915021971685,7.372068092024112e-15,0.013630096126432251
-0.5140991943805566,1.1009146624632846,7.698393638318209e-15,0.015263647028623753
-0.5126026427490056,1.0773487323848403,2.479029282177328e-14,0.014894341339049388
-0.5272251111221972,1.0334289609866578,1.1322497816160026e-14,0.014628722433132355
-0.4781620933504508,0.9655309627080191,7.465289398412535e-15,0.013439917373862487
-0.4271603085732017,1.0251604643523384,4.296375777531092e-15,0.012849851779723783
-0.3651790550001439,0.9552192688377095,8.002572149862972e-15,0.012518197993669386
-0.3256885318493228,1.0169570770368805,1.364034444871615e-05,0.011715750274863703
-0.3612986598953487,1.0844815393628093,6.502337365439794e-15,0.01240358421060332
-0.32534029895784167,1.1211460723689275,4.8392349626559006e-06,0.012393001819478111
-0.2850830466319026,1.064513421065207,2.707196700206428e-05,0.011178266956282507
-0.2555642576045626,1.1258845963610324,9.27828451247768e-15,0.010640828875714714
-0.25813321285030555,0.9792353577281601,0.00016087628400961512,0.010789338184298275
-0.26582870023626604,0.9429541343776517,8.035142251336624e-05,0.010567116351336435
-0.26731495858221005,0.9150930507516911,4.9611467347406397e-05,0.010653361833975679
-0.23909127586163187,0.8641358658654916,5.6526329788152995e-16,0.010915712416624555
-0.24483872760983127,0.7520073797855571,0.00014796365176906765,0.010909424560849515
-0.30488162946535835,0.8219759815885348,9.736976646802475e-16,0.011571990168803684
-0.3503855814536946,0.756529675875947,1.8706520916642775e-05,0.012519965071373056
-0.3602348374314389,0.8751768099395372,4.020440905895099e-15,0.012370671658322924
-0.34997305605468243,0.9144721421539137,5.242150518766232e-13,0.012479646807193344
-0.3858280795406033,0.8931530349530212,1.2828458369650952e-14,0.012910308389455095
-0.42560462452765424,0.921999211940236,5.944139101838805e-15,0.012734688417209115
-0.5146418135135967,0.919649144232374,1.147053545598651e-14,0.013631467274165452
-0.4576731725422656,0.8427261653514991,3.537602057753962e-15,0.012645828259747999
-0.5058868478798682,0.7790646895009726,1.0987301736714567e-14,0.013777905679476054
-0.41344676834466865,0.7650316801292056,1.7130505395193337e-14,0.012695325240434202
-0.38032016238241567,0.781928229784524,7.930039577308507e-15,0.012555077791149503
-0.3732753839363401,0.7027099984770124,5.121322800558062e-05,0.012574223927422348
-0.4102270727391443,0.7273204829357496,9.724722264049521e-06,0.012656122046116236
-0.5016217458011056,0.7320594967728876,6.4672188690259615e-15,0.013429016056194395
-0.441912327506343,0.6578975147765578,4.719633071027515e-15,0.012808605841713143
-0.48714549574636534,0.5938078314813832,4.381432613508498e-15,0.013040481370664563
-0.39573170356663,0.5738105447167953,1.5517860436252356e-12,0.013096768659182296
-0.3601508474009639,0.5928312805959738,3.384029121843087e-05,0.012586079493559709
-0.32019395546566143,0.564162468500323,1.5201163300180592e-06,0.012061963801572602
-0.3375881390840223,0.6053952991395788,8.632607318575714e-05,0.01282706349297219
-0.3474274539988082,0.721580745539617,6.993964500057104e-05,0.012454856682259
-0.2900214099712048,0.6461766584231978,0.0005223924918672636,0.011736192995506196
-0.24074350137378045,0.703677113785897,0.0007695482140211034,0.010970993357429971
-0.21792204857068537,0.5901833155162086,0.0009822318452228065,0.010962104041209588
-0.23714268586545778,0.545891668812646,0.00036766497733932413,0.011653885828477973
-0.19383194058410766,0.5713399197844006,0.0010049990647280247,0.01147171038731738
-0.1660922167556939,0.5545685321623675,0.0012930478706150803,0.01156886830999103
-0.08125679856163628,0.541327817026474,0.001742275415515135,0.011297009595705542
-0.13628970063887305,0.6120548899814151,0.00176080701676735,0.010803783829573184
-0.09748888602515332,0.6801175080072771,0.000775934826939457,0.010827776211137804
-0.17893609640053554,0.7131691705763259,0.00037001879811162004,0.01033520538782123
-0.21127622959162617,0.6767893915543147,0.001128012712242763,0.010890068031163807
-0.19315701863381057,0.745955361551303,3.421326310854336e-16,0.010282900182315325
-0.20246179095268715,0.7799959574737558,1.2819597801289604e-16,0.010165495817891043
-0.21713920825103566,0.9109736794028553,2.8761088961861086e-05,0.010477423437745577
-0.18911600935627218,0.8653646076374025,1.235208285049616e-16,0.010231468563386265
-0.1435042131136922,0.8923718693358249,1.2024692616377883e-16,0.009934536425273704
-0.11609325098187538,0.8707718629115868,2.0514401030393717e-16,0.010076002782828553
-0.14213665012449855,0.8071936698174118,1.9038930498225719e-16,0.010397532400905074
-0.09874627278392278,0.7383344034338907,0.0007885802798936338,0.010622076869793657
-0.023910929070565454,0.7555094261892125,0.001614430502765425,0.01077595166585433
-0.07292532404974535,0.8350926638098667,0.0008435564971850444,0.010213676985179023
-0.05731858488157253,0.8837215430704523,5.73363992630543e-16,0.010011298798511743
-0.015272116648065465,0.8314061665433128,0.000661362198357676,0.010488055452498899
0.005621837864482587,0.8893975335548328,8.792812529839651e-17,0.010188486220707425
0.04007674596257878,0.7970645095003863,0.0009518857100625924,0.01141091118845324
-0.0075661789048380446,0.7323731179964241,0.0010614895891157383,0.010633458931911005
0.021301272370299967,0.6796445648509072,1.2064895611751953e-16,0.010959929059386354
-0.0031295759219269192,0.6659482202639226,2.0002111715225213e-16,0.011368018784727067
-0.04559289563892793,0.7015458653191469,0.0008623917886259307,0.011326704202836472
-0.022958895174735386,0.650595191933429,2.7648084635637957e-16,0.011249241230424664
-0.0589628136888789,0.5836185659894213,0.000999548969107238,0.011059324297658771
-0.005936579853639337,0.5175342973223747,1.1280880113045826e-16,0.011320204418513677
0.0337295365622,0.586836545643532,6.035766729212896e-17,0.01116166385216865
0.03797042617311172,0.46511180509441485,8.664568312865828e-17,0.011818946639399454
0.028836806482414337,0.4225795411285624,6.447694076728765e-17,0.011827394086567702
0.04763680661021281,0.3651472703647025,6.920059863699432e-17,0.012286946725097071
0.021097279115228004,0.3913656256891731,6.749501937885915e-17,0.01212967850445544
-0.011546573607297175,0.33860197588637214,3.303423657175089e-17,0.011741301475675382
-0.05687786093810143,0.41835095879823314,5.561016075000186e-17,0.011433517728327146
-0.02122705497038886,0.4860613405448431,8.729570440388226e-17,0.01152850156196907
-0.0953223394880641,0.5008858557757009,0.001735440210869845,0.01172916508070675
-0.12418392385001029,0.4829809964784393,0.0013451848265318882,0.011931061351318014
-0.16226188465875208,0.515105526096352,0.0010559226362393851,0.011477563562095566
-0.14391680081280211,0.47020230794320167,0.000803016662851805,0.011562623063574943
-0.17585654866565095,0.4137367142215387,3.182845047883758e-16,0.011235432990439623
-0.11687682064860597,0.3424606958346009,5.807151346823225e-05,0.011813130045553854
-0.0765245796177221,0.3968378381463078,1.4768841734861368e-16,0.011401399870158877
-0.07494830851115564,0.3130550074035472,2.0777560310113585e-16,0.011957536704046921
-0.10249648350347829,0.2933752501545863,5.786718512281699e-16,0.012009971283479349
-0.1388992920010336,0.32376766628088616,1.0623407840441675e-15,0.012522555060639021
-0.1221357346114503,0.2842565533905421,1.935219699481913e-16,0.012001463692216979
-0.1512356585475409,0.2341964578290618,3.7014644393211387e-16,0.01198370086732715
-0.08822475395723761,0.16441405320481273,1.095656484840838e-16,0.013655353175926761
-0.05295245403169682,0.2093340186351618,6.354384608500177e-17,0.012397583407123337
-0.023340279028365718,0.1718208370352856,6.617408966412852e-17,0.013139649576145189
-0.011828158261112831,0.21276480432707823,1.2110935724766196e-16,0.01276744539890548
-0.032277019980207766,0.26367058158088696,8.379208681387013e-17,0.012174012278823355
-0.010770295185967255,0.24719419969775755,1.4762942650395686e-16,0.012671659787182406
0.0178974027033854,0.2972573233839729,6.241513734794095e-17,0.011897157157650204
0.052274539772940734,0.2186500006155706,1.7295379338325633e-16,0.012549078329949405
0.03147258137436107,0.1488810836799882,1.8727605141418636e-16,0.01317800244487279
0.048572765826836964,0.10202408627034953,2.4812288513286077e-17,0.014149367914866645
0.03832898630372465,0.06835417400532437,5.185124781467051e-17,0.01664084843144138
0.012803270013506979,0.10234362306430003,6.015425009780341e-17,0.014114379589945865
0.023836304221171917,0.07046577063841908,8.154150408347932e-16,0.0225147391351214
0.013526179931569765,0.030428156750028357,3.192439090394469e-17,0.017601365595181533
0.07115801949008262,-0.04356929124108622,0.04715883852370295,0.023876416169580823
0.06472549951382264,-0.011361902883796127,0.0019488066500701843,0.014725975550239577
0.08519673953646649,-0.12388003667082416,2.4301941213665927e-17,0.015089072220817273
0.14192090906910873,-0.12800969735638018,2.638110092772689e-17,0.014094444992851306
0.208281662210815,-0.1206556689817089,0.001445442754268839,0.013778161818407806
0.14073253127962748,-0.0957175156706619,2.8681472700020574e-17,0.01406008993202586
0.08805687656121056,-0.06337804694166448,0.0252790903258984,0.02507834940544448
0.09558898526049969,-0.06979987249475407,9.364611665650723e-17,0.0167633505573319
0.052238120703459484,-0.04178188081613678,0.11168184358604953,0.024864744354506522
-0.012479794245818299,-0.013404163485519621,1.2822169918130704e-16,0.017932114560871862
0.057100359445666354,-0.05628725636238928,0.23711968789744883,0.029778920696864632
0.005643045506741884,-0.05692925801788431,8.561148051041511e-17,0.016885488939388616
-0.022867530761007948,-0.0583467710665432,8.391790256963459e-17,0.01501496042471577
-0.08540921681058744,-0.02226814135113528,6.434681539426254e-17,0.0214824861307199
-0.04441626343187294,0.006995158634153287,0.004671429355463585,0.033716215439070565
-0.09349482337496245,0.05492759125464178,3.122606893723334e-17,0.028241261552881185
-0.0718985375911736,0.052997004015284094,0.30157499966255585,0.15678291523108256
0.009573467334563185,-0.0031221675641755764,1.7693556835530535e-17,0.015455943938846622
-0.04691687236396666,0.05570313139873595,0.4719768022441236,0.11634232125466686
-0.015444007326648773,0.08885301821832037,3.250665012686654e-17,0.02380355808318773
-0.08604575395057135,0.13803304409486483,7.443345067902344e-17,0.015563618349559587
-0.12720670865085304,0.10065362344671541,3.080295751667739e-17,0.016545658825376158
-0.17418596511931306,0.14261615630583988,0.0010753442133576688,0.014813322123171008
-0.1984304217160765,0.1408387038446295,0.0023735255685963103,0.012849706353743579
-0.27661815112109844,0.19182233322910797,0.002768039937204666,0.012133314648209171
-0.22204429931845415,0.1319213354961344,0.0032622402686395095,0.013045113866872082
-0.27526779520417655,0.09140469662544677,0.005550524113867932,0.012489460551306331
-0.19429670541669386,0.05697340843343371,0.0055400771331764525,0.013735257767952234
-0.14376970541761053,0.09285254319109212,1.7631974829088884e-16,0.016320651843876814
-0.14798944024414523,0.008222966664340761,0.00045862181937126283,0.015568506263762728
-0.15222097667789003,-0.010668470813306116,0.0031805336974345105,0.014751855260671598
-0.10918145260209033,-0.05835826459904821,0.0052387759912152715,0.01472478968796494
-0.20733793548979207,-0.035782711830018354,0.006988593942516243,0.014588928812755529
-0.23882649131959333,-0.051756106769964796,0.006440365999361516,0.013816570792551936
-0.20052672362534207,-0.016302579956980867,0.00633764471129217,0.014325158136180958
-0.2603308877245861,0.035716338193733516,0.005480116616975017,0.012844105966568126
-0.3572035017156905,0.017083417980545496,0.0021644139592571186,0.012410394075274146
-0.29724368811063795,-0.02750920008496932,0.0031505650217380247,0.012993368320748933
-0.32536656115928014,-0.042753762988457115,0.0030308151025846717,0.01304868538815912
-0.3899955435510148,-0.06420737847578409,0.0022682308924386113,0.012485632593616678
-0.4422049667687335,0.020592770907576774,3.767318107348579e-16,0.012019675469339932
-0.41110607212113043,0.055761932464698835,0.0007287089367686595,0.012914707912958432
-0.4361051027581541,0.09530076552420572,0.0005283427238982715,0.011790872160848904
-0.4052674965678426,0.08440398402363444,0.0004517783151612401,0.011911207794813378
-0.2950917804373904,0.06986873012505952,0.004759818342256942,0.012590693508245467
-0.3644370196515972,0.1266514798046221,0.0011107500010379238,0.011570464523735448
-0.3204353279431247,0.17594467118802679,0.0012849200376362068,0.012269601178096475
-0.41624419377238325,0.21080344351355554,0.00014943358122575964,0.012027116446141486
-0.456408978344293,0.1797401183256693,0.00028698698901244977,0.012048680744867363
-0.43411981024468727,0.23985503929516586,0.00015220161303546883,0.01208305298392942
-0.44461944799854053,0.2684366899675402,8.066487150086137e-05,0.012631301285091247
-0.4658410891296345,0.3835163923014332,3.243176495878812e-15,0.013301968862913042
-0.40432253895133075,0.3120747605355464,1.0187058740518033e-15,0.012141177418749484
-0.35751225764708067,0.35501505648362724,0.0001265134815014548,0.012381311382884926
-0.3191221219717928,0.25762271951320265,0.0005618284332599675,0.01181231030040818
-0.35105136762519884,0.21599487209436477,1.85191041159298e-05,0.011546582736682645
-0.29074178145725527,0.23863497579292414,0.0013800297610118016,0.011680421937014672
-0.26361645230697256,0.2269280821044341,0.001962579849194871,0.01169677282289777
-0.16056025268089896,0.19210156696110056,0.00031716543801045994,0.01244454500898984
-0.2234416763404931,0.26285471673206307,0.0015072537192815294,0.011678713367880693
-0.19078578732792334,0.31290047374016683,7.211106690178863e-16,0.01173153589576484
-0.2747862925515956,0.3566372650933279,0.0004481529770826663,0.011760807110830135
-0.3149934901715927,0.3184045291674411,0.00044672801531555814,0.011907346896598042
-0.31537319130743907,0.4153572173359309,7.206165835054769e-05,0.012399160793865537
-0.2892823345299695,0.40350302413800954,0.00011838271524499662,0.012796606270919407
-0.1891731475636355,0.3632631026049127,1.9109147598074005e-16,0.011475382936168526
-0.24599921165652516,0.4402961030248005,6.810648782063729e-16,0.011334181581707771
-0.21202756692892294,0.49594291348930597,0.0003791837275720888,0.011116416884889043
-0.29413563215334526,0.5383046812120061,8.185541205916363e-05,0.011966151081941072
-0.33704034223371915,0.4930221116021421,3.748300330438511e-15,0.012422016155016997
-0.3897658184837749,0.5357661528172338,4.700142452742104e-15,0.012800365251861446
-0.3796027801641576,0.5044154248954925,7.927375364112581e-15,0.012498852240183222
-0.3388495737032182,0.3810041141766247,0.00012430377624297797,0.012526769729411514
-0.4045932681453725,0.4483836082984066,3.3367028256092478e-15,0.01278397847986583
-0.45406131832337293,0.40088222948201235,2.0669181681854168e-15,0.013081090747046189
-0.48907945900601113,0.5030582118915802,2.3938860996191666e-15,0.012965395335732936
-0.44985150783633154,0.558214590198598,6.001982368792336e-15,0.013277597127514907
-0.5485725796114538,0.5531151457855383,1.5215994520895302e-14,0.013592731013070394
-0.53977104860905,0.5235968225632075,4.8144023194931575e-15,0.013435449101557357
-0.4936883320997619,0.4013263140645762,4.412524948490865e-15,0.01316762353724875
-0.5605604570200163,0.46677512047277014,2.4889345302625214e-15,0.013223463937669839
-0.6159735490133693,0.41500958571194396,5.112167150201782e-15,0.013511522624653518
-0.6469598218541552,0.5197140502527376,4.53757958246551e-15,0.013721641111721385
-0.6054452302455429,0.5752422022892332,4.607341166628884e-15,0.013733606762347172
-0.6853882538114943,0.5381638016985963,5.6454641794924975e-15,0.01372791845253811
-0.7085394006444832,0.5434015142516051,7.49089246177403e-15,0.013881995240618327
-0.8182876439561885,0.5943915174321694,7.205489105939346e-15,0.014910197179493634
-0.761732146276115,0.5257797944497149,4.352730163665249e-15,0.014133054780692078
-0.8121456674402987,0.4627619569322552,7.639754295591144e-15,0.014155655699297533
-0.7131665089207093,0.4322373017372202,3.742264254028634e-15,0.01343309185325596
-0.6623299640126004,0.4784256939058422,4.643294996666237e-15,0.013554335486017166
-0.6739243687093077,0.36166934997044364,4.689565303442295e-14,0.01422511217492006
-0.6942784177410731,0.3633864340898846,5.585164811043637e-15,0.013499473162480785
-0.8018790161808022,0.41537531984942444,6.448693118028933e-15,0.013905477022265769
-0.7485478888139511,0.3527014933096133,3.1852454432029266e-15,0.013480091324202362
-0.8003137398682268,0.29126658483990353,2.8401717433581586e-15,0.013107603675642432
-0.7000461980154729,0.26254226899616256,1.3984480556022133e-15,0.01268588249114751
-0.6477667889856977,0.30734339846660064,2.825255314149403e-15,0.012941633782204018
-0.5889231348896509,0.26661809345298865,1.1443422716521963e-14,0.013499091013402537
-0.5907446729864769,0.28723591867052445,7.106396484619406e-15,0.013099708798109028
-0.6411448270866789,0.3913454589265045,6.060787171361753e-15,0.013390178143508763
-0.5814748162015728,0.33613110091903775,3.761704349816354e-15,0.013299616374064738
-0.5280862633263059,0.3906345540717246,2.7963758416935107e-15,0.01311379358814926
-0.49523818234921513,0.28970789324076063,4.482597616017986e-15,0.012338974105538553
-0.5391103587179114,0.23705742645411604,3.2091698646437477e-15,0.01236391305716488
-0.4979089218695544,0.17971992131104325,9.898737168869864e-05,0.01213985141365578
-0.5190835444410407,0.1808885874999317,8.95625641864638e-15,0.012076707814207662
-0.61391742981754,0.2296912564641012,6.825793702129813e-16,0.012647349495959817
-0.5607413494162841,0.17082904712904737,2.0934554157072997e-16,0.012368027411629609
-0.6197888161540748,0.11969722029715787,8.325751837365506e-17,0.011211994241003232
-0.52368884551743,0.08864236595986963,1.4185842279089023e-16,0.01146470829085127
-0.46584855770114936,0.13428947807624403,0.00034212290735859466,0.011933050427834472
-0.49673544794984986,0.03576239933960848,2.044171387942844e-05,0.01217185120370447
-0.4998330886162017,0.013733104016847714,1.7688631721267302e-16,0.011688618810584538
-0.4545417277470622,-0.061229242313479,4.236576553706374e-16,0.012202845097943053
-0.5559918432624844,-0.021434751251240947,9.894438620470623e-17,0.011721256752217718
-0.5843596452961863,-0.03947736602587817,8.898845979607672e-17,0.011738678216034342
-0.5424586428598712,0.004515458647391293,3.4787405876616196e-16,0.011595645768902737
-0.6024841675725732,0.06578821989771988,7.060120031424423e-17,0.011247889119148173
-0.6945757185971185,0.030544819212898616,1.0495914439789084e-16,0.011213641022071263
-0.6425316674212427,-0.010595709137639256,7.68630195445272e-17,0.011657173753560438
-0.6708711758955702,-0.029175379298357597,1.1896978602129056e-16,0.01137590329524231
-0.7434321420375949,-0.0617611459748767,7.734557401399022e-17,0.011271718287145807
-0.7786644558030562,0.033105205918232364,7.788273212800801e-17,0.011228030081631375
-0.7600721250753506,0.07139986430705203,2.0105100986233908e-15,0.011800659265816894
-0.7860356852749256,0.11573630406740314,3.481605134241703e-16,0.011657992462814008
-0.7468461788904966,0.09722551532221131,3.6748552003842394e-16,0.011545457568647916
-0.6433878936718813,0.09539925184013887,1.1514162429244128e-16,0.011468834889898784
-0.707211327410268,0.1572888766471225,1.088193885045399e-16,0.011714954601533573
-0.6546246877387729,0.21659306847530316,4.3002302713566255e-16,0.012733404133084983
-0.7544031687548639,0.23451148762517124,2.2623679525693583e-15,0.013566269544075513
-0.7955180618391018,0.21266261221014238,1.0559470520021985e-15,0.012874996816085303
-0.8177518745479055,0.21524666012144086,1.5594577057984774e-15,0.013098218496241362
-0.8532692759480004,0.23108890706699503,2.838372932185697e-15,0.012925237989090057
-0.9599216323516827,0.2368414957078428,1.324666366698202e-15,0.013046674227365813
-0.8931868226038674,0.17582246604831747,4.11335828112392e-16,0.01228199834051967
-0.9478739646579059,0.11376676235548852,2.8734394596416373e-16,0.010995835269393597
-0.8468081924845539,0.09216100054658874,2.6658573356865344e-16,0.011185703730884443
-0.8050758592579099,0.12123001825630773,5.576621942988569e-16,0.011544886420909065
-0.8315049188845105,0.06492226505412382,3.5913459160235867e-16,0.011335678139796738
-0.8199660557546515,0.034271538795573694,1.2456659930438336e-16,0.011185477515326864
-0.8326652967215615,-0.06099982065358269,9.418930372959194e-17,0.011350308220775623
-0.9156699309271202,-0.016189053806957926,0.00022980653884032884,0.011147209180872572
-0.9352627049672334,-0.0045905596282740935,8.895168268112135e-05,0.011522463194603288
-0.9023935243204328,0.034840703438136375,6.098199542751597e-16,0.011202379727394983
-0.9815246353641066,0.08073683104804699,5.3154491007072156e-15,0.010740161625951622
-1.045316132544088,0.025664215165932133,7.417872368636164e-05,0.011640026178080118
-1.0018661226362835,-0.02439610685158706,1.84193182731301e-16,0.01125316831024994
-1.0309807097750583,-0.003348491561364658,5.193282379810957e-16,0.01129624044745919
-1.1167533472553886,-0.04223940799673267,2.230249131759492e-16,0.01366255730411699
-1.0747216746730552,0.027764554299012173,1.2701583634262742e-15,0.01187029790191943
-1.1054357393947434,0.10776656704563914,1.7432513184256088e-15,0.01279436765823772
-1.0882377341956695,0.0980500905871844,6.931620093574035e-05,0.011978831701528305
-0.9910638624219776,0.11957958584505074,5.133130917381253e-16,0.01095254789288524
-1.0470012999845362,0.18297655435339674,9.571115486748038e-16,0.012566891945316638
-0.9845566192403363,0.23800784548544537,2.8279307502691093e-15,0.013424830136793235
-1.0956456641894308,0.2381470687639275,1.3572322395082333e-15,0.01652181215670997
-1.0690663559029905,0.2834922705243513,6.055475913174212e-15,0.015971350155941266
-1.046211079989192,0.39588622559697195,1.0510988017527622e-13,0.016278875517309135
-1.0166457530091464,0.3716208410653026,9.082836584970762e-15,0.015405901552175853
-1.0502288882793123,0.32846039747173145,2.1821493801096243e-14,0.01587145827850912
-0.9827761440699176,0.26682297039114355,7.081857250000236e-15,0.01346683395272793
-0.9213421455298256,0.32147807135796846,7.6525623810498e-15,0.013741447688727768
-0.8837153126300296,0.29037656390378264,5.827357773483412e-15,0.013621070772172417
-0.8538347636074339,0.33183058104693,6.72446559347001e-15,0.013521391863132714
-0.8608750802112252,0.3589836419477497,3.6996768705545684e-14,0.014031059176628584
-0.8726837720451853,0.3911987622639679,1.0806526673052487e-14,0.013873716834636698
-0.9168165455035049,0.35364899310875375,1.4928508155421766e-14,0.013949588889275432
-0.9772572362614671,0.42386270618066135,1.2940691958829512e-14,0.015002225379207642
-0.9355235715653452,0.49860809799567984,1.0585735219650356e-13,0.015255054398864761
-0.895669795749522,0.4638959045544302,1.8426808307427088e-14,0.014844568591540706
-0.8622029260034649,0.5082476608857032,1.1062331447518056e-14,0.014645100882624914
-0.8717520539330227,0.5387094995894639,8.06566413994999e-14,0.015375804695021521
-0.8812939492988557,0.5693006053852058,1.487323590195941e-14,0.01501498378815288
-0.9275785578026542,0.5278289873103188,4.8364566840328324e-14,0.015509469713918565
-0.9879964604442489,0.5998149874750823,7.916762888678399e-14,0.01821478054951545
-0.9950158630100316,0.4867115601284001,2.211645420226681e-14,0.015323303742396849
-0.8512593977212425,0.8161111935900164,3.1308605424560446e-14,0.01911078747261622
-0.8716455874564387,0.7175578334704531,5.595582920500969e-14,0.01654606688524132
-0.925205542211282,0.6982283138009696,3.524478730653304e-13,0.019061245975332628
-0.9215919014858945,0.6443426501980581,1.6070497642261528e-13,0.017229096235757916
-0.8858656439581877,0.6751289304737488,1.2875532399639209e-14,0.016720905886551053
-0.8189573844843243,0.609468210445052,5.771404119410238e-15,0.01502813718184056
-0.761307693304203,0.6650493281956088,6.636945108326887e-15,0.015042776071303391
-0.8036609542745049,0.7196562280941059,7.841281169250294e-15,0.015257418744602336
-0.7815559149533274,0.7873022411259081,1.7715494065664778e-14,0.015849482489398388
-0.7209806550530462,0.698472899152688,9.760090433292748e-15,0.014442977746643906
-0.6994398787634715,0.765993010063073,1.1464287868732828e-14,0.014706071732171139
-0.6768086097725028,0.649861858300069,1.1765070284476632e-14,0.0142773813024979
-0.7126082049519411,0.6004232556032568,3.989223744489169e-15,0.013926816929465827
-0.6484703711086144,0.6309499437704579,6.123243242817753e-15,0.014035142620845776
-0.5967865192244676,0.6480542918857262,8.000829420987275e-15,0.013843232669520141
-0.5589450741910278,0.6156314909795295,7.991013699607952e-15,0.01399736981097677
-0.5309893594319888,0.673558583414767,5.649471683028718e-15,0.013521514370734839
-0.5793161568161944,0.709124934339032,7.287361699832206e-15,0.013708495909024747
-0.5287452639931418,0.7698825047089344,2.543312768524869e-14,0.014207830608446204
-0.6328418938893313,0.7634900522452039,1.1920435417218344e-14,0.014383846205404456
-0.6588150357197359,0.7014841661999488,8.45324910024224e-15,0.014123494582004082
-0.6506327760963271,0.8219235780158194,4.179924592566089e-14,0.01492140094878234
-0.6176400212824821,0.8364323169049981,1.9315269738761895e-14,0.014496877033700381
-0.5702988335781183,0.8017307491966935,7.0408006453120965e-15,0.013722672405890084
-0.5934346219677518,0.8498027555343951,2.1787083421429043e-14,0.014645038393708268
-0.552585908376044,0.9091323374485609,6.876016544854193e-15,0.01378925840565079
-0.6168336551877402,0.9774722445246338,1.9890829170696982e-14,0.015586537482672117
-0.6709677015897129,0.9177136663989718,1.0022424516861309e-14,0.01527091211104631
-0.6992283124316433,0.9430129485755347,4.575972382668348e-14,0.016618955966539426
-0.7512839281758895,0.8947252801600044,2.6017812298755946e-14,0.016577379425417513
-0.6923225462997776,0.8476758506817363,1.9658678457930893e-14,0.015233314723260654
-0.7401164372544184,0.8162559845081739,4.304438560998411e-14,0.01584833210207281
-0.7695057799250329,0.8067229887709308,7.37607867248423e-14,0.015763673062488347
-0.8036393612458774,0.8952715629794205,1.7433506704248227e-13,0.019317147055328714
-0.6767848578303256,1.0005598028972504,1.8485972310051364e-14,0.01722300047073498
-0.650809120728109,1.0057382587746981,1.1704661345625343e-13,0.016474135368988667
-0.5584024304894771,1.0042036101353202,1.055405913972636e-14,0.01443408741557024
-0.6164613071646304,1.0798890038499154,1.45499428884061e-14,0.018630172633164393
-0.6239334811443721,1.0787921104512888,2.3533889974484195e-13,0.01918648129381427
0.05040213252407803,1.3419504996465137,0.0,0.013979515149204492
0.28891629191974083,1.3156198957782679,0.0,0.015240023330256324
0.5099077171305617,1.2326924664037218,0.0,0.013545259118381411
0.7023785706177506,1.1024777290416508,0.0,0.013771459697751452
0.863020204545356,0.9330659658712511,0.0,0.013302630419261875
0.9931437247530919,0.7235948458530614,0.0,0.013333178645657277
1.0870395108204207,0.4741749417603848,0.0,0.014410630172422693
1.1345469661096526,0.1961123726059399,0.0,0.014085669677005688
1.1298052310803652,-0.09316074622795095,0.0,0.014706469584554264
1.0729130227983854,-0.3765735703165012,0.0,0.0167399849684527
0.9678653889116158,-0.6401647349393729,0.0,0.014857244925322345
0.8203957648953185,-0.8731622338042025,0.0,0.014017000222051755
0.6369066915556812,-1.0669047214499547,0.0,0.017195761579702942
0.4245180896844081,-1.213783957741255,0.0,0.014042245746848024
0.19179995806424888,-1.3069617256238286,0.0,0.013883373081083393
-0.050449403499843545,-1.3412261481846361,0.0,0.014300299441003002
-0.289152394610834,-1.3148827621199137,0.0,0.01611053595447283
-0.5104183388934921,-1.2317950236059516,0.0,0.01538029583266224
-0.7031650767784976,-1.1012328887583023,0.0,0.015923034846912543
-0.863876298274044,-0.9314586534914898,0.0,0.015696158691131237
-0.9937964862058188,-0.7219027768971285,0.0,0.015163975116649903
-1.0874360195378017,-0.4726331114593502,0.0,0.014046880818451773
-1.1347684645636988,-0.19477286252748388,0.0,0.014796532629427291
-1.129930723775679,0.09433717818491594,0.0,0.013559290707463109
-1.0729839192280692,0.3776451123073354,0.0,0.01687081101154315
-0.9678933057914209,0.6411750652890771,0.0,0.018620597728928923
-0.8203801068752077,0.8741297993180522,0.0,0.02007945115732084
-0.6368510775251388,1.067825279962048,0.0,0.019031922308864014
-0.4244428492230221,1.2146412546617917,0.0,0.019394183651093983
-0.1917500812354298,1.3077443971539675,0.0,0.015986492827485748
