y,x,reconstruction,noise_map
-0.6199340026836664,-1.1484622845568857,0.0001,0.01472724086756273
-0.6505584784838261,-1.0611833125409886,0.0001,0.01170609047787457
-0.6407816806538336,-1.0296758829641586,0.0001,0.011784183106506849
-0.6795251239736206,-1.0596994665199055,0.0001,0.012177953414418451
-0.837942944832688,-0.9032302268329946,0.0008815777881507376,0.01379041904645015
-0.8249871183091368,-0.9107741440020395,0.0016095985285691514,0.013250224221438766
-0.7797221092093122,-0.8659484071605448,0.002205245748464965,0.011875241964502905
-0.7328424477202631,-0.914017440001343,0.004789323521688567,0.011543042386835406
-0.7822172722819994,-1.002109851092417,0.0035522097642993475,0.015074942043563733
-0.715852471694266,-0.9803896758284729,0.0007082183816652053,0.012072532399020293
-0.693247567746397,-0.9844534712269445,0.0001,0.01157494124418085
-0.6017157002664744,-0.980052291356591,0.0001,0.010527067333880953
-0.6448714714545078,-0.9271875834627923,0.0010407367386317224,0.011231076492541018
-0.5964817577827088,-0.8606020469801229,0.0001,0.010736779836708961
-0.6679291274101649,-0.8459721789823078,0.0001,0.011250945017264412
-0.7157449614916531,-0.896144450866671,0.004356979005962468,0.012269190135043117
-0.6898161652644166,-0.8028781060008896,0.0001,0.01103740056162597
-0.6671512821888641,-0.8059225500303121,0.0001,0.010893840858511498
-0.5770325635508611,-0.8046748904764782,0.0001,0.011025362391596245
-0.6149536937881152,-0.7526214151670625,0.0001,0.010894620737535091
-0.5646103362422468,-0.6877804121654838,0.0001,0.011270185020942772
-0.6365755816637815,-0.6771119213308215,0.0001,0.011379717796603286
-0.6895183760123604,-0.7297512214268043,0.0001,0.010996770649319107
-0.7298121096348932,-0.7079515785301108,0.0001,0.010813267247846653
-0.727509915526351,-0.734191008226867,0.0001,0.011040437052117649
-0.7243659426279185,-0.8424727453126822,0.0007655459635680263,0.011976626440893106
-0.7715009613300299,-0.7958035291335299,0.0001,0.011141369921958041
-0.8292427307830234,-0.8532927023983374,0.0001,0.012287494211835387
-0.8419664704458966,-0.7657933620570166,0.0001,0.011258040794258906
-0.7901282696317177,-0.7045776122192023,0.0001,0.010522513372075102
-0.8658312435986136,-0.7546673231019003,0.0001,0.011744923217636212
-0.8909640697601374,-0.7508168353614446,0.0001,0.011692381471780878
-0.9290098857511667,-0.8017203575501479,0.0001,0.015174337353208361
-0.8839291047501305,-0.8644654490635117,0.0001,0.013498189892375936
-1.0064466667428702,-0.6226916928829385,0.0006784939889021588,0.013151081622285631
-0.9454466310503122,-0.6547130955662209,0.0014304357589422286,0.012086993632658742
-0.9095388302298149,-0.6896971844365998,0.0001,0.01139424274451978
-0.8617454876046033,-0.6345653848496183,0.0017444704235582468,0.01153801582012583
-0.8657467364281737,-0.608386842655297,0.002708617969814848,0.011789102934222105
-0.8699467371063521,-0.5822404178213444,0.004019692599123241,0.012380161282781525
-0.9222181435851182,-0.6280607362869807,0.002318904489009052,0.011537069481984807
-0.9787883592117319,-0.5792549134201339,0.0016094963810799594,0.011895447295494636
-0.9299630269054169,-0.4882294364593406,0.0017613517207055274,0.011344997207825145
-0.8924478697406143,-0.5301322320305409,0.0043760819277240594,0.011423038094180308
-0.8409550187252848,-0.47349215164301023,0.002116271158265098,0.01150437703324774
-0.8459686697635844,-0.44758588452652065,0.0012597541310868823,0.011591107577365922
-0.8512206731296776,-0.4216223790154535,0.0001864545826133789,0.01111784097082202
-0.903698962664421,-0.4654789688123737,0.0015218152214200727,0.011391636692581428
-0.9635164088581296,-0.41566028790337584,0.0001,0.011108172200395458
-1.0486145391516657,-0.44763649399645905,0.0001,0.012173450610060779
-0.9993304438525574,-0.48792799214519766,0.0001,0.012007188407561794
-1.0296026613584055,-0.5236064625134279,0.00019832891570587474,0.012145170900539615
-1.0630002295099445,-0.3241110467149925,0.0001,0.011979293467724202
-1.006699142580636,-0.3695386943218707,0.0001,0.011809417416101411
-1.0058338602384929,-0.34948164894390543,0.0001,0.011940135192558144
-0.9825393501772706,-0.30775029123012354,0.0001,0.011035320869121694
-1.0313268157480913,-0.2532598639859407,0.0001,0.011444827205932146
-1.0984977428840326,-0.31123982955753426,0.0001,0.012797752544201188
-1.0714985034484794,-0.1991903865950908,0.0001,0.011702562808901824
-1.1018449376151502,-0.11970801052167453,0.0001,0.012385925234500066
-1.0874543169812871,-0.1321589258015349,0.0001,0.01178503552992021
-1.030033723006051,-0.08370599639035678,0.0001,0.011257514620592131
-0.972467698460472,-0.146803289814348,0.0001,0.01093325085477971
-1.0305456738342196,-0.21010671811698522,0.0001,0.011366559441797475
-0.9535152013643974,-0.19767883466071892,0.0001,0.010968018864133766
-0.9279082723536083,-0.15633584297278463,0.00010500536730941986,0.011463231723245803
-0.9498168175167819,-0.11524519799885174,0.0001,0.010901615628789668
-0.9148791166450547,-0.12847155041998795,0.00015968881679391558,0.010943320645100878
-0.8573631915882058,-0.08127303124583567,0.0001,0.011841444337236712
-0.8000043868192308,-0.1421979149220764,0.0001,0.010976886138472523
-0.8584442879853289,-0.2037768769133635,0.0001,0.01095183194429585
-0.8308063592119416,-0.23689308770070572,0.0001,0.011248383865944615
-0.874684917000897,-0.26813196934073064,0.0001,0.01137053253853182
-0.9168280182788452,-0.2487680824203463,0.0001,0.011564894363552278
-0.9074337958072531,-0.27803523910867856,0.0001,0.011014169132855018
-0.9588952916522251,-0.3340915710716688,0.0001,0.011365138581397006
-0.8975340935413437,-0.3848976028862125,0.0001,0.011145360039381803
-0.8302798892053342,-0.32793042618530704,0.0001,0.011097764146145613
-0.7703042229932628,-0.3761363916917576,0.0001,0.011276178390803861
-0.723791054384541,-0.3392246761905782,0.0001,0.011316863986933379
-0.6831713257942098,-0.3558795633559874,0.0001,0.011573076481635457
-0.6881814578468308,-0.3311684444361196,0.0001,0.01109302768650939
-0.6352877030348356,-0.2770187126724067,0.0001,0.011437173977299302
-0.6961294572800942,-0.23027351402862747,0.0001,0.011020299705948667
-0.7633270888814621,-0.2850624562817235,0.0001,0.011105927341933225
-0.7867803679900365,-0.19928635620228763,0.0001,0.01108151094342787
-0.7451677680902471,-0.15413252766589286,0.0001,0.011185471491205126
-0.7710219154850595,-0.11091476565600637,0.0001,0.011547854265968271
-0.742305240968985,-0.1178699214944546,0.0001,0.011385396801754231
-0.6878986399692755,-0.07529360657802084,0.0001,0.011150863998525704
-0.6275472814834941,-0.13048236312353545,0.0001,0.011564293656759147
-0.6886276196121376,-0.19163380741615543,0.0001,0.010953641991520104
-0.6154991977050096,-0.1965686396326166,0.0001,0.011355720384271956
-0.5696872017005497,-0.15020557370032966,0.0001,0.01153892239010219
-0.5984798890543906,-0.10672385470131389,0.0001,0.011400191288567774
-0.5698285729072188,-0.1131176082615773,0.0001,0.011649768558384625
-0.5187081659147764,-0.07576086926004158,0.0005402218294305506,0.011696799445718269
-0.4553745213510038,-0.1236738977500608,0.002478925234246494,0.012151015890890035
-0.521030519445213,-0.18449490403429805,0.0015051337912116278,0.011707620831048007
-0.47819424376139913,-0.21657562516241566,0.0010005056432893396,0.011974057978061675
-0.5362440799239261,-0.2604604663832945,0.0001,0.011686971315891182
-0.5866609475528182,-0.2366999227153361,0.0001,0.01160834322483391
-0.58118604981797,-0.26058864977230983,0.0001,0.011405976921224319
-0.6236278340691261,-0.3043810205805832,0.0001,0.011443018613733017
-0.5754125141254107,-0.3541422738706644,0.0001,0.011269610879517873
-0.4995334972264158,-0.2919195954217997,0.0001,0.011634978270121006
-0.4881326598009611,-0.3657408085466841,0.0001,0.011571945280224163
-0.5426410233162426,-0.42222185663031164,0.0001,0.011552511014367646
-0.5207761046239165,-0.46497516858536553,0.0001,0.011601907152679504
-0.5441559518290023,-0.4638237227291233,0.0001,0.011561773990063152
-0.5890425880440356,-0.503083165604223,0.0001,0.012875582432793785
-0.6389450513812589,-0.46247851531010525,0.0001,0.011171479140870308
-0.5696941811125966,-0.3911852063635871,0.0001,0.011391936548343765
-0.6596424330317524,-0.3826733980684004,0.0001,0.011051967558811384
-0.7195798643346794,-0.4328544392239024,0.0001,0.011165129617998617
-0.7711779392352052,-0.4054602235468048,0.0001,0.011921324849566222
-0.7696022245920401,-0.427733865696686,0.00029659398011133427,0.011289516890280793
-0.8022707953381973,-0.46981826382881753,0.0024396306079504542,0.011789488540734746
-0.7571631032806856,-0.521100956925549,0.005731710313469512,0.0117367555945415
-0.6840990184849756,-0.45636619558369357,0.0001,0.011472172386112176
-0.6819529086298837,-0.5389790628394355,0.0028976245189746407,0.011720306679022355
-0.741104120461371,-0.5924874774656324,0.002167451919816954,0.011570960185463277
-0.7893050897001508,-0.5661858481674662,0.004721877676917617,0.01143421634368029
-0.7914778300304793,-0.5859975570436563,0.0038092176450521967,0.01220256747056418
-0.8179441330024655,-0.6289760965400384,0.0010327493486157308,0.011432181970281776
-0.7790453353039521,-0.6776781134705016,0.0001,0.010994345910494986
-0.710912185296734,-0.6130468434521144,0.0001,0.01101961125466271
-0.6672455510605793,-0.6570837134103391,0.0001,0.011398313413293858
-0.6147428599917413,-0.5953142908792388,0.0001,0.011392958674283195
-0.636799852188178,-0.5491922825425399,0.0010865835649453437,0.01173320537283401
-0.618264413420941,-0.5457404546021801,0.0004789559821031682,0.011757965799638878
-0.5799808127150736,-0.5217966677604001,0.0001825204069211269,0.013576536240243025
-0.5404909325904522,-0.5556691396535803,0.0001,0.011684943506080023
-0.5999935498103817,-0.622762667044766,0.0001,0.011506004993665216
-0.522513313967091,-0.6260632757008051,0.0013390040303896825,0.011573975072606806
-0.4707231656139895,-0.5607417402077657,0.0013691862270691021,0.011854095453664901
-0.4871904456843985,-0.5162664293519422,0.0001,0.012422682448951103
-0.4702925586390501,-0.5117074972858564,0.0001,0.012141323475764342
-0.43789238881139575,-0.4895495167480846,0.00033976736887772333,0.012504201535957046
-0.4060687339743121,-0.5213971636595985,0.0035411014255575463,0.012029631478226053
-0.4611218221626997,-0.585311903670574,0.002016323857951062,0.011724396969600792
-0.39596462413911143,-0.5907339367311601,0.005035415663035447,0.012056466572655779
-0.341382510099645,-0.5237895159178747,0.001730789840806463,0.011775810849999116
-0.31345931951893,-0.5529366729923941,0.0007082566329591976,0.011475069359244895
-0.3064874174867428,-0.5271371714175286,0.0004439995902603995,0.011812530715417477
-0.29177912396342104,-0.49080027270539195,0.0001,0.01172522763712422
-0.31021934346906843,-0.446142422577922,0.0001,0.011487379427518426
-0.3567101367225774,-0.5118538677036911,0.002278509556752759,0.011792398988843945
-0.3574801409771887,-0.42948121737306155,0.0011530289739534137,0.011746533647174075
-0.2950925123837806,-0.36143839240464004,0.003236536590567876,0.01224698628108301
-0.27471157579313005,-0.38414010353231126,0.002181944491195893,0.012481607992708765
-0.2621513518348303,-0.35696519751828787,0.0026594598594609693,0.013396068305506902
-0.24744055632857093,-0.3282724017910616,0.0017031485902217745,0.01266098615089178
-0.2608375009566937,-0.2981659225373191,0.0017207290394271265,0.011800045025431975
-0.3094300713165953,-0.3542050349398675,0.0032957619852319892,0.012545654258210715
-0.34717641062311777,-0.32364049448395604,0.00177726505564629,0.01200100561644881
-0.41037835235875386,-0.3893019836944377,0.0001,0.011925147990886759
-0.3882539932339852,-0.42113299908880475,0.0006023550430666563,0.013099047647803421
-0.4126547421749705,-0.43481296927501933,0.0001,0.011646050758644713
-0.43744365106832284,-0.44818871767244595,0.0001,0.011741033196116982
-0.47362674072082284,-0.41943849109625986,0.0001,0.011711657927166358
-0.42372820125557403,-0.37391352432642977,0.0001,0.01170301332907095
-0.46673562699442334,-0.32843068609158366,0.0001,0.011853518374898857
-0.39773502248918213,-0.2723376951566378,0.0001,0.011946393254749627
-0.36026489850859833,-0.2952460214454332,0.00033982057663061967,0.012657376926950906
-0.34736992905956293,-0.27221560627913394,0.0001,0.012146458529145658
-0.3346519287019785,-0.24970538782358648,0.0001,0.012040374989868935
-0.36743882754110885,-0.2188692011521958,0.000995509180656146,0.012254254434796259
-0.41388179056069546,-0.2557142941610648,0.0001,0.011874808604896925
-0.4366970374471223,-0.20157607416773735,0.0014503643208515118,0.012130259773221966
-0.37162789775236527,-0.14960323492300304,0.0035735248875527134,0.01250718907560762
-0.4120253553094676,-0.11237571019976393,0.002416319176249642,0.012180962080144813
-0.3831406360935627,-0.10553618630246989,0.0030186958005332986,0.012793097421843988
-0.3542540900669675,-0.09885623978926339,0.004191264459344972,0.013156299163521729
-0.3073968129521495,-0.12703603294324417,0.004799150118192734,0.01276884915944702
-0.34474788201655754,-0.16025036920196134,0.00379977126186961,0.012418506878516906
-0.27438952970796054,-0.18115358029134593,0.0023047624662916257,0.012487099966806036
-0.20381504397302092,-0.13464031827182532,0.007394096759755963,0.013205669902848518
-0.24067647869208492,-0.10738888086551689,0.00874202389483988,0.013520449431888605
-0.21171020922358258,-0.10057181548087024,0.011001083318057275,0.014301387374459207
-0.18272566759339703,-0.09398392850597964,0.013414661265029363,0.014197549011970949
-0.14212977193397502,-0.11005306667764526,0.0069649947939562735,0.013882079603696206
-0.17823364482889292,-0.13591271299023505,0.007485743792491448,0.013579250346494726
-0.1445957681777691,-0.1551586452528645,0.0035701944413615554,0.012944024694123016
-0.21222251463520836,-0.21164689957331032,0.0001,0.0122367597851835
-0.24102735343021398,-0.19989016213239796,0.00011830234517355533,0.012928577820531688
-0.2572388443227962,-0.2223209734055489,0.0003135882877037672,0.012973984654451329
-0.26892444023923295,-0.24161001847047667,0.0004917019379614122,0.012734515321750885
-0.2548165546314092,-0.2616295733797297,0.0009545470306499814,0.0125569378217525
-0.21775097287002965,-0.22999700032324896,0.0001,0.012861009847736693
-0.19570144812991216,-0.2458059615232273,0.00046745339647015206,0.012060452779480762
-0.13541466225640536,-0.17447065496799566,0.0036940187100280813,0.012876408870928774
-0.13230614015032674,-0.18048428872028202,0.00412123109630318,0.012563681613455295
-0.11092064152087394,-0.14752074099844906,0.0025144555113353726,0.013062423293272767
-0.09807652403852593,-0.13002462638866213,0.0001,0.013167861595628928
-0.08513197257585364,-0.11968908822387586,0.0001,0.01367249709825785
-0.11986993962495687,-0.15422031770826955,0.002847761641104031,0.012841329942373804
-0.12800388305254579,-0.14309095113041645,0.002688669854733691,0.013044667243564283
-0.05538281057953587,-0.09705849968042723,0.0001,0.014044447706153158
-0.07376682884722918,-0.09285555791748071,0.0001,0.013885393019153886
-0.03452439371493171,-0.07990887289046177,0.0001,0.013914820763419048
-0.014679180615196574,-0.07527706402692884,0.0001,0.014266242416806404
0.015444865846483996,-0.06362339178733693,0.0001,0.02241870110405629
-0.02443064258220548,-0.08104593097899028,0.0001,0.013992479308740946
-0.027960383839971265,-0.0520819325404252,0.0001,0.016652354946034034
0.028854900338434103,0.021443228698575012,0.0001,0.016525639110656583
0.06478159764252936,-0.018110816652919567,0.0001,0.01549853489418991
0.10079590317749149,0.01335704234081872,0.0001,0.013902327340279063
0.10000941304510277,0.04436023743036001,0.0001,0.013813331574749932
0.02692888357658023,0.12245520836458583,0.0001,0.01341510005993932
0.013255993025569984,0.06241702411691066,0.0001,0.02793760022604662
-0.027823680514833887,0.06378474648002996,0.07360662371559536,0.08727611189250252
-0.054581335960986806,0.07781095672464314,0.180400969167596,0.08139179131660276
-0.0564660604589202,0.06626961127209224,0.3570958099228185,0.20736776729985215
-0.05181641801013055,0.05498715198526441,0.7233218516733096,0.24948630345841977
-0.05494311906413025,0.04722134697338701,0.35844996456445943,0.2188337863192479
-0.057125498081551054,0.04851907228254185,0.9155732100164252,0.39989598392366815
-0.05902008533740032,0.047656043810730214,0.5803678970482408,0.28181693956729836
-0.06005013308721639,0.038932814628885426,0.15295394802877865,0.15137320948412947
-0.06122488374576723,0.027925216114818352,0.0001,0.1982568328553717
-0.06092518327570677,0.01530016888402208,0.006648211029659993,0.1167277017336117
-0.055619704527456376,0.029072544937451372,0.0001,0.07607186059831475
-0.06944720068855353,-0.049569935037377,0.0001,0.01635931607255608
-0.04724590269418347,-0.014085452864597892,0.0001,0.02608042216663782
-0.07884137309775399,-0.08972008550663071,0.0001,0.01392508417716531
-0.09029750458811403,-0.1126282073465526,0.0002756921615250997,0.013008287168921993
-0.09881265527642785,-0.13788574363409306,0.0010637320264145261,0.013493533822772836
-0.07659851783311603,-0.0778164448593826,0.0001,0.013796228524262521
-0.07183787608758185,-0.1325214014318502,0.0005556926275771555,0.013787857987665774
-0.1005245062077767,-0.2201651533649122,0.0044329068110871344,0.012645422132905664
-0.07955550642547339,-0.27101031926317953,0.0023061536021882372,0.011942779192118964
-0.11093835001271937,-0.33127164325252845,0.0003550103989705215,0.011463968634254718
-0.12627926296967038,-0.3213155205487397,0.00025227991990996396,0.012345627559618523
-0.13804761109129615,-0.32025514259688237,0.0001,0.011839521219548257
-0.11199881395172574,-0.25487727303686303,0.003131008260800915,0.012171490968401016
-0.12084265335844023,-0.1980620151625817,0.00525870911255649,0.012480355455947608
-0.1667328088050213,-0.28086435458554926,0.0001,0.012257995824438104
-0.1728777439096685,-0.24430162275688472,0.0009978270224549213,0.012167787401563813
-0.21912808772042752,-0.3124770575318987,0.00047625785668315904,0.011846707641100357
-0.22189633555169633,-0.3412401779584431,0.0006859562369242367,0.011999483375073604
-0.22771487299309617,-0.3617438467349165,0.0008756378733687868,0.012017602007478478
-0.18715598808454809,-0.3098802403244753,0.0001,0.011908907688509574
-0.1692010742673753,-0.3494643592744409,0.0001,0.011513072784288156
-0.1994232165572455,-0.46304744594936026,0.0001,0.011414758108312854
-0.22418778423323643,-0.41219198245039745,0.0001,0.011589327240363437
-0.265846695257434,-0.48220060820866484,0.0001,0.011566940745730265
-0.2616194663215323,-0.5204011837228499,0.0001,0.011667807393528773
-0.2651294962581927,-0.5428969915746655,0.0001,0.011423037874711401
-0.22342517169428888,-0.4944508639650148,0.0001,0.012564211722614696
-0.19391914995443996,-0.5423566129058682,0.0001,0.01127248008073226
-0.12882735683053348,-0.5096925605213259,0.0001,0.011042230578859603
-0.15920400336217383,-0.438857893555249,0.0001,0.011214992661949665
-0.12155593802285655,-0.37599074936515403,0.0001,0.011613572564445456
-0.09865243011311858,-0.39875900669879416,0.0001,0.011565737545108909
-0.08645797573614963,-0.3981499153733134,0.0001,0.011578160057229827
-0.11001541598081838,-0.4654758847867446,0.0001,0.011479464411237175
-0.07948109212022844,-0.5307763133308175,0.0001,0.010687755923776701
-0.09520606915221239,-0.6471494154371507,0.002770794363399482,0.010769220562404905
-0.14090682635886526,-0.5776643742961054,0.0009917191477889164,0.011436489380560784
-0.18064149160638932,-0.6514390264760358,0.000168049847249087,0.011003981784845778
-0.16283930200823238,-0.6992743110335069,0.0001,0.011083635958920531
-0.16625829492904912,-0.7274477825875394,0.0001,0.010517507366850181
-0.12443682381369145,-0.6836888943295816,0.0018199986720493474,0.011776439362377255
-0.08370297032833436,-0.7405122371233076,0.0004255583301197529,0.01021550666677088
-0.12537274927911687,-0.7969504513853811,0.0001,0.010196320091705593
-0.07747592593140731,-0.8796325177377564,0.0001,0.009635388480729486
-0.12776912056727344,-0.9462350476150776,0.0001,0.010042045996971942
-0.1603887406312707,-0.9058125148446932,0.0006089751607342024,0.010130485543932475
-0.1817364661805838,-0.9144456917645003,0.00044006700556483254,0.009882107469717058
-0.15282526402573293,-0.8473458141782741,0.0004219517968747817,0.010682176305540107
-0.18752870344151928,-0.7829376429980985,0.0001,0.0103695396922406
-0.2487004640452713,-0.8039778867706893,0.0006103073823742445,0.01066605380783555
-0.20525097842910078,-0.8825438393961393,0.001592749583980054,0.009980315541794859
-0.2569990280963562,-0.9512084438781382,0.0001,0.010434304171795264
-0.2900923303314236,-0.9094370362861611,0.0001,0.010350027038746634
-0.31221204598879926,-0.9201492265295184,0.0001,0.010381517971117367
-0.2830603986104581,-0.8557871723077062,0.00037562168794939317,0.010549627521025041
-0.31352367072877374,-0.7971302765122178,0.0001,0.0104367725102291
-0.28333432970616773,-0.6897752771097343,0.0001,0.010798245290557272
-0.239165520709837,-0.7544915587427725,0.0001,0.010346458392552889
-0.19406741067459876,-0.6771065154182738,0.0001,0.01064848464106725
-0.2190468392117762,-0.6234965471553355,0.0001,0.011795416822888424
-0.21120136873939854,-0.5904809319688805,0.0001,0.011217161326860103
-0.24838174151740872,-0.6297263812390601,0.0001,0.011192658709892443
-0.27737093593483086,-0.5874654234983183,0.0001,0.011675922064311174
-0.3452577247869209,-0.6330960552663826,0.0012669316034134225,0.011116081870185271
-0.3135432383855042,-0.6972361142240673,0.0001,0.01063550386000196
-0.36477842247961156,-0.7720912164481905,0.0001,0.010899178268908686
-0.39729128292412624,-0.7299292285455605,0.00083197222473039,0.011406096041435845
-0.4193722783339199,-0.7424842809768202,0.0011357991308001932,0.011170481671640857
-0.3923260959388276,-0.6878457732078034,0.0029972623732236582,0.011946426689531803
-0.4132780666458189,-0.6446159056896502,0.005388624827264659,0.011962214412526184
-0.4505512717625447,-0.6874949992633324,0.003948835187863868,0.01152793507467664
-0.48864004926522514,-0.6427529844181299,0.002967765653480581,0.011763773076039447
-0.5500722385907237,-0.7114610346286121,0.0001,0.011120661344920879
-0.5215502623633335,-0.759988303185878,0.0001,0.010722430390067896
-0.532278363583149,-0.7905833978656491,0.0001,0.011633319244735702
-0.4944069791794803,-0.7593282839282246,0.0001,0.010912427615024149
-0.4661132839664988,-0.7913152416161493,0.00026488937049857337,0.010822083315693131
-0.47481058175897095,-0.8672970447937443,0.0001,0.01029518527023061
-0.5163159910913405,-0.8160124291098755,0.0001,0.010823165974046879
-0.5756856932373227,-0.8855935789280474,0.0001,0.010464249733979303
-0.5445718287447443,-0.9393016317798937,0.0001,0.010542117044450109
-0.556295266105908,-0.9736226711091507,0.0001,0.011263544218120489
-0.5198181319342031,-0.9445612958424947,0.0001,0.01053235172541918
-0.49026193301129156,-0.9752969577897929,0.0001,0.010318004406170153
-0.41089316986769964,-0.9429408154271117,0.0001,0.01040094678844438
-0.4472578429717198,-0.8778971679425472,0.0001,0.010190691125793202
-0.3961941048206905,-0.8000362021301132,0.0001,0.01085913932599675
-0.35963171859175347,-0.847920479751143,0.0001,0.01061176282088619
-0.3329590805827716,-0.8295984304234202,0.0001,0.010638429206305419
-0.3533974590298028,-0.8797008437358912,0.0001,0.010155001727848731
-0.33753468164082073,-0.9256698541554104,0.0001,0.010225075134472428
-0.3826343757645513,-0.9978560986800524,0.0001,0.010421133810438556
-0.3426970280464596,-1.067326949581024,0.0001,0.01158864964496857
-0.39189913076606053,-1.1446616409886927,0.0011932168561395219,0.011594125165800554
-0.4337619052875959,-1.0927122336720412,0.002456523163383791,0.01114588363125763
-0.46501170280082194,-1.114615967171741,0.0029126791429266333,0.011066781614231122
-0.4427684614911175,-1.0629735488855847,0.002127171378569733,0.010813358559835085
-0.4550991481602494,-1.0185831988409295,0.0005650756838922886,0.010802182325064382
-0.48667305420516227,-1.054296265669798,0.0008996874952393124,0.010912448916829173
-0.5313697748642787,-0.9978899651837772,0.0001,0.010518135849776457
-0.5895820249088104,-1.0675057192292288,0.0001,0.010930751125494225
-0.5558166485147877,-1.1249148349578248,0.0001,0.011925600286626594
-0.5837214640385477,-1.1439161912048776,0.0001,0.01284397804589025
-0.5353309509390968,-1.096535170071032,0.0001,0.011113954074488263
-0.49212513499289545,-1.1492119790164121,0.0018871880153636309,0.011631163172563033
-0.5628881097182811,-1.1884209005807989,0.0001,0.015772263003712532
-0.41744957095662677,-1.194836013164918,0.0007611234123107402,0.012655783210985391
-0.39571260904116784,-1.2181554013578415,0.0006073630453382455,0.013093045999921659
-0.37303157840247414,-1.2254046523119593,0.0004336840291239276,0.013087769510763363
-0.31862753114158354,-1.2824462263312464,0.0001,0.014349358172036291
-0.22376701994840018,-1.2890242336656668,0.0001,0.01475038200230829
-0.26886409971721104,-1.2154039392706557,0.0001,0.012838712214455629
-0.2386652302546003,-1.1640633585850448,0.0001,0.012399848307062625
-0.2911710251922665,-1.1990598460413264,0.0001,0.013076831949879394
-0.3141714063081382,-1.1909320723245496,0.0001688786252677918,0.012902554614357851
-0.27902368405347455,-1.1327675534615946,0.0001,0.012000560797109379
-0.32760705097725124,-1.0702376873746826,0.0001,0.011562158990988475
-0.29235738236225006,-0.986300912262965,0.0001,0.010282902071316713
-0.2446160769643842,-1.0489515384777284,0.0001,0.011451882481630931
-0.20657623135007125,-1.0019736608313,0.0001,0.010439859629339427
-0.23349886054110602,-1.0814072074902035,0.0001,0.011580727669653769
-0.2282493659780923,-1.1141990173795508,0.0001,0.011831350913320812
-0.14057912808049916,-1.1312510628282924,0.0001,0.011108091007936222
-0.18992289585755892,-1.0634492395345836,0.0001,0.011066863492041596
-0.16164869934964843,-0.9788405659644581,0.0001,0.01000403914571476
-0.11196105914386621,-1.0457068655410908,0.0001,0.010821156972133594
-0.07191700441646363,-0.9960469889170703,0.0001,0.009770476454702552
-0.09970800328001789,-1.0789118352726201,0.0001,0.010649259534668257
-0.09346787153729863,-1.1121495014916245,0.0001,0.0109355754231653
-0.07759947740110992,-1.2451574864892543,0.00032365755553992757,0.01160888215924837
-0.12919505616849852,-1.1760809527427176,0.0001,0.011406779192576206
-0.19126937888103573,-1.212463036019346,0.0001,0.01230243190226568
-0.14124690044175858,-1.2819944416938502,0.00013458057419134083,0.012877746075822687
-0.17691001419272914,-1.3156572708379801,0.0001,0.016261502957268005
-0.10222686333474346,-1.261628616603514,0.0002606790583887416,0.012034210256757607
-0.02384939190414341,-1.3123311079089333,0.0009000463857234875,0.012645252014519017
-0.058079730684233374,-1.2890120397147466,0.0004636463685414027,0.012242559754161672
-0.03654725077851763,-1.1792087781981988,0.0001,0.010162098310012134
0.012976420071137765,-1.23928514647616,0.0008587013704013429,0.010114380860711127
0.0591841645222157,-1.16543558645886,0.0001,0.009867594254438894
0.05610560239109316,-1.2976855796469715,0.0005137579331030554,0.010729473259404506
0.06349015984003321,-1.3144987827239465,0.0003758125322866621,0.012955473657030274
0.1301801367482153,-1.283801205485135,0.0001,0.010748550652920057
0.18385412772143567,-1.2718425124418649,0.0001,0.011089158538147239
0.18297614540430027,-1.2476675997638775,0.0001,0.010334864325899057
0.16658302131431013,-1.2028683976905552,0.0001,0.00961034142222358
0.13372274798315206,-1.2386321357849601,0.0001,0.009653574572571478
0.08300514455917879,-1.161455567802927,0.0001,0.0098131457363963
0.12619123764143256,-1.0853609277656961,0.0001,0.010394059005630677
0.15803489286975608,-1.1200028864274543,0.0001,0.010066552986750065
0.17730268900191454,-1.0717188580040418,0.0008064049411463786,0.010572223087015482
0.17480660086539945,-1.0456905239501546,0.0009263655776424861,0.010772836947434621
0.16143863382640566,-1.0050286863614668,0.0007499478270763108,0.009993665079683394
0.12684208422850038,-1.0441818800108567,0.0001,0.010438459153591274
0.07641871829250813,-0.9672736319070461,0.0001,0.009888316741370702
0.020328330606937936,-1.0240920922434418,0.0001,0.009782065638434076
0.04477068082115719,-1.0670127492949801,0.0001,0.00965687742186727
0.01036601434707747,-1.1031101452702878,0.0001,0.010376716123540736
-0.011038880335621601,-1.0966760884392508,0.0001,0.010118349746134386
-0.03665222025220526,-1.0841837996328914,0.0001,0.009776211207872003
-0.005697609123327063,-1.0303994376894248,0.0001,0.009802183996407155
-0.058504621934482075,-0.962888341697417,0.00039895664748117534,0.009696164909252958
-0.024494720529582528,-0.8804807941391336,0.0001,0.009987391577460408
0.00631217479034317,-0.9168135616132539,0.0001,0.009735821147927329
0.03432882664597742,-0.866034247662143,0.0001,0.010093777662190004
0.027229348809824166,-0.8326051900101423,0.0001,0.010170101567958901
0.02019306935652644,-0.7991733919658034,0.0001,0.009549618705404253
-0.017659807451501044,-0.8472266878631434,0.0001,0.010052422559251546
-0.062364145859117176,-0.7709089157081979,0.0001,0.009818318368616918
-0.020893492989067217,-0.6965497053820715,0.0001,0.010239079878669701
-0.046641221818281814,-0.6474289712690694,0.0013237524917564729,0.010706233306472319
-0.013014331076157362,-0.6015726001744619,0.0001,0.01092420324552139
0.00803338723695085,-0.611631409367676,0.0001,0.011117291589120353
0.02949470639366951,-0.6219196034721568,0.0001,0.011061889753817685
-0.00015213567630996405,-0.6785511364126693,0.0001,0.010520278980670749
0.04935072350019905,-0.7511816492112098,0.0001,0.01014558354232284
0.11236604156845181,-0.706689793766611,0.0001,0.01025860159850382
0.07847578566692787,-0.6547672382430685,0.0001,0.010311262852791945
0.11527764462207565,-0.6082381880916572,0.0001,0.01052623727661115
0.13841741485176381,-0.6194025544895605,0.0001,0.01063069696347185
0.16191538523267468,-0.6306324227157041,0.0001,0.01037511997950603
0.13180524766393015,-0.6845634560329001,0.0001,0.010240382483471724
0.18379863064850072,-0.7618873060527586,0.0001,0.009495692289872995
0.16489370463353853,-0.8479849544630258,0.0001,0.009558727881143973
0.12690013578385326,-0.791833184152207,0.0001,0.009806949871019268
0.091737484327814,-0.8526753846084262,0.0001,0.009649028319003461
0.09938174662405191,-0.886072580476623,0.0001,0.009826022567744784
0.10704914793278508,-0.9194659257839156,0.000247137581054562,0.00992378094971049
0.1461674581428348,-0.8727912399017177,0.0001,0.009925437199090585
0.2036436419300446,-0.9423934220997181,0.0006305095891544695,0.01005351444528722
0.25062455090895724,-0.8869736583811461,0.00171346268851156,0.010642242044305562
0.29229227925361234,-0.9493361918025527,0.001472268911125726,0.009979023713111733
0.3308657116325462,-0.8881970839573208,0.00012944172835385013,0.010396551900558694
0.3215604266938211,-0.8548367601672746,0.0009171018178789405,0.010392697607929274
0.31295894420676784,-0.8224642789262834,0.0014779399587204355,0.010216554699415684
0.2729781638231705,-0.8669165065216391,0.0018970725394476817,0.010414523976685455
0.2138275032455511,-0.7970029289291002,0.0001,0.009462970016340473
0.2614250584115794,-0.7215140431236652,0.0001,0.009977057910948123
0.21068644469171177,-0.6626926700602438,0.0001,0.010149054068660287
0.25344468415003973,-0.6129575551685373,0.0001,0.010587634109187895
0.2821005306648592,-0.6291074649540164,0.0001,0.010541573616264304
0.3036505134421001,-0.6358832191721562,0.0001,0.010338856821939331
0.27471541567071894,-0.6912167804789745,0.0001,0.010039905880528196
0.3270801266479779,-0.7656112870258416,0.0001,0.009747324529140788
0.41191410823502084,-0.7395986474459073,0.0001,0.009919607690694051
0.3563592718465041,-0.6755674567685371,0.0001,0.009822402121531008
0.4017589444101445,-0.6271866050065726,0.0001,0.010001445688437494
0.4354083153072238,-0.6471851657066751,0.0001,0.010389849908953617
0.45459443113879483,-0.6497187456447617,0.0001,0.010402723335400765
0.42733061600615135,-0.7081478712538978,0.0001,0.009925718154525793
0.47851386002298407,-0.7773565497973485,0.0001,0.010362079719253353
0.46606035063262324,-0.8847087572419525,0.0001,0.010459391710349826
0.4077493414630997,-0.8158695377308487,0.000252803640599541,0.009809133424227394
0.3689567170537178,-0.8756821319649875,0.0001,0.010728419714788592
0.3883323907246696,-0.92145472894549,0.0001,0.010739412511103361
0.3899566265892793,-0.9450234745883371,0.0001,0.009937483696841469
0.4378016410924145,-0.9087821900856546,0.0001,0.010391342088165816
0.49299086691440164,-0.9687692280720744,0.0001,0.010295102388659001
0.44626427956011877,-1.03277165947205,0.0001,0.010216749575988577
0.5032149303307047,-1.1112653581740521,0.0014791931612888757,0.011107408656992057
0.4542871834026244,-1.164537338113194,0.0020042818718446313,0.012471738029829118
0.41459309809278133,-1.1368331042907032,0.0003084254380975161,0.01088725675281872
0.3960062182086943,-1.1354753572432146,0.0001,0.011127242462950385
0.42440286085621814,-1.0729596979134313,0.0001,0.01052035095895489
0.3765146121038481,-1.0046750870462327,0.0001,0.010058045688557381
0.3332000746447129,-1.0659777671434465,0.0002806711231843169,0.010368027279508665
0.26905287584944226,-0.9910979657370617,0.0016863678053472774,0.010090108487727064
0.22656774861774293,-1.0584186319470632,0.0015551332937553777,0.010261673534185
0.2537203059412013,-1.1092949047649479,0.0009702431002453004,0.010331598054798266
0.25212368637089866,-1.1370470922937332,0.0007993507511427336,0.01016096864285702
0.29961888817196447,-1.0987588850988972,0.0009224928474489641,0.011058478475748711
0.35271394106358456,-1.158844713839102,0.0002790716462802417,0.010338941442613101
0.3320297734587293,-1.2466066888115945,0.0001,0.013185216165493169
0.2923165428134403,-1.2008631840997803,0.0001,0.01049273919414936
0.25729157743362063,-1.2570695767358508,0.0001,0.01168214725547823
0.24041847214943113,-1.2890295768066353,0.0001,0.013222431871019059
0.43076707989472096,-1.1865925667037365,0.0009852741357619943,0.012858236009976003
0.5714539336612456,-1.100541110159958,0.0005134466672535786,0.013138161580194563
0.5361147117812051,-1.03591135410722,0.0001,0.010565412528300405
0.5626900571991248,-1.046636782136579,0.00018226428378428791,0.011279234938841183
0.601711470997117,-1.007453378927069,0.000607132172288539,0.011442208612295548
0.677395058138129,-1.0305143877489196,0.00362265118090395,0.01538394927110638
0.9250367227892953,-0.6883118239637118,0.0001,0.013517370775374331
0.9128866578643525,-0.7387614852516398,0.0001,0.013973741170717187
0.8380408803996986,-0.8136962300554795,0.00019922432718679745,0.012629628272665097
0.8284645367564214,-0.7002833422376955,0.0001,0.011178120865213534
0.8409010653461111,-0.6621527259916871,0.0001,0.011352777757591843
0.800975480574299,-0.6828271059375074,0.0001,0.010934973832806208
0.7588041328358401,-0.6565373707535248,0.0001,0.01059357815993596
0.6645661261383821,-0.6561749166420128,0.0001,0.010238780637361134
0.7240656808589261,-0.730756698692146,0.0001,0.011123063048809272
0.6741343140472831,-0.7944568939537584,0.0001,0.011108898293534593
0.7701532700051115,-0.808226707107338,0.0011485032345920538,0.011749283623890952
0.8068540133800907,-0.7903814483490719,0.0009558580026489398,0.011526448906762462
0.785836572025289,-0.8392926300496284,0.0010491779150672647,0.011836170035078322
0.805812592650675,-0.8830719865909055,0.0001,0.013484196191543207
0.713511290331913,-0.9503782837525456,0.0027440919096758673,0.01224501606707836
0.6925771607502629,-0.9676110946744156,0.002875869049722608,0.012432311564277477
0.7220065465496307,-0.907373254832924,0.0023148452142445646,0.012064829394699566
0.6711778958541492,-0.8407018203259102,0.0001,0.010845784006864428
0.5883797210513009,-0.8488456716439252,0.0001,0.010500222033871796
0.653098500370427,-0.9328854643121429,0.0013096765283471521,0.010982114884648678
0.5979344353163689,-0.9910758260821408,0.0004696443151271197,0.011557467726883482
0.5559956741857354,-0.9489606083240903,0.0001,0.01065505788302555
0.5316322809093702,-0.9539544075989909,0.0001,0.010647380994643806
0.5600426233723055,-0.8933068943929316,0.0001,0.010667235042157075
0.5101397665240326,-0.8258617756392164,0.0001,0.010065883580312629
0.5254389516944146,-0.723133925646598,0.0001,0.009713117969210905
0.5968176227145925,-0.7992284687314966,0.0001,0.01047646035161202
0.6442687706817316,-0.7335947501103666,0.0001,0.010371392426742222
0.6042795733925463,-0.6803156090489002,0.0001,0.010740942668918058
0.6088139667636343,-0.6502852480520787,0.0001,0.01040289565708734
0.5609340086801458,-0.681840451758448,0.0001,0.01055823248065342
0.5047395127812534,-0.6242912021971585,0.0001,0.010185815903117009
0.5088931226960404,-0.5423585415854169,0.0008314424858067093,0.010215962597967544
0.5814381546056486,-0.617203303521968,0.0001,0.010535759824047584
0.6291054071374946,-0.5538593041441718,0.0001,0.010189987753048737
0.5847976858867673,-0.49780431149202686,0.0001,0.01103491171519794
0.5892782809467375,-0.46877357592373187,0.0001,0.011227283101885154
0.5437910466681659,-0.4955427182860245,0.0006004292025499252,0.010800849269651115
0.48999172628108917,-0.44328069960224864,0.0017086128321103426,0.012135554263707129
0.5241848431190184,-0.40350905110337754,0.0001,0.011075730308791136
0.4600088334026356,-0.3281743708786903,0.0001,0.011619481548690493
0.51195917684487,-0.27440520940962027,0.0001,0.011917143075268234
0.5674774713298432,-0.3246400671455498,0.0001,0.011479948025942044
0.59436004898458,-0.3196171777731418,0.0001,0.011970703505227179
0.5727472154913993,-0.3654352176695216,0.0001,0.011665799195731446
0.6170736072158601,-0.41942456440177217,0.0001,0.010935783365722802
0.68531547735361,-0.4198224070539297,0.0001,0.010781536430966961
0.6243954359621949,-0.3488022260244883,0.0001,0.011228927645087561
0.6753357245030995,-0.2892432264911036,0.0001,0.011736825449741008
0.7344508756282195,-0.34268972287448607,0.0001,0.011043528867690307
0.7619024297985973,-0.33704414618535594,0.0001,0.011250853321468789
0.7420906124371403,-0.38058111542793566,0.0001,0.01128379058857261
0.7826197549583042,-0.4303100428703832,0.0001,0.010660723173540868
0.7663091811234812,-0.529489785820993,0.0001,0.01045767567974598
0.6990571763388682,-0.46453127707623976,0.0001,0.010710071712712793
0.6420649502221798,-0.518329240295083,0.0001,0.010619924873078484
0.6942537922819637,-0.5829284158340075,0.0001,0.010049717336080049
0.6879357299850516,-0.6142826884105294,0.0001,0.010324024854870583
0.726862710545127,-0.5946619528606661,0.0001,0.010434828748048916
0.7706546432402515,-0.6340782809503008,0.0001,0.010542098563572366
0.8653285271626097,-0.6200432915444629,0.0001,0.011196364497029642
0.8050953552215216,-0.5472157725058473,0.0001,0.010522983379653305
0.8557637113138082,-0.48369656110222414,0.0001,0.010829766322032239
0.9150820559855716,-0.5395330627883419,0.0001,0.01142837786425503
0.9472478207135084,-0.5283111702979989,0.0001,0.011615986208293422
0.9287237965997515,-0.5719230963921416,0.0001,0.012337908305355829
0.9578801633601708,-0.6191464103784627,0.0001,0.013383386802513175
1.010636087643166,-0.5063007107330959,0.0001,0.01332168950050742
0.9844597736324143,-0.4860676776643198,0.0001,0.012417050014835599
0.9908183470232788,-0.4076694174897303,0.0009208732016797313,0.012549794285576569
1.049403591130212,-0.4475957642745101,0.003123738047606899,0.016157147987382766
1.0524129593841836,-0.34221914186305513,0.0001,0.013560246385918578
1.0169856940969075,-0.3707412278948212,0.0007372733460638725,0.01307674604755873
0.9504017426841359,-0.3075098615465871,0.0001,0.011133804782683306
0.8895844840145055,-0.362068177059065,0.0001,0.010901223734224882
0.9201361529209289,-0.4011984477074585,0.0001,0.011310877490260721
0.8803869139282624,-0.41998979464465347,0.0001,0.010782446772289645
0.8598550810575544,-0.41856007563145825,0.0001,0.010850662458412739
0.8220643792592056,-0.3990159491269592,0.0001,0.011113876982764918
0.8517495257925152,-0.35957827970977096,0.0001,0.010846675269571787
0.7869406615186023,-0.2942459784760931,0.0001,0.011469960703718562
0.8395899808927478,-0.23276933787659965,0.0001,0.011333441523288593
0.8091292893736055,-0.19512791257767376,0.0001,0.01136859495412126
0.8505288412113491,-0.17091983420529014,0.0001,0.011304473094413377
0.8738956183380309,-0.17437779678884646,0.000191627815483931,0.011776488189645272
0.9083743987206185,-0.18890521621074113,0.0001,0.01131111233192431
0.8741757570255719,-0.2312744997313994,0.0001,0.011168772261784764
0.9417808268921529,-0.2925217776195884,0.0001,0.01129799687466813
1.003499606261549,-0.23774163491056333,0.00026516210319204437,0.012412658164272922
1.0410274654324112,-0.26852431839392854,0.0001,0.01265117038587743
1.0453856363538776,-0.25417457042787583,0.0001,0.012601141650070065
1.1089956308380757,-0.20758087349273005,0.0001,0.015199863127439817
1.039696311079347,-0.13836782788960947,0.0001,0.011738583819367984
0.9769746730271622,-0.19331718030272416,0.0001,0.011689515466675552
0.9733122557461743,-0.12173370213375502,0.0001,0.011397417129818484
1.0188256228190573,-0.08446968762862496,0.0001,0.011721783770107045
1.0653322372404865,-0.11051325005812485,0.0001,0.012371663484908929
1.0847625453145797,-0.053760756673162755,0.0001,0.01285898272524872
1.0747323807822207,-0.023384995324053873,0.0001,0.012571987992052931
1.096430678163126,0.031524788202847376,0.0001,0.012196038835690457
0.9881467164056981,-0.008474535388278026,0.0001,0.011521338365841646
0.9665477028982571,-0.008575344880861382,0.0001,0.011561049419093762
0.8717652045759272,0.03481411098682792,0.0001,0.011547485169169943
0.9227285937259927,-0.02158100548340887,0.0001,0.011365780747885908
0.9038146631111728,-0.11915323090373134,0.000689446248423773,0.01169607563889755
0.8366748515195984,-0.060837919561050086,0.0001,0.011505333506674957
0.7763795429274203,-0.11131394375404965,0.0001,0.011785608194346542
0.811512733703351,-0.005100656018342406,0.0001,0.012310718252895833
0.81501448626939,0.018620514304649602,0.0001,0.011973403817826982
0.7583403723527306,-0.014506412772849114,0.0001,0.011711145890781502
0.6996520908050078,0.03324322483830072,0.0001,0.012083510840178686
0.6014215760639845,0.013568310268236503,0.0001,0.01215315597176004
0.6590881985527499,-0.046261127022196244,0.0001,0.012058854421674071
0.6050961016750998,-0.10419140687499562,0.0001,0.012453006771500444
0.7176755136693878,-0.07726221109383413,0.0001,0.01199099549193758
0.7458325914004974,-0.07129174141955621,0.0001,0.011855482882805492
0.7121702601022677,-0.1244858640161708,0.0001,0.011768404477383438
0.7646344617619908,-0.18278665142286038,0.0001,0.01166283938216129
0.743514202164197,-0.2748223423796671,0.0001,0.011290437351075367
0.6812117059988361,-0.21940170191497055,0.0001,0.011595986774294487
0.6218357873996563,-0.2707474808744834,0.0001,0.011597574533679891
0.6404751216735726,-0.16134794896530072,0.0001,0.01214462366653053
0.6463006296598783,-0.13444441769026147,0.0001,0.011927580434965827
0.5447992026012607,-0.1144617786621508,0.0001,0.012103303093226136
0.5955264717065264,-0.1697373296369788,0.0001,0.011836931634856735
0.5750284840290443,-0.258005626653678,0.0001,0.011774886776593923
0.5148681673300671,-0.2048151614233628,0.0001,0.01191042217926725
0.45911706484561216,-0.25485702766185814,0.0001,0.012336706884184458
0.4677676094926117,-0.14796271633121916,0.0001,0.012558122246558997
0.47285663663879113,-0.12215184277641503,0.0001,0.012472213264896828
0.4315373271130961,-0.054145463480052905,0.0001,0.012185148145619237
0.4858058104302519,-0.09713366354604797,0.0001,0.012615018255500423
0.5769856833217948,-0.07681671424022458,0.0001,0.012402757106606856
0.5245760073359963,-0.02226626927032853,0.0001,0.012147334335491523
0.5846811069888667,0.029603178792548417,0.0001,0.01218644555965706
0.47001129199602726,0.020564478132159288,0.0001,0.012434968054345913
0.44154039264879114,0.014974111285706672,0.00013206296393184391,0.012743254834336968
0.3711680508671735,0.044286704476914476,0.0010860474943354334,0.012733330187840798
0.41347223573423425,0.003121269604039259,0.0005489352133887295,0.012489778303019006
0.39273930329059353,-0.07697101516425905,0.0001,0.01218800204336394
0.3304835293006512,-0.028461312367146233,0.001979141220533119,0.012769841272132348
0.2807081158279338,-0.07732291559017741,0.0005685560264142483,0.012739705626510748
0.2772586329624948,0.014463732032342067,0.005339999202031425,0.013335166435564998
0.28349266131809314,0.03593956267973769,0.004944903155200455,0.013208870222984517
0.24102257635494723,0.021236473021433666,0.006984943714358097,0.013686996869818427
0.19437982658524777,0.049722958384516944,0.005891350389161546,0.014606697478232232
0.0973198909101543,0.04100164843027755,0.0001,0.014444846282411525
0.1580875550219345,-0.006074883006706819,0.0027090225423289133,0.0136849321229024
0.1063485517905367,-0.03773120832490445,0.0013068540427152073,0.015237388126668153
0.20946931955647846,-0.053406470948906035,0.0043094808998174906,0.013673402391075623
0.23843831284783923,-0.04898398775865087,0.0048953896803680215,0.014379700987009084
0.2596218427448818,-0.11532776209271986,0.0005544294025591663,0.01287685189552543
0.21444291747890293,-0.08167939064518889,0.003202325094494786,0.013586111910192024
0.12578869730911296,-0.07940912787384558,0.0001,0.013544162874065268
0.18904683535117783,-0.14782579514709052,0.0001,0.013446587260243417
0.14489169834207188,-0.19055545358725473,0.0001,0.014743781057369922
0.23710870941693768,-0.20931108006491128,0.00030088980806421606,0.012466574524024287
0.2663704082049282,-0.20148022704691917,0.0001,0.012474208745502093
0.31850211890539715,-0.23653648165097438,0.0001,0.011921155171160948
0.28954331797794014,-0.19205386623843818,0.0001,0.012201066996269822
0.28663673850583166,-0.10267538399079242,0.0001,0.012453777092410303
0.35585273494981196,-0.16217678799215102,0.0001,0.012060777438700505
0.40888537069353914,-0.1132889038011364,0.0001,0.012291168540664612
0.42257684192098044,-0.2098697539993985,0.0001,0.01177508878937925
0.41032273288370635,-0.24474140384230997,0.0001,0.011780217960102916
0.440919831040084,-0.2942919909320375,0.0001,0.011857601454219846
0.4001069250399549,-0.26988183211816374,0.0001,0.011879177946049606
0.30722779039602366,-0.2620708717995665,0.000119044289453951,0.011678917247932522
0.3690116184471862,-0.3336088846951415,0.0003193412379616825,0.01155190648030825
0.32585508619196596,-0.39252885744787647,0.0029029164778394405,0.011742033936932064
0.417137559111925,-0.41188134539088206,0.00254930468409052,0.011551291373853417
0.4533078015707759,-0.3952637918969283,0.0008464662380852752,0.011395112984567383
0.433471088655599,-0.4421081435580595,0.0034917828058017917,0.011465924852012014
0.4527828095700118,-0.48302225375848096,0.003006057214112234,0.011449613068519996
0.46210558894123105,-0.5938829885081782,0.0001,0.010483249486905905
0.4008578264309297,-0.5213415950039162,0.0027073138387747864,0.010987747647950687
0.3497144348176109,-0.5755654482730381,0.0007017349636978304,0.011108999074000453
0.32616761597884314,-0.46640707779493484,0.004082369856789253,0.011394251131702204
0.34440957951131845,-0.42450977242772425,0.003537483081260359,0.011650556604250472
0.2807686541738697,-0.42439649113541583,0.0023401197931621934,0.011322147623388804
0.29637225145829954,-0.46213186009730134,0.003219680028010396,0.012256542584851707
0.3102871247345459,-0.5790893923319717,0.0008963695378690621,0.010682074284585088
0.2539667532854178,-0.5017317569716775,0.0006716028557406278,0.011809475875256659
0.2068054286302473,-0.5569077007603052,0.0001,0.010549828443558836
0.17845712933446273,-0.4440614845411109,0.0002960407071754593,0.01118666926333228
0.20007967150910133,-0.4020047949605994,0.0018535172561343891,0.012252071812311544
0.17600094745374265,-0.35294572590432194,0.0012728292760611024,0.011862409790157697
0.20230561072169362,-0.36755661111346605,0.001888731074869721,0.011949752750363574
0.298090969273831,-0.38832614426374323,0.002757404547168515,0.011322365312958101
0.23365210901353653,-0.31973754205425864,0.0015319378017730752,0.011585371923296952
0.2710164319508524,-0.2661311143542786,0.0003037613211770744,0.011656746765742826
0.1821651132518519,-0.22576956972466172,0.0001,0.01237134215488399
0.15121410726139728,-0.2558725533926409,0.0001,0.012127346180445807
0.12706165330041502,-0.24286854363580798,0.0001,0.013289609646043473
0.10353543882991895,-0.2296682668500331,0.0007116100474474895,0.014633528090087389
0.02204651980377645,-0.1991870372061979,0.0001,0.015888250433194997
0.0751967064239781,-0.2728154440384901,0.00020049869379888793,0.011821945373883924
0.04852125931277321,-0.3292368604038033,0.0001,0.011188158254549906
0.12054538547249716,-0.37291204599471317,0.0001,0.011719152602256542
0.15263401663573073,-0.33529469458395256,0.0004917429626655892,0.011363693431271468
0.13619460992373392,-0.40637563764307105,0.0001,0.011407343068065725
0.1458278346803382,-0.4388755385087768,0.0001,0.01111964689129994
0.17117180142097477,-0.5680508202005731,0.0001,0.01049523054502239
0.11673427245375498,-0.4933746031241636,0.0001,0.011097793050254896
0.07798864939961508,-0.544147937763379,0.0001,0.010593886894348233
0.04885044049535131,-0.4350225128746828,0.0001,0.010760356700510704
0.07529049316914374,-0.38050829944825015,0.0001,0.011224775656172619
0.010156636127594307,-0.3868206069503718,0.0001,0.011413200718338849
0.01759636119446764,-0.42026273820925686,0.0001,0.011148178840209445
0.04194824494218839,-0.5533893331722475,0.0001,0.01077040388162397
-0.00737102556005019,-0.48330515887339454,0.0001,0.010807489583989647
-0.044645630934837685,-0.5387112996772581,0.0001,0.010774872719343439
-0.06469717187782492,-0.4296780715868864,0.0001,0.010864189207886697
-0.03637036099743782,-0.3658044610445834,0.0001,0.011503050828889949
-0.05763008807080952,-0.30100718728213294,0.0005653473458564271,0.012321396436658735
-0.041533783951018116,-0.3108014656697337,0.0002471956293090011,0.01188669459083708
0.0319525749887164,-0.35384608799709705,0.0001,0.011234429440883825
-0.01097062504631352,-0.2740661378541034,0.0001,0.011536560780778344
0.012942622005935767,-0.2124494946930719,0.0001,0.013718561234998124
-0.04164835815084694,-0.1703920375756844,0.001050118235694632,0.012716912293239674
-0.06550137670249506,-0.22538919981999989,0.0026852506372557904,0.012887316277924403
-0.05029707321271189,-0.13231722043073707,0.0003186533720787852,0.013954845331188154
-0.05470888456016766,-0.10012831090700411,0.0001,0.013605182985336374
-0.06397984711688828,-9.061733505488778e-05,0.0001,0.07269734205787157
-0.0642949276655293,0.0029441660155386518,0.0001,0.0973095959013222
-0.06414385958066823,0.010805383577230876,0.18440747881358568,0.2696601371996923
-0.06398892552644989,0.01817569180191042,0.5466780212832892,0.47720074044981337
-0.063882565035945,0.02288745230934522,0.0001,0.12713575400508498
-0.06377009525216501,0.027598906287223002,0.0001,0.2933619562536175
-0.063651137394061,0.03231002821950582,0.0015255011374019202,0.15329597451928384
-0.06399894265817203,0.03409414696515278,0.02412178051502633,0.20600199531649102
-0.0645815866355309,0.034116631212683685,0.0001,0.27364360967222423
-0.0651146452690206,0.03406414830087656,0.06518971260297766,0.35798242836048655
-0.06559596894602111,0.03393853466971394,0.09256434546970103,0.19538079086930857
-0.06557559491589166,0.029588929338145525,0.08501572947739426,0.18365551812678696
-0.06527044214046128,0.022575567826339266,0.015221106533984853,0.10953210884163303
-0.06514685183996353,0.01715279480552309,22.59716263091545,1.5421660450352983
-0.06534106408466978,0.016407789095410574,0.0001,0.04026687787323775
-0.06575528359189899,0.020347949337190863,0.0001,0.044825143113426315
-0.06637985675202643,0.026366307401761158,0.6766859725448275,0.46977404680709534
-0.06703307917610524,0.03237998294311478,0.0001,0.13250724181316811
-0.06736391334807884,0.03120440081140677,0.02652537847055304,0.28395855063891084
-0.06622087780894953,0.0234140392052182,0.033587921027728375,0.13725620472103112
-0.06330406580976063,0.011291562097411306,0.17358583558739105,0.24984934920086277
-0.06163312086845697,0.010959610277230108,0.031125376123487973,0.10969559363962321
-0.03868937757279704,-0.05946469504322782,0.0001,0.015198814938213172
-0.029033855685908494,-0.01581057439452585,0.001292862710724541,0.02031918391160703
-0.023959407375448785,-0.10658417064501036,0.0006840114119723912,0.01361163649593624
-0.02008733241951173,-0.1296644667269825,0.0005446305640189584,0.01382229314790156
0.0034217629291207197,-0.10293180738200797,0.00475355699355743,0.014710344621316998
0.051861482779090556,-0.16697043168281653,0.0001,0.01389788112367244
0.12307064151211267,-0.16634597572284443,0.0001,0.014679612363871263
0.06284939238519366,-0.09231516883337507,0.06162541078916432,0.02363500163795072
0.08994093774484502,-0.0548394122663404,0.013503895224115131,0.02775876334829595
0.01726315108347326,-0.0635845233717966,0.0001,0.022328169448825118
0.003310186554128264,-0.05750309030279502,0.0001,0.016215847471334133
-0.050645103067430725,0.04059062787447271,0.11692706743440631,0.11783882951657804
-0.014076266222878164,0.015450876683060777,0.0001,0.024367605285588827
0.09032418000345227,-0.044324351287360925,0.00768339208284106,0.020995268187628646
0.02746295709717178,0.013020725133213146,0.0001,0.014963581418115473
0.06968229136171267,0.04007318706917276,0.0001,0.01341699923761894
-0.014480137682113259,0.06252797478340852,0.10894436585272706,0.09307426439185404
-0.031823103643704304,0.06230220888235062,0.3271841837773116,0.153267593737615
-0.03930926919373853,0.06535606642469598,0.4831746974908479,0.1949667424333281
-0.04696134698919602,0.06593477575459278,0.3788893660197879,0.1694423403757402
-0.04508985570476237,0.06371841603507755,0.9107603035273778,0.19212243076396765
-0.04222040107202385,0.06024409795044614,0.8902948643318059,0.197177330807806
-0.026797773822514914,0.05199262815906115,0.058014604791527334,0.044024136685656474
-0.03037928955395272,0.048304669409957576,0.03994511386374713,0.05876027601836607
-0.055059994934597484,0.05743253050969553,0.5167716056888957,0.2699666764130721
-0.07165692657351472,0.06852630377273718,0.06167652350463951,0.09198462019780779
-0.055178869158681754,0.06069109439263297,0.05301048662883124,0.24103133789331332
-0.054973965735614555,0.06307094746137203,0.6501407573529284,0.2593353939719482
-0.05866115785439677,0.06634837490695687,2.5893538676158245,0.4014705301627152
-0.06804770716778386,0.06945271300454753,0.2106578773758114,0.10279915777694833
-0.12964621740572024,0.0858229182670638,0.0001,0.016055814049236047
-0.0965272922078895,0.07965208878104225,0.0001,0.026587312985945254
-0.06462885975409263,0.04268607628353152,1.6133201938193262,0.2839399375210557
-0.06398928187792018,0.029733970420850575,0.015004273764131527,0.20193517519995852
-0.10007635568194397,0.10543375522335492,0.0001,0.024749398558579567
-0.07495569745212145,0.0560530949107636,0.0001,0.07032625577178601
-0.07010786548846737,0.04161746814632877,0.9368884091705202,0.22357413875912938
-0.07432062482445945,0.060200503330334304,0.06725676775447731,0.14422251779843245
-0.07256983353820079,0.05750603475066188,0.413469106651338,0.2715103373230365
-0.07070540107936052,0.04849716692150005,0.5220884795154462,0.22155539395420232
-0.07008229207603894,0.0470905733981567,0.8144684891785804,0.2225734795774088
-0.06970722867663079,0.04796729128759564,0.8030632868819958,0.2505096289017946
-0.06920832921704641,0.04873531507721432,1.0030761520528046,0.3298705955191676
-0.06984328997278398,0.055362594835269424,0.4176121746416474,0.165748277365442
-0.07121674029829032,0.06512123493983926,0.15420007289198254,0.17797193577018947
-0.07004270759957207,0.06611701735406955,0.18740423839755765,0.23437548313277373
-0.06863097387598974,0.06672862148983943,0.299064143713769,0.23069659226998698
-0.06743792058735476,0.06612441124492036,0.07481427189748344,0.13438327433187194
-0.06724114660309535,0.06271885773360308,0.15559349513016632,0.125483514952918
-0.06704981023955278,0.05931295273314777,0.39014804810750725,0.184930567051385
-0.06686364664912164,0.05590671901215366,0.3117017626782726,0.26514765698577997
-0.06668240789783927,0.052500177525554775,0.91023393988606,0.29390644788654824
-0.06629913035025332,0.050535405522968174,0.8667226549637158,0.23734126082421994
-0.06557244824633908,0.05066841776118583,0.9417335032545063,0.4317230572831352
-0.06479457119780556,0.050729831827889316,0.6387345800172364,0.2639564004472378
-0.06396757329494901,0.05071783873822111,0.4074694525323023,0.25345439124094543
-0.06311295056774699,0.05080390507870841,0.1820245761169576,0.26856793554085934
-0.06290589502623942,0.056933599442225924,0.35944485811629184,0.21534505710698565
-0.06268235906697228,0.06306233011026033,0.3109145960562187,0.16137302671601514
-0.062172620729622534,0.07546640372160324,0.3729242394935217,0.09968148874316343
-0.0688737455041153,0.08828664161881172,0.0001,0.03206259496187503
-0.05728634206051928,0.14105694841686978,0.0001,0.01732268406299572
-0.16683708628408717,0.14667069423496626,0.0007814160315643969,0.013299990807361562
0.057233513862045074,-0.23331476941778984,0.0002352983650106451,0.013702215771719772
-0.0021405790342949524,-0.1684957904675001,0.0001,0.01318749528341816
0.06685652869602866,-0.1337729579154308,0.0001,0.016320074384014477
0.007086666511350426,-0.07320621358804064,0.0001,0.01729533638736125
-0.030315132361951144,-0.04115493909952758,0.0001,0.01623321982430311
-0.0427222432724251,-0.010686347633542564,0.0037506068750424028,0.032897208958102
-0.11207654362640143,-0.036779208652283985,0.004498271119692018,0.015143754081324717
-0.1211698449294579,0.0705203466719084,0.0001,0.016657384864370513
-0.06640638614714975,0.0695112571478493,0.0001,0.19803503104594766
-0.07476634545976746,0.06376512554285482,0.0001,0.09420508634124913
-0.04350728569353085,0.06858257685755823,0.38177906423108127,0.11059401650571768
-0.04726573243910437,0.06939526310295169,0.3033158218389269,0.15696561593578573
-0.04923903885858111,0.06919772206212667,0.4604219573682662,0.16467810651066708
-0.046244933595914,0.0680715565475761,0.35296409137821055,0.1282946499925182
-0.020423741144988128,0.06852312789575124,0.00039933685083711796,0.07128692140268145
0.05766168336983174,0.07526583599424741,0.0001,0.014980360007311523
0.01685163896181585,0.08578864020563454,0.0001,0.018255116210507544
0.08787474034987569,0.12208527877250544,0.0001,0.013953172119774662
-0.010853021489620612,0.06570118541817546,0.0001,0.04472394443836878
-0.05457620216034614,0.05160691116439102,0.5341312376393451,0.20577623620342061
0.010204984164502745,0.05441353038624737,0.0001,0.028711701016980205
0.06018106932555456,0.1044665085263684,0.0001,0.013741861656972321
0.07357837991952704,0.12096352354019733,0.0001,0.014005680503520676
0.08283570205979057,0.12849521077195242,0.0001,0.013615253367150859
0.1354545642829711,0.17602951204689893,0.0001,0.012668029808553858
0.13407698854403743,0.18959757242022926,0.0001,0.013287135350903574
0.07842271306682733,0.10777492583397213,0.0001,0.014015545758467687
0.09110377117291615,0.12477757684719037,0.0001,0.013098253485702592
0.06423812658411246,0.05348220946437504,0.0001,0.013979614164035368
0.03184211471700549,0.027946936784526172,0.0001,0.014496600542653268
0.04079104350781683,0.01383035202494623,0.0001,0.014100304489026366
0.033368655041394274,-0.050876235845263934,0.05668624736098549,0.025613298780311242
0.06417408134741084,-0.0007373365656041242,0.0001,0.013996205823547738
0.07336067997622345,0.08655335622649271,0.0001,0.014129296685252502
0.065065109146713,0.1325088152354846,0.0001,0.013181492462580935
0.08676033034768815,0.19283795281332072,0.0001,0.012493748252933196
0.09857617338010478,0.16262993270395612,0.0001,0.01276511109122023
0.10245820637904991,0.1920624375391794,0.0001,0.01269692721303749
0.12501532055534462,0.2481619683880842,0.0001,0.012791292925726344
0.1086272063670173,0.31263987793849934,0.0001,0.011966660056903647
0.07163813367368574,0.23505547581061384,0.0001,0.01232559547121656
0.05897136851425099,0.3481323668369166,0.0001,0.012103294586301879
0.08794537982881845,0.41482453275114567,0.0001,0.011734008191260841
0.06601087896543933,0.4809515833516878,0.0001,0.011772797035253024
0.08239589082211998,0.475365337120521,0.0001,0.011667006570676557
0.1102613656407247,0.5130764735000906,0.0001,0.01153072763606195
0.14570752721023925,0.4530534685213692,0.0001,0.01168573492170265
0.10470109401888164,0.36730221872487445,0.0001,0.012022863176963832
0.15234882013263784,0.3599674006378972,0.0001,0.011754119165810931
0.18818131589861897,0.4306934281449019,0.0001,0.011890506299203001
0.17432891114378912,0.48966803443300105,0.0001,0.012080890759986338
0.18769514586820135,0.49062585249713,0.0002704538072494407,0.012271261519859182
0.21723556153018486,0.5237132700309429,0.0006230002008086566,0.011948634016392835
0.24540362458240844,0.477164586422939,0.0012122111713784882,0.011949770880980213
0.19743242536519445,0.3940115001911005,0.0001,0.0122635718908727
0.21452415140977127,0.34890349317669833,0.0001,0.011759178215807357
0.17079715469755602,0.2838273880508216,0.0004411011652621841,0.01240927252442133
0.15339990460369413,0.3063931564397654,0.0001,0.012103588678073884
0.14876878384108816,0.2841447756574329,0.0001,0.012523407273114927
0.13049556110795596,0.23632581796377772,0.0001,0.012444629532135132
0.13051051529176166,0.19626500655246484,0.0001,0.012853290102190919
0.17936741788375532,0.27136189641810043,0.000666074589930341,0.012616910053274161
0.19235245803888584,0.24908135209190263,0.0003460383528305013,0.012073488656718784
0.2469022757267146,0.30853560563386545,0.0001,0.012277610796282321
0.2754570048459235,0.29964089087843093,0.0001,0.012058233049926504
0.28199542348537415,0.3154517755841126,0.0001,0.011730377071913144
0.30561250492439973,0.3498609753083546,0.0001,0.012512115443169176
0.2884206517051481,0.38283058377209755,0.0001,0.011626049505956632
0.23428967628595296,0.3155697451467836,0.0001,0.011850900883427887
0.24899990106303488,0.39573757000964427,0.0001,0.01176871222031651
0.29735280392395935,0.4685390639236442,0.0001,0.011770887821140484
0.2847919370966092,0.5154802608534251,0.0004949621324207063,0.0118182666799926
0.3003024663136402,0.5226747132322661,0.0001,0.011947563525910532
0.32539906754075715,0.5430441487720511,0.0001,0.011481042523780917
0.35306680311755356,0.5070067281289174,0.0001,0.01153897459434866
0.30230717830746756,0.4456283458427498,0.0001,0.011553278201799131
0.36193848011641755,0.4400301423427258,0.0001,0.0114318752572424
0.4202053793544082,0.511637513791462,0.0001,0.011553986296425973
0.4009318474152159,0.5498401563085661,0.0001,0.011533956900974666
0.42190462128286593,0.5614474101126177,0.0001,0.011524013392077129
0.4468684766435448,0.5772597730903183,0.0001,0.011462855509761177
0.48052130668171666,0.5437378066679038,0.0001,0.011591979173330061
0.42790337762193603,0.49030776615661753,0.0001,0.011678011310220072
0.4635147590675989,0.4426980594919193,0.0001,0.011015918948533335
0.3962261928267694,0.3806241519560487,0.0001,0.011516504573988834
0.3663266885904481,0.40316701807797295,0.0001,0.011668190960991703
0.3527288847982184,0.37752330688266833,0.0001,0.011620400036425673
0.3389621542481902,0.3524958007458739,0.0001,0.012601107478342269
0.365394426677531,0.3207578259260526,0.0001,0.011603887206249814
0.41335991998477173,0.3691538864249811,0.0001,0.011389005974634695
0.42333474979671976,0.3119561659889828,0.0001,0.011579322023855585
0.35942561697921027,0.2526330960019944,0.0002639685010595853,0.012163305435276148
0.39298804982543456,0.22079345968655442,0.0018512419399950224,0.012464778950972028
0.364472534222096,0.2115997706231371,0.0023780913677704557,0.012299278059448592
0.3359769705782716,0.2023482909755106,0.0018563038121874697,0.012415189134949312
0.29343074588167317,0.22570446514245432,0.0001,0.012139893288497973
0.34063460873697504,0.2645940613158701,0.0001,0.011993625385180581
0.2825402782136386,0.2696269669654491,0.0001,0.011798301175130683
0.2140065393904167,0.21193184480926783,0.00048174715232348876,0.012669452504199586
0.18962785638934912,0.22157818792510364,0.00020937536417164684,0.012453717269516726
0.17316135234724275,0.2008568625177768,0.0001,0.012595049057635095
0.1565796716916272,0.1814698988690436,0.0001,0.013790912432319263
0.1754699650119741,0.16768738956751061,0.0001,0.012812578733683067
0.22245199502183832,0.1996009752325905,0.0006550226802977975,0.013216786891791092
0.24694815675003917,0.1579285476147884,0.0005760842196619106,0.012899939294800685
0.1825937328304506,0.11210587110958453,0.0004979964952738539,0.013438352134151491
0.13935454048160179,0.12850094690943517,0.0001,0.013096791301174731
0.12712716375154737,0.11309408921145706,0.0001,0.0141651916491536
0.11605414215651066,0.09821616438250963,0.0005960881691361335,0.01435401267749957
0.15226124492556814,0.07534087496146119,0.002826632974555159,0.013801285468288477
0.19293803668629456,0.09569077021699621,0.001353776439973094,0.013475954795125106
0.2576397513742609,0.05786548888346814,0.0052183339908495295,0.013596770108760063
0.32302045222214054,0.09989284617112662,0.001485733204756212,0.012812872955068395
0.28457846367360523,0.13287284745657196,0.0007262252561876871,0.012840588771859108
0.31471819912518906,0.14122495469362073,0.0015316961356879012,0.012610526174792228
0.34238482657325814,0.14786280222298637,0.0017915874625590714,0.012712112776157542
0.3834084223621684,0.12345688707929031,0.0015344086479402508,0.012285774596189788
0.35383085860753916,0.09471462483182871,0.001542734646700291,0.012867047332579496
0.4258779566215111,0.05562512211955256,0.0002839787680076488,0.012531759571114708
0.48337088469177625,0.10952301808410488,0.0001,0.012005465739137716
0.5283764035746774,0.07805432514976078,0.0001,0.012100224887026606
0.5408144464230569,0.10673413696875565,0.0001,0.012131261372514942
0.5441953539660308,0.12738478670708672,0.0001,0.012029123728381656
0.5172516501908944,0.16299695254671365,0.0001,0.01186091624213391
0.4799840656031607,0.13793124118213107,0.0001,0.012133750981967173
0.43072199781397613,0.19090337145248207,0.0013227677371013993,0.01220444960036011
0.49692014918912547,0.24409715507195304,0.0001,0.01191068199208012
0.4685792097405254,0.27414110095637995,0.0001,0.01161327486064204
0.5056205251271226,0.2912592801851478,0.0001,0.011653503616717884
0.5257463633464445,0.2935935202616494,0.0001,0.01128018143072948
0.5648468308491352,0.27967439461431626,0.0001,0.011428281423214502
0.5338117629955613,0.2467690937343686,0.0001,0.011634632411158388
0.5951202878507003,0.20277767619642836,0.0001,0.011419726351276974
0.6624694910584417,0.25607344760431533,0.0001,0.011637677714391595
0.6350269291257853,0.2874426987329829,0.0001,0.011648078643711849
0.6758411024527429,0.3072466930292407,0.0001,0.011424109625413298
0.6963988737948897,0.3087143536577887,0.0001,0.011411713485695207
0.7337523917966211,0.29492581053664746,0.0001,0.011319478905243067
0.7005266118365302,0.2581114456996919,0.0001,0.011580452885865416
0.7579789668866594,0.2042407934216249,0.0001,0.011455114721350575
0.7010515703016227,0.14238184408128185,0.0001,0.011806763687164351
0.6651722647220021,0.167485804090452,0.0001,0.011648752584595924
0.640940027288389,0.1287784508527693,0.0001,0.011958784716205482
0.6414732715426573,0.10944978241486347,0.0001,0.011903121565396958
0.65623000236318,0.07739658692692339,0.0001,0.012414951873803298
0.6989943906630534,0.10904515393824132,0.0001,0.01172747799962613
0.7583249279985426,0.05002024361804107,0.0001,0.011835714679292602
0.8284681387146535,0.09834191520309682,0.0001,0.011774014202289405
0.7997559754180925,0.13236544208979928,0.0001,0.011453018074846444
0.8431184643710317,0.1611326176777234,0.0012270462543067864,0.011714252686321204
0.868284653939814,0.15744973774255072,0.001596260495395752,0.011759069735612832
0.9004655655403196,0.14707190763599232,0.0004740646750684816,0.011851489619064945
0.8618191508382551,0.10321132867764148,0.0001,0.011841849813700766
0.9275528195049803,0.04782555467352598,0.0001,0.011188481743324498
0.9923769063492676,0.10281120990290843,0.0001,0.012496497747756637
1.0300892584907455,0.07364370358274634,0.0001,0.011637414943230211
1.094165169808163,0.10236122371168703,0.0001,0.012361479962716651
1.0298487632945879,0.14460069314996118,0.0001,0.011722427983685665
1.0874995732923214,0.18031081788587744,0.00018371279985954716,0.012651859442956187
1.0013629450085986,0.18711568494349173,0.0001,0.011312646026258946
0.9435570601102001,0.1389862373546915,0.0001,0.011589469535440596
0.971678528844716,0.25436346438730095,0.0001,0.011844913745802434
0.9926220594676645,0.2548353868964511,0.0001,0.011454073026869032
1.0878371536054579,0.2179099041222696,0.0007451868607455638,0.012731092607762296
1.0488506693262758,0.2559871899897456,0.0001,0.011983392183206326
1.1038287701828824,0.3086841717910457,0.0001,0.013769535495579025
1.0078041192813194,0.35130535144965713,0.0001,0.010888693878711955
0.9466180719752849,0.2996077739034929,0.0001,0.011046388787402432
0.8925126186564956,0.33290186003036737,0.0002764510055921916,0.01109882907821221
0.8902378617432072,0.3119717597077215,0.00045001928928625117,0.01208818408140944
0.9302573068547,0.22642078717243236,0.0001,0.011396954212630027
0.8743965821213845,0.2716696513163962,0.0010568774583982884,0.011335460705239964
0.8145614027979653,0.21017085221507098,0.0008880279950986518,0.011762172877158902
0.7902861076735853,0.2961266827673364,0.0001,0.011217951455785087
0.8484026912949034,0.3572368095220021,0.0001,0.011323558555007057
0.8201517272459267,0.39491234095924665,0.00040627930496722314,0.011116563120048379
0.8266971750296086,0.4189744620700671,0.0006818323802252612,0.011823253619762487
0.7927581325875395,0.4934886660892686,0.00019561992881599605,0.011380110055349042
0.8433789469952706,0.4529141560827362,0.0010483067242807174,0.011005204766652038
0.9040946179489713,0.5182657192563789,0.0007416300286867005,0.010630578530121256
0.9254604357006686,0.43731103410741307,0.0011196759569174852,0.01096008311990921
0.8652457584159161,0.3729723270758462,0.00041723387167998333,0.011433900240319582
0.9799403759525765,0.41041545154123654,0.0001,0.010826299801912057
1.008587271505423,0.4192073574287756,0.0001,0.01090136643433957
1.0847127980171272,0.3817681633680831,0.0001,0.014567639666174451
1.0415643918695863,0.504234075553731,0.0001,0.01214947454239845
0.988825988914818,0.4595427321834245,0.0004761886608438884,0.010852927927312397
0.9756556925410643,0.5522067717151988,0.00026462037295581415,0.011478923215929013
1.0233765443398049,0.5710244230955481,0.0007113077285945038,0.01235087115735732
0.974461095868427,0.6622532094931094,0.0001,0.011689084021227845
0.9112642001250375,0.6825355258498702,0.0001,0.010813637940767383
0.9521974704506515,0.632873857843047,0.0001,0.011077516813332949
0.9195713531764864,0.538280421362183,0.0004203173915672778,0.010798910461217524
0.8654409464113956,0.5835980173387663,0.0001,0.010381582366234514
0.797928825890286,0.5234802457830856,0.0001,0.01094728602504611
0.8412632360407807,0.6338778040034848,0.0001,0.01159446905968477
0.8517746743175036,0.6618319974754721,0.0001,0.011309173493856715
0.7952962736212821,0.6215651853058584,0.0001,0.010680412153022375
0.7498181430902696,0.6602998577347343,0.0001,0.010858104763371502
0.662175980694649,0.6194809437132485,0.0002191470219584531,0.011052272319772273
0.6985443869749893,0.5734813569897524,0.0001,0.010548417499413513
0.6369866071325422,0.5063516588765172,0.0001,0.011294126843724056
0.7458922436689259,0.5450992412383417,0.0003668819962701008,0.011974307211404855
0.773525593019658,0.5556511256948943,0.0001,0.010959937483043119
0.7372879264196162,0.5033952918376117,0.0009153833478324902,0.011188874453390356
0.7755283844243441,0.45915524268600955,0.0005574748586273694,0.010894245508341727
0.7395977769091522,0.3717628663508135,0.0001,0.011247541605252619
0.6888502925737997,0.41088843666797414,0.00040667718577447256,0.010932048560268928
0.6225373847032765,0.35214195925267894,0.0001,0.011422905147411384
0.6535479853731508,0.4545575481606978,0.0004868809816062484,0.011976436743816762
0.6644627923325769,0.48100438386274696,0.00047832257303081723,0.011268545869095339
0.5822624769324481,0.4799590475056077,0.0001,0.011002133962737172
0.6136582360279339,0.4422871287367597,0.0001,0.010910923266001758
0.5745403499411353,0.3578406362494733,0.0001,0.011455760906721455
0.5279598094158314,0.3918098067208855,0.0001,0.010960659526132684
0.46346112115167293,0.3305311981179257,0.0001,0.01141344066762281
0.49418023396378197,0.42697812460471524,0.0001,0.011059700744700848
0.5063652308927914,0.45280491534698153,0.0001,0.01126964697286551
0.4932147725563527,0.5055262890300072,0.0001,0.011076719972092822
0.5251798522104523,0.48047467528646154,0.0001,0.011229734725161398
0.614401213226998,0.5203702376962962,0.0001,0.011021651394319173
0.5791387432083965,0.5650755102362442,0.0001,0.01079080589471933
0.645167414947575,0.6290733266616033,0.0001,0.011112311219238497
0.5484577413551515,0.6027268394711465,0.0001,0.01162354193993962
0.5231268194735679,0.5894356704794135,0.0001,0.0111507169926471
0.5276901148265087,0.6612609470969238,0.0001,0.01095566771171823
0.5557410541397788,0.6354561269389098,0.0001,0.010831167814090907
0.6428733217185668,0.6749401944510993,0.0001,0.010967571847509492
0.6075236771140612,0.7258698483760722,0.0001,0.01069935045388037
0.6709535992680355,0.7928867392124792,0.0001,0.010536589822202375
0.5808997539603782,0.7718209050631871,0.0001,0.01089485989659458
0.5530764231782812,0.7546198131776308,0.0001,0.01083761868881149
0.5778147514635641,0.8016087889410219,0.0001,0.011409899021034545
0.5613366965509521,0.8407342725739945,0.0001,0.011093531936085848
0.5889577616187576,0.9478397975359385,0.0008682531188913201,0.011360768270578312
0.6328118274830152,0.8974546591517069,0.00011147696560220864,0.010786819520152684
0.690134273278787,0.9712445226909423,0.0001,0.011191327751360742
0.6751078321464401,0.8628349879989068,0.0001,0.011478763972701443
0.6570363235601354,0.8243709045081887,0.0001,0.01062361896973325
0.7160295559672627,0.8287715675534751,0.0001221190031611517,0.010796813129214761
0.7035448290437213,0.868082886920061,0.00012101428004015651,0.0105901468606348
0.7260345438139,0.9713310890174676,0.0001,0.011326171206966176
0.7726461135248816,0.9222165254525053,0.0001,0.011699848385130572
0.8384698346888271,0.9304330521008913,0.0001,0.012865453321825912
0.7797245011365954,0.8577245352948919,0.0001,0.010839545041026927
0.7994064971717526,0.8260816221874827,0.0001,0.011452808099577105
0.7578313668587955,0.7922265534625026,0.0006171384593390323,0.010890330785919415
0.7241943921086138,0.8072085083355142,0.00029682730058832555,0.010930706160351984
0.7295713006049047,0.7766933575760735,0.00021013893948684833,0.010575251224661847
0.6778956688552631,0.7136112643050337,0.0001,0.011081197911971801
0.7254700762924259,0.669585698452263,0.0001,0.010555221745400007
0.7916003011343484,0.7333694160545612,0.00023279208066835698,0.010618347936720157
0.8204003244155864,0.7109583550815273,0.0001,0.010510532088633208
0.857906643849942,0.7567049661024813,0.0001,0.010768794662560883
0.8437037718175213,0.7953711979783635,0.0001,0.01112283016771474
0.869281236144183,0.7907460583935251,0.0001,0.011401863034542131
0.9423316805426907,0.7561842303238786,0.0001,0.01180084060436278
0.9480906784136331,0.7275220434183638,0.0001,0.012168286715177574
0.8692676055848545,0.8847850280916806,0.0001,0.012423250072575122
0.7254896922687637,1.0439875899225082,0.0001,0.011927869799654262
0.6973131233005296,1.0543556108483005,0.0001,0.01252912082969742
0.6751593074234679,1.0336051832938096,0.0001,0.011534982169989272
0.6075634073149896,0.9806225884084512,0.0009196414739767427,0.011153337988671862
0.6000685315822294,1.0850656369088374,0.0001,0.011612238029492818
0.6210416464877581,1.1185772227346262,0.0001,0.011646056564400495
0.5511507506028065,1.156233848568791,0.0001,0.012003247414360985
0.5133583996056273,1.1836125744917,0.0001,0.01207774203371926
0.4651369116135982,1.2269698110156628,0.0001,0.013551654246198657
0.339729570031308,1.2738566903261959,0.0021813279350910136,0.01267664728168619
0.3830150486473499,1.2369850677439316,0.0009766608897491303,0.01170751232386037
0.32804047685340404,1.1683264195448257,0.0012333490048354833,0.010473450781095987
0.3932697060122896,1.1403952463417186,0.0001,0.011548644266945117
0.41678618399229445,1.1949662381327115,0.0001,0.011158750808860158
0.4453042746519166,1.1086273599027805,0.0001,0.01081643318268399
0.3951875812700406,1.0310788310014378,0.0001,0.010605790379051816
0.36074673907198157,1.0730718356654227,0.0001,0.010450572320728761
0.35147390166064335,1.0381369057592706,0.0001,0.01105305886693645
0.34491909945360516,1.0071156312667786,0.0001,0.010518794970125698
0.3677596467849234,0.9613127208405471,0.00036396421403657025,0.010658867274464448
0.3980715226384679,0.9965407060430271,0.0001,0.010539682665867458
0.44230590223434074,0.9393765316401335,0.0001,0.01064019130226773
0.49890118299730923,1.009360549680749,0.0001,0.010614288305464206
0.4745981221019736,1.054646272437104,0.0001,0.010697895255360163
0.5032707245009647,1.12943453008711,0.0001,0.011110113762375322
0.5410128805040414,1.0488998311616544,0.0001,0.010781001616955185
0.5707668409271704,1.123027240036649,0.0001,0.011623770298129655
0.5710868046419431,1.0160263930036961,0.0001,0.010714002834688175
0.5282110523697254,0.952604150208388,0.0001,0.01093548183552552
0.5458959456874826,0.9007856149445856,0.0001,0.010953261283489378
0.5246256021110108,0.904957227168333,0.0001,0.010872841831567543
0.439679010489588,0.9172862275192124,0.0001,0.011008895612899867
0.47501867264967373,0.8542279104076671,0.0001,0.010751021624800582
0.42879466072491035,0.7849564980833462,0.0001,0.0111074252537749
0.4945632469204637,0.7696699811210277,0.0001,0.01110284658599232
0.5466549448387357,0.8299133251901687,0.0001,0.010872251062082106
0.5014197643670957,0.7429737274378605,0.0001,0.011242146636145483
0.5022003165968484,0.7154225994380594,0.0001,0.011620581204160822
0.4962335254645458,0.6206519928142596,0.0001,0.011017755039034006
0.4368008244320836,0.6579951364035372,0.0001,0.011437913829788078
0.4210030096187498,0.6433364380586417,0.0001,0.011372187382050893
0.45201008776723506,0.6894377717128681,0.0001,0.011160697886745691
0.4139995893640688,0.7376466655487963,0.0001,0.01090077370541727
0.3570178297502469,0.668592625741293,0.0001,0.011157453626170342
0.3708459618050288,0.6354175441619023,0.0001,0.011552250161163773
0.3615886832205318,0.6372898018042179,0.0001,0.011372194672268335
0.2890985941656722,0.5618495245750378,0.0001,0.011192657263399765
0.30897416179135134,0.6708228426762611,0.0001,0.0110224524931484
0.3181481852778782,0.7031517772734474,0.0001,0.011245123563817473
0.30073783555024375,0.7793494188946994,0.0001,0.010855530158469245
0.3326677286133602,0.73650665828249,0.0001,0.011117663652957195
0.40411444974160377,0.7801453299646877,0.0001,0.010831869981651145
0.37490185312940827,0.8362282394844467,0.0001,0.010643892760978633
0.42815978072004257,0.9096073528464366,0.0001,0.010964941738729646
0.3406161790273267,0.8825678754664155,0.0008394253906475397,0.01094587022818173
0.3186332920383697,0.8714098477392915,0.0007473788230531364,0.011284915436196526
0.29678730830384265,0.8603845394837881,0.00021433019556979136,0.01092350568106254
0.26377129641077546,0.9029633714727899,0.0001,0.01052846352006134
0.19134652508055638,0.8671958689199895,0.0001,0.010465564151788
0.2261234687121307,0.8022398151842828,0.0001,0.010596746588757013
0.1763893541037101,0.733124341527061,0.0001,0.010662492408336548
0.257780197514563,0.7489829588518709,0.0001,0.011202702157750806
0.2788309446248404,0.7602059871858642,0.0001,0.011224799168209117
0.25873314038422096,0.7090987616315194,0.0001,0.01139243687969872
0.2793467332059418,0.6633897284597408,0.0001,0.011260445115418736
0.23200777803135625,0.5478921366658269,0.0001,0.01146464328042553
0.19525983305190364,0.5695609706270539,0.0001,0.011923157076787172
0.17843040750062517,0.5908743232423843,0.0001,0.011328261282897089
0.22140333114072078,0.6604587355391378,0.0001,0.01087313342669564
0.1541629100384807,0.6856902483287298,0.0001,0.010901566959293892
0.11601322566997121,0.6145532805540488,0.0001,0.01127266803306639
0.13917724326354325,0.5520040688046868,0.0001,0.011428684758950092
0.11761392196713723,0.5815473353180691,0.0001,0.011169470978148863
0.05415335248959849,0.5467481526916047,0.0001,0.0115874716075481
0.0784482743068605,0.630439924813271,0.0001,0.011306495941984913
0.07299527870670942,0.6636742920757738,0.0001,0.011078194205211252
0.057296383925966865,0.7967504022293395,0.0007702909572227182,0.010929482105363438
0.10426963784175447,0.7286657312158287,0.0001,0.010555663614667192
0.16047972434567054,0.7651332884083801,0.0001,0.010798030363123276
0.11577365598332068,0.8328042741083295,0.0001,0.010319986601656762
0.1521779058239583,0.897026744127103,0.00012588573172518766,0.0105867313259467
0.0942994554652043,0.850445359778849,0.0001,0.010674952759510394
0.07250472807062218,0.8594117724755561,0.0001,0.010534547638378203
0.10542410990087292,0.9181360604897673,0.0001,0.010318619826524935
0.060477412197860736,0.9936774325795399,0.0001,0.009900001939152631
0.07562278800176238,1.112254336207176,0.0001,0.010250700968827827
0.09435041730051247,1.0279028309599114,0.0001,0.010241921354730728
0.1340925480226446,1.1122493467865757,0.0001,0.010232548619658225
0.16184937686179424,1.0131945160690505,0.0001,0.010263473672820536
0.12183841198430452,0.9627853898803207,0.0001,0.01040510439023781
0.183182706362058,0.931092449657076,0.0001,0.010581627544597377
0.20578123080418545,0.9878696001360939,0.0001,0.010445994250621106
0.24852037082566908,0.918133596937944,0.0001,0.01050314400135644
0.29937552616490704,0.954607033787044,0.0001,0.010611340042667134
0.258217109044678,0.9841842972657394,0.0001,0.010444453275838105
0.30849035408827785,1.0652118113504274,0.0001,0.010289612222861682
0.26268114417156235,1.1321384263598964,0.002483648410507563,0.010490642272697777
0.2087577702518361,1.0310776870812708,0.0001,0.010094530333085387
0.19314903717654813,1.1132199108534366,0.0010734858831158726,0.010337728797628532
0.22139008964122936,1.2297168502615408,0.0012835614219381208,0.010915873260080032
0.2619708930066109,1.1650247375464355,0.0031205945110054996,0.01055427499226893
0.30381781196328594,1.2326231887279484,0.0027367685830280413,0.011404745730841074
0.29320297612908763,1.2730002330042383,0.0020280070156066575,0.01236666386885332
0.23494891364948078,1.3127393862661092,0.0001,0.013530306424379529
0.1882247876357832,1.2885291176814757,0.0005539478300460665,0.011769847840576012
0.15132266642328107,1.2783299424425987,0.000947856831570543,0.01101165223478887
0.11740720548959022,1.2173531829293107,0.0009658207800285253,0.01083451830203752
0.16383909763843077,1.182267937547697,0.0004389208538257661,0.010238325079893883
0.1405087400680822,1.1577482036993763,0.0001,0.010660685631475543
0.09099008864903843,1.1287768204199229,0.0001,0.010252520645864517
0.04653922152760831,1.2423892532344003,0.0017213292545218248,0.010416908207442939
0.09787492487238639,1.2782629353111339,0.001644169319446693,0.011794634318679161
0.05643606485663206,1.3118377224189082,0.0005662486909419216,0.0126595938270368
0.017920866527044645,1.2293863453285647,0.0014842639579658158,0.0103393147371401
-0.014099228392084759,1.3297308063500557,0.0009034245234754436,0.013411275972354801
-0.09337036437382258,1.3290153241232796,0.0001,0.014507542851479796
-0.0732749467802437,1.265095573367349,0.0001,0.010554796903355692
-0.05977337078527137,1.1912083742699089,0.00020805221688641344,0.010336521551044918
-0.04550133330795163,1.1481108424775455,0.0001,0.01028641788409975
-0.0198456789616311,1.197080927848878,0.0006776502526975649,0.010733653489050853
0.012396882971001125,1.1434611360310298,0.0011970704121893427,0.01050793610897859
-0.021702881709482702,1.0856772264083747,0.0001,0.010433022547790148
0.02895907505451048,1.013232428850784,0.0001,0.009904592780991883
-0.018762402708670883,0.961341051227398,0.0001,0.010125714615649917
-0.03809301576741539,0.9655499859492911,0.0001,0.009873884592353086
-0.0900865721827787,1.0153112518737912,0.0001,0.010144529811040469
-0.040362279236984086,1.081622668310906,0.0001,0.009900802476528345
-0.11493521155384087,1.0683256567516832,0.0001,0.00998079861569513
-0.12598399283341116,1.0272747416277204,0.0001,0.010135943088829813
-0.10007052449289049,0.9683485331892879,0.0001,0.009815698091006261
-0.17229754555871815,0.9967895395682892,0.0001,0.009851617360393904
-0.2173549304251014,0.9598553127119258,0.0001,0.010235212475849121
-0.19009130746934755,1.0233530082837938,0.0001,0.009714662141726919
-0.23543664560722663,1.09184242327545,0.0001,0.01129470942819437
-0.2348063668333496,1.223023699461202,0.0001,0.010486717612727748
-0.1993515125465069,1.122395517983226,0.0001,0.009877823544500758
-0.12020553531420086,1.1181138321918216,0.0001,0.009863118193179546
-0.13218066378889382,1.196193361460149,0.0001,0.010134796363096082
-0.14483403889279434,1.2679234337175929,0.0001,0.010896531664731961
-0.1677112636125941,1.313889602594206,0.0001,0.015604634588388315
-0.23205972870981967,1.2721988152331938,0.0001,0.011602240255214181
-0.30007278579600527,1.226888938311817,0.0001,0.011821710192690937
-0.27988203622340824,1.2092738803430332,0.0001,0.01215782965717829
-0.2921040001384987,1.2023025820205466,0.0001,0.011478214195106754
-0.36524769763805787,1.1496698619084604,0.0001,0.012557810654985567
-0.36113367985980616,1.230777292524903,0.0001,0.015062381966334129
-0.48086210670280966,1.1581060063536253,0.0001,0.018102057232243587
-0.4347492944195016,1.2032700712251052,0.0001,0.01835115684962903
-0.41247662345648006,1.107963677767937,0.0001,0.012830474541423314
-0.46003431451629806,1.055915021971685,0.0001,0.013371722741642443
-0.5140991943805566,1.1009146624632846,0.0001,0.014991006769464176
-0.5126026427490056,1.0773487323848403,0.0001,0.014618067546441798
-0.527225111122197,1.0334289609866578,0.0001,0.014344235529956575
-0.4781620933504508,0.9655309627080191,0.0001,0.0131889126455477
-0.4271603085732017,1.0251604643523384,0.0001,0.012618429406855869
-0.3651790550001439,0.9552192688377095,0.0001,0.012298291161213941
-0.3256885318493228,1.0169570770368805,0.0001,0.011522465851326982
-0.3612986598953487,1.0844815393628093,0.0001,0.01218836617092333
-0.32534029895784167,1.1211460723689275,0.0001,0.012188636351188909
-0.2850830466319026,1.064513421065207,0.0001,0.011011716792698833
-0.2555642576045626,1.1258845963610324,0.0001,0.010507095816571853
-0.25813321285030555,0.9792353577281601,0.0001546919279290265,0.010645586262489562
-0.26582870023626604,0.9429541343776517,0.0001,0.010416359627297816
-0.26731495858221005,0.9150930507516911,0.0001,0.010500509453314814
-0.23909127586163187,0.8641358658654916,0.0001,0.01076195680714894
-0.24483872760983127,0.7520073797855571,0.00014820624141920736,0.010756519006344513
-0.30488162946535835,0.8219759815885348,0.0001,0.011380876454777191
-0.3503855814536946,0.756529675875947,0.0001,0.012299341503402188
-0.3602348374314389,0.8751768099395372,0.0001,0.012153521678396952
-0.34997305605468243,0.9144721421539137,0.0001,0.01226319386170744
-0.3858280795406033,0.8931530349530212,0.0001,0.012677145167088077
-0.42560462452765424,0.921999211940236,0.0001,0.01250115442412871
-0.5146418135135967,0.919649144232374,0.0001,0.013368989666904939
-0.4576731725422655,0.842726165351499,0.0001,0.012413656565658269
-0.5058868478798682,0.7790646895009726,0.0001,0.013515247899184466
-0.41344676834466865,0.7650316801292056,0.0001,0.012466817948110206
-0.38032016238241567,0.781928229784524,0.0001,0.012331198341362468
-0.3732753839363401,0.7027099984770124,0.0001,0.012350740478440057
-0.4102270727391443,0.7273204829357496,0.0001,0.012427576119340106
-0.5016217458011056,0.7320594967728876,0.0001,0.01317709860842501
-0.441912327506343,0.6578975147765578,0.0001,0.012574486263686726
-0.48714549574636534,0.5938078314813832,0.0001,0.01279870119723751
-0.39573170356663,0.5738105447167954,0.0001,0.012864281714907977
-0.360150847400964,0.5928312805959739,0.0001,0.012370305026373866
-0.32019395546566143,0.564162468500323,0.0001,0.011867438832175248
-0.3375881390840223,0.6053952991395788,0.0001,0.012612181005424156
-0.3474274539988082,0.721580745539617,0.0001,0.012235562289367926
-0.2900214099712048,0.6461766584231978,0.0005157152574509028,0.011549163564672256
-0.24074350137378045,0.703677113785897,0.0007520719135807073,0.010820562964658144
-0.21792204857068537,0.5901833155162086,0.0009767780222209724,0.010822510216560163
-0.23714268586545778,0.545891668812646,0.0003803932732087966,0.011481893039559578
-0.19383194058410766,0.5713399197844006,0.0010025184698575552,0.011315491585287739
-0.1660922167556939,0.5545685321623675,0.0012845186987582302,0.011425951759537588
-0.08125679856163628,0.541327817026474,0.001714222340780138,0.01116239515369744
-0.13628970063887305,0.6120548899814151,0.0017370369262622893,0.010673771478202696
-0.09748888602515329,0.680117508007277,0.0007789371219584607,0.010696569402510292
-0.17893609640053548,0.7131691705763259,0.0003707394695210524,0.01021024769934247
-0.21127622959162617,0.6767893915543147,0.0011039940996348417,0.010755364410961685
-0.19315701863381057,0.745955361551303,0.0001,0.010160491748732445
-0.20246179095268715,0.7799959574737558,0.0001,0.010041515897586359
-0.21713920825103566,0.9109736794028553,0.0001,0.01034338831267672
-0.18911600935627218,0.8653646076374025,0.0001,0.010098792902141876
-0.1435042131136922,0.8923718693358249,0.0001,0.009809836451364325
-0.11609325098187538,0.8707718629115868,0.0001,0.009944297735201833
-0.1421366501244986,0.8071936698174118,0.0001,0.010267027774813415
-0.09874627278392273,0.7383344034338906,0.0007857239484092245,0.010500050097428193
-0.023910929070565454,0.7555094261892125,0.0015804331304235502,0.010654551809407437
-0.07292532404974537,0.8350926638098668,0.0008201535306626455,0.010092270916840196
-0.05731858488157253,0.8837215430704523,0.0001,0.00988431702507474
-0.015272116648065465,0.8314061665433128,0.0006486050361280572,0.010355287323561191
0.005621837864482587,0.8893975335548328,0.0001,0.010056465872182662
0.04007674596257875,0.7970645095003863,0.0009316175814091772,0.011272392996034625
-0.0075661789048380446,0.7323731179964241,0.001042650734691357,0.01050220214413033
0.021301272370299967,0.6796445648509072,0.0001,0.010802715095714793
-0.0031295759219269192,0.6659482202639226,0.0001,0.011208777536491943
-0.04559289563892793,0.7015458653191469,0.0008510524350114565,0.011185704014567246
-0.022958895174735386,0.650595191933429,0.0001,0.011098709052453446
-0.0589628136888789,0.5836185659894213,0.000994061309352062,0.010918394764059614
-0.005936579853639337,0.5175342973223747,0.0001,0.011167252286442487
0.0337295365622,0.586836545643532,0.0001,0.011008546820521393
0.03797042617311172,0.46511180509441485,0.0001,0.011639530459385218
0.028836806482414337,0.4225795411285624,0.0001,0.011653983382033382
0.04763680661021278,0.3651472703647025,0.0001,0.012101948303184772
0.021097279115228004,0.3913656256891731,0.0001,0.011941158749703777
-0.011546573607297175,0.33860197588637214,0.0001,0.011572443095237717
-0.05687786093810143,0.41835095879823314,0.0001,0.011280995968897674
-0.02122705497038886,0.4860613405448431,0.0001,0.011368634045698073
-0.0953223394880641,0.5008858557757009,0.0017052826230060205,0.011584698952003591
-0.12418392385001029,0.4829809964784393,0.0013276577869713608,0.01179167863709401
-0.16226188465875208,0.515105526096352,0.0010494193101377783,0.011326886503475225
-0.14391680081280211,0.47020230794320167,0.0008013945621468763,0.011409319911991284
-0.17585654866565095,0.4137367142215386,0.0001,0.011083496531332775
-0.11687682064860597,0.3424606958346009,0.0001,0.011648616055907359
-0.0765245796177221,0.3968378381463078,0.0001,0.011250693131984655
-0.07494830851115564,0.3130550074035472,0.0001,0.011787644258310559
-0.10249648350347829,0.2933752501545863,0.0001,0.011850536979581272
-0.1388992920010336,0.32376766628088616,0.0001,0.012364830119933501
-0.12213573461145036,0.2842565533905421,0.0001,0.011835769657288752
-0.1512356585475409,0.2341964578290618,0.0001,0.011831535999094875
-0.08822475395723761,0.16441405320481273,0.0001,0.013578216433638922
-0.05295245403169682,0.2093340186351618,0.0001,0.012255019950160309
-0.023340279028365774,0.1718208370352856,0.0001,0.013001265794357937
-0.011828158261112831,0.21276480432707823,0.0001,0.012608985038860734
-0.032277019980207766,0.26367058158088696,0.0001,0.012003166451486363
-0.010770295185967282,0.24719419969775758,0.0001,0.012494316334137558
0.0178974027033854,0.2972573233839729,0.0001,0.011724590608367442
0.052274539772940734,0.2186500006155706,0.0001,0.012368479643518384
0.03147258137436107,0.1488810836799882,0.0001,0.0130314762866933
0.048572765826836964,0.10202408627034953,0.0001,0.014023738918067642
0.03832898630372465,0.06835417400532437,0.0001,0.016682053741472486
0.012803270013506979,0.10234362306430003,0.0001,0.01398879162335534
0.023836304221171917,0.07046577063841908,0.0001,0.02302662621157416
0.013526179931569765,0.030428156750028357,0.0001,0.017674848742422825
0.07115801949008264,-0.043569291241086244,0.043970100164719673,0.024520535771047833
0.06472549951382264,-0.011361902883796127,0.001857098617644337,0.014608841018481762
0.08519673953646649,-0.12388003667082416,0.0001,0.015089105217892267
0.14192090906910873,-0.12800969735638018,0.0001,0.01399127357856583
0.208281662210815,-0.1206556689817089,0.0014540121835267955,0.013655733295168351
0.14073253127962748,-0.0957175156706619,0.0001,0.013965021402726938
0.08805687656121056,-0.06337804694166448,0.02586878940285647,0.0259258125693749
0.09558898526049969,-0.06979987249475407,0.0001,0.01678164844000611
0.052238120703459484,-0.04178188081613678,0.1130740626711919,0.02566965634345161
-0.012479794245818299,-0.013404163485519621,0.0001,0.01811746721433084
0.057100359445666354,-0.05628725636238928,0.24988463964276283,0.03099337627604222
0.005643045506741884,-0.056929258017884336,0.0001,0.016959626097486517
-0.022867530761007948,-0.0583467710665432,0.0001,0.014920345539733666
-0.08540921681058744,-0.02226814135113528,0.0001,0.021915928576527414
-0.04441626343187294,0.006995158634153287,0.004678216977983425,0.03569851115949195
-0.09349482337496245,0.05492759125464178,0.0001,0.029324989826077116
-0.0718985375911736,0.052997004015284094,0.28497883127972606,0.17583060276657766
0.009573467334563157,-0.0031221675641755486,0.0001,0.015470334750257107
-0.04691687236396666,0.05570313139873595,0.5014533232198188,0.12872313414598244
-0.015444007326648773,0.08885301821832037,0.0001,0.024152283337850928
-0.08604575395057135,0.13803304409486483,0.0001,0.01561956331921309
-0.12720670865085304,0.10065362344671541,0.0001,0.016598738903267473
-0.17418596511931306,0.14261615630583988,0.00132524750302123,0.01469670564201549
-0.1984304217160765,0.1408387038446295,0.0025582010508811816,0.012726831479092883
-0.27661815112109844,0.19182233322910797,0.0027488517807231273,0.011995609215208319
-0.22204429931845415,0.1319213354961344,0.0033952116407246695,0.012902498728469224
-0.27526779520417655,0.09140469662544677,0.005555052666348169,0.012354404872459453
-0.19429670541669386,0.056973408433433737,0.005751725627532071,0.013637382287767215
-0.14376970541761053,0.09285254319109212,0.0001,0.016385804419257594
-0.14798944024414523,0.008222966664340761,0.0012717328237231715,0.015553741480947306
-0.15222097667789003,-0.010668470813306116,0.0038895420641521018,0.014672911548237244
-0.10918145260209033,-0.05835826459904818,0.005699145810866744,0.01463920098432653
-0.20733793548979207,-0.035782711830018354,0.007249094628166575,0.01447719647833292
-0.23882649131959333,-0.051756106769964796,0.006584054607398281,0.013669937044714746
-0.20052672362534207,-0.016302579956980867,0.006693176860751283,0.014208200097773117
-0.2603308877245861,0.03571633819373349,0.005535951438836321,0.012697208712970583
-0.3572035017156905,0.017083417980545496,0.0022059440381404765,0.012248280979759779
-0.29724368811063795,-0.02750920008496932,0.0032576317512215333,0.012826365341785445
-0.32536656115928014,-0.042753762988457115,0.0031087274993768232,0.012876575028273553
-0.3899955435510148,-0.06420737847578409,0.0022791735155342986,0.012325341272645472
-0.4422049667687335,0.020592770907576774,0.0001,0.01184837206049789
-0.41110607212113043,0.055761932464698835,0.0007403143070499014,0.012723305685968576
-0.4361051027581541,0.09530076552420572,0.0005364119109318246,0.011637080207081391
-0.4052674965678426,0.08440398402363444,0.00047314348876750166,0.011751657566591018
-0.2950917804373905,0.06986873012505958,0.004780276561070366,0.012437253336809749
-0.3644370196515972,0.1266514798046221,0.0011428481045312115,0.011416796509875513
-0.3204353279431247,0.17594467118802679,0.0012987318055658324,0.012108864835967697
-0.41624419377238325,0.21080344351355554,0.00016425259556665777,0.011846059043981174
-0.456408978344293,0.1797401183256693,0.00028830894617887064,0.011870921050502808
-0.43411981024468727,0.23985503929516586,0.00015805449239367377,0.011894577979523603
-0.44461944799854053,0.2684366899675402,0.0001,0.012415680571122996
-0.4658410891296345,0.3835163923014332,0.0001,0.013058645566067043
-0.4043225389513307,0.31207476053554634,0.0001,0.011943617653324294
-0.35751225764708067,0.35501505648362724,0.00013694832261127433,0.01218062319890688
-0.3191221219717928,0.25762271951320265,0.0005848476939018179,0.01164013945973148
-0.35105136762519884,0.21599487209436477,0.0001,0.011387798539037052
-0.29074178145725527,0.23863497579292414,0.0013753563206019754,0.011525522140191377
-0.26361645230697256,0.2269280821044341,0.0019402598288793484,0.011544765123235162
-0.16056025268089896,0.19210156696110056,0.0004177325627322554,0.012308778727125446
-0.2234416763404931,0.26285471673206307,0.0014922158955351541,0.011538638780217924
-0.1907857873279234,0.31290047374016683,0.0001,0.011572036900276606
-0.2747862925515956,0.3566372650933279,0.00045018355969188745,0.011597959801763376
-0.3149934901715927,0.3184045291674411,0.00045470072591193526,0.011732154287626823
-0.31537319130743907,0.4153572173359309,0.0001,0.01219417266251213
-0.2892823345299695,0.4035030241380096,0.00012628383415274892,0.012570209237085838
-0.1891731475636355,0.3632631026049127,0.0001,0.011320365500005607
-0.24599921165652516,0.4402961030248005,0.0001,0.01117671404562882
-0.21202756692892294,0.49594291348930597,0.00038747066581456754,0.010969931467717641
-0.29413563215334526,0.5383046812120061,0.0001,0.01178064353877112
-0.33704034223371915,0.4930221116021421,0.0001,0.012211127640515105
-0.3897658184837749,0.5357661528172338,0.0001,0.01257680657690485
-0.3796027801641576,0.5044154248954925,0.0001,0.012282353921876057
-0.33884957370321817,0.3810041141766246,0.0001342743536537303,0.012320190430947942
-0.40459326814537255,0.4483836082984067,0.0001,0.012558866100767464
-0.454061318323373,0.4008822294820124,0.0001,0.012844233147926994
-0.48907945900601113,0.5030582118915802,0.0001,0.012728975053271224
-0.44985150783633154,0.558214590198598,0.0001,0.013034601523060239
-0.5485725796114538,0.5531151457855383,0.0001,0.01334065794501358
-0.53977104860905,0.5235968225632075,0.0001,0.013185787076187975
-0.4936883320997619,0.4013263140645762,0.0001,0.012926659783783025
-0.5605604570200163,0.46677512047277014,0.0001,0.012979578418939392
-0.6159735490133693,0.41500958571194396,0.0001,0.013260782328901264
-0.6469598218541552,0.5197140502527376,0.0001,0.013463631787246416
-0.6054452302455429,0.5752422022892332,0.0001,0.013473458672180708
-0.6853882538114943,0.5381638016985963,0.0001,0.013470308879322141
-0.7085394006444832,0.5434015142516051,0.0001,0.013619320315818426
-0.8182876439561885,0.5943915174321694,0.0001,0.014613981396189777
-0.761732146276115,0.5257797944497149,0.0001,0.013860113789287904
-0.8121456674402987,0.4627619569322552,0.0001,0.013884953160114934
-0.7131665089207093,0.4322373017372202,0.0001,0.013184619571991761
-0.6623299640126004,0.47842569390584233,0.0001,0.013299677166459615
-0.6739243687093077,0.36166934997044364,0.0001,0.013957830612121256
-0.6942784177410731,0.3633864340898846,0.0001,0.0132487211843028
-0.8018790161808022,0.41537531984942455,0.0001,0.013642083325453521
-0.7485478888139511,0.3527014933096133,0.0001,0.013230591428119236
-0.8003137398682268,0.29126658483990353,0.0001,0.012876013561553504
-0.7000461980154729,0.26254226899616256,0.0001,0.012464511310952258
-0.6477667889856976,0.3073433984666006,0.0001,0.012712733066183635
-0.5889231348896509,0.26661809345298865,0.0001,0.013261628882661572
-0.5907446729864769,0.28723591867052445,0.0001,0.012868289767476318
-0.6411448270866789,0.3913454589265045,0.0001,0.013143026097013065
-0.5814748162015728,0.33613110091903775,0.0001,0.013059006166679219
-0.5280862633263059,0.3906345540717246,0.0001,0.012873843630452426
-0.49523818234921513,0.28970789324076063,0.0001,0.01212970867014958
-0.5391103587179114,0.23705742645411598,0.0001,0.012154634497452934
-0.4979089218695544,0.1797199213110432,0.0001,0.011955875438019244
-0.5190835444410407,0.1808885874999317,0.0001,0.01189311617615269
-0.61391742981754,0.2296912564641012,0.0001,0.012430114490997766
-0.5607413494162841,0.17082904712904737,0.0001,0.012171084544983512
-0.6197888161540748,0.11969722029715787,0.0001,0.011062744577001326
-0.52368884551743,0.08864236595986963,0.0001,0.01130752418981942
-0.46584855770114936,0.13428947807624403,0.0003466076120614865,0.011766934404486893
-0.49673544794984986,0.03576239933960848,0.0001,0.0119890012100115
-0.4998330886162017,0.013733104016847714,0.0001,0.011522263789528383
-0.4545417277470622,-0.061229242313479,0.0001,0.01203633562553898
-0.5559918432624844,-0.021434751251240947,0.0001,0.011551959248096579
-0.5843596452961863,-0.03947736602587814,0.0001,0.011568073097437974
-0.5424586428598711,0.004515458647391266,0.0001,0.011431956027288333
-0.6024841675725732,0.06578821989771988,0.0001,0.011094316316517859
-0.6945757185971185,0.030544819212898616,0.0001,0.011066676285297849
-0.6425316674212427,-0.010595709137639256,0.0001,0.011485625899325327
-0.6708711758955702,-0.02917537929835757,0.0001,0.011220157930134275
-0.7434321420375949,-0.0617611459748767,0.0001,0.011124641950849076
-0.7786644558030562,0.033105205918232364,0.0001,0.011087289429960172
-0.7600721250753506,0.07139986430705203,0.0001,0.011641537123650687
-0.7860356852749256,0.11573630406740314,0.0001,0.011494348190718377
-0.7468461788904966,0.09722551532221131,0.0001,0.011396441137127598
-0.6433878936718813,0.09539925184013887,0.0001,0.011314058254629826
-0.707211327410268,0.15728887664712243,0.0001,0.011540536311945244
-0.6546246877387729,0.21659306847530316,0.0001,0.01251329996398356
-0.7544031687548639,0.23451148762517124,0.0001,0.013332472500903195
-0.7955180618391018,0.21266261221014238,0.0001,0.01265381363694265
-0.8177518745479055,0.21524666012144086,0.0001,0.012869287392249996
-0.8532692759480004,0.23108890706699503,0.0001,0.01270554770919429
-0.9599216323516827,0.2368414957078428,0.0001,0.012830454912280747
-0.8931868226038674,0.17582246604831747,0.0001,0.012094263258618489
-0.9478739646579059,0.11376676235548852,0.0001,0.010859585822387155
-0.8468081924845539,0.09216100054658874,0.0001,0.011034344657747818
-0.8050758592579099,0.1212300182563077,0.0001,0.011382781844829172
-0.8315049188845104,0.06492226505412382,0.0001,0.01118413762030784
-0.8199660557546515,0.034271538795573694,0.0001,0.011046082878081159
-0.8326652967215615,-0.06099982065358269,0.0001,0.01120917235305156
-0.9156699309271202,-0.016189053806957926,0.0002232980754522513,0.011021183850525668
-0.9352627049672334,-0.0045905596282740935,0.0001,0.011376774636053
-0.9023935243204328,0.034840703438136375,0.0001,0.011061723188472379
-0.9815246353641066,0.08073683104804699,0.0001,0.01061809601030541
-1.045316132544088,0.025664215165932133,0.0001,0.011494032683080286
-1.0018661226362835,-0.02439610685158706,0.0001,0.01111805434738745
-1.0309807097750583,-0.003348491561364658,0.0001,0.01115932425743436
-1.1167533472553886,-0.04223940799673267,0.0001,0.013476711822109688
-1.0747216746730552,0.027764554299012173,0.0001,0.01171946317036694
-1.1054357393947434,0.10776656704563914,0.0001,0.012641837436965031
-1.0882377341956695,0.0980500905871844,0.0001,0.011839261507952952
-0.9910638624219776,0.11957958584505074,0.0001,0.01082007981703315
-1.0470012999845362,0.18297655435339674,0.0001,0.01238955872393377
-0.9845566192403363,0.23800784548544535,0.0001,0.013198729343313845
-1.0956456641894308,0.2381470687639275,0.0001,0.016236874221021106
-1.0690663559029905,0.2834922705243513,0.0001,0.015689050608503615
-1.046211079989192,0.39588622559697195,0.0001,0.015972159156093114
-1.0166457530091464,0.3716208410653026,0.0001,0.015112660011151944
-1.0502288882793123,0.32846039747173145,0.0001,0.015578111357947783
-0.9827761440699176,0.26682297039114355,0.0001,0.013240223754931335
-0.9213421455298256,0.3214780713579684,0.0001,0.013489318555309195
-0.8837153126300296,0.29037656390378264,0.0001,0.013367931963201777
-0.8538347636074339,0.33183058104693,0.0001,0.013274024704472595
-0.8608750802112252,0.35898364194774957,0.0001,0.013769869049747033
-0.8726837720451853,0.3911987622639679,0.0001,0.01361571866885153
-0.9168165455035049,0.35364899310875375,0.0001,0.013691506711597712
-0.9772572362614671,0.42386270618066135,0.0001,0.01471682889000003
-0.9355235715653452,0.4986080979956798,0.0001,0.014964471138660652
-0.895669795749522,0.4638959045544302,0.0001,0.014558691497850693
-0.8622029260034649,0.5082476608857032,0.0001,0.014362322747854567
-0.8717520539330227,0.5387094995894639,0.0001,0.01507481467624338
-0.8812939492988557,0.5693006053852058,0.0001,0.014721399012112885
-0.9275785578026542,0.5278289873103188,0.0001,0.015207615495562125
-0.9879964604442489,0.5998149874750823,0.0001,0.01785614834195736
-0.9950158630100316,0.4867115601284001,0.0001,0.015046509191532918
-0.8512593977212425,0.8161111935900163,0.0001,0.018739134415396288
-0.8716455874564387,0.7175578334704531,0.0001,0.016225821984965964
-0.925205542211282,0.6982283138009695,0.0001,0.01869595284493707
-0.9215919014858945,0.6443426501980581,0.0001,0.01688599167873672
-0.8858656439581877,0.6751289304737488,0.0001,0.016387486304890918
-0.8189573844843243,0.609468210445052,0.0001,0.01472869756069377
-0.761307693304203,0.6650493281956088,0.0001,0.014748277912726352
-0.8036609542745049,0.7196562280941059,0.0001,0.01495559810877942
-0.7815559149533273,0.7873022411259081,0.0001,0.015528884614537459
-0.7209806550530462,0.698472899152688,0.0001,0.014159795657197119
-0.6994398787634715,0.765993010063073,0.0001,0.014414604957766489
-0.6768086097725028,0.649861858300069,0.0001,0.01400444144741716
-0.7126082049519411,0.6004232556032568,0.0001,0.013661544843661076
-0.6484703711086144,0.6309499437704579,0.0001,0.013765167492982148
-0.5967865192244676,0.6480542918857262,0.0001,0.01357865576844547
-0.5589450741910278,0.6156314909795295,0.0001,0.013724747425491249
-0.5309893594319888,0.673558583414767,0.0001,0.013267230208854784
-0.5793161568161944,0.709124934339032,0.0001,0.013446628833036739
-0.5287452639931418,0.7698825047089344,0.0001,0.013926629408223997
-0.6328418938893313,0.7634900522452039,0.0001,0.014102665051889214
-0.6588150357197359,0.7014841661999488,0.0001,0.013848728758736219
-0.6506327760963271,0.8219235780158194,0.0001,0.014622196642904636
-0.6176400212824821,0.8364323169049981,0.0001,0.014217414049269293
-0.5702988335781183,0.8017307491966935,0.0001,0.013461513217024093
-0.5934346219677518,0.8498027555343951,0.0001,0.014370061751859238
-0.552585908376044,0.909132337448561,0.0001,0.013526367069440673
-0.6168336551877402,0.9774722445246338,0.0001,0.015268117680677179
-0.6709677015897129,0.9177136663989718,0.0001,0.014972593497349406
-0.6992283124316433,0.9430129485755347,0.0001,0.016324157859117415
-0.7512839281758896,0.8947252801600044,0.0001,0.01625721427400641
-0.6923225462997776,0.8476758506817363,0.0001,0.014930971268694712
-0.7401164372544184,0.8162559845081739,0.0001,0.015530902906801333
-0.7695057799250329,0.8067229887709308,0.0001,0.015447246651184115
-0.8036393612458774,0.8952715629794205,0.0001,0.018969155247702048
-0.6767848578303256,1.0005598028972504,0.0001,0.016885876906666115
-0.650809120728109,1.0057382587746981,0.0001,0.01614425443829929
-0.5584024304894771,1.0042036101353202,0.0001,0.014157287299477354
-0.6164613071646304,1.0798890038499154,0.0001,0.018271419300049472
-0.6239334811443721,1.0787921104512888,0.0001,0.018826585348729205
0.05040213252407803,1.3419504996465137,0.0001,0.013814058811451254
0.28891629191974083,1.3156198957782679,0.0001,0.015029997079281088
0.5099077171305617,1.2326924664037218,0.0001,0.01335395790031778
0.7023785706177506,1.1024777290416508,0.0001,0.01357540770819571
0.863020204545356,0.9330659658712511,0.0001,0.013129343338899396
0.9931437247530919,0.7235948458530614,0.0001,0.013145671110419763
1.0870395108204207,0.4741749417603848,0.0001,0.014181687439265227
1.1345469661096526,0.1961123726059399,0.0001,0.013894807413509111
1.1298052310803652,-0.09316074622795095,0.0001,0.014505742361337153
1.0729130227983854,-0.3765735703165012,0.0001,0.016518950331200304
0.9678653889116158,-0.6401647349393729,0.0001,0.014693311654882916
0.8203957648953185,-0.8731622338042025,0.0001,0.013892163716538387
0.6369066915556812,-1.0669047214499547,0.0001,0.01704057123246422
0.424518089684408,-1.213783957741255,0.0001,0.013964207717723222
0.19179995806424893,-1.3069617256238288,0.0001,0.013701257225407243
-0.050449403499843545,-1.3412261481846361,0.0001,0.014104617290201984
-0.2891523946108339,-1.3148827621199137,0.0001,0.015793152492873063
-0.5104183388934921,-1.2317950236059516,0.0001,0.015160032799002616
-0.7031650767784976,-1.1012328887583023,0.0001,0.015635917610603886
-0.863876298274044,-0.9314586534914898,0.0001,0.015510794019727932
-0.9937964862058188,-0.7219027768971285,0.0001,0.014929263491191495
-1.0874360195378017,-0.4726331114593502,0.0001,0.013843380174103513
-1.1347684645636988,-0.19477286252748388,0.0001,0.0145672511173779
-1.129930723775679,0.09433717818491588,0.0001,0.01338170656144926
-1.0729839192280692,0.3776451123073354,0.0001,0.016550775977232025
-0.9678933057914209,0.6411750652890771,0.0001,0.018257196070945822
-0.8203801068752077,0.8741297993180522,0.0001,0.01973016124241331
-0.6368510775251388,1.067825279962048,0.0001,0.018665664843260474
-0.42444284922302217,1.2146412546617917,0.0001,0.019055779264372547
-0.19175008123542986,1.3077443971539675,0.0001,0.015772708527567212
