galaxies.source.pixelization.regularization.inner_coefficient,galaxies.source.pixelization.regularization.outer_coefficient,galaxies.source.pixelization.regularization.signal_scale,     log_likelihood,         log_prior,      log_posterior,                weight
                                        9.987768701344758e-05,                                            46.87321919719964,                                     0.05509746933150993, -2001.597537223784, 10012.26761158675,  8010.670074362966,1.7775794128670082e-09
                                       1.1612726961843765e-05,                                            50.36517790963967,                                     0.04529747770904992, -1999.329474655659, 86112.43800498197,  84113.10853032631,1.7172600621440167e-08
                                         0.006936819423553297,                                            46.57908406580609,                                     0.04858829084655429,-2002.0984158417273, 144.1797550955057,-1857.9186607462216,1.0772095424369234e-09
                                         6.44830489894241e-05,                                           180.89286965178616,                                    0.014716211381548288,-1991.0446089736593, 15507.95708551154,  13516.91247653788, 3.630702800931112e-05
                                        0.0013804813654146291,                                            51.39362663978102,                                     0.04274396926171162, -2000.729164005616, 724.4044620945577,-1276.3247019110581,2.2596537162097457e-09
                                        9.890900107702895e-05,                                            88.49185316374361,                                    0.031156847986065633,-1998.6301094062505,10110.314600588632,  8111.684491182381,1.8435279224296312e-08
                                       1.2505540457512583e-05,                                            88.54250034357685,                                    0.025256912256750967, -1989.622163043096,  79964.5680756624,  77974.94591261931,5.0462984057882366e-05
                                        0.0006350677383956637,                                           109.03568034750884,                                    0.022618536847419442,-1988.1555488989902, 1574.644347277363,-413.51120162162715,0.00021873352818273258
                                           0.1329100252031176,                                            795.5731010663038,                                   0.0031331727136791818,-1991.9470243059582, 7.525143874295373,-1984.4218804316629, 4.935129016468991e-06
                                        0.0005678813136449692,                                           124.35076713946127,                                     0.01981803076452556, -1987.110428082989,1760.9393771932996,-226.17105088968947, 0.0006220217367472941
                                       4.3443772980010366e-05,                                             99.5252886407905,                                      0.0244225527809076,-1988.3764642932215,23018.268624366916, 21029.892160073694,0.00017537715537420135
                                        0.0076324596272687225,                                           171.69518325346823,                                    0.012621970441014176, -1984.814402024063, 131.0251874733187,-1853.7892145507442, 0.0011199954798085249
                                       1.1314158082940266e-05,                                           136.78500088831436,                                     0.01673239319886564, -1984.790418219029, 88384.84272397829,  86400.05230575927,  0.001147181947325856
                                       2.1258763249186825e-06,                                           153.62831739033385,                                    0.015095685080123992, -1983.977494914801, 470394.2567665787,  468410.2792716639, 0.0025863089894093763
                                        0.0030657274461548993,                                           164.74804343544596,                                    0.014051923219656298,-1983.7101287864093, 326.1929268487536,-1657.5172019376557, 0.0033790610906254573
                                         0.001054160060969166,                                            246.6680158621764,                                     0.00845280244319439,-1984.4114522923333, 948.6265991514769,-1035.7848531408563, 0.0016757727147564423
                                         0.053241806336699955,                                            263.2976950322544,                                     0.00824649804964026, -1985.424231855312,18.786030757780658,-1966.6382010975312, 0.0006086540824064194
                                       2.8274111975744877e-05,                                           188.06525377880124,                                    0.010971104160782386, -1986.730206897339, 35368.04802923204, 33381.317822334706, 0.0001648894179734218
                                        0.0028561646103157368,                                             131.445121811368,                                     0.01747290800562772,-1985.2663300005538,350.12748401796296,-1635.1388459825907, 0.0007127651276464271
                                        0.0003123847381715387,                                           129.75111880768165,                                     0.01696519933532861, -1985.966345927703,3201.1884236790615, 1215.2220777513585,0.00035394305009554485
                                        0.0016190533735322907,                                            122.4779639528911,                                    0.018173121583238798,-1986.2408604239004, 617.6530282991489,-1368.5878321247515, 0.0002689758311551079
                                       4.9343907074158635e-06,                                           107.15266023857134,                                    0.021841523750159773, -1986.931071408861,202659.27555092188, 200672.34447951303,0.00013488337869784777
                                       1.3961161661921082e-05,                                           277.09583579600616,                                   0.0075240064717773105,-1983.8055816765568, 71627.28106725984,  69643.47548558329,    0.0030714353618776
                                         0.013232216906312126,                                           169.18005712929366,                                    0.014374291302831532, -1985.440230245687, 75.57903720073568,-1909.8611930449513,  0.000598994075114407
                                         0.027570409506949285,                                           278.34622680849844,                                    0.008647262797301037, -1983.926285142828,36.274363299645685,-1947.6519218431822, 0.0027222031406930803
                                        0.0002062644385960667,                                           201.73156368620167,                                     0.01253517224193929, -1986.076126227012, 4848.150409621332,   2862.07428339432, 0.0003171439353148325
                                        0.0006050782373247925,                                           215.89679137591756,                                    0.010879594816222634,-1982.3476767962243,1652.6834728820388,-329.66420391418546,  0.002625402108279851
                                        0.0006853060685614458,                                           235.16344150357526,                                    0.009279144011834549,-1982.3247965230662,1459.2062729991453, -523.1185235239209,  0.002686164505013226
                                       1.3280255882020627e-05,                                           368.87138162009296,                                   0.0056384140499428975,-1982.8690021934349, 75299.75663768985,  73316.88763549642,  0.001558788116885299
                                         0.011818811126331477,                                           225.38760599226754,                                    0.010041044363754009,-1982.5708304798686, 84.61531595909028,-1897.9555145207783, 0.0021003004055789834
                                        2.112406983362336e-06,                                            423.4523484332253,                                    0.005845778143576047,-1982.5842132025223,473393.62767908804,  471411.0434658855,  0.002072379910587942
                                       3.0385986597978656e-05,                                            292.4396330895327,                                    0.008285162161325606,-1982.2639152531697,32909.910648472454, 30927.646733219284, 0.0028547823669784196
                                       2.1528041977170127e-05,                                           177.32998626064523,                                    0.012262013769420118, -1983.992934573224, 46451.04847256875, 44467.055537995526, 0.0005066049813380071
                                        7.064206455050156e-05,                                           293.21758423257376,                                    0.007113779741529512,-1983.5320760164109,14155.875076462315, 12172.343000445904, 0.0008031890591064238
                                        5.436925986816538e-06,                                           203.41723739007364,                                    0.010904745884744655,-1982.5897372214308,183927.46731383726, 181944.87757661584, 0.0020609636057485566
                                          0.05192973454176662,                                           436.32481025886403,                                    0.004869273294830557,-1984.5137519618952,19.259082008726963,-1965.2546699531683, 0.0003009409847974256
                                          0.08679669178993454,                                           462.37377256834066,                                    0.004954065613777173,-1985.4284754824253,11.523339186437017,-1973.9051362959883,0.00012056519707766321
                                        0.0006326191152847378,                                            199.5563556052839,                                     0.01214756596414344, -1983.705995337335,1580.7349888210827, -402.9710065162524, 0.0006749717284989333
                                         0.003698200784481133,                                           263.23352111703645,                                    0.009282121832205215,  -1983.23227201922,  270.405558649473, -1712.826713369747, 0.0010839793417643483
                                       1.1020836834187398e-05,                                           213.44834734055456,                                    0.010817416586411669,-1982.1086597276585, 90737.21593720242,  88755.10727747476, 0.0033342612379889144
                                         0.009634614576542397,                                           380.26650236130797,                                   0.0064230331852100035,-1982.6283430876588,103.79505360957957,-1878.8332894780792,   0.00198291458896596
                                        0.0017118172930667593,                                            235.3478095228154,                                    0.009268141211846333,-1982.3979556055433,  584.178742447567,-1398.2192131579764,  0.002496663546431154
                                        3.426095200685285e-06,                                           410.99482582120714,                                    0.006080728249677101,-1983.2862717209296, 291877.4726797095, 289894.18640798854,  0.001026997137515702
                                        0.0003239596508736855,                                            226.4096768368242,                                     0.00959289821820469, -1982.647977340111, 3086.808582979788, 1104.1606056396768, 0.0019443612647154615
                                        0.0008071100876227942,                                           388.37115868259144,                                    0.006465189436744933,-1983.7847178015295, 1238.990930144346, -744.7937876571834, 0.0006238739483384518
                                       1.2787292714909253e-05,                                           169.61016152482136,                                    0.013603351993622306,-1983.3241293827618, 78202.64208281656,   76219.3179534338,  0.000988844174795997
                                       0.00014077664354225817,                                           186.64896659331686,                                     0.01176997724159672,-1983.3332973443626, 7103.456433324673,   5120.12313598031, 0.0009798199195933958
                                         0.005820407295327584,                                            270.4329079864025,                                    0.007781418318313161,-1983.6678753170731,171.81298005697488,-1811.8548952600981, 0.0007011983686635371
                                       2.6619410137920205e-05,                                           242.33300983400275,                                    0.009874650673965594,-1982.3724209064371, 37566.57659449311,  35584.20417358667, 0.0025612360095555644
                                       2.2351811089184636e-05,                                           163.47907448020266,                                    0.013933704827037336, -1983.550498599218, 44739.11007639525,  42755.55957779603,  0.000788527706803022
                                       2.6977977041509787e-05,                                           339.35424265504486,                                   0.0072922845064435065,-1983.0289952435965, 37067.27446462446,  35084.24546938086,  0.001328320843701306
                                         0.000562905173013705,                                            209.5559020597092,                                    0.010980913443871487,-1982.2059779499064,1776.5029246890306,-205.70305326087578, 0.0030250660160631676
                                        0.0005427182090901142,                                           163.56705760921042,                                    0.014012341581820834,-1983.5656617368718, 1842.582948696562,-140.98271304030982, 0.0007766613456341471
                                         0.018971639182045176,                                            400.4377022373735,                                    0.006087262257887898,-1983.0308512248243,  52.7127554798521,-1930.3180957449722, 0.0013258577915470939
                                         1.98358239485092e-06,                                           241.92655441967435,                                    0.010016265490162839,-1982.8830943344296,504138.37650251325,  502155.4934081788, 0.0015369755091097566
                                         0.001173503101411349,                                           199.04433778211552,                                      0.0115396105968755, -1982.490086077882, 852.1544548832006,-1130.3356311946814,  0.002276922582585854
                                       1.0636178215505915e-05,                                           150.74049421759577,                                    0.014237241045482255, -1985.751463063822, 94018.73965421921,   92032.9881911554, 8.728713440850137e-05
                                        2.059608510237496e-06,                                           450.77800705225474,                                    0.005459289243674483,-1982.1034081562907,485529.16712006455, 483547.06371190824, 0.0033518174072285313
                                       1.7774914501939798e-05,                                           232.23791123279392,                                    0.010509418328658073,-1983.3710066111012, 56259.06534900024, 54275.694342389135,  0.000943559600621834
                                         0.052461894681547466,                                           330.01087902484534,                                    0.007146653853547888,-1984.3929309170758,19.064484351334105,-1965.3284465657416, 0.0003395887159967619
                                         5.89611640799961e-06,                                           186.77696036036218,                                    0.012822852593263514,-1983.5148528397817,169603.16967469073, 167619.65482185094, 0.0008171423411376278
                                         0.000860629358168767,                                            366.5336443970364,                                    0.006799259889095783,-1983.3729315866926,1161.9431042308386, -821.4298273558541, 0.0009417450184950291
                                        0.0015301763933186327,                                           402.17587964818927,                                    0.006104676773547195,-1982.2768930811167, 653.5219136242978, -1328.754979456819, 0.0028179728629310866
                                       1.2663738753802291e-06,                                            458.4944502530067,                                   0.0045081089062203325, -1982.657246731425, 789656.2162274363,  787673.5589807049, 0.0019264214931297434
                                        3.813559514275229e-05,                                            201.4612044052332,                                    0.011777537678896308,-1982.8714032955809, 26222.22586409625,  24239.35446080067, 0.0015550497972324055
                                         0.012582263348142754,                                           214.70858997976228,                                    0.010798463224368846, -1982.921857326522, 79.48161423048292,-1903.4402430960392, 0.0014785376694227397
                                        0.0014307509440491231,                                            291.1431563103689,                                    0.007408096433226817,-1981.8559533681005, 698.9370990189817,-1282.9188543491186, 0.0010536792468808012
                                        0.0014575686861310836,                                            966.9019739144233,                                    0.002042042550133549,-1985.4686844901657,   686.07504879725,-1299.3936356929157, 2.842622802169664e-05
                                           5.048168218784e-06,                                            298.2388662735933,                                      0.0073338735839856,-1981.2048052397272,198091.65891216547, 196110.45410692575,  0.002020684291731357
                                          0.04481951341621567,                                           469.90034641304817,                                    0.004857883990238404,-1982.4419237096422,22.313838430216318, -1960.128085279426, 0.0005864415601244763
                                         0.003808943306142031,                                           324.83849033460325,                                    0.006847641990054772,-1980.7912429706635,262.54308486033534,-1718.2481581103282, 0.0030556687783852604
                                         0.013300909395831348,                                            291.6564563914207,                                    0.007824995052930392,-1981.6303483065935, 75.18625794322172,-1906.4440903633717, 0.0013203451048075033
                                           0.0425751997267871,                                            429.2718202382488,                                    0.005263821001998365,-1982.4595938875896,23.490181759940025,-1958.9694121276495, 0.0005761700503631561
                                         1.45064560694372e-05,                                            230.0031251315379,                                    0.010160136477138627,-1981.9379873624607,  68934.8286227904,  66952.89063542795, 0.0009706921449922253
                                         0.001993102737082827,                                             595.339421531955,                                    0.003419630704908528,-1983.3449854071455, 501.7319625511829,-1481.6130228559625,0.00023770046340326366
                                        0.0007689775650833597,                                           278.39530454127726,                                    0.008299221038311159,   -1981.0816270837, 1300.431647924919,  -680.649979158781, 0.0022855675365353796
                                        0.0013222792020312207,                                            305.8654319269109,                                    0.007497201271971284,-1980.7276803587824, 756.2731997439284, -1224.454480614854, 0.0032562007227456176
                                        2.534389303032578e-05,                                            749.7385148199577,                                   0.0027668221248658173,-1981.3710138201163, 39457.23857842484,  37475.86756460473, 0.0017112560481169362
                                        0.0016638535857287967,                                            268.5349952791049,                                     0.00860752829935551,   -1981.2720309509, 601.0181452366378,-1380.2538857142622, 0.0018893077670423795
                                       1.4204862863454389e-06,                                            310.4847656459401,                                    0.007792042538760577,-1982.0229500731825,  703984.272278906,  702002.2493288327, 0.0008916259070139556
                                        0.0015204133213009747,                                            306.7230786349093,                                    0.007434799275136656,-1980.7027438355885, 657.7191497519946, -1322.983594083594,  0.003338419917533974
                                        4.468340367726184e-06,                                            369.2868909160951,                                    0.005780224026963529,-1981.3735055115899,223796.74102776297, 221815.36752225138, 0.0017069974337925904
                                         0.006740447770101947,                                           310.02890461412477,                                    0.007350706687346971,-1980.9983748986483,148.36132189740263,-1832.6370530012457, 0.0024839910311317444
                                       0.00024308605485526917,                                            341.7452133710016,                                    0.006269519634995299,-1981.4721954610127, 4113.772432989812, 2132.3002375287992, 0.0015465799219402901
                                       1.9300364127342133e-06,                                           235.55282725476994,                                    0.009896194501193754,-1981.7953432030622,518124.94396257616,  516143.1486193731, 0.0011195180150702663
                                         0.007087141136979992,                                           363.73301835193126,                                   0.0064453342688692026,-1980.9445409657596,141.10336807618333,-1839.8411728895762,  0.002621378924276638
                                       0.00011310464222140475,                                            300.1089124894291,                                   0.0076348432653657655,-1980.7088830168573, 8841.373415258495,  6860.664532241637,  0.003317987535730789
                                       0.00032698772510297847,                                           297.90754968171217,                                    0.007308916201714195,-1981.3628302214433,3058.2221314265967, 1076.8593012051533,  0.001725317739985523
                                       2.9778447749007667e-06,                                            312.1099194651621,                                     0.00683580068980172,-1981.9747632654849,  335813.343250686, 333831.36848742055, 0.0009356425060639162
                                       3.7301520292546116e-06,                                            267.2220591369035,                                    0.008607696922620136,-1981.1378417429273, 268085.5917175111,  266104.4538757682,  0.002160629704628754
                                         0.002436804126486522,                                           286.55172591025246,                                    0.007700529059955959,-1981.2911506435617, 410.3770561694871,-1570.9140944740745,  0.001853527922978798
                                        7.667804695131824e-05,                                            339.8876216344148,                                    0.006341251572735426,-1981.2356421963545,13041.545336087116, 11060.309693890762,  0.001959323490400889
                                        6.512138970503322e-05,                                            309.5673725105718,                                    0.006934251385223546,-1981.7310550521856,15355.940880439864,  13374.20982538768,  0.001193853606547569
                                        0.0018796263444147687,                                           447.65329652401374,                                    0.004787494520507572,-1980.7665271744904, 532.0228681702829,-1448.7436590042075, 0.0031321331110700833
                                        1.287764087065352e-05,                                           312.09239201277944,                                    0.007100302216095624,-1980.7465729712999, 77653.97803111143,  75673.23145814013, 0.0031952600609888348
                                        4.976419761412872e-06,                                            291.3480709889563,                                    0.007748707992354852,-1980.7852993934644,  200947.682274446, 198966.89697505254, 0.0030738844611989365
                                          0.05683930232746066,                                            454.4717464141325,                                    0.004935435050426845,-1983.3227163579218,  17.5956604988533,-1965.7270558590685,0.00024305320575984608
                                        0.0015774107052976603,                                           256.39010887487456,                                    0.008652888983577266, -1981.576369773335, 633.9542067431789,-1347.6221630301561, 0.0013935740118409673
                                        8.870032436495289e-06,                                             259.061851314477,                                    0.008536534574180266,-1981.4962947542112,112739.16317651834, 110757.66688176413, 0.0015097539610462933
                                        9.386692201546188e-06,                                           499.71532375710785,                                    0.004901209283654286,-1981.6462404961026,106533.80310258365, 104552.15686208755, 0.0012995277847188198
                                        9.714688125536513e-06,                                            316.4195425606072,                                   0.0073218023662110394,-1980.6497018617897,102936.91550151489, 100956.26579965309,  0.003520276685189169
                                         0.007747270475852398,                                             748.452390008268,                                   0.0033046595191581693, -1982.239112733087,129.07905489683216, -1853.160057836255, 0.0007182976216205983
                                         0.048258601384468136,                                            528.6543167893161,                                    0.004257395962176832,-1982.4126182153182,20.723586201226414,-1961.6890320140917,  0.000603881819506445
                                        4.539136386966098e-06,                                            556.7725206660339,                                    0.004372946412777521,-1981.1467425608248, 220306.2263174195, 218325.07957485868,  0.002141483667183205
                                       1.0064901119634187e-05,                                           244.13728764287632,                                    0.009320790018709241,-1981.4529964549688, 99355.17789396265,  97373.72489750768,  0.001576559588231806
                                        8.912297285477535e-05,                                           279.32989204582924,                                    0.008367212864834392,-1981.2107145645955,11220.455142238197,  9239.244427673602, 0.0020087786236710134
                                        0.0001574620290089722,                                            281.4717394213509,                                    0.008294884448686032,-1981.1684073554584, 6350.740973666472,  4369.572566311013,  0.002095587820507131
                                        7.542766589493587e-06,                                            474.2313163967711,                                    0.005135871337705636,-1981.4226877462984, 132577.3512994768, 130595.92861173052, 0.0016250745729244087
                                          0.00336962082424811,                                            659.4490622756466,                                    0.003738804713985707,-1981.8839775635001, 296.7708124769862, -1685.113165086514,  0.001024560652052431
                                         0.009121715553723339,                                            311.9069096446996,                                    0.006960657190490998,-1981.8457355384967, 109.6317067884595,-1872.2140287500372, 0.0010645007538892203
                                       1.8633342238836571e-06,                                           301.74001687025344,                                    0.007656990696966081,-1980.7614292136464, 536672.3765160312,  534691.6150868175,  0.003148141373105095
                                       2.1359658565296104e-05,                                           300.83743886226375,                                    0.007265402682482725,-1981.1934135090555, 46817.23108745785,  44836.03767394879, 0.0020438349958905883
                                        5.393133862170435e-05,                                           242.61043660112372,                                    0.009677212243097989, -1981.818306320642, 18542.09904394238,  16560.28073762174,  0.001094103308470288
                                         0.019566886016328198,                                            364.8895268945777,                                    0.006062578041731954,-1981.5438146388356,51.109493012969644, -1930.434321625866,  0.001439688561156427
                                        0.0012997919178077677,                                            266.4836009971105,                                    0.008894417215489775,-1981.7992499322268, 769.3576670754614,-1212.4415828567653, 0.0011151528936160916
                                       1.7394057074147227e-06,                                            233.6825993147719,                                    0.009616263547245603,-1981.7039750062563, 574909.0066685785,  572927.3026935722, 0.0012266249389836132
                                         0.001010146491290294,                                           255.27722828176434,                                    0.009064656009020688,-1981.4338485729172, 989.9593432032402,  -991.474505369677, 0.0016070382348174381
                                        4.238418885287374e-06,                                            309.7693732110516,                                    0.006891647637368694,-1981.9740505942414,235937.04179493716, 233955.06774434293, 0.0009363095492351864
                                         0.003051841409158855,                                           322.35721707145063,                                    0.006883498520906452,-1980.8058261812362,  327.674126271612, -1653.131699909624, 0.0030114306679964293
                                         0.037967883269916194,                                            551.8911433549382,                                   0.0043295755566764476,-1982.7945705812085, 26.33986174194955, -1956.454708839259,0.00041216598722604926
                                          0.00604994462712778,                                            911.5223092490072,                                    0.002143102716599037,-1987.0531931211958,165.29186609471822,-1821.7613270264776,5.8287560660033895e-06
                                        4.823677921657318e-05,                                            329.3913356310697,                                    0.006694736360157342,  -1980.66011863207,20731.072071631635, 18750.411952999566, 0.0034837971012230155
                                          0.00237537291633743,                                           294.53016318874324,                                    0.007557598810578266,-1981.0280326539319, 420.9899246044604,-1560.0381080494715,  0.002411403150314318
                                        0.0013150209904069549,                                           241.13044984721284,                                    0.009640248760884696,-1981.7384492068336, 760.4482824697928,-1221.2901667370406, 0.0011850586241547267
                                       2.7271590801114447e-06,                                           331.95491945658637,                                    0.007222997999477854,-1981.4563090629258, 366681.9495453068, 364700.49323624384, 0.0015713457049385874
                                       2.4805255378612304e-05,                                           445.92121149026224,                                    0.004778538102513259,-1980.9155180386228,40314.039922734104,  38333.12440469548,  0.002698573805950677
                                         9.39189169236541e-05,                                           353.45083628534167,                                    0.006899364397458213,-1982.0896698047668,10647.485069837214,  8665.395400032447, 0.0008340780025918689
                                        0.0001455151141982541,                                            521.5519861812347,                                   0.0046644959764598065,-1981.2121191339852, 6872.140289438358, 4890.9281703043725, 0.0020059591352526007
                                        0.0015274929548632988,                                           477.75491746162015,                                    0.004331369166332161,-1982.5578853254178, 654.6695970331008,-1327.8882882923172, 0.0005222317242777283
                                         0.017894019197604666,                                           482.93530332509306,                                    0.004390503030696256,-1982.0935216879557, 55.88666478885693,-1926.2068568990987, 0.0008308714112278446
                                        0.0012601017792500163,                                           232.44953466891315,                                    0.009806808846032076,-1981.7431344744032, 793.5909919629102, -1188.152142511493,   0.00117951929416964
                                        0.0003773214711874223,                                            383.0482854700766,                                    0.005500233888879231,-1981.9585589486337, 2650.262604729029,  668.3040457803954, 0.0009509274603540974
                                        8.490725151514704e-06,                                            775.5759939997062,                                    0.002669312641678221,-1981.4526185170575,117775.57194502318, 115794.11932650613, 0.0015771555424793063
                                       0.00012666158898382745,                                           261.57400057330136,                                    0.008705058817257987,-1981.1815366581554, 7895.057153879498,  5913.875617221343, 0.0020682540430478663
                                        0.0007017201647368934,                                            317.6224406751938,                                     0.00723687060913242,-1980.5878091819427,1425.0726422621854, -555.5151669197573, 0.0037450398962429274
                                        2.130892603876411e-05,                                            442.6621581176745,                                    0.005533490125712624,-1981.8617305091361, 46928.69299555385,  44946.83126504471,  0.001047609542914697
                                       0.00013202625431858218,                                           263.41395052667474,                                    0.008717530564814597, -1981.187443415252, 7574.254881147036,  5593.067437731785,   0.00205607337833074
                                       1.1686363789838294e-06,                                            364.4495644084517,                                    0.005941184216482675,-1980.8370629450478, 855698.1634236942,  853717.3263607492, 0.0029188173205035722
                                        5.394633418464625e-05,                                            653.9620808040493,                                   0.0037746307680987167,-1981.7548412046212,18536.942270604624, 16555.187429400004,   0.00116579149063182
                                        0.0005417113574735056,                                            524.5016677515789,                                    0.004613108348445761,-1980.9490064183196,1846.0034463287304, -134.9455600895892,  0.002609699377686878
                                        0.0034976011798191074,                                           400.11924767029774,                                    0.005376331464505975,-1981.0197607212735,285.91274132881296,-1695.1070193924606, 0.0024314328427084706
                                          0.00166278998721535,                                            488.6163890187769,                                   0.0050362555172292125,-1982.0702552896942, 601.4009049530337,-1380.6693503366605, 0.0008504294365252858
                                        3.956279059491638e-05,                                           219.09091765536232,                                    0.010405329643899999,-1981.9356465085398, 25276.28020015202,  23294.34455364348, 0.0009729670550831612
                                         0.003938123410746158,                                             859.616642315492,                                   0.0024199101503061945,-1981.2205765821332,253.92921372821047,-1727.2913628539227, 0.0019890653796089857
                                        0.0009212893493798887,                                            469.8581067423071,                                    0.005185008203212682,-1981.5112604348856,1085.4374485661408, -896.0738118687448,  0.001487327696097423
                                       2.6928274183963915e-06,                                            697.5166656646226,                                    0.002928256327289309, -1982.645904440507,371356.88571386546, 369374.23980942497, 0.0004782302401762937
                                       0.00031773665899690093,                                             990.737887950131,                                   0.0018847082499556193,-1993.1239368166584, 3147.261395219862, 1154.1374584032037,1.3461250076761462e-08
                                          2.8297432818327e-06,                                            227.9578626405991,                                    0.009748936763307726,-1981.9744481752273, 353388.9518648466, 351406.97741667135, 0.0009359373643531954
                                       1.7053006388646516e-05,                                              250.09541442417,                                    0.008849608033483667,-1981.6315903757163, 58640.69040939186,  56659.05881901614, 0.0013187061629716347
                                        4.257955464795247e-05,                                            488.2126488559472,                                    0.005026756943320932,-1981.8038127401728,23485.452008203854,  21503.64819546368, 0.0011100762558013423
                                         0.008381013877558395,                                            277.1218871211263,                                    0.008402913435161407, -1981.696616028205,119.32091482843357,-1862.3757011997714, 0.0012356849402754893
                                         0.007291764053634262,                                            864.0160298269134,                                   0.0028170971145755038, -1981.084594657526,137.14218288326842,-1843.9424117742576,  0.002278795000107452
                                        9.913002383268953e-06,                                            266.4460181627149,                                    0.008463098775269929,-1981.1246819678786,100877.61492848335,  98896.49024651547,   0.00218925101747331
                                          0.02433357372023094,                                            540.7067902710277,                                    0.004284748200400236,-1980.9864398846216,41.097333863404074,-1939.8891060212175,  0.002513815120369702
                                        0.0005993287898474501,                                             625.445070211271,                                   0.0038317610602244213,-1980.2478389003968, 1668.534826264931, -311.7130126354657,  0.001884150814197013
                                       2.5667939957453336e-06,                                           337.56287668068506,                                    0.006899976877586339,-1980.5501820170934,389591.06545421213, 387610.51527219504, 0.0013925465289825248
                                       0.00045251362955110746,                                           393.86131590768997,                                    0.005555145872088097,-1980.3244821142675,2209.8807275885947, 229.55624547432717, 0.0017451386517323328
                                       0.00020166176569567305,                                           320.92906620613775,                                    0.006931805606181642,-1980.6014901453714, 4958.801312281238, 2978.1998221358667,  0.001322899578640525
                                        0.0031977585468877666,                                            700.7876463620253,                                    0.003060773650338684,-1979.8970367713896, 312.7204723024889,-1667.1765644689008, 0.0026758828196960867
                                       1.2606557243356262e-06,                                            426.0030106029124,                                     0.00543298667128181,-1979.8514070275228, 793237.9821511311,  791258.1307441036,   0.00280081121768707
                                        7.668588908247525e-05,                                            392.6827003727224,                                    0.006011132436362255,-1980.4959139372727,13040.211272919647, 11059.715358982374, 0.0014702054987273802
                                        0.0013599253170062584,                                           453.27857108718695,                                    0.005173234451224602,-1980.0802233340614, 735.3367039295124, -1244.743519404549,  0.002227974305112298
                                        4.904613473744792e-05,                                            366.4796404240336,                                    0.006177358079268177,-1980.0592644127814,20388.969267070996, 18408.910002658213,  0.002275163028157835
                                       1.1360437285582674e-05,                                            815.8723422721886,                                   0.0025842042443680892,-1980.2593852210607, 88024.78186234651,  86044.52247712546, 0.0018625209178796751
                                         0.008108020154999205,                                            881.5468400473991,                                   0.0023891921878909676, -1980.715663053636,123.33580558203036,-1857.3798574716056,  0.001180163596193207
                                        0.0008012358689527717,                                            321.5400198959349,                                    0.007080060315968646,-1980.5001944945584,1248.0750433412718, -732.4251511532866, 0.0014639256500831367
                                       1.0347827998898626e-05,                                            462.9521467105599,                                    0.005118758717749163, -1980.267701487242,  96638.6397665545,  94658.37206506725, 0.0018470959262262292
                                       2.1263371587208426e-06,                                            385.3018126553835,                                    0.005667039243381057, -1980.412075517062, 470292.3059107923, 468311.89383527526, 0.0015987796289052714
                                       2.7348786599258066e-06,                                           389.56049033774343,                                    0.005666294192818502,-1980.1300167765307,365646.93771370087,  363666.8076969243,  0.002119752521683324
                                         0.011874038119027812,                                            619.9883472852296,                                   0.0035819073944533797,-1979.7884611110826,  84.2189608968696, -1895.569500214213, 0.0029827777948531237
                                        1.379860285919936e-05,                                             856.938280879376,                                    0.002384374315578573,-1982.2838982754724,  72471.1064088293,  70488.82251055383,0.00024596103445336106
                                         0.008910681445012798,                                            599.7346854753191,                                     0.00368515074978879,-1979.7181110275847,112.22652990982861,-1867.4915811177561, 0.0032001737197719345
                                        2.183174245723289e-06,                                           340.38417882395777,                                    0.006844967679150795,-1980.5329999294086, 458048.6456235893,  456068.1126236599, 0.0014166801245946937
                                        2.492905633886373e-06,                                           355.15078274806353,                                    0.006569245058732406,-1980.4445578226164, 401138.3316825816, 399157.88712475897, 0.0015476819582452507
                                       0.00025460109143722853,                                            413.8166285909527,                                    0.005357008000043908,-1979.9113654009457,3927.7153511242545, 1947.8039857233089,  0.002637814470984747
                                          0.00632080471368823,                                            420.0284071701462,                                   0.0055918692153049876,-1980.6025097821662,158.21008460387856,-1822.3924251782876,  0.001321551389002992
                                          0.00584136100171153,                                            502.1683713207776,                                    0.004682631612564339,-1980.2476332692327,171.19497185378742,-1809.0526614154453, 0.0018845382941599558
                                        9.134066641493423e-06,                                           332.79889514263493,                                    0.006720749665831449,-1980.4056612058516,109480.26401553651, 107499.85835433066, 0.0016090676590417461
                                        5.155254462608959e-06,                                             429.234441672706,                                    0.005488583462979184,-1980.2363245142446,193976.84813879567, 191996.61181428144, 0.0019059710363941967
                                         0.002789993072953014,                                            629.3957547906834,                                   0.0037891303601920783,-1980.1761813125117, 358.4254177927381,-1621.7507635197737, 0.0020241195397729317
                                        7.891840706569052e-06,                                           348.01624051521964,                                    0.006657822491504457,-1980.3744916168466, 126713.1534781562, 124732.77898653934, 0.0016600114608961575
                                        0.0008742294572672083,                                           462.84280258842614,                                    0.005078695945035101, -1980.073219312037, 1143.866613636899,  -836.206605675138,  0.002243633862139562
                                          0.00572542970235448,                                            711.9557445275866,                                    0.003321841328134462,-1979.8938724386676,174.66078422419002,-1805.2330882144774,  0.002684363614213995
                                           0.0294415302341772,                                            639.1425205315686,                                    0.003623186008800421, -1981.053635097593, 33.96719043316971,-1947.0864446644234, 0.0008417106463241525
                                         0.005041467106435365,                                           390.16460045913175,                                    0.005717138948704958, -1980.289361962638,198.35752178343662,-1781.9318401792013, 0.0018075171454060433
                                        0.0007905962170229958,                                            408.8418332420978,                                    0.005688433172558599,-1980.0808328751114,1264.8706282853475, -715.2102045897639, 0.0022266166771221824
                                        7.544181000708172e-05,                                            333.5991896789379,                                    0.006772926211362924,-1980.3387511658389,13255.252307058827, 11274.913555892988, 0.0017204139965074842
                                       0.00017518792249770227,                                            425.9128344622243,                                    0.005443487176592391,-1979.8916270408486, 5708.158399655279, 3728.2667726144305,  0.002690397850514043
                                       0.00015558736064306248,                                           320.03590677369044,                                    0.007134064489639779,-1980.4853522469962, 6427.260427986059,  4446.775075739062, 0.0014858156434967593
                                        8.314819929381107e-06,                                            386.0320533197154,                                    0.006050733918727755,-1980.2577884856723,120267.18919138736, 118286.93140290168, 0.0018654972465131094
                                         1.03660286309493e-05,                                           403.98069038836155,                                   0.0054515459180359705, -1980.076596155171, 96468.96234437037,  94488.88574821521, 0.0022360702403066055
                                       0.00044303300112879526,                                            577.7351252711306,                                    0.004167836186760438,-1980.5626325117505, 2257.169927063252,  276.6072945515016, 0.0013753161219889514
                                         2.72678213546953e-05,                                            469.2314563666438,                                    0.005028999104008422,-1980.1064356651627, 36673.26571873236, 34693.159283067194,  0.002170332666164735
                                         0.001331737260951219,                                            461.9520687161343,                                    0.004631459707942813,-1980.7247785224085, 750.9010314339336, -1229.823747088475, 0.0011694547340861455
                                         0.020031656196518727,                                            570.8144861598839,                                   0.0039054182232401767,-1980.4318826396143, 49.92273645775346,-1930.5091461818608, 0.0015674239627427142
                                        0.0012050854316297472,                                           1000.4939316203232,                                   0.0020132296247860155,-1983.3818474780323, 829.8176861520122,  -1153.56416132602, 8.204139396096218e-05
                                         0.001332500320838246,                                           323.52928487798744,                                    0.007006972099775611,-1980.5090269279995, 750.4719533650022,-1230.0370735629972, 0.0014510525582671764
                                       1.9890058140781024e-06,                                            442.6871007279684,                                    0.005256150204996517,-1979.8641330019677, 502763.7412696681, 500783.87713666615, 0.0027653940029751228
                                       0.00021948333767191126,                                            431.5848434641232,                                    0.005482049132193904,-1980.3694007707668, 4556.156832491901,  2575.787431721134,  0.001668483871304927
                                         0.031703768438613646,                                            927.9758241006618,                                   0.0024167200076505193,-1980.4894310425366,  31.5430692843322,-1948.9463617582044, 0.0014797676479296937
                                       4.6920454624353745e-05,                                            386.4264352101087,                                    0.006043336593934671,-1980.2532802416586,21312.669057183386,  19332.41577694173, 0.0018739263492571433
                                        0.0017188386570518603,                                            995.9449977028522,                                    0.002094592969117417,-1980.7137768640118, 581.7891759265675,-1398.9246009374442, 0.0011823917091844278
                                        0.0073033041349284235,                                            384.0677374248838,                                    0.005838977319515852,-1980.4294826361634,136.92693022110197,-1843.5025524150615, 0.0015711903034698897
                                        2.547683242738897e-06,                                            562.5720989620305,                                     0.00428221301808774,-1980.5961490066989,392513.47567587724, 390532.87952687056, 0.0013299842720623423
                                         5.26015156717561e-06,                                            831.7078671166362,                                    0.002489218324262508,-1981.3450545249284,190108.59165441483,  188127.2465998899, 0.0006289280595339066
                                         1.25949525632261e-06,                                           432.54232265826664,                                    0.004995734732981998,-1980.4210295342923, 793968.8521190432,  791988.4310895089, 0.0015845280283169414
                                         0.004961709335828553,                                            453.5187966227864,                                    0.005209393611997175,-1980.5259831413182,201.54565146533614,-1778.9803316759821, 0.0014266556258812437
                                       3.2631140499910004e-06,                                           390.18794969881526,                                    0.005711905370218633, -1979.978445911645, 306455.7330951049, 304475.75464919326, 0.0024666728337322612
                                       4.7786919132967164e-05,                                           404.58617418677477,                                    0.005746832071023028,  -1980.05343644083, 20926.23120001895, 18946.177763578118, 0.0022884613278899013
                                        4.227345640527485e-05,                                             583.496884322713,                                   0.0036188524141326645,-1980.7529789103014,23655.507675111483,  21674.75469620118, 0.0011369363278224192
                                         0.001621933565673247,                                           389.87990312662095,                                    0.005784339581851933, -1979.997643138237,  616.550628983366,-1363.4470141548709, 0.0024197711875726087
                                       0.00020579717759450236,                                             424.154131452815,                                    0.005162176217566821,-1980.0917046560403, 4859.155489317261, 2879.0637846612203, 0.0022025405009931135
                                       0.00020247202864531622,                                            495.9697424794343,                                     0.00431043683058386,-1980.5176692513437, 4938.955839605906,  2958.438170354562, 0.0014385661264768863
                                        0.0004593042085006562,                                           432.51426128512793,                                    0.005032358068502883,-1980.2172058001402, 2177.208576434377, 196.99137063423677, 0.0019427613225707296
                                         0.008495955248070595,                                           484.69052053218843,                                    0.004574726300884157,-1980.0610588630248,117.70513137362023,-1862.3559274894046, 0.0022710840221895332
                                         0.002606676859742983,                                            386.6804328474276,                                    0.005787591307379058, -1980.125870941392,383.63279952708507,-1596.4930714143068, 0.0021285589084736297
                                       1.7356689457711013e-05,                                            594.7731937721612,                                   0.0036021528390564675,-1980.0323074724397, 57614.67540330757, 55634.643095835134, 0.0023373285944298184
                                        0.0011927815941195294,                                           365.19184215572056,                                    0.006138913816110358,-1980.1805826963669, 838.3791895416193,-1141.8013931547475, 0.0020152301897810314
                                        0.0002595564250469741,                                            393.5610112767422,                                   0.0059077415881650655,-1980.1322186057564, 3852.729360586959, 1872.5971419812026,  0.002115090323195887
                                       0.00026951744045023443,                                             379.559957678672,                                    0.005764437177019791, -1980.418294968756,3710.3376627804714, 1729.9193678117153, 0.0015888669538887145
                                        0.0010044981228286777,                                             926.003347452703,                                   0.0022426036034055687,-1981.0507598115478, 995.5230995865434, -985.5276602250044, 0.0008441342878613209
                                       5.2789014862135074e-05,                                            631.5025940648608,                                    0.003342652883298617,-1980.6181517766586,18943.336718905142, 16962.718567128482,  0.001301040523081835
                                       0.00011795857105644506,                                            617.7487918786803,                                    0.003871384537121627,-1980.1449554120477, 8477.554297182664,  6497.409341770615, 0.0020883216629614095
                                       0.00019895163215273933,                                            613.6314431836835,                                   0.0034730387277546308,-1980.2113994169035,5026.3489341587965,  3046.137534741893,  0.001954074552035256
                                        0.0014836728005398485,                                            411.5357444234342,                                    0.005371009241801851,-1980.0512943659674,  674.005484798391,-1306.0458095675763, 0.0022933686374101733
                                       2.6104428027463228e-05,                                           331.59823181331194,                                    0.006869078320061173,-1980.3578595154354,38307.680125035076, 36327.322265519644, 0.0016878518199153702
                                         0.010966715313505886,                                            737.1672341143724,                                   0.0031926510244429974,-1980.0349632688317, 91.18636239270778, -1888.848600876124, 0.0023311293611762178
                                         0.005123762654703435,                                           432.18128322839334,                                    0.005072544254068043, -1980.326671631517,195.17138536241148,-1785.1552862691055, 0.0017413218205852982
                                         0.004253168128713404,                                            536.8692135965516,                                   0.0039657988626619275,-1980.7776188102657,235.12071282038667, -1745.656905989879, 0.0011092646441965902
                                         0.001109487373130395,                                           419.45124787936066,                                   0.0055617446735238335,-1980.1065898593138,  901.319536671309,-1078.7870531880048,  0.002169998039361219
                                        0.0043993678447864165,                                            825.1967071005839,                                   0.0025596481689745434,-1980.4212706534777,227.30659644226168, -1753.114674211216, 0.0015841460142668586
                                        6.549711520541751e-05,                                            483.9511336710522,                                     0.00446092156371113,-1980.1811109338846,15267.850075564374,  13287.66896463049, 0.0020141659506981275
                                        0.0013308404247289747,                                            343.3567038134208,                                    0.006469574404100616,-1980.4769083916467, 751.4078002056953,-1229.0691081859513, 0.0014984147736242168
                                         1.42460542479861e-05,                                           505.93658338408807,                                    0.004700814274836736,-1980.2324287341194,  70194.8771744395,  68214.64474570539, 0.0019134107628368845
                                        8.187848032532233e-06,                                            420.7443149450349,                                    0.005170554652440894,-1980.2753368930294,122132.21538640621, 120151.94004951318, 0.0018330463048385236
                                        0.0002455537045429842,                                            363.2464350869054,                                    0.006333567976557918,-1980.1793205303597,4072.4316412115536,  2092.252320681194, 0.0020177753506929823
                                        0.0002989498973467803,                                            532.6529441479015,                                   0.0040263806985758625,-1980.2315314193997, 3345.044002764991, 1364.8124713455913, 0.0019151284650235371
                                         0.007862937180734645,                                            378.1418305306615,                                    0.006095953605016956,-1980.5823737930727,127.18158248412239,-1853.4007913089504,  0.001348431857533202
                                        1.233858134032369e-06,                                            672.7593337593339,                                    0.003184152670603917,-1979.8151839711895, 810465.9476255412,    808486.13244157, 0.0029041250349735497
                                        0.0025742478796248044,                                            426.4576006894581,                                    0.005521161010308351,-1980.3971501451556,  388.465323897643,-1591.9318262475126, 0.0016228209761884088
                                       0.00022567059922043992,                                            579.2037716831188,                                     0.00410560110924462,-1980.0203310645488, 4431.239129406016, 2451.2187983414674,  0.002365489692847433
                                        1.956256463018901e-05,                                           326.80563292874746,                                    0.006979274886236774, -1980.407184067701, 51118.04503979677,  49137.63785572907, 0.0016066191361448119
                                       0.00013767273750664032,                                            569.8761911074653,                                    0.003727840953448922,-1980.5002185912676, 7263.603961789166,  5283.103743197898, 0.0014638903747174101
                                        0.0032617033629689595,                                            405.5929841340687,                                    0.005423357964099754,-1980.2967998755298,306.59073819141105,-1673.7060616841188, 0.0017941228648244735
                                       3.8291012534964084e-05,                                            336.0078856911963,                                     0.00689476550335082, -1980.473128025014, 26115.79187271576, 24135.318744690747,  0.001504090051392985
                                         1.28598736730337e-05,                                           391.21808220400743,                                    0.005967123200401199,-1980.2132879948836, 77761.26409144298,   75781.0508034481,  0.001950387612497225
                                        0.0060811696567074774,                                            748.7257386857605,                                    0.003231346476326683,-1980.8288696374143,164.44338482197298,-1816.3854848154413, 0.0010538461649734136
                                        0.0019310211223725685,                                           484.58032266162763,                                   0.0048690908252030365,-1980.1627484509786, 517.8627894584632,-1462.2999589925153,  0.002051492695579257
                                       0.00025058096180116977,                                            611.6998858342525,                                   0.0034777078904501225,-1980.3035267367318, 3990.727796952017,  2010.424270215285, 0.0017820945510894108
                                        3.363095816439985e-05,                                             360.284565446958,                                    0.006102779478856568,-1980.4391486633326, 29734.51093653631, 27754.071787872977, 0.0015560762991741082
                                        0.0008998301197259002,                                              496.87078149004,                                     0.00479136527236493,-1980.3578382404353,1111.3228920352724, -869.0349462051629, 0.0016878877293450068
                                       0.00015776541049177884,                                            847.3231276982272,                                    0.002843030072015363,-1980.1010833746827, 6338.526189458018,  4358.425106083336,  0.002181980059342865
                                       3.5335236653114294e-06,                                            428.7551714549089,                                    0.005019829155869716,-1980.5909786263214, 283003.6255475933, 281023.03456896695, 0.0013368786044465838
                                       1.7955266718863484e-05,                                            744.2691611648335,                                   0.0032958109759703112,-1981.2116205638772, 55693.96655490019,  53712.75493433631,  0.000718704897221302
                                        2.215810346701113e-06,                                            504.7758535176017,                                    0.004404433667811701, -1979.394657239634,451302.16395933274, 449322.76930209313,  0.002601618263471965
                                          9.6703917559613e-06,                                           451.52080866340674,                                   0.0051364564757650985, -1979.760225314742,103408.42921910885,  101428.6689937941, 0.0018050090133731225
                                         0.008282109307239776,                                            549.4774577802252,                                    0.004125422383373998,-1979.6730247892924,120.74400803025163,-1858.9290167590407,  0.001969473229461033
                                        0.0007161561236053554,                                           478.24335746855013,                                    0.004666679666222583,-1979.5137113067444, 1396.345663342036, -583.1680479647084, 0.0023096121114861146
                                        0.0002926680609562984,                                            457.6601383632091,                                    0.004936310594148337,-1979.5228575338147,3416.8423989288353, 1437.3195413950207, 0.0022885841843565268
                                         0.003364620781141435,                                             605.337159223082,                                   0.0036298441565682142,-1979.4476812549442, 297.2119663125495,-1682.2357149423947, 0.0024672635083755937
                                        0.0001450347335983873,                                           417.00577191411327,                                    0.005438630606029726,-1979.7314613652766, 6894.902503626358,  4915.171042261081, 0.0018576821130007837
                                        0.0001221880950616029,                                            815.7628636698201,                                     0.00261527898678383, -1979.696249338043, 8184.104591201594,  6204.408341863551, 0.0019242601612169822
                                        6.856735392281445e-05,                                            568.0721803203887,                                    0.004169368720431974,-1979.8967172441503,14584.201715404148, 12604.304998159998, 0.0015747139802146013
                                        5.359266818270682e-05,                                            904.0823640984393,                                   0.0023501530049463816,-1979.7380268032516, 18659.26988127085,   16679.5318544676,  0.001845525566503814
                                        4.759457933542376e-05,                                            968.7680200223763,                                   0.0021511254549528287,-1980.7095755481064, 21010.79709269944, 19030.087517151333, 0.0006985247638367272
                                       0.00030423405201507277,                                           1033.1672420387833,                                     0.00197071001537545, -1982.340762161663, 3286.944008548516, 1304.6032463868532,0.00013669935391114635
                                        1.376255974049239e-05,                                           365.81191000964327,                                    0.006110157199853052,-1980.1276338597759,  72660.9044013624,  70680.77676750261, 0.0012500168613422402
                                        7.428287918207804e-05,                                             969.742115281834,                                   0.0021479515128957614,-1980.7397071052296,13462.053270034252, 11481.313562929023, 0.0006777910630303518
                                       4.5854234421186515e-05,                                            807.2008103248551,                                   0.0029606292535242357,-1979.7827587555562, 21808.23798345735, 19828.455224701796, 0.0017647907789433946
                                        3.940054494899263e-06,                                               561.4143471906,                                   0.0039030364072490434,-1979.4328053023405, 253803.5979737519, 251824.16516844954,  0.002504240757387868
                                         0.001871154489554578,                                            673.3764874283474,                                   0.0035283533515566307, -1979.880925653771, 534.4309004663035,-1445.4500251874676,  0.001599778602608858
                                       0.00016739863889223168,                                           489.73211337532615,                                   0.0044576632003875015,-1979.8186070352854, 5973.766264972632, 3993.9476579373463, 0.0017026466013440778
                                       1.8243924593375015e-05,                                           398.47808306301414,                                    0.005694349479763156,-1979.8368827015634, 54812.77017266032,  52832.93328995875, 0.0016718122179379118
                                         0.000105281317635542,                                           489.41640157234474,                                    0.004461872283186052,-1979.8083586999323, 9498.363409335296,  7518.555050635363, 0.0017201856140366908
                                        0.0011131516656184641,                                            452.2162542175194,                                    0.005026767089092075,-1979.6119169752296,  898.352392071952,-1081.2595249032777, 0.0020935766619532502
                                        7.253718497991498e-05,                                            480.2232509912134,                                    0.004823516046062791,-1979.6165507092605,13786.034725855081,  11806.41817514582, 0.0020838980259588313
                                        2.743477373318606e-05,                                           461.42920583109077,                                    0.004786883290455112,-1979.6900614191777,  36450.0931985617,  34470.40313714252, 0.0019362042433638238
                                         0.008577302128211383,                                            599.5167940734076,                                    0.003702867069239301, -1979.634841017974, 116.5884437877607,-1863.0463972302132, 0.0020461293410973147
                                        6.987851670750325e-05,                                            955.1351806447545,                                   0.0021863304958493713,-1980.6007641128858, 14310.55094295512, 12329.950178842235, 0.0007788216452330876
                                         0.004257309108016051,                                             559.137947449519,                                   0.0041652199819189484,-1979.7136417965344,234.89194434477713,-1744.8216974517572, 0.0018910819082872874
                                       1.0108952354360506e-05,                                            541.8804020803242,                                    0.004324958724881334, -1979.647757179198, 98922.22097811839,   96942.5732209392, 0.0020198711472227886
                                         0.004717260556414623,                                            577.1427536017759,                                    0.003996487113012057,-1979.5102721520266, 211.9891749699721,-1767.5210971820545, 0.0023175688993453984
                                       1.5380012269209875e-06,                                            564.5334260145183,                                   0.0038341778305384694,  -1979.75813197046, 650194.5416040616,  648214.7834720912,  0.001808791476287529
                                        0.0011455731373189843,                                            518.1180023718578,                                    0.004495776242855531,-1979.6505441264158, 872.9274268492405,-1106.7231172771753, 0.0020142497099117115
                                        0.0010315963237418169,                                            740.1401089304248,                                    0.003215935162178915,-1979.7796198704023, 969.3727776752601,-1010.4068421951422, 0.0017703389575115516
                                          8.7106569691219e-06,                                            410.4941842798599,                                    0.005566149207777591, -1979.793711476084,114801.90584531023, 112822.11213383415, 0.0017455669873370145
                                        6.004117249786325e-05,                                           428.75589588547774,                                    0.005392241821197361,-1979.8236061391704, 16655.24003668287, 14675.416430543699, 0.0016941561341504365
                                       0.00016832735175318926,                                            829.4940951138785,                                    0.002898305615356026,-1980.0277454972543, 5940.806366359178,  3960.778620861924, 0.0013813280656695287
                                        2.903125622345504e-05,                                             503.771538680406,                                    0.004637682382880321, -1979.699443663581,34445.635074513164, 32465.935630849584, 0.0019181232546990107
                                       1.7613892940577537e-05,                                            467.6483757336265,                                    0.004714217421060818,-1979.6931854770842, 56773.36867201565,  54793.67548653857, 0.0019301648677802323
                                         0.006962828034134169,                                              584.18516674205,                                    0.003943580766491463,-1979.6176308661102, 143.6215161381653,-1835.9961147279448,  0.002081648304476913
                                        2.916813973555111e-05,                                            404.2635861818928,                                    0.005597221593145936,-1979.7987722318771, 34283.98523929374, 32304.186467061863,  0.001736755414508757
                                        3.943112268036613e-05,                                            572.6443412991154,                                    0.004078488938105928,-1979.4703502980296,25360.679607428243, 23381.209257130213, 0.0024119621878024773
                                        0.0005700118567321672,                                            716.2069564340569,                                   0.0029818178982785755,-1979.8755669414763, 1754.350868434257,-225.52469850721923, 0.0016083743664186568
                                        0.0003960200787048947,                                            840.1915734165964,                                   0.0028630309142897194,-1980.0560709704564,2525.1256820494596,  545.0696110790032, 0.0013427502414440076
                                        0.0008888024511847899,                                            572.7420277734111,                                     0.00412895730455823,-1979.8835541822805, 1125.111154345148, -854.7723998371325, 0.0015955790606690106
                                          0.02007874817309247,                                            766.2272271024681,                                    0.002964653621481802,-1979.9486116944859,49.805206782349295,-1930.1434049121365,  0.001495079235222517
                                          0.00344371523795974,                                             673.177602685307,                                    0.003505318919565097, -1979.743142698438, 290.3855419254084,-1689.3576007730296, 0.0018361081609112651
                                        0.0007635362353616644,                                           488.44599709231477,                                    0.004509710953559237, -1979.658326402498, 1309.697584583021, -669.9607418194771,  0.001998635099979908
                                        1.843694340807854e-05,                                            707.7023582801019,                                   0.0033649591603365837,-1979.7875819458973, 54238.92691527498, 52259.139333329076, 0.0017562993514513398
                                       1.8790331621284488e-05,                                           509.59872620256783,                                     0.00452584302487485,-1979.4294374860233,53218.860477164926,   51239.4310396789, 0.0025126887980124486
                                         0.010048938359066135,                                            673.6140835979783,                                   0.0033802162057355164,-1979.4769026325662, 99.51448423838161,-1879.9624183941846,  0.002396209868250172
                                         0.007460407235260632,                                            994.2921865157837,                                   0.0021364410160849825, -1980.100590496077,134.04194592862083,-1846.0586445674562, 0.0012842827662980635
                                       3.7375006895304913e-06,                                           466.76150385385785,                                    0.004972106910342961,-1979.7035740969236,267558.48120871483, 265578.77763461793, 0.0019102169139996004
                                        0.0059474488626497235,                                            496.2983285325849,                                    0.004593795570941801,-1979.7414935564698, 168.1413336559602,-1811.6001599005097, 0.0018391386621142926
                                       0.00027920851621731306,                                            479.6773279164901,                                    0.004582090578287299,-1979.7122814967292,3581.5547305777054, 1601.8424490809762, 0.0018936560970759227
                                        0.0009311525678900085,                                            481.6287020474433,                                    0.004737581542635366,-1979.4867572410826,1073.9399404837716,  -905.546816757311, 0.0023727121287488817
                                        2.227070308790491e-06,                                            797.7150497502573,                                   0.0029747120505711554,-1979.5118405064954,449020.40085789026, 447040.88901738374, 0.0023139369786192043
                                        0.0007862164965718755,                                           457.48403407201056,                                    0.004819980921750731,-1979.7887638045981,1271.9164796544799, -707.8722841501183,  0.001754224879889086
                                        0.0013795851888470203,                                            485.0226865647346,                                    0.004758343941942246, -1979.620927658631, 724.8576256521285,-1254.7633020065025, 0.0020747968420464172
                                       3.9920025519292426e-05,                                           458.21541362746405,                                    0.005053116902186342,-1979.7028220641546,  25050.0863692428, 23070.383547178644, 0.0019116540000150126
                                        3.878406155845949e-06,                                            641.2382737313083,                                    0.003677927420760656,-1979.5716215143543,257837.87614430228, 255858.30452278792, 0.0021796610557924027
                                        3.102984406183431e-05,                                           361.44860789343625,                                    0.006160288317191375,-1980.2070797255324,32227.041936009326, 30246.834856283793,  0.001154550596757295
                                       2.1811443052603213e-05,                                            566.8897090183123,                                   0.0041532170880287855,-1979.7045084554607, 45847.49555835954,  43867.79104990407, 0.0019084329200931421
                                        0.0011426241140848757,                                            659.7736483239523,                                    0.003568005002366713,-1979.5471051667478, 875.1799647108829, -1104.367140455865,  0.002233758814023248
                                        6.384355531510264e-05,                                             680.074993337665,                                   0.0031499727373337006,-1979.7999848080312,15663.289566843267, 13683.489582035236, 0.0017346507426029792
                                        0.0018056103447791707,                                           499.78291025700236,                                    0.004653224961184216, -1979.724894585485, 553.8313488736634,-1425.8935457118214, 0.0018699212442176848
                                       0.00020509289206121212,                                           489.50076397701133,                                    0.004794717255611144,-1979.8804195663774,4875.8414245060385,  2895.961004939661,  0.001600588435298058
                                       0.00011697741481708906,                                           479.47441169583436,                                    0.004804174702471555,-1979.5370794295318, 8548.660829389439, 6569.1237499599065, 0.0022562665326017056
                                       1.8073351009264733e-06,                                            752.4148071907965,                                    0.003136102665006877,-1979.3817656872175, 553300.8250044099,  551321.4432387226,  0.002635374277900517
                                        4.772944421510238e-06,                                            385.2449251230805,                                    0.005856625015034767,-1979.9256604043708, 209514.2796724543,  207534.3540120499, 0.0015297900376635121
                                        3.203791851720019e-06,                                            589.5509253192552,                                    0.004008357987986484, -1979.758774521008,  312130.141943342,   310150.383168821, 0.0018076296096521535
                                          0.02456025932565814,                                            842.5606713181992,                                    0.002743087377175427,-1980.3367589382065,40.717369319436536,  -1939.61938961877, 0.0010141308719359777
                                        3.743291022792256e-05,                                           411.41086067956905,                                    0.005508193185201603,-1979.7564751924506,26714.462885676156, 24734.706410483705,  0.001811790726088568
                                       0.00027078530215508085,                                            634.9268997668959,                                    0.003714655523483654,-1979.6039642326018,3692.9641990315067,  1713.360234798905,  0.002110292719466909
                                          0.00068590393549053,                                            598.8626146113629,                                   0.0035799242729247444,-1980.0341647543542,1457.9317796583714, -522.1023850959828, 0.0013724893649740535
                                        0.0010073285659831406,                                            694.6464119576556,                                    0.003426725035889245,-1979.8571742702547, 992.7261907393635, -987.1309835308913, 0.0016382303917076213
                                        6.461052084532815e-05,                                            433.2353798016078,                                    0.005285508945555733,-1979.6869442624607,15477.357805686554, 13497.670861424092, 0.0019422491119332813
                                        5.108849497644182e-06,                                            537.6194704134027,                                    0.004341831878069474,-1979.5606935512255,195738.78814865247, 193759.22745510124,  0.002203610934799207
                                          0.00966538350193503,                                            482.1809829908938,                                    0.004713740694881387,-1980.0261236665624,103.46408344128771,-1876.5620402252746, 0.0013835701635821279
                                         0.006491386995187439,                                            496.4739763113216,                                    0.004507518220535953,-1979.7813900920596,154.05229663872302,-1825.7290934533366,  0.001767207837354129
                                       0.00010123885354629129,                                            538.9988354485342,                                    0.004366613548899166, -1979.781986065353, 9877.632478032203,   7897.85049196685, 0.0017661549424588614
                                        0.0010180419738426746,                                            535.3066984198417,                                     0.00435410470591702,-1979.5982398457704, 982.2796382524156, -997.3186015933549, 0.0021224074930638226
                                       0.00011672278921256327,                                            461.9010435714129,                                   0.0048410197814019494, -1979.536072006636,   8567.3094298643,  6587.773357857663, 0.0022585406924936695
                                       0.00012942306159366396,                                           396.65368763624934,                                    0.005750755692829481,  -1979.87549200705, 7726.600761670269,  5746.725269663219, 0.0016084948935447842
                                          0.01545575175809241,                                             913.789913025659,                                   0.0024467532769900406, -1979.430539585012, 64.70192647711266,-1914.7286131078993,  0.002509921091652656
                                        0.0008094699534842139,                                             499.036261782862,                                    0.004397011067123026, -1979.694095486237,1235.3783086846886, -744.3157868015485, 0.0019284091990424083
                                        0.0003597657414851653,                                            690.8144588398434,                                    0.003118011636587866,-1979.5847851830072, 2779.587952584802,   800.003167401795,  0.002151156742154641
                                        4.908644801180714e-05,                                            605.7912021762661,                                   0.0035934501101942957,-1979.4572991704513,20372.223322985607, 18392.766023815155,  0.002443647327683161
                                        0.0002736746988150404,                                           407.97233444768585,                                   0.0055073821382563785,   -1979.8102219723, 3653.975596380011, 1674.1653744077112, 0.0017169834239173663
                                         0.004819686156024738,                                            422.4384497623757,                                    0.005339245424363666,-1979.9995122698397,207.48475664816078, -1772.514755621679,  0.001420883171771858
                                        0.0006207086927676128,                                            734.5004441535656,                                    0.002902176617036998,-1979.9193999715094, 1611.063058609982, -368.8563413615275,  0.001539397226689381
                                         0.011573296356035422,                                            782.1564477088343,                                   0.0029339991915874964,-1979.4507441407545, 86.40708454078187,-1893.0436595999727,  0.002459718123210814
                                         0.002407021507919778,                                             740.294579274421,                                   0.0029060853535636004,-1979.6487697746902,415.45256166060125, -1564.196208114089, 0.0020178268699917452
                                        3.574388615269828e-06,                                            587.0841020885135,                                   0.0036866059083280394,-1979.6850127157072,279768.12644723756, 277788.44143452187, 0.0019460042823759406
                                         0.000213920595946445,                                            642.2716201559741,                                    0.003668486682893205,-1979.5524746260467, 4674.633261208214, 2695.0807865821675,  0.002221796880285604
                                        3.745943387401857e-06,                                             436.510765528746,                                    0.005107345916069849,-1979.6888216063367, 266955.4515812233, 264975.76275961695, 0.0019386062629673294
                                         0.003821820957929284,                                           489.88674707263556,                                   0.0046962046972936974,-1979.7138410102211, 261.6574173531039,-1718.0564236571172,  0.001890705216410715
                                        0.0038693028768569246,                                            563.9362744899795,                                    0.004114114445034775,-1979.5955101753375, 258.4462610106271,-1721.1492491647105,  0.002128208880379749
                                         0.003234100131114116,                                            638.8721310711993,                                   0.0034969505657413925,-1979.1196195032267,309.20658658087314,-1669.9130329223535,  0.002086151076514549
                                       1.4933693161057645e-05,                                            619.1559146875529,                                   0.0035355483569388373,-1979.2758033281302, 66962.67382318547,  64983.39801985734, 0.0017844976607516584
                                       1.3222886820278236e-05,                                            606.8487109819189,                                   0.0036361084511126276,-1979.1517597699662, 75626.45248205996,  73647.30072228999,  0.002020167666609842
                                        0.0006405560470697626,                                            749.5087794102191,                                   0.0028964694643195087, -1979.223366104668,1561.1449758518509,-418.07839025281714,   0.00188056859739809
                                        0.0002239401070172152,                                            821.7307597813127,                                   0.0028702914828260123,-1979.2812546108657, 4465.480908453834,  2486.199653842968,  0.001774796325845885
                                       3.3493934933556313e-05,                                            519.2335414086683,                                    0.004285083642111115,-1979.3296542273497, 29856.15355407617,  27876.82389984882,  0.001690942479822276
                                        8.239300267191342e-06,                                            763.6812643068102,                                   0.0028203324466447317,-1979.4100392003643,121369.53119318845, 119390.12115398809,  0.001560335841091963
                                         0.001664237895982426,                                            620.5964558963918,                                   0.0035891744994639837,-1979.0925550021016, 600.8772448271366, -1378.215310174965,  0.002143382693848142
                                       1.9390135056887863e-05,                                           1031.5569582026376,                                    0.002022014099151556, -1980.576422712857, 51572.61751210625,  49592.04108939339,0.00048603121359006094
                                         0.004473454446047022,                                            645.2151943607304,                                   0.0034364121208828266, -1979.260423124018,223.54244249849597, -1755.717980625522, 0.0018121557473107434
                                       0.00014352292193486497,                                            494.5688697174828,                                    0.004566413651533404,-1979.3481082979483, 6967.530180662577,  4988.182072364629, 0.0016600238724493819
                                        0.0006426007557548655,                                            756.5978435703803,                                   0.0028473572804787665,-1979.4558918161943,1556.1775182704953,-423.27837354569897, 0.0014904058493955131
                                        2.099546796563364e-05,                                            489.8074326031842,                                   0.0046033647958753365, -1979.361985346392,  47629.3286008955,  45649.96661554911, 0.0016371467414059606
                                        0.0009978363171743272,                                            607.9624190441033,                                   0.0035979069715172092,-1979.3879940878683,1002.1700193388497, -977.2179747490186,  0.001595115573264542
                                        6.174531742520515e-05,                                             524.879462271608,                                    0.004322468907458642,-1979.2318230631286,16195.562017289521, 14216.330194226393, 0.0018647317669837388
                                        8.583166804221856e-05,                                            737.4314234455711,                                   0.0031585996138542944,-1979.0477650203898, 11650.71283364631,   9671.66506862592, 0.0022415671926680394
                                        1.350562787258932e-05,                                            857.3374925058172,                                   0.0025233456403343383, -1979.103646218056,  74043.2081489942,  72064.10450277616,  0.002119741321653317
                                        3.479511523582305e-05,                                            588.3823662246722,                                    0.003888172802458943,-1979.0799265219225,28739.667978089285, 26760.588051567363, 0.0021706219931834393
                                       1.1040846510957057e-06,                                            537.5335456365877,                                   0.0041825221621458585,-1979.1830236144237, 905727.6550865659,  903748.4720629514,  0.001957986534243786
                                         6.86293541294378e-05,                                            658.3617033245728,                                    0.003553702064899321,-1979.3067026725325,14571.026012522083,  12591.71930984955, 0.0017302010379651198
                                         0.005941805125801881,                                            876.7462862955218,                                   0.0024987553100668095, -1979.125237451433,168.30016399671447,-1810.8250734547184, 0.0020744640471174036
                                        0.0018616126660359414,                                            542.0742413913633,                                    0.004174737755913187,-1979.2796026021474, 537.1705148357636,-1442.1090877663837, 0.0017777307280110722
                                         4.41541296163955e-06,                                             936.423795389138,                                   0.0022649077682272366,-1979.7756936523933,226479.38333357216, 224499.60763991976,  0.001082471257754056
                                       4.5288945039193335e-05,                                            579.1667866341687,                                    0.004032422039615851,-1979.4516975797337,22080.445400777542, 20100.993703197808, 0.0014966700916234394
                                       1.4128733758890027e-06,                                            629.3518779423315,                                   0.0035122829630834284,-1979.0597302691126, 707777.5116370562,  705798.4519067871, 0.0022149061050331454
                                        0.0024858292189803865,                                            750.4281079504751,                                   0.0029157860660209696,-1979.1367621606373, 402.2815827059482, -1576.855179454689, 0.0020506936885499676
                                        0.0002168527776784412,                                            629.3909606932748,                                   0.0036856352206123223,-1979.1853217749426, 4611.425111771836, 2632.2397899968933, 0.0019534919335294524
                                       2.5796265490675395e-05,                                            559.9940089175653,                                       0.004030491533633,-1979.1015205207727, 38765.30292443779,  36786.20140391702, 0.0021242520425368786
                                       0.00012920143026806845,                                            993.2286524780437,                                   0.0021359443614931903,-1979.7001689710955, 7739.853405704968,  5760.153236733873, 0.0011673909600675094
                                       1.1903864140871414e-06,                                           498.71439710100714,                                    0.004532807936634334,-1979.3220281459494, 840063.3530027047,  838084.0309745588,  0.001703887040217465
                                         7.29931772597262e-06,                                            827.0860330250619,                                   0.0026264363502801957,-1979.0279206547407,136999.10681612295,  135020.0788954682, 0.0022864939690219674
                                        0.0001670951711053842,                                            490.0420596001254,                                    0.004608485236088094,-1979.3685472525544, 5984.615440206832,  4005.246892954278, 0.0016264391077795096
                                        0.0002874202809526261,                                            683.9934682354168,                                   0.0031799137300236135,-1979.2881989398106,3479.2270639173385, 1499.9388649775278, 0.0017625142510898798
                                        0.0010103002233580957,                                            610.1337103273459,                                   0.0038126235472489556,-1979.3406120244376,  989.806428571349, -989.5341834530886, 0.0016725146239843036
                                       0.00036036981737465465,                                            599.1729759927741,                                   0.0036619758047364967,-1979.3043700574358,2774.9288459575364,  795.6244759001006, 0.0017342416417813083
                                        0.0009089874359823088,                                            950.7742183615345,                                    0.002282591809865552,-1978.9389944421805, 1100.126268488043, -878.8127259541375, 0.0024991379165525593
                                        1.199573233335292e-06,                                            574.8870792560103,                                    0.003977439401208458,-1979.1123686248661, 833629.8062488651,  831650.6938802402, 0.0021013324769422292
                                       0.00011498296244133035,                                            555.1190122709044,                                    0.003986375259703917,-1979.2753966320392, 8696.942450429025,  6717.667053796986, 0.0017852235565741347
                                        0.0034555793334856274,                                            837.7894037574785,                                   0.0026167064914757363,-1979.0078295417857,  289.388269847904,-1689.6195596938817, 0.0023328967585936676
                                        7.516977651288776e-06,                                            545.3814291074023,                                    0.004070616678531744, -1979.257656404921, 133032.1919490508, 131052.93429264586,  0.001817176415410162
                                       1.4044801160283266e-05,                                            588.8668669578062,                                    0.003744839947879532, -1979.216124505047, 71200.72491153626,  69221.50878703121, 0.0018942363507099941
                                       1.6312217149853186e-06,                                            577.5429056736598,                                     0.00394098521071867,-1979.0700493889758, 613037.4514009071,  611058.3813515181,  0.002192167745152842
                                        3.136625690736457e-05,                                            947.1171751593524,                                   0.0022717444804734015, -1979.164115741139, 31881.39522260997,  29902.23110686883, 0.0019953601095005586
                                         0.002012667987587698,                                            674.6408852729705,                                   0.0032646153131164484,-1979.1347598319967, 496.8544188533077,-1482.2803409786889,  0.002054803964944496
                                         0.005207267315744879,                                             677.860490145387,                                   0.0034012821875045846,-1979.2898745234356,192.04078094710022,-1787.2490935763353, 0.0017595634838908983
                                        0.0006141051587166738,                                            486.5744535834341,                                    0.004631920618784575,-1979.4142130036985, 1628.387659515528, -351.0265534881705, 0.0015538368782869268
                                       1.2613903778600254e-06,                                            537.2062035413596,                                    0.004131312851657479,-1979.2906026463493, 792775.9874342602,  790796.6968316139, 0.0017582827717147916
                                       0.00034478133629408736,                                            979.5644704614231,                                   0.0021893848399758943, -1979.264297193416, 2900.390034804974,  921.1257376115582,  0.001805148911433213
                                        0.0016013094836072107,                                            614.7420262399581,                                    0.003609676692831343, -1979.146874060229,   624.49052796168, -1354.656346098549,  0.002030061769625973
                                        0.0020552243509660843,                                            906.5140512087553,                                   0.0025835091761464606,-1979.0811718209584, 486.5659881380462,-1492.5151836829123, 0.0021679206020770577
                                        2.682903320510945e-05,                                            602.5043139970159,                                   0.0036382352921392126,-1979.2941359086321, 37273.05553219681,  35293.76139628818, 0.0017520812597506367
                                       1.9821213237531376e-06,                                            602.5948643646551,                                    0.003800317054633163, -1979.048414885096,504509.98700514185, 502530.93859025673, 0.0022401109504942896
                                       2.2797206060134843e-06,                                              625.81135690525,                                     0.00367393334519518,-1979.0347484590943, 438650.2455629903,  436671.2108145312, 0.0022709354113830526
                                       1.3123204707360768e-06,                                            783.7414560515222,                                   0.0030014991072720813,-1979.2362631382853,  762008.993971978,  760029.7577088397, 0.0018564705715275315
                                       0.00020946758354595756,                                            643.8387841703371,                                    0.003375912329681428,  -1979.40287502397, 4774.009937066302,  2794.607062042332, 0.0015715545005360217
                                       1.6788149213057475e-06,                                            598.1588954555624,                                    0.003753246098769843,-1978.9953591069639, 595658.2766305518,  593679.2812714449,  0.002362171148377621
                                        9.848119397422804e-06,                                            631.6773872790307,                                    0.003455762019259555,-1979.3080016334156,101542.23108344116,  99562.92308180775, 0.0017279550335486426
                                         0.007060120831919008,                                            652.8877494186299,                                    0.003445531173390896, -1979.300056145737,141.64216696708996, -1837.657889178647, 0.0017417391672924904
                                        5.439392821701724e-05,                                           490.37142461584637,                                    0.004668029288121071,-1979.4190628445554, 18384.40693112294, 16404.987868278386, 0.0015463192610683772
                                        0.0030008422433837867,                                            804.8749727353667,                                   0.0026865107816369054,-1979.3924974690622, 333.2410194298595,-1646.1514780392026, 0.0015879483103612261
                                        6.448134018300336e-05,                                            543.2847463355095,                                    0.004163802716510042,-1979.1605356416871,15508.364370992353, 13529.203835350665,  0.002002516499785783
                                       0.00041377976876242207,                                            591.6491304964662,                                    0.003823345214642603,-1979.0312823593326,2416.7462376368185, 437.71495527748584, 0.0022788203571815742
                                        2.013258450420329e-05,                                            549.0562272772614,                                   0.0040898802041232215,-1979.1487435440208, 49670.72342146824,  47691.57467792422, 0.0020262701473438473
                                       0.00022892403124359203,                                            515.3315972958383,                                    0.004463265261066364,-1979.3847252529827, 4368.263300249942, 2388.8785749969597, 0.0016003382741198722
                                       4.7409479045105524e-05,                                            549.1647048056778,                                    0.004182758928471286,-1979.2413806799336, 21092.83009371946, 19113.588713039528, 0.0018469942744127662
                                       0.00021000044911992006,                                            482.0390821899041,                                   0.0046893880713415855,-1979.4054330504528, 4761.896652321959,  2782.491219271506, 0.0015675395598560898
                                        6.516136718231811e-06,                                            560.3490902929518,                                    0.004102260092790348,-1979.2124717459205,153465.16730239277, 151485.95483064686,  0.001901168192294088
                                        8.969319908746842e-05,                                            848.6181932800964,                                   0.0027788545318520545,-1979.2324146079168,11149.118504715565,  9169.886090107648, 0.0018636290208195777
                                         0.000964563024945997,                                            525.3385488667708,                                    0.004251678162864032,-1979.3271485396795, 1036.740793723549, -942.5863548161306,  0.001695184766247852
                                       2.1542690638706185e-05,                                            634.9158341048133,                                   0.0034608226635713833,-1979.1518249182877,46419.458492955106,  44440.30666803682,  0.002020036060364259
                                        0.0018375646372784439,                                            776.7995286030412,                                   0.0028025129681450017,-1979.1708826026984,  544.199831272033,-1434.9710513306654,  0.001981903365190632
                                       0.00011063933945347974,                                            827.8413326469722,                                   0.0028508649139306354,-1979.2864194679782, 9038.377656515826,  7059.091237047847, 0.0017656533877281279
                                        0.0010575436576309826,                                            705.9359135770447,                                    0.003282461050054068,-1979.0556633814717,  945.588856646632,-1033.4668067348398, 0.0022239322209563752
                                       1.1866665473359505e-06,                                            594.9298288194378,                                    0.003889026828675604,-1979.2103631363293, 842696.7156355917,  840717.5052724553, 0.0019051812432708815
                                        0.0008150288942748626,                                            604.9590012351923,                                   0.0036186318986325457,-1979.3668047964597,1226.9520188437052, -752.4147859527545, 0.0016292755770093866
                                        0.0003882463295086876,                                           510.39705099951095,                                    0.004468313674761245, -1979.332993829145,2575.6863224967765,  596.3533286676316, 0.0016853048242830083
                                        0.0009888523283321123,                                            602.0275863376816,                                   0.0038471961258896765,-1979.2730448060315,1011.2750042498923, -967.9980405561392, 0.0017894270327489029
                                        0.0007752821861639508,                                            779.9995722310036,                                   0.0029957044733388886,-1979.1012640329504,  1289.85421282541, -689.2470512075404, 0.0021247969571962814
                                        2.951633762981556e-06,                                            499.6959820224887,                                    0.004560601158055489,-1979.3451272902207, 338795.4218604417, 336816.07673315145, 0.0016649797995997092
                                       2.4914565443407005e-06,                                            782.5066453713225,                                    0.002759223912777117,-1979.2904442518343, 401371.6416027505, 399392.35115849867, 0.0017585612961194075
                                         0.005914730056954341,                                            802.3229711585599,                                    0.002719529388522151,-1979.3300256822808,169.07066973083553,-1810.2593559514453, 0.0016903144875424815
                                       1.9865695972555117e-05,                                             550.854422390019,                                    0.004113952031793459,-1979.1357799819702, 50338.03182354871,  48358.89604356674, 0.0020527088255938735
                                       1.1653035224659129e-05,                                            651.2750410525946,                                    0.003602089293072598, -1979.391405850873, 85814.55377192512,  83835.16236607425, 0.0015896826900881568
                                        4.126873262551379e-05,                                            777.3872122942022,                                     0.00279883728903826,-1979.0707162127642,24231.421453156556,  22252.35073694379, 0.0021907064428219832
                                       0.00016297668418696786,                                            670.9880986714965,                                    0.003472003088353946,-1979.1814701040762, 6135.848498079438,  4156.667027975362,   0.00196103065050593
                                        1.555177871937422e-05,                                            557.3336895719009,                                    0.004144276321055754, -1979.290532299959, 64301.32822415376,   62322.0376918538, 0.0017584064649113715
                                          0.00888076779409185,                                            959.5765654538066,                                   0.0022983865905772914, -1979.088136601929,112.60391872279195,-1866.4842178791368,  0.002152873968997659
                                        8.407030946781654e-06,                                            741.5870065648896,                                   0.0031590815696741765,-1979.1825313405193,118948.05879349787, 116968.87626215736, 0.0019589506372017645
                                       1.1895581765801505e-05,                                            580.9547659135778,                                    0.003862829237761193,-1979.0484345688633, 84064.82677045757,  82085.77833588871, 0.0022400668571056275
                                         0.000873179548494071,                                            575.4888922233825,                                    0.004008305951640253,-1979.2704802327276,1145.2415703135907, -834.0289099191368, 0.0017940220391434003
                                        0.0002146814913709797,                                            627.6182992785476,                                   0.0035411801059714357,-1979.0048950085488, 4658.065004445888,  2679.060109437339, 0.0017114148869754933
                                         0.001025183397197664,                                            728.8868198558176,                                   0.0030140775204411724,-1979.0010468435426, 975.4365991871364,-1003.5644476564062,  0.001718013381760387
                                         2.31572062861529e-06,                                            699.6745252541889,                                   0.0032570854293442145,-1978.7803687862647,  431831.020958548, 429852.24058976176, 0.0021422285591686813
                                        0.0008020083891943782,                                            726.7419486249698,                                   0.0030560840345295027,-1978.8225072556984,1246.8711263375283, -731.9513809181701, 0.0020538338155701038
                                        1.208141348756722e-05,                                            601.5763617535835,                                     0.00378514228967958,-1979.0049428439138, 82771.77344455673,  80792.76850171282, 0.0017113330227777827
                                        3.866549307479781e-05,                                            686.4648531879772,                                    0.003340898033281734,-1978.8696266746351,25862.855399025684,  23883.98577235105,  0.001959302968331892
                                        0.0011189356472774575,                                            862.2613869215988,                                    0.002694011011590727,-1978.8700911837336, 893.7076051771655, -1085.162486006568, 0.0019583930656218037
                                        3.275217584738749e-06,                                            730.2317468552411,                                    0.003188909515586517, -1979.048865017135, 305323.2277283775,  303344.1788633604,  0.001637794368001424
                                          0.00492661834378588,                                             706.500723801773,                                   0.0032075766750862275, -1979.050793670231, 202.9804022730059,-1776.0703913972252, 0.0016346386749197664
                                       1.6755297702586323e-06,                                            676.9252334092672,                                     0.00338771004741306,-1978.8862507521212,  596826.162223813,  594847.2759730609, 0.0019270006063715726
                                        0.0003783767310748534,                                            635.7028600563901,                                    0.003490171670011432,-1979.0145158180644,2642.8702218800604,   663.855706061996, 0.0016950286412126987
                                        0.0001990499877029045,                                            713.8185299491273,                                   0.0031083271706253556, -1978.821969556921, 5023.865062202044,  3045.043092645123,  0.002054938456457146
                                        0.0006445335071088732,                                            724.1913561417862,                                   0.0031786673686029607, -1978.883677269278,1551.5110990738624, -427.3725781954156, 0.0019319660959315765
                                        5.873697860402376e-05,                                             620.169612768824,                                   0.0036875263961396467, -1978.992935027612,17025.051653621278, 15046.058718593666,  0.001732006267205567
                                       1.2467885075447381e-05,                                             725.177155425994,                                   0.0031847971141060645,-1978.8935390053389, 80206.06631690492,  78227.17277789958,  0.001913007193711689
                                        4.115904639696757e-05,                                            777.1887090375959,                                    0.002845613663145161,-1978.7348823665175,24295.996639819128, 22317.261757452612,  0.002241921004650052
                                       1.3260388268705029e-06,                                            688.3053825947244,                                   0.0032727971467661214,-1978.7641388053776, 754125.7327182201,  752146.9685794148, 0.0021772805650082864
                                        9.976486684299444e-06,                                            704.5775624011766,                                    0.003232793714894112,-1978.7672608362022, 100235.6887553697,   98256.9214945335, 0.0021704936279963853
                                        0.0004387858831748906,                                            678.7100317166727,                                    0.003394273875027595,-1978.9704324534537,2279.0173632390924,  300.0469307856388, 0.0017714226889055053
                                        9.162288061249677e-05,                                            749.6498847233754,                                    0.002927101760827245, -1978.924957137789, 10914.30563562201,   8935.38067848422, 0.0018538384333355216
                                        4.957213015007671e-06,                                            719.5939530377009,                                    0.003193034328861155,-1978.8258136924783,201726.25300979844, 199747.42719610597,  0.002047054158333097
                                        0.0002619008646023309,                                            702.3821191675413,                                   0.0033058920669645606,-1979.0532354376332,3818.2400596255534, 1839.1868241879201, 0.0016306521365694528
                                         0.001287834265217531,                                            838.5213022027735,                                    0.002639855804726527, -1978.702458280855,  776.498624744031,-1202.2038335368238, 0.0023158045741118825
                                       0.00011547030658129489,                                            647.2919645457818,                                   0.0034142004552838484,-1979.0235725158986, 8660.236627031052,  6681.213054515154, 0.0016797465859248813
                                        4.046288568889744e-06,                                             669.710883172389,                                   0.0033756599662555092,-1978.8063374721073, 247140.0615691215, 245161.25523164938,  0.002087313816610062
                                        0.0037315247773150356,                                            943.4316423834484,                                   0.0024448276698204466,-1978.8069291078696,267.98802498835823,-1710.8189041195114, 0.0020860792523513154
                                        0.0017707975717348322,                                             807.846487228152,                                    0.002714137710624763,-1978.9442357684416, 564.7185245560966, -1414.225711212345, 0.0018184412676505114
                                         0.002174643420416444,                                            680.8867370882894,                                    0.003285439503155271,-1978.9433600413745,459.84697281942516,-1519.0963872219493, 0.0018200344233714452
                                       4.5709711052227344e-05,                                            785.8883358827765,                                    0.002939832014373775,-1978.8009237539168,21877.190538800915,    19898.389615047, 0.0020986445885175678
                                         0.002897653586499162,                                            785.7132585330226,                                    0.002925028087882983,-1978.9010726794781,345.10808765644595, -1633.792985023032, 0.0018986493723697996
                                         0.001752863322493409,                                            701.7188026630134,                                   0.0031931461599531198,-1978.8626529515955, 570.4965613259653,-1408.3660916256301,  0.001973014358734831
                                        1.746615686652992e-05,                                            657.7327487865401,                                    0.003363739174806725,-1978.9746417711244,57253.580979303966, 55274.606337532845, 0.0017639818794306916
                                       2.4449314567588902e-05,                                            682.3733100962085,                                   0.0032972567311421196, -1978.780067316438, 40900.94358536607,  38922.16351804963,  0.002142874473798393
                                         0.003831363761902889,                                            816.2849957296719,                                    0.002728658328325006,-1978.8304779527039, 261.0048942893273,-1717.8255836633766,  0.002037528397625826
                                        4.189761188321269e-06,                                            645.6016353478764,                                   0.0034925795337962546,-1978.8609262800014, 238677.0895861907,  236698.2286599107, 0.0019764240494436055
                                        4.204854867990603e-05,                                            746.2354030905387,                                   0.0031115574092836448,-1978.9605911751946, 23782.03499864055, 21803.074407465356, 0.0017889418164108932
                                       0.00038132535317763445,                                            614.8525403124877,                                     0.00361194811534525, -1979.059075290355,2622.4341283809003,  643.3750530905454,  0.001621157119985521
                                         0.006286635538536501,                                            937.6330543773338,                                   0.0023761138042664334, -1978.823310316849,159.06866219030024,-1819.7546481265488, 0.0020521851235117193
                                        0.0002743572693067778,                                            709.8766683437796,                                    0.003218321022914491, -1978.798560360024, 3644.883873543933,  1666.085313183909, 0.0021036103780678705
                                       0.00016004614531881374,                                              845.13347200677,                                   0.0025726667768305044,-1978.9843484374755, 6248.199151449714,  4269.214803012239, 0.0017469423282842828
                                        0.0001555672755232291,                                            847.7668873836584,                                   0.0025603340340208548,-1979.0273458754532, 6428.088299027268,  4449.060953151815,  0.001673420241388305
                                         0.002416606237203838,                                             812.671457765616,                                   0.0027101860441306777,-1978.8918564169485,413.80468123518074,-1565.0871751817676, 0.0019162287068868677
                                        9.644711907634283e-06,                                            650.0327919273482,                                   0.0034421954633543747,-1978.8757881483884,103683.76208787726, 101704.88629972887,  0.001947267889503606
                                       0.00010893099142696986,                                            716.8672823616415,                                   0.0032113110604264513,-1978.8639206808152, 9180.125314700928,  7201.261394020114, 0.0019705146955640482
                                        0.0007715863758899591,                                            784.4317849356953,                                   0.0028283154649676495,-1978.7270312725582,1296.0324532313734, -682.6945780411847,  0.002259591813930374
                                        0.0002227542378223923,                                            712.1968034943712,                                     0.00316371891818924,-1978.7287449523287, 4489.253818676837, 2510.5250737245083, 0.0022557229131244887
                                        5.742855400285632e-05,                                            687.4715420886181,                                   0.0032987069868486937, -1978.780055252098, 17412.94206164695, 15434.162006394852, 0.0021429003263203515
                                        0.0008358388050691794,                                            814.5915474682281,                                    0.002831345527571037,-1978.7793967847815,1196.4041631215725,  -782.375233663209, 0.0021443118208082403
                                        3.910471822742414e-06,                                            710.9945081713645,                                   0.0031108348857510335,-1978.8576709685071, 255723.6187419202, 253744.76107095167, 0.0019828684088770768
                                        0.0004653721323226815,                                            716.6807550622793,                                      0.0030657685801444,-1978.9883070267128,2148.8193638769812,  169.8310568502684, 0.0017400405708095715
                                       0.00022345721310879739,                                             735.791363068804,                                   0.0031472688818433405,-1978.9362730924672, 4475.131009575204,  2496.194736482737,  0.001832978727974942
                                        4.476679825352924e-06,                                            806.2593006375872,                                    0.002864821385256858, -1978.763404892717,223379.83607607475, 221401.07267118202, 0.0021788790852958107
                                        0.0001601537339432586,                                            657.6866481874664,                                    0.003459750565145617, -1978.869575320938, 6244.002052833749, 4265.1324775128105, 0.0019594035883664764
                                         0.003618628622314849,                                            816.2792025125963,                                   0.0027495859103665735,-1978.7717254214817,276.34900882350627,-1702.4227165979755, 0.0021608248736449892
                                        0.0007177925769169689,                                            699.2486736869753,                                   0.0032134773710043463,-1978.7911648794384,1393.1615604258752, -585.6296044535632, 0.0021192252563746712
                                         4.62629387588922e-05,                                             750.938924385858,                                   0.0030585771776874926,-1978.7675791568804,21615.575846110358, 19636.808266953478,  0.002169802824947057
                                       5.2539647024068796e-05,                                            819.7830223272512,                                   0.0028431698914408244,-1978.9351532283722, 19033.24671426878, 17054.311561040406, 0.0018350325648337662
                                       0.00032819284912228154,                                            704.4227611881101,                                   0.0032896378130364153,-1979.0128539146167,3046.9904160850647,  1067.977562170448, 0.0016978479572221038
                                        9.552814107452574e-05,                                            787.8466408676014,                                    0.002937445854016831,-1978.8315009243483,10468.120807166748,    8489.2893062424,  0.002035445129593951
                                        0.0009639449614188486,                                             738.545264481879,                                    0.002985406688718595,-1978.9122398998893,1037.4049818386238, -941.5072580612655, 0.0018775646841419841
                                        0.0013944726619239084,                                            884.0174581986238,                                   0.0025565548390435473,-1978.5318787845058, 717.1180939803726,-1261.4137848041332, 0.0019403284288072027
                                       0.00019847379872895072,                                            830.0379896794735,                                   0.0027158327940489772,-1978.5259785472003, 5038.449636769347,  3059.923658222147, 0.0019518106676439575
                                         0.000777942811232867,                                           1015.4267847084585,                                    0.002159758509302773,-1978.6050209354003,1285.4425179907528, -693.1625029446475,  0.001803474534201497
                                       5.6053249146058155e-05,                                             814.924902985983,                                    0.002801392625657692,-1978.6009106415272,17840.180257483862, 15861.579346842334, 0.0018109025998381783
                                       3.1559142599458693e-06,                                             838.708000758307,                                   0.0026208792988530825,-1978.7330776931144,316865.39031005884, 314886.65723236575, 0.0015867031029215646
                                        4.533712349942213e-06,                                            883.9249324828432,                                    0.002514732595435701,-1978.5075990899818,220569.79533379868,  218591.2877347087, 0.0019880155824741944
                                       0.00015637275660239597,                                             885.902736422076,                                   0.0025111153353821487, -1978.506808523332, 6394.976965552888, 4416.4701570295565, 0.0019895878627072742
                                         3.26573244226206e-06,                                            809.5375528154137,                                   0.0027736032217788222, -1978.549515261911,306210.02231934416, 304231.47280408227, 0.0019064078691374464
                                       2.6361093111874663e-05,                                            900.1680538408524,                                   0.0025085040419692735,-1978.4224453919246, 37934.69508417971, 35956.272638787785, 0.0021647191810671208
                                        0.0010082111757040468,                                           1012.4790466417585,                                   0.0021620856869198637,-1978.6606877072504, 991.8566862606122, -986.8040014466383, 0.0017058240865758607
                                        0.0012537233520184914,                                            891.1275494822718,                                    0.002564644659757066,-1978.5850177713032, 797.6252538373116,-1180.9597639339918, 0.0018399129581504197
                                        0.0001309245581371806,                                             811.364312788868,                                    0.002824104015949841, -1978.648328029803, 7637.987674670499,  5659.339346640696, 0.0017270383527517922
                                        1.982214205585706e-05,                                            742.5450710577061,                                   0.0030632284504964755,-1978.6866645283849, 50448.63586775611,  48469.94920322772, 0.0016620827889976492
                                        9.535553479750519e-05,                                            963.7889512006161,                                   0.0022625300183435524,-1978.7458037336805,10487.069272504921,  8508.323468771241, 0.0015666385965186337
                                         0.002778263671937521,                                            945.7417527834614,                                   0.0024036848050686174, -1978.574476719799,359.93809650123484, -1618.636380218564, 0.0018594101553521356
                                       0.00019879455577144598,                                            756.4240813541888,                                   0.0030047838357455605,-1978.6689597130721, 5030.320166101722,   3051.65120638865, 0.0016917717006390818
                                         4.82120258119977e-06,                                            849.7824664959564,                                   0.0026745458549602267,-1978.5129254364324,207417.13064971482,  205438.6177242784, 0.0019774548726994912
                                        0.0019127342052856575,                                            921.3017052766836,                                   0.0024013387108727793,-1978.6371387122658, 522.8128787355876,-1455.8242599766781, 0.0017464712509631655
                                       1.4799482289828973e-06,                                             887.997660261083,                                   0.0025201560220849428,-1978.4509652184956, 675699.3130454761,  673720.8620802576, 0.0021038538256404667
                                       0.00010141829140382107,                                            781.6364723091725,                                   0.0029308536251878015,-1978.6892515323084, 9860.155558818167,  7881.466307285858,  0.001657788531327012
                                       2.5847892820482654e-05,                                             711.393694755058,                                   0.0031780371565203907,-1978.7200385250694,  38687.8746085534,  36709.15457002833, 0.0016075278650533771
                                       0.00042846383145782015,                                            855.1681308716177,                                   0.0026959369914227654,-1978.6916663761153,2333.9204563109274,  355.2287899348121, 0.0016537900607429545
                                        1.909752929025486e-05,                                             996.075142297716,                                    0.002246376386811229,-1978.3277759022599, 52362.79541579561,  50384.46763989335, 0.0023796659821320168
                                       0.00019898421041910017,                                            972.9893499631037,                                    0.002341278901864878,-1978.3961292640847, 5025.525404261518,  3047.129274997433,  0.002222442402350817
                                        0.0005311354321805851,                                            894.2005964741695,                                     0.00258775334824853,-1978.7147853316724,  1882.76008978054, -95.95469555113232, 0.0016159947394128618
                                       0.00039518816120711253,                                           1058.7800673301033,                                    0.002071417111259317,-1978.5365906698858,2530.4411199820793,  551.9045293121935, 0.0019312073293143287
                                       0.00014862699126829885,                                            761.7866156821219,                                    0.002935289509917201,-1978.6563305369841, 6728.254313498127,  4749.597982961142, 0.0017132728685866328
                                        3.965958378772752e-06,                                            790.8855262403993,                                   0.0027949716567575913,-1978.7160594010552,252145.86475918215,  250167.1486997811, 0.0016139371610197312
                                        0.0013340928309699266,                                            994.7611034899965,                                   0.0022559477470261028,-1978.4021296078695, 749.5740310603288,-1228.8280985475408, 0.0022091469125407187
                                        5.359502762849973e-05,                                            810.9086233183816,                                   0.0027851221672680077,-1978.5470136035906,18658.448560269055, 16679.901546665464, 0.0019111830206537486
                                        0.0006698653538307527,                                            793.1032981655039,                                    0.002819456910134234,-1978.6360511924627,1492.8385815064205, -485.7974696860422, 0.0017483716061838918
                                         0.002553151634010145,                                            955.5809341515312,                                   0.0023207379772566786,-1978.6072177839283,  391.673827167579,-1586.9333906163492, 0.0017995169225540765
                                        8.825966500307298e-05,                                            876.1092990719598,                                    0.002582985224237628,-1978.4622890141513,11330.205034266279,  9351.742745252128, 0.0020801645939741483
                                       1.2866038356246556e-05,                                            846.7482467040767,                                    0.002653894077473724, -1978.492982440725, 77724.00388571333,   75745.5109032726, 0.0020172871136679834
                                       3.7501281805446144e-05,                                            772.7264805591335,                                   0.0029086521872250066,-1978.6089895674436,26665.756485846166,  24687.14749627872, 0.0017963313910046323
                                        1.980571371507976e-05,                                            885.9589897321388,                                    0.002535853794673572, -1978.440873531324, 50490.48152168983,   48512.0406481585, 0.0021251927520887794
                                         0.000281660413108358,                                            774.0922607962669,                                   0.0028982096076430723,-1978.6274488019203, 3550.375975179227,  1571.748526377307,  0.001763476658182575
                                       0.00011157398726503526,                                            1009.344231341616,                                    0.002220651621367411,-1978.3130513067777, 8962.663565707697,   6984.35051440092, 0.0024149648440623638
                                        6.698121248903303e-06,                                            944.9684965066276,                                    0.002408581595743727,-1978.4065821555591,149295.59647071591, 147317.18988856036, 0.0021993324464627713
                                       0.00016276197560814788,                                            736.6811498439578,                                   0.0030581460342816403, -1978.677829662132, 6143.942509932611, 4165.2646802704785, 0.0016768321264135225
                                        3.587069608595807e-05,                                            879.4562665043974,                                    0.002590733207749794,-1978.4941754070655, 27877.91010219108, 25899.415926784015,  0.002014881992941393
                                       5.8453804086925676e-05,                                            887.4792811253551,                                   0.0025055154410083408,-1978.5028955148678,17107.527584995074, 15129.024689480206, 0.0019973883886631786
                                        0.0004305535008301503,                                           1026.1870467452025,                                   0.0021105508558966718, -1978.883006102225, 2322.592703666786,  343.7096975645609, 0.0013657857912226636
                                        3.615607246749964e-05,                                            885.1559092838493,                                   0.0025918210689994782, -1978.557889042671,27657.872456860845, 25679.314567818175, 0.0018905106802820893
                                       1.8543635656706127e-05,                                            809.5563929973441,                                    0.002782987207906411,-1978.5452662408093, 53926.85886514825,  51948.31359890744, 0.0019145254701177662
                                       2.7153529565827986e-05,                                            955.6608369517743,                                   0.0022920855328822896,-1978.6480735406953, 36827.62588889468,  34848.97781535399,  0.001727477921131366
                                       3.4367514747213886e-05,                                             735.091343518891,                                   0.0030649132233174065,-1978.6726189037277, 29097.24645811875,  27118.57383921502, 0.0016855924977762994
                                        4.167826925088682e-06,                                            909.6780177391622,                                   0.0024366869449145333,  -1978.50542583794,239933.18881886464,  237954.6833930267,  0.001992340739523728
                                        8.975738248835181e-06,                                             975.886176561959,                                    0.002296155308638528,-1978.3421310303215,111411.44956263623, 109433.10743160591, 0.0023457495917049106
                                        0.0007490782277143868,                                            979.7400301758806,                                    0.002345635768430839,-1978.5216816144525,1334.9750767948449, -643.5466048196076,  0.001960215511411524
                                        4.617361805993771e-05,                                            721.7379724422257,                                   0.0031031687507402255,-1978.7156438625611,21657.390215284908, 19678.674571422347, 0.0016146079533974928
                                        3.961534551012233e-05,                                            864.7968053449699,                                   0.0026205269106410966,-1978.4794854336355, 25242.74452063867, 23264.265035205033,  0.002044699025393443
                                        0.0004405318420998696,                                            828.1922751387511,                                   0.0027265891927047035,-1978.5456232609681,2269.9846784130186,  291.4390551520505, 0.0019138420679317503
                                        0.0002185445141908582,                                            842.1944012352384,                                   0.0026879035223332072,-1978.5175130955708, 4575.728030495552,  2597.210517399981, 0.0019684037613632937
                                       4.6619796658410265e-06,                                            711.3439775934843,                                   0.0031548215628305885,-1978.7250549978821,214501.15149169398, 212522.42643669609,  0.001599483938161716
                                        8.453413902377849e-05,                                             861.761637263298,                                   0.0025723344960622615, -1978.573794361178,11829.541409456875,  9850.967615095697, 0.0018606793728829563
                                        4.155839883431153e-05,                                            825.5145215544442,                                    0.002763286182373179,-1978.5775102014318,24062.525948829338, 22083.948438627907, 0.0018537782153099799
                                        0.0011967332119321953,                                           1045.8534733307636,                                     0.00211004255409519,-1978.4914419424326, 835.6090850442273,-1142.8823568982052,   0.00202039713589868
                                        9.832473072351496e-05,                                            964.9108223542642,                                     0.00235481364421912,-1978.3788204977886,10170.382309129205,  8192.003488631417,  0.002261244982147437
                                        0.0013329795443749425,                                            847.9707703980072,                                   0.0026330439230591767,-1978.6040673745551, 750.2002383937123,-1228.4038289808427, 0.0018051950770932763
                                        3.208424379122172e-06,                                            826.0686451162843,                                   0.0027693144814468526,-1978.6011638484238,311679.46808756306, 309700.86692371464, 0.0018104441248578652
                                       0.00010862872110389212,                                            944.0120027595098,                                    0.002388952041783097,-1978.3742636059155, 9205.669595566149,  7227.295331960233, 0.0022715727444060896
                                        1.425724902776075e-06,                                               904.3033859016,                                    0.002496730219850637,-1978.4155697127485, 701397.5835236292,  699419.1679539165,  0.002179654381647965
                                        0.0004401375862685862,                                            958.8513887192332,                                    0.002404541173919446, -1978.573232356353, 2272.017864921971,  293.4446325656181,  0.001861725377570682
                                        3.069348693372494e-06,                                            807.8936311611321,                                   0.0028199008406834224,-1978.5899021164146,  325802.019809106,  323823.4299069896, 0.0018309480998416447
                                       1.5750625954326875e-05,                                            937.7885022607205,                                    0.002431027054118762,-1978.4288307429392, 63489.54128523304,   61511.1124544901, 0.0021509407261987024
                                        3.345707374825232e-05,                                             882.615813318065,                                    0.002532809734246177,-1978.4658501182262,29889.046646195715, 27910.580796077487,  0.002072770085483811
                                        0.0010408629767501953,                                            783.3881222451047,                                    0.002840243869772858,-1978.7148336697815, 960.7425290411818,-1017.9723046285997, 0.0016159166271707869
                                        2.665170914463194e-05,                                            826.9276822759452,                                   0.0027695114217557906, -1978.613361472991, 37521.04702940635,  35542.43366793336, 0.0017884951419830054
                                       1.4171767137339209e-06,                                            845.9672727873791,                                   0.0026421078017753448,-1978.5151875478791,  705628.304490309,  703649.7893027611,  0.001972986705048525
