y,x,reconstruction,noise_map
-0.6193109489840359,-1.1560234685286686,6.306715255679662e-37,0.018277461472896876
-0.635979405001514,-1.049192769817419,1.714218027233485e-37,0.012905791619805845
-0.8558114005202828,-0.8839921265749994,8.012967196691415e-37,0.014865893615233348
-0.7357483164302778,-0.8728098894477565,0.004169078068483712,0.012276207408583149
-0.7545088267793649,-1.012426872138167,0.0017685914918142143,0.015584688444229812
-0.6496322797827723,-0.9752737522649005,2.9131801134380905e-37,0.012504075869899808
-0.603556020439513,-0.9078191844481899,1.737648590061241e-37,0.011726848607230878
-0.6996487279861446,-0.9099037333140743,0.004586742339313045,0.013001664767246105
-0.654492885182889,-0.7910670334794441,1.229772896265767e-37,0.01193200560053354
-0.6155272536349358,-0.751899235057239,3.2917496576933226e-37,0.013010871739537482
-0.649795314226711,-0.697345066313425,3.5696338523036587e-37,0.012584855564767381
-0.7529463726279775,-0.6983968385839384,1.2185687852060422e-37,0.011975268593890141
-0.7656876871371274,-0.8383192906677668,0.00046386254611218623,0.012059269315033334
-0.8308622271302484,-0.8338156865395252,2.777837334198956e-37,0.012914838974025301
-0.8286740790408988,-0.7112255599628439,2.2284229455263145e-37,0.012221047073268298
-0.950054299393192,-0.7536574801559426,8.282527208046268e-37,0.01590853508611044
-0.9987817491837738,-0.6055093637361071,7.50768727467541e-05,0.015456488077304034
-0.8950314399161166,-0.7077582737166993,4.461565298807304e-37,0.012642965249331077
-0.8571388548984598,-0.6094517676850207,0.0036259302389310697,0.012868308441376748
-0.9278149047197026,-0.6182331304896742,0.0039305780350021935,0.012750052533755196
-0.8940451176238663,-0.49367224765576345,0.002933921580901899,0.012794310135686437
-0.8715958069245855,-0.5060842720437254,0.004812643805613983,0.012461376066546294
-0.8950763551825933,-0.41595325629567764,4.1241875770207636e-37,0.012613592529667447
-0.9988294468806195,-0.422947155621476,1.984908315330235e-37,0.012653855233604933
-1.0070762297901124,-0.5490680740925376,2.2406422088545163e-36,0.01439474854513455
-1.0317671470420968,-0.3838693334324653,5.951028376113517e-37,0.01429717776813685
-1.0062096279273482,-0.3137272505393717,4.581052146063841e-37,0.012863149404186942
-1.0806371525658263,-0.31692026425920594,7.18621045824188e-37,0.01581778817164757
-1.0966306481316401,-0.10690463056907176,4.600779657761378e-37,0.015825342124561072
-0.9883905289879119,-0.09296852190951545,6.619059785548834e-37,0.012941531577351863
-0.994055206579876,-0.2179384571652386,1.9433549120715906e-37,0.01236051574164231
-0.9320490760706354,-0.166515706454394,1.7221369328330517e-35,0.013487678853464352
-0.83268918491777,-0.13371192872390134,1.6867642287957955e-36,0.014339215964633613
-0.8523108862328022,-0.16109671125639347,3.656253885454929e-37,0.013016670855280393
-0.8474739362493051,-0.2941119896182401,1.670327534929694e-37,0.013105650630618871
-0.9215105229379523,-0.29673857571847095,3.891442837548998e-37,0.012704727070695964
-0.8934539055067355,-0.3893520140800983,2.3037626313971567e-37,0.012403800556548683
-0.7591670074396749,-0.356512266363335,2.036114711550691e-37,0.012870140017412383
-0.6389656700845132,-0.36474129136423167,3.1081363967335684e-37,0.013119340645400508
-0.6338422902903611,-0.24360515596289106,5.20461514000487e-37,0.013693320239605095
-0.7561700977166838,-0.2762657259805123,1.2189653160729532e-37,0.012681845830839708
-0.7764593107692528,-0.15831635339613448,5.480477617090491e-37,0.013864879175963594
-0.6626836282763038,-0.11323552415691127,4.5579564426886175e-37,0.013795415223720417
-0.6920360813728108,-0.16854460062708637,3.1027986123513933e-37,0.013878753627323579
-0.5371539624209084,-0.16367287873751366,0.004204976961037842,0.014950491004427632
-0.5636293563680936,-0.11162273287295493,0.0005422541341962751,0.014263350433328433
-0.45220719422438926,-0.14799204993968468,0.006161515946119082,0.01501937075097065
-0.4881293572745223,-0.25396415608889494,0.001462507336886424,0.01427022152279534
-0.6046489861546809,-0.24158688389482155,3.81771071338443e-37,0.013243526285020561
-0.6254679212108074,-0.36257384498581385,1.3767432779052162e-36,0.013468307602246408
-0.5026880304187865,-0.32529219715468477,0.0011097503195326318,0.01356269414891658
-0.5020009478409126,-0.42949129735242836,1.8611085387153084e-37,0.013224752563845896
-0.5963758224447913,-0.47871469318687276,2.627494465312421e-37,0.012762110098052825
-0.582540217633828,-0.4138559176936414,3.0157703697985783e-37,0.013056558921851247
-0.7152370868178296,-0.44189402092859587,6.113812964566555e-37,0.013082423102059844
-0.7405273770566578,-0.42738361226083443,9.985006595550469e-37,0.01273783115787977
-0.7218752594502759,-0.5129119732736008,0.006962997468886835,0.013214886628474002
-0.6836387721541706,-0.5613998292563842,0.0038174496474179856,0.013433522101631375
-0.7984769318391973,-0.5749307895212291,0.0029084413432803784,0.012804665402542303
-0.8121740645313444,-0.6952586945170154,3.1128893896742322e-37,0.012840295087406993
-0.7154594002308747,-0.673836507913482,1.8747915752109706e-37,0.012881957456766254
-0.6501373301308127,-0.5755290401068314,0.0012995389125391365,0.013090343866026598
-0.578762624308564,-0.5475747459564453,0.0007951860812798765,0.014694602806577355
-0.5966031902011442,-0.614465685998419,3.2044032869801936e-36,0.014025120453674949
-0.4915219496193345,-0.5626135744644903,1.4413844486166052e-35,0.014158966517238998
-0.4836996991383383,-0.5478814768274324,0.00018933156207092262,0.013979420755151508
-0.41092194965579065,-0.5523620635779807,0.005362075383184535,0.01331810533742329
-0.4034987995619088,-0.5760233189780746,0.006686791962440216,0.015217723604960242
-0.29326692072027477,-0.5409977754057673,6.7855264560777e-37,0.01338250252897952
-0.2935630053663528,-0.4225816854400093,0.0009821006024002157,0.014751906113561856
-0.3644343154279741,-0.4504254727525127,0.002076560015420636,0.013755830499553543
-0.3053679172763205,-0.3975974325183905,0.0033482187167710393,0.014393335631172784
-0.26011924144107645,-0.327041630651505,0.007714423284299602,0.015372159244391293
-0.3255257137772246,-0.355427968115289,0.007041886607000452,0.014937886847294106
-0.37797157547322147,-0.37159832269070214,0.005310214592194648,0.013928000917869145
-0.408999848828834,-0.40633802889754445,0.0009393071615145436,0.0137943928799019
-0.4771278531728074,-0.38381106884597505,0.0007483901213953912,0.013836505132543564
-0.4594044347488262,-0.29878486830153855,0.00019785023911575984,0.013811863039410916
-0.332648579703903,-0.27476564497361816,0.0045265651358753,0.01442632117429638
-0.3360174861443056,-0.2108753058208531,0.008398625499723365,0.015561358374268901
-0.44044105544154044,-0.22624288976723125,0.004017451695162752,0.014256747893132369
-0.4089072771011141,-0.12651286429980604,0.0035591846477802764,0.014886020398169185
-0.3510541395696966,-0.08816605351119901,0.00039031476200622863,0.015387640128863811
-0.3453384128399785,-0.17918349839569797,0.009514397054031365,0.015208831254078225
-0.23240898464100262,-0.1403322170852606,0.010921408883393642,0.01573195227596337
-0.1991282873798607,-0.11380862132579453,0.011965221781632129,0.017189305117253837
-0.14922551517939558,-0.1307096262304234,0.017293300630590175,0.017126129351340794
-0.1710454647950059,-0.1808300860687777,0.016015826430167645,0.01665594817184419
-0.28183051569176915,-0.22145840278693035,0.00866098909920729,0.01562145392114727
-0.2947702177548541,-0.27939626858017585,0.007069199600165705,0.014626492659734789
-0.20630220232827606,-0.23733871281893362,0.0058205952170436535,0.014949807633496907
-0.13392451438612168,-0.17214895127211588,0.01574980003749942,0.017558835575395074
-0.08979634012120322,-0.10321830410079158,0.01182732947077791,0.017516755594261645
-0.15222756891070732,-0.16902371858519946,0.01656196363059129,0.019173090062342604
-0.07785840998184174,-0.1045430046688551,0.013705088417322445,0.017858315706971106
-0.04019352209841931,-0.08530213651510304,0.0031512443741314265,0.0182413531703035
0.035518537242875736,-0.06283047937940249,0.023996145093702067,0.07880877872556472
0.042958498447844384,-0.06213085429506498,0.04510275971322878,0.08176921352689398
0.04681028116479921,-0.06222876868326998,0.04838123241277593,0.07900398176157021
0.05350207534445306,-0.06116340657589585,0.264931818585839,0.09836028944319142
0.05735301628965048,-0.059864540666435664,0.2712588977186588,0.08685063691146286
0.05509888644693986,-0.058038384349973465,0.23104009403296044,0.12386253547799118
0.04706606171722835,-0.05302218602985964,0.1298131527507356,0.14196375590627333
-0.02078899821919264,-0.0660328643196466,2.3828068140220356e-37,0.01854235594491233
-0.002817571390811291,-0.0020624852051748244,0.00047927563972696306,0.037722456582193774
-0.026647328985418745,-0.0027342006154137677,0.012241286103870659,0.056215577306109474
-0.027151159521673282,0.005250220140069706,0.023960613990895465,0.05242799990548376
-0.02781311517419721,0.010627393807175173,0.028866411244933228,0.06562450851294466
-0.025710111071298378,0.015661638120594706,0.042088966837986096,0.12022096038373516
-0.020762269642113668,0.02027207387241181,0.13435790985270915,0.10729796715170206
-0.017004347290043312,0.01960007318530549,0.10132402933170212,0.10774120230464933
-0.01566426567970798,0.011467092875427853,0.024709131457779518,0.06347686655487852
-0.00730050893858733,0.01626463124447869,0.10490498952102116,0.11282712478861626
-0.0038388352526851216,0.02134562282013111,0.029789936954677132,0.1778183919624088
-0.004841095350858873,0.027138144375750795,0.02933766814021091,0.121077519269402
0.00018298691441492876,0.0340285415005655,2.0494252085855846e-36,0.08487015670545955
0.010037654503667337,0.02536834284909295,4.7815132392991784e-36,0.04046195494972296
0.0380116882807377,-0.036099876442565626,0.00432281162358162,0.037377305868291334
0.051825680083301795,-0.027412066317590883,4.0904049112604576e-37,0.02604293034349862
0.06795412255389843,-0.0200339003046133,2.2332120285003808e-37,0.026215450284542256
0.07566403165175042,-0.02523643680379524,0.0020340976508490586,0.03541195500324093
0.08217397889663941,-0.030492661301451993,0.024131936590834468,0.03427425546540526
0.0847091900801569,-0.0353738792133109,0.040308157888047806,0.04687601810244395
0.0797889563305007,-0.038931302131506196,0.03851615224955955,0.05548897392066368
0.07474072174077098,-0.0422317835386631,0.05871314142075422,0.055670742799358304
0.06940263837375943,-0.037864554074201945,1.3126600107213927e-36,0.03927960241401872
0.062127162374412376,-0.03936770402344122,0.0006980805131127316,0.04445471607594971
0.05678863223254865,-0.04494334494200813,0.07733679989832355,0.11910543578301645
0.060806322476694485,-0.04761801038947598,0.025076498111543336,0.10024250793287746
0.06430669444962606,-0.050282917530837266,0.366449201604575,0.1502165873274041
0.06727459891072723,-0.05287508782449391,0.3696248930967476,0.1100700178927453
0.06938836140456611,-0.05499283740705366,0.2702377860478085,0.1749678445406933
0.07099524937546725,-0.056839582078110185,0.436603654258347,0.2306291701248005
0.08157387393542923,-0.0556543070605857,0.023198451798327822,0.06465504443394189
0.0834358556563837,-0.051704388685823714,0.040838225398170544,0.09115268144032566
0.1135749382174907,-0.030355078334544216,0.010118156556920279,0.017798452998264224
0.09171941743846987,-0.019657185500352933,0.06036817403999243,0.05334789146748754
0.03010667447927941,0.1579101548679379,0.0036557701713222594,0.01669168656873278
-0.03323658636942986,0.11005962498762623,7.379279339247364e-37,0.025166461424477985
-0.031323875479451035,0.09892837798117662,7.324525768464014e-37,0.07369498000922825
-0.019153078257164037,0.08851210148795552,9.891544722838304e-37,0.05626601028361902
0.03065429813905117,0.05849327844449374,0.02002102277043406,0.0588153059360961
-0.0007073249083463656,0.0613283918549494,0.09506282326664424,0.11244254457854029
0.0008954826904627594,0.0498876826832311,0.07612651310065781,0.09323825407969953
-0.00488313967148675,0.046498531334291465,7.223195583189173e-36,0.1471323512011568
-0.009688224906720763,0.0443719975464702,1.4325376505027443e-34,0.18311995263782674
-0.01170300427439036,0.04945641143573659,0.1024280414250589,0.15182716287318823
-0.01392496943445451,0.05433860712879754,0.07066440895962178,0.16456430237842462
-0.018246039782989817,0.05081812764244428,0.1043333213349541,0.13853010473090913
-0.022570542860871304,0.04587490620580309,0.003521692772484448,0.1269683675404224
-0.023317761919258523,0.04126475684588321,0.05214087798323179,0.17835275337464826
-0.021617147478486393,0.036864611089332144,0.10213185075624658,0.1747290776279063
-0.022157282495942884,0.03209110482849717,0.09521599069062259,0.1272665110421955
-0.02703020505533507,0.02666496965991258,0.07192373994243442,0.10990930426886317
-0.030648846474412877,0.0238875505260987,0.12141922268272064,0.15739698764514692
-0.03194985192661358,0.028095389822512445,0.20885456732276841,0.247979617076752
-0.033384307816045844,0.03206514339859509,0.09129070652300006,0.16332263271034103
-0.034932071827856015,0.03577774512024884,0.2164068690521527,0.21160609817326947
-0.03654943451139428,0.03917177025442939,0.20417995554438037,0.16313342551785368
-0.03808564922436759,0.042023647331955155,0.18741777821366556,0.12538125579641016
-0.03966199662995337,0.044631190247132524,0.20136939341012128,0.1465837120267708
-0.0378607723507067,0.05039733533258031,0.2450933360701595,0.1427050023185929
-0.03518578666318986,0.05677001187351946,0.3125812991278072,0.19918911235473102
-0.03268315433006684,0.05825973021750441,0.4533752806656926,0.21042895220106597
-0.0305143847141382,0.055100303514061505,0.21768236999966198,0.1872397639885559
-0.028104456294258902,0.05364354717172093,0.18785422985451372,0.19994890655185515
-0.024415794141683163,0.059268726657990434,0.18327568752717477,0.13629985400142805
-0.020453144047855774,0.06470175425698632,0.24708984614490787,0.11705406284486108
-0.022570442329228772,0.06882814769390685,0.24762746545580802,0.10771603670962039
-0.025437046949415135,0.07253587112018528,0.14506674797622654,0.1621060520100586
-0.02838490976131826,0.07591578404861268,0.1037002584832638,0.09243429354034977
-0.03138620510190601,0.0789519922323158,0.08841216425377983,0.07755915551009003
-0.03441226129936081,0.08163167102556679,0.03209716700041873,0.05672649571243611
-0.03743381537684888,0.08394526600609539,0.06140648006402366,0.08824618789361843
-0.04042130419049683,0.08588665087966149,0.08163203507949073,0.09581614073460497
-0.04211978794754745,0.07906053210007716,0.30586787436206625,0.10914606097002562
-0.04366899530633567,0.07206436568022787,0.6895530614580002,0.15735678876146847
-0.042661033175065886,0.06874592129950977,0.7439377068298465,0.13089137964590636
-0.040435275564243374,0.06692400941733598,0.7480033306948679,0.19348122060736928
-0.039813843756113305,0.06312876612756585,0.519075394878563,0.13998035742667103
-0.041852325949230856,0.05637216664845546,0.37623213654224774,0.14053167867417024
-0.04373343007869705,0.05011105010929398,0.4252341713392362,0.16161704769716714
-0.045311451787755086,0.05179930639943714,0.38306702378598206,0.12984119459368154
-0.046849546646427986,0.05322024021145855,0.4569685315491356,0.19780804895906504
-0.04811587084806632,0.04816279627232495,0.4889747633867109,0.18015032495208416
-0.04923412513900812,0.041054304633171446,0.15673820632738014,0.1340212668651257
-0.05027829495779908,0.03392829250074281,0.08986482230472267,0.13622778964680093
-0.05125509458488002,0.026786839530639067,0.03677980872676293,0.12311946516162037
-0.051981990312090026,0.02052016169328605,0.21805096716331934,0.29310453518128154
-0.051517480407142414,0.019497312053250837,0.16814143275419705,0.18009777401489868
-0.05101076681082895,0.018273972285896833,0.2623094225634109,0.23439116688796852
-0.04976106870562584,0.023885926382540834,0.11178963853160719,0.11919077489207683
-0.04828512539549789,0.03084446601071361,0.07498176298597255,0.1287673016258471
-0.047010721647372244,0.03325669696198674,1.85547109289308e-36,0.18042503237305074
-0.0459681457078598,0.03145024864960283,0.12466074408175683,0.16655028320637993
-0.045611207708603475,0.02841594328176833,0.1313459057361292,0.14785120920069708
-0.04761253355020292,0.021722457329204442,0.11524507047488397,0.13100875277203455
-0.049493567072905545,0.014976790466696727,0.12251597910260127,0.15645722150814237
-0.05169204523509354,0.006474928902700322,0.02346528544984312,0.1514453399729513
-0.05391522600306193,-0.0028783564609089485,5.024139286578457e-36,0.15418921733561375
-0.05698350558884187,-0.01721091942591374,4.092678723241624e-37,0.0362467887538097
-0.05661589122085595,-0.015344715007380771,0.0012226625324793395,0.06702050362631534
-0.05591609476270669,-0.011224165971902317,1.3499456104417345e-36,0.07467154696798764
-0.05482295463589161,-0.004147367315620182,0.010190258251581754,0.09461545005982104
-0.05385885445218462,0.0020212421428003613,1.1119427866652046e-35,0.17045748122643561
-0.053932377582146016,0.0030875987236989033,0.005046073005991507,0.12776890903437732
-0.05396511226634369,0.003978100597783835,7.812043518328276e-36,0.1856928868904455
-0.05475300113599793,-0.0034245074087806138,3.421529253806211e-36,0.10473433526452237
-0.05562496559298468,-0.01235179224579988,7.667600316570946e-36,0.12322747791960552
-0.059919749422625575,-0.04677163670883691,3.511168266650088e-36,0.028184193234323297
-0.06169509668762619,-0.043199830325644506,2.0767821364419526e-36,0.029923990721257242
-0.05306699164192468,-0.010666885317075936,2.2485025287635236e-36,0.06087598464178937
-0.05649677397876178,-0.01698057838162781,1.4267213679025114e-36,0.08682676299034507
-0.05306976564125717,-0.004888231199953047,3.1080589765000684e-36,0.06087610854361707
-0.05043633034979174,0.003537820779806161,0.0012005260596271048,0.1635760127252444
-0.04767376960431819,0.011662393855361691,0.12425827163412945,0.1657395438587292
-0.04491472640529723,0.019121408988998806,0.02396490049427808,0.11579719129318404
-0.04235592806918742,0.023324753126616943,5.949078595572731e-36,0.1460312483929431
-0.04086682895169987,0.018795764005154425,0.0536968920434271,0.10032467580587984
-0.045106731352611805,0.008723068169327691,0.07833236645730081,0.10547662533780185
-0.04632282175913945,-0.0025041644448678124,4.9797901099553015e-36,0.1177033663245629
-0.04114027424399335,0.0066564692202469855,0.10371515425980514,0.1208595167497352
-0.03770829095538723,0.0034819488103804697,0.004335312077412304,0.08943161607154179
-0.07784102512214448,-0.08348451045328134,0.011006160462394476,0.018430055957397426
-0.09928094682147734,-0.1363023407993442,0.01607747549775468,0.01776698732141292
-0.07074806396939495,-0.14742322374590747,0.01687111697325511,0.017662847246295098
-0.07415595141544587,-0.26445788751627014,0.010559704332791499,0.015443200742296012
-0.11305841890326712,-0.30806684042067156,0.005667301070926845,0.014623911554779722
-0.10222339615756311,-0.210072588257853,0.014017818296684097,0.01668151838384985
-0.1711322020455595,-0.24498958387263337,0.0048533250526062435,0.015096596430698722
-0.19021733390831697,-0.2784141148629192,0.002568319148818326,0.01451521453125846
-0.19091139047406425,-0.3707714037457416,0.0024893690398254805,0.013857204214530064
-0.17240148337860078,-0.4274681935854162,0.0002523021256523322,0.014107943752589183
-0.26535919364667715,-0.4525019187570747,5.2587763807606975e-37,0.013663937737397732
-0.25883381425515184,-0.5584938118071582,3.046252987455071e-37,0.013963327525325543
-0.19164658094227643,-0.5421604969922806,2.258592799775865e-37,0.013112100460726587
-0.1488146431900776,-0.44799501318289553,9.308360869061481e-37,0.014622705087423169
-0.11089828053971139,-0.3881667613715485,0.002442773564236529,0.01409042616098631
-0.10737423723803743,-0.518995035714233,2.3067860877335577e-37,0.013105867849975587
-0.10961963694396315,-0.608614514169648,0.006583546543375907,0.014010671841235143
-0.14056410409168457,-0.6492689927243313,0.004362880769802336,0.0129154498947053
-0.10137021348767639,-0.7327741100985474,0.0015663694908904422,0.013650565727602223
-0.1174463133185411,-0.7690635285025831,2.4211760352478826e-37,0.011842196756858088
-0.11207649589511298,-0.9370358429872501,3.7497456518724673e-36,0.01161903953378071
-0.1779565152084931,-0.9217780261682015,0.002014826468724156,0.012024543641721343
-0.18088343318841593,-0.7716564379427986,5.153601966108729e-37,0.012045130112756028
-0.22295733861373232,-0.9049032415747884,0.0025496684687202095,0.012266117511608788
-0.27114438470755897,-0.9599427694473759,1.2952741867097723e-36,0.012374883357762247
-0.2648703847230664,-0.7948950698381922,0.0009510587711018441,0.013136160083187213
-0.27387142706944523,-0.714825799407975,1.414442235119673e-37,0.012581397047098848
-0.2415537082090986,-0.674466605158795,3.6445720489972018e-37,0.013606377836418947
-0.26672893622054417,-0.6273934951226178,1.8111724213226962e-37,0.01311681450154929
-0.3529361158160763,-0.6197057362144405,0.002884712368049981,0.013391979252242864
-0.36547483141651865,-0.7758999126338696,3.60108146956362e-37,0.013134000746186278
-0.41059969042643785,-0.7434014951364167,1.2550316676403083e-35,0.012739851928887021
-0.419599488510584,-0.6228081229200173,0.006909632836696884,0.014242447110048748
-0.5248167491875965,-0.675633945798854,0.0019790624950063755,0.012857427399818756
-0.5552932596316413,-0.7530670304600269,2.6232480521930506e-37,0.012219034219619297
-0.4399045646853339,-0.7137820411768789,0.0030213257754714605,0.013037908670957726
-0.48622679750319897,-0.8408122766109807,2.684179928691175e-37,0.011849649720993402
-0.53210221055078,-0.910940525409614,6.464457953728025e-37,0.013551917128069753
-0.5058389644157234,-0.937670063080768,4.294497209536071e-37,0.012399183662229939
-0.4109294314329528,-0.9544472923153793,2.324847483160198e-37,0.012299900015873107
-0.38626167308987236,-0.8023272211753654,1.2192468462546422e-36,0.013808323705913115
-0.34847435560211437,-0.8500681970731694,1.5545479550564636e-37,0.011906912485506705
-0.3471698399415964,-0.9851324327405563,2.728179528222626e-37,0.012117727347972281
-0.3544866566635473,-1.1222626147484214,0.0011238217008975495,0.014671411839496676
-0.43410948336633426,-1.1531278238274671,0.004918598362293711,0.013550355982923444
-0.41585619095021625,-0.989281769162809,8.09744511117929e-37,0.01193561219042031
-0.5038742963057258,-1.007094007857695,2.6469891117598583e-37,0.011500395314195553
-0.5584876553071343,-1.1155385085582687,4.724291665154644e-37,0.013873668456002356
-0.5353151386551188,-1.1109086780116786,0.0002908984646871091,0.013957922797495323
-0.45762345406166527,-1.2530581703947592,0.0007050066803966707,0.017741014061133476
-0.4031435719955873,-1.184736310552782,0.003499905653801988,0.016049572207145906
-0.27942806206271775,-1.280938782254653,0.00019587605744655169,0.020260407578965783
-0.21347084710554412,-1.2578542385598048,0.00011778822144228179,0.017320662344640657
-0.32442827690144255,-1.2449675618399254,0.0005687642896031492,0.017457720466231265
-0.29686826654226367,-1.0990496175694968,0.0002219898586274289,0.014860958387743522
-0.2726414593047452,-1.0536260085337066,1.5329553869305927e-36,0.014503950118017564
-0.22898489848052642,-1.1075884516429912,1.593955102688699e-36,0.014407810139524451
-0.13811525267028282,-1.1502736599395325,3.0722758845169353e-36,0.014458842936531574
-0.14774473823598291,-0.9766050994058678,3.3540971646633244e-37,0.01159374768542197
-0.09183909729300058,-1.0045998135502456,0.00010998228717278487,0.010913606242116866
-0.06854960549862954,-1.1619770142161687,2.280642628940353e-36,0.013273202442588427
-0.16999696765648253,-1.20669563932043,9.311432499289668e-05,0.0155892124084396
-0.1970196489782369,-1.2910903785481644,0.00011164469055632491,0.018449480098091577
-0.08671857985918703,-1.3408938492970162,0.00011682735245915757,0.01884592264630943
-0.056575588850298564,-1.210706225318822,0.0008609714984140074,0.012969639022119887
0.04910568095640361,-1.1763314287764852,2.162063084188279e-37,0.011563417341944443
0.05730950417917148,-1.3263742404093102,0.0006985786264883881,0.012335028799629307
0.1942717481234027,-1.2977906274749031,5.366485350837231e-37,0.014660568171533491
0.1672348667417629,-1.1794641562404,1.0684426623542716e-36,0.011464491019531025
0.10742274759676441,-1.1354993271357208,3.497812473548294e-37,0.011852480827845176
0.214263285169709,-1.1651580880035304,0.0003965345582893945,0.011562148139220399
0.19927541940541546,-0.9978198256290154,0.0008993376141858037,0.011275909862013773
0.09816588767409785,-1.0256057526350129,3.833172764894756e-37,0.011970395271225016
0.06802421321591684,-1.057886409483328,2.6541793342730993e-37,0.012021660917092827
-0.02243846677111705,-1.1090051138765091,2.9142831918862145e-37,0.011803104805095546
-0.00013203287029985022,-1.0468237193219017,7.111466567359419e-37,0.011898027412885023
-0.014280019698503413,-0.8724257343155364,1.9095207900181594e-37,0.011223194114752966
0.040157151554461146,-0.9057316120658689,6.837066225661116e-37,0.011112107994208427
-0.00040726888930663063,-0.7698369322199243,2.043211370680786e-37,0.01203044564599746
-0.0285233109126741,-0.7185640169679328,0.0015991732944535618,0.012195916122283131
-0.04991938514926042,-0.5709412422460274,6.752837408872851e-37,0.012988425097095906
0.04790318665608448,-0.5714723337321005,8.720954111455787e-36,0.013326087910198087
0.03643061874784957,-0.7210696122798672,4.239041691303915e-37,0.012519310393463157
0.06672445605410078,-0.6513475231958676,3.109757752615351e-37,0.012465048758744608
0.14519934360149242,-0.6136898467383195,2.677702374777978e-37,0.012157948929404073
0.14629904341991612,-0.6958610008260238,1.8576354184592008e-37,0.011521856303112175
0.14383967225727548,-0.855876451245239,3.771678309373082e-37,0.011751839637752934
0.11564810237353663,-0.8260513886837495,1.9046817994733183e-37,0.010847933540381044
0.14795692935060167,-0.9446941147706852,0.0006500403406699331,0.012592686955804457
0.22940490462379673,-0.9229419612607874,0.0018953127384603423,0.0111404132573822
0.33942081553464976,-0.9472132327890138,2.055684005594106e-36,0.012372081421383224
0.3286992690603966,-0.7949331555540105,0.001581981507974103,0.012511898316385366
0.23373448185414114,-0.7959407703118939,5.356519682615999e-37,0.011148379793875236
0.20887013281036557,-0.6530976914227244,9.072913395519989e-37,0.013243738889685781
0.28051179115408603,-0.6450947401155209,2.997438581252306e-37,0.012229999799442675
0.2829626689239701,-0.7256978772961505,3.207634033610886e-37,0.011423332133713488
0.3859597518534894,-0.7047083251984161,3.536404647220667e-37,0.011474638076275532
0.3830422510464805,-0.6885330724243248,1.1995725760447975e-37,0.011234458254267747
0.47793478077748,-0.7302871897631271,2.847804036480018e-37,0.010818279143535411
0.49108242521615125,-0.8427226104120853,1.6900494328078603e-36,0.011249525335489095
0.35623934356214504,-0.8322222529268333,0.001040671830360167,0.01054512571724575
0.39666276650395704,-0.9796564521087232,5.495386412571327e-37,0.011425955300394376
0.48895536537084705,-0.9873167600633765,2.4399776482555888e-37,0.0122383397134459
0.49594064712487895,-1.1016233631591557,0.001819325056435276,0.014266325588193787
0.43729034954407003,-1.138499413459657,2.7590113474744415e-36,0.013398292966560615
0.4312401524838248,-1.033582125092588,9.328996634167904e-37,0.01190804534650594
0.2974295389270576,-1.0211305427496977,0.001298663107900246,0.012059145861343526
0.2839112641493196,-1.0531935556859735,0.0016654750172304454,0.011859346783598623
0.3193839410048254,-1.1713625003105927,0.00018305486929992025,0.012775976453709006
0.367271542074204,-1.2360907280714903,1.3739754993658817e-36,0.015526214802759238
0.2433715606390957,-1.2500678392341702,5.039488037828662e-37,0.012844457708984444
0.4169150774355853,-1.2107554450952813,0.0023832825914890435,0.019051927384686695
0.5328254322285109,-1.0462188880048862,1.2399106755517488e-36,0.013259495007724718
0.6182688083002943,-1.0302170557739885,0.0012483758328383399,0.015665532795166057
0.8979590791414651,-0.6600251026382601,2.630825616929575e-37,0.013317781534245414
0.8339789105926231,-0.794314969257374,9.661770057542492e-37,0.014527809146484343
0.8073850193364261,-0.6527966037161818,2.672584504860639e-37,0.011565166679184847
0.6847418192652903,-0.6727986848489448,1.464283268059476e-37,0.011428405282344055
0.6985156896545179,-0.7672373497152724,0.00018612532726121234,0.013529376398017838
0.7469598786532194,-0.7740994031744718,0.0016113088514503838,0.012895511167287968
0.752964329455396,-0.8584019566452689,0.0017150321364046144,0.013789704590152196
0.7177371895144926,-0.9859666917398927,0.004675702254879266,0.016594450303301044
0.7221595279046596,-0.832000187024375,5.946727827148178e-36,0.014811798982603314
0.6304826047618408,-0.871380303655698,3.461204365888839e-37,0.012033432824536484
0.5760592984821644,-0.9285921430633072,5.2010304826162885e-37,0.011898357835339914
0.5440618933889682,-0.8795550374714487,2.104317390337991e-37,0.01138074202686502
0.517803892597343,-0.734366606380314,2.479581654194816e-37,0.011018194362448145
0.6266405377167671,-0.7294037512778844,1.8770329940512616e-37,0.011305817303376606
0.5778362402086584,-0.6624347756744724,3.6938341493601178e-37,0.011756923445355288
0.4930662587988004,-0.5916408361267267,3.6647707743818505e-37,0.010839297891307272
0.589640517255942,-0.6020188337895359,1.341054089495721e-36,0.011803639725481208
0.6099588012973264,-0.49795611293101905,1.6526396870571633e-36,0.011662347663023119
0.47523023934945935,-0.4883802741030866,0.005504173650384379,0.012524934515641057
0.4636790386249265,-0.3778725541286825,0.003400480097688025,0.014049396202477022
0.5509199429822729,-0.33479443591996644,0.00041125577928680926,0.013037291582367154
0.5806199885469955,-0.3666691391480104,8.922676149810649e-37,0.01223501491721945
0.6922455544862132,-0.41630687658282783,4.946189869452782e-37,0.01237554609184698
0.6843371119797675,-0.31912468456565557,2.7030791074953024e-37,0.013257685163671783
0.7519993506409828,-0.3629637157819253,9.975594701899616e-37,0.013664585351825187
0.7630666417783493,-0.46731680504858414,1.483603901763789e-37,0.010828168604970828
0.663561915359317,-0.4584267634881988,4.1882047134676934e-36,0.01230514579107566
0.640154771977022,-0.587897609636453,1.4470557576869121e-37,0.010745612767178373
0.7865036512403036,-0.6051343932143305,1.6681293887076325e-37,0.011464985483320797
0.8048254556204417,-0.5762257969665682,2.7243918723930306e-37,0.01173926916816218
0.9027634530021961,-0.5535758933034103,7.010338192120187e-37,0.01234650391089138
0.9051576947963611,-0.5689265695073887,8.377193224590432e-37,0.013070587200324973
1.0090331891745419,-0.5216378643690058,1.3644313466117415e-36,0.01656203505962917
1.0173457540604316,-0.39596337894217215,0.0018663219015861944,0.014056754237168305
1.0019122148647615,-0.31861322736925735,1.7705573329570868e-36,0.013779126326390025
0.9039286397440109,-0.30785324662301145,3.7550375083679703e-37,0.011577624910606477
0.913431821053313,-0.46160333799729686,4.286682634166694e-37,0.011465749391504238
0.7875841255448536,-0.42192519027541425,4.115405886951644e-37,0.011572023356579739
0.7798268750667763,-0.31362545082355625,6.122800497060774e-37,0.01255841977484864
0.7857814001806495,-0.19084539475042478,5.7879937359971326e-37,0.014463519604489319
0.8542895710969602,-0.16480535421999976,0.0001616519325223424,0.012684431179822698
0.858748619856128,-0.24793939192605374,5.446255827155278e-37,0.012132232574353701
1.0130162869713488,-0.26134833559085235,1.1669628854439563e-36,0.012931895422717023
1.0343626836643645,-0.19064892389354673,1.573035446965394e-36,0.013423198474625354
0.9947498385407352,-0.16580874406737303,3.9358110682114074e-37,0.012569282825798661
0.9619537186067694,-0.05874046260978738,2.9662821406995342e-37,0.012716230329232017
1.0761956095581877,-0.07220053444564764,5.585928536394495e-37,0.014569166754070976
1.0830690363414928,0.02379229736499698,1.6850058020196696e-36,0.014360517830446576
0.9465205712039955,0.01204198307853796,2.957476987712236e-37,0.013012304936772849
0.905108335907346,-0.019470176066292713,9.82491316118026e-37,0.013008631589271402
0.8070944912720714,-0.04908351651157866,3.4385035259221074e-37,0.014261913168434307
0.8206087858792124,-0.02655453459256514,2.9655048232474403e-37,0.013962664616696867
0.7018682446488005,-0.009318534920707416,2.2620078892079915e-37,0.013492799858893014
0.6262936955641578,-0.0067929710844113755,0.0002597697966048868,0.014311283756744193
0.6554541479324734,-0.10158909032360443,5.222157449457456e-37,0.014220834438585517
0.7359926320908613,-0.14750438782604744,1.5948401546982673e-37,0.013149709532128906
0.7632374417279831,-0.2729125316476678,2.727812229595633e-37,0.012577183410236333
0.6243480683330895,-0.2526943241218182,2.650215467488477e-37,0.01279605573740656
0.6429149095422895,-0.1338138013740589,4.81661056437192e-37,0.014062618383973798
0.5876078643732756,-0.178844716476899,0.0012807003970473538,0.014397627080655121
0.4849671970807123,-0.2119419035208984,0.0014140421308253032,0.013654150185849107
0.5074546103808,-0.16568575965616728,0.0013374678212507588,0.013697110017845964
0.48237971611396446,-0.028584973671840777,6.549113845031129e-37,0.014532039227202705
0.5521277672602025,-0.05567625314449519,2.8658993190872994e-36,0.014340385050414855
0.5002542472265021,0.04772102827614266,2.1765162290659166e-36,0.014432592601810412
0.36891794306122516,0.028117581984176465,5.7609533358685395e-37,0.014765471266118413
0.40342074009527545,-0.08094202570257475,1.9820081164487422e-36,0.014821919968389335
0.2731096147429155,-0.06840283509154674,0.0024701009180359062,0.015268970657410974
0.2837464652410312,0.03232220166867232,0.0015974601408955628,0.01612468882244642
0.1592566734316717,0.05843367708315787,0.02678896176003419,0.018570558759445452
0.09055874500144834,0.032119475773938894,0.010508135196718667,0.02136407207154544
0.10769779479458402,-0.007160512411029746,0.020969450618685558,0.022225999040754497
0.24673616422427852,-0.024431435748920774,0.003035380296272498,0.01599956734075725
0.2166971874297985,-0.07966510099348023,0.009825205489564018,0.016719091137392166
0.1811333612812482,-0.1465359654880412,0.0005203408491277357,0.016516636561070604
0.22395656354444082,-0.18615412230876588,0.009225933346560503,0.014228749681954717
0.34388476028512815,-0.20647364661636175,0.00270291701512782,0.01447240480762294
0.33915142274978555,-0.11022482487380517,0.0005552374749004989,0.014531656622290752
0.3993845377886249,-0.1603637380042121,0.0013580203438744972,0.014306855060990664
0.4249105568449991,-0.2672911331040953,0.0024842893909312303,0.013455259329882069
0.33265844228573394,-0.24956231193644746,0.004993054886121273,0.014516322564429252
0.31021836962647276,-0.3575277060997804,0.0065570624480192395,0.013309848500897363
0.4511515934756228,-0.3824360674305861,0.003846748390980323,0.013279063222074687
0.46295851113577025,-0.4930655135842312,0.006053733524071436,0.014120185023760171
0.3763101780513288,-0.5161345103418749,0.0026093787157785097,0.012384231824027975
0.35674285315058685,-0.49824511401329796,0.006834741894909119,0.012550237924874919
0.2587314756696287,-0.42304248908632847,0.0038474903642049993,0.013589492524054772
0.2632331768125827,-0.5740311562933279,4.507046044171881e-37,0.013430181732986877
0.2112148985926946,-0.5142080170941182,2.8143567970755244e-37,0.012883853977314738
0.1720643887060938,-0.3627933545011367,0.004859223958742309,0.0142331131865673
0.27270490023721317,-0.38002735324898596,0.00548074645470347,0.014238874872579039
0.2756362698120831,-0.2825950207325519,0.006803345260722795,0.014148999671024185
0.1585063816261319,-0.2694409394301328,0.0048371283462888895,0.014295199554682538
0.10629447588883706,-0.20890407060378896,0.002122585735950882,0.01548005900884689
0.07974664311532659,-0.29500935664658506,0.004292636162870253,0.013832592844457167
0.11425540587545316,-0.33677617284269046,0.002131666360825118,0.014340922980788545
0.11964640983955488,-0.41641042876144146,5.588393377950149e-37,0.013299187374813398
0.1241332853490926,-0.5333805035220813,5.941821927897052e-37,0.013170426520580808
0.07599833713363444,-0.4750789678621452,3.8837834053063044e-37,0.01437074473941474
0.03552631810136063,-0.38814043509626117,3.9496991328293925e-37,0.013623988611521459
0.04652467964615431,-0.5049108730909215,2.184030692003692e-37,0.01294785421944804
-0.031866383435281705,-0.5501966909429041,2.4795295564511015e-37,0.012817698330514594
-0.03849289666419581,-0.3649261286410646,0.00022447363886622846,0.013069382518968935
-0.02722124577907796,-0.3486911015058669,0.001504781266313081,0.013811427880800706
-0.015270945048268994,-0.2299915451241125,0.006363227830550432,0.014858893795010245
-0.02433282571982505,-0.20756679860733274,0.005646058029058253,0.015509826232852124
-0.03205318584297476,-0.10717557677726677,0.009447371456862398,0.019206788958953457
-0.05623302397288571,-0.05373661705105698,5.2637910866893895e-37,0.020314620653853317
-0.0552273048896835,-0.028089423684619308,6.678225244675476e-36,0.04032040925168644
-0.053229936272213514,-0.03427565771868801,1.2811658231277528e-36,0.04007022555356729
-0.050395795309464114,-0.03786790438419324,1.3697074975192377e-36,0.031248854218337944
-0.05093839934272876,-0.024231864701562467,1.507344951433822e-36,0.04366791617942123
-0.051299513865325025,-0.01566901106646096,0.001572875645672825,0.050057251386341456
-0.05164934380222849,-0.007741427968491199,2.3333749607788907e-07,0.0608757771551461
-0.051985084907004445,-0.00045662045503672144,0.004942488512203066,0.09649437055740198
-0.05237136600170929,0.005508810549616633,7.403175268501383e-36,0.1638772763628592
-0.05285526170756972,0.005761089813864001,9.271574984570447e-36,0.5254874735644427
-0.05324102904228949,0.0058596377146526435,3.7801082310293686e-36,0.19954165610142083
-0.05327713823527416,-0.0017099476332188002,4.634853102776098e-36,0.12318485686293411
-0.053269794545756644,-0.010286012328593663,4.829487541355139e-07,0.06087604151184725
-0.05398781551003082,-0.011060067728965645,3.17175001850909e-36,0.09480430256890074
-0.05460643018295456,-0.010912025974997408,0.0017357515233947837,0.07978296926328295
-0.054267646451168675,-0.003641336496638753,0.00199914512427195,0.09878319995348628
-0.053906811170172465,0.003627018312530844,6.807948951585729e-35,0.3209641978912092
-0.05352205478406106,0.010892772055931782,0.07483546514251188,0.17168600681202098
-0.053111290700561434,0.018155619269130868,0.023295698717355727,0.08138347289899937
-0.05267218292482427,0.025415208345277385,0.03507470854024084,0.1206323331163462
-0.05220210773660987,0.032671132921347434,0.09927531748943913,0.15144269703904747
-0.051872628118238,0.038993748447009674,0.12944058170803918,0.13315919790158326
-0.052566558756947254,0.03936982811075765,0.1435190779550424,0.17575639742839672
-0.05315670724341045,0.03952916303906279,0.15364387988640318,0.1786385177285038
-0.05325841073357388,0.03347366009865316,0.09771512088686467,0.11542002793781751
-0.053269708749955694,0.026175772872778946,0.03507419814319038,0.12063254790801602
-0.053293144980776114,0.022677168913127044,14.274283801761852,1.068823151191147
-0.05324786339562491,0.022501714949126284,0.08661871631888617,0.12318937045934589
-0.0532180606478659,0.02381888857922368,0.03507534891979947,0.12063239934159047
-0.053627424093392106,0.031097684622200333,0.10645313487949588,0.13987425523531855
-0.05405797526140549,0.038374618679923644,0.10807037429504097,0.11571129746134375
-0.05423480163293673,0.03855374431173811,0.10416673503956533,0.12107610471992648
-0.054243004626507565,0.037852166421272454,0.10501443809096377,0.12297772142268781
-0.05369619150466719,0.03319140570281509,0.09773117788369978,0.11549710241116376
-0.05288934597439804,0.02598790082151009,0.03507487834287234,0.12063232032771817
-0.052193794185631526,0.02067511672689573,0.217890243128132,0.31718175254258724
-0.05159004358295685,0.0198029305559157,0.19271290288087828,0.2158752007189907
-0.05084326368662622,0.018794599331903694,0.1046086609278782,0.11553875096909141
-0.05192222960636872,0.025793895936269517,0.035074459219255685,0.12063248175762753
-0.05308207609762089,0.032873965096761326,0.09770865794209084,0.11538909577508466
-0.05307609680437116,0.03427300496947258,0.09770841807431162,0.11538813105726721
-0.05235859712594809,0.032904426433798734,0.09771990349857339,0.11544305019608388
-0.05126259009016042,0.02940351943313077,0.10777563506888077,0.20272714535336647
-0.049822119038151896,0.02247553524142004,0.11050516385854672,0.11535207376602491
-0.048450719679901555,0.015518591515422703,0.1026125473549308,0.19323372147245724
-0.04714347838230015,0.00853559329172901,0.07520382295658463,0.11416603125790278
-0.04589592121613385,0.0015290944871912682,0.030024849442199186,0.15814621080571245
-0.04441203327343175,-0.007272055239786024,2.713527733522284e-36,0.11075709626370346
-0.04301168169457141,-0.016377247701387987,2.7554330063800783e-36,0.05507348506964466
-0.04482731363049936,-0.015164268866713654,4.4212149422972345e-35,0.0708409278686144
-0.04643867466900886,-0.013693728684408102,0.011637154299229947,0.14573023387892864
-0.047326520795404836,-0.0065357708042311224,0.048983453068562,0.13740007996476533
-0.04825551009426167,0.0006112249874535014,0.08180920855894376,0.13579540638348567
-0.04928404203302339,0.003043082503728173,3.977801489804059e-36,0.14777332528592277
-0.05022623610332475,0.0038540992553413866,1.8850926315926303e-36,0.22018273427310614
-0.05033979299924499,0.0004281374919237746,0.08008870823948767,0.1467896468614977
-0.04958435195560067,-0.008071997860973512,3.9440575649568506e-07,0.06087586581960085
-0.0485002435220564,-0.02111921106449066,1.6984299594678953e-36,0.0590400273302796
-0.04366645803322543,-0.04693920079870173,1.064579772432479e-36,0.02850183251251335
-0.0440911809225662,-0.030897220973981038,1.5585554022886517e-36,0.04395903768066457
-0.037193758894808984,-0.04971097384576159,6.075171019404374e-37,0.02288280333428151
-0.034776002436160316,-0.03599429205724125,3.8328096992854963e-36,0.030047343010716623
-0.023326519910144103,-0.05166090573914117,0.0027562954566767496,0.02579635300729439
-0.028673794127322502,-0.02673578666052115,0.004424510430814328,0.03228436886201475
-0.03245469495069263,-0.011200525250997961,0.02166584980083251,0.06022746325564543
-0.037238224106067114,-0.006983698125249127,0.011735282574340155,0.05815059286158953
-0.03532537465091784,-0.021558464432785945,5.1640063112024535e-36,0.04269255938326192
-0.03935323062575262,-0.016778849331693713,0.00337352927500291,0.04307283499976328
-0.04124994077370624,-0.006950429769699562,0.009166329250844233,0.06739295433009942
-0.042889516720718016,0.0010488053191132496,0.05117700452938211,0.15574795682174097
-0.04436953882738172,0.007902243026804895,0.09315668672591497,0.12756737761122536
-0.04591734008578886,0.014720889921474745,0.10297223954925254,0.14321467410172617
-0.047537619187655075,0.02150110747664777,0.1312285184341633,0.18175162953573795
-0.04923224048143633,0.028230005536279773,0.10436416863394557,0.2009757113307786
-0.047685689294022934,0.02629086407801748,0.1581638239064671,0.17082418970899785
-0.04593052240517499,0.024261008392894634,0.11878216288361343,0.1291577336912161
-0.043647270708310024,0.016801559158872104,0.053697179205642244,0.10032493950915367
-0.04139489278139326,0.00871837586730001,0.05629722883836605,0.09923737742110351
-0.03824772072154929,0.0059285453287722945,0.05547596655114122,0.08651548107370767
-0.038155055859433726,0.009456614839028932,0.04543583807314242,0.09061183532984503
-0.040745320060203274,0.017878278029550942,0.053696899667123876,0.10032466532498124
-0.0388692798384449,0.017232646344326946,0.05369675949490614,0.10032469414604879
-0.03563083496290412,0.013856589691832177,0.022596763005488713,0.12601793739818637
-0.03152977575046936,0.0012748767651898363,0.02622853714092237,0.06901385428946993
-0.025217992594778804,-0.003400465753217785,0.00929172493131852,0.04237806168228974
-0.0284676876538337,0.006194332277294823,0.022255749942349818,0.05719465209964282
-0.0261045060170311,0.007053079976258675,0.023957294377421192,0.05078164544809653
-0.019177141591735725,-0.005277680598923473,0.01220869643583041,0.048675668603759326
-0.01823478424895303,-0.026553478499233868,0.004431742153538846,0.027775230169032224
-0.026555017269491138,-0.014686989936903178,0.008915310113812228,0.039876594010528274
-0.018397519236796916,-0.04861173784265918,1.967506492195179e-36,0.024397782220486837
-0.018173979805395007,-0.12236424522357203,0.013179849279165863,0.018397669543955913
0.06067947669192986,-0.1451933660100229,0.007698107543932152,0.01890688902592305
0.07697595110117073,-0.12332851236566755,0.014288700407770909,0.04093794230929605
0.04816865237406981,-0.029964245720808413,1.68059007844527e-36,0.03237101979798633
0.014826846392887089,-0.01621498311875294,6.660342115565735e-36,0.03078196983456798
0.03241719293064768,-0.06916683031582091,5.209846770733299e-37,0.027872139382880395
0.013807100326857752,-0.04895611369249783,1.2846834615282764e-36,0.02409725421033216
0.002601758147647265,-0.011230828204505466,3.351047555559519e-36,0.031757714679668946
-0.004506757383207022,-0.011255592821968752,0.005049474289659757,0.042033324191860545
-0.011798267146296504,-0.009245789563906509,5.777089054808339e-36,0.04154010729426901
-0.015945227257081224,0.001983048037793228,0.009342904339338714,0.04801576287094043
-0.018702224096833725,0.008951092866750249,0.03790804884788504,0.0659147304474385
-0.021363031645791702,0.015322190866092572,0.031676063575203244,0.0788153490047173
-0.023889304404403455,0.021064870164656857,0.04376767602625373,0.1099616788914541
-0.024159621798396563,0.023830101445813462,3.800026256937346e-36,0.13014655986526516
-0.019751589068694952,0.020997707914771707,0.09857295985073042,0.08743184302179599
-0.015626945008475418,0.016262944242845523,0.024745865433359954,0.08903837360621623
-0.0122158598788282,0.008431012479602457,0.012565424565242848,0.053739315253606666
-0.004492065516576604,0.003268553161960064,0.014687680234353935,0.05087625656290942
-0.005623169740171741,0.009144586675869454,0.0037451054191187157,0.06193869788892697
-0.00885053653341114,0.016346682889143455,0.0572933459301824,0.08969297874468309
-0.011430839672711496,0.02180586210446292,1.4791763007406311e-36,0.17917692400421636
-0.013934577649175883,0.026858768265867722,0.2761723669051092,0.3273199115057433
-0.01627563591901726,0.03137255490643792,1.5789272371758785e-36,0.1598641964790138
-0.018780752564147296,0.03560027379020436,0.05673489167698532,0.15576149498649375
-0.023077224641273403,0.038011743766345446,0.13548897073907454,0.2653480703901646
-0.02725763439005932,0.0404849297268913,0.04623467710722432,0.15520745766399394
-0.02608586081955766,0.037286048431417085,6.512370226822507e-36,0.1646321148767377
-0.023316407830509672,0.03213509230272493,0.10321018738899816,0.15259100910732382
-0.02534615262399617,0.032363446409486796,0.09036340775535513,0.11955932320848797
-0.029224064611646505,0.03490258637282778,0.026406380663330144,0.12694794719562874
-0.03244876253374754,0.03846969670667488,0.24423327234984735,0.21966738793411034
-0.0350383462093419,0.04315363761957969,0.2605330780886394,0.22100835922810555
-0.03767921471170321,0.04766937519526815,0.23188702088895638,0.11692142908795103
-0.04036827987924091,0.052005216445509955,0.24274447781330036,0.1361404827976148
-0.043101590557513975,0.05614883052780681,0.3764423048280347,0.1421776501282476
-0.04587421179855508,0.06008727202303246,0.402688793586843,0.13024554687649081
-0.048680095663062695,0.06380702124612937,0.3035055075625551,0.20495589615317397
-0.047839793615784415,0.06402301141655466,0.06626714088908787,0.19710133930627832
-0.04356770076338501,0.061287284632262753,0.5219597433016384,0.16180919377041894
-0.039563264841378454,0.058452523439494586,0.3732883931291883,0.19032880937829358
-0.036951336532598716,0.05483630787935184,0.3226213244383133,0.15227618188394149
-0.034354702948752425,0.051014158801512444,0.07447083283934121,0.18433652225016142
-0.030205027297241588,0.048339859032008825,0.03648191490571186,0.1572414927215708
-0.025789240119855145,0.04586050441899592,0.06265819956331756,0.1362694443098863
-0.02546360438977699,0.047217396102565146,0.057973372564570025,0.1212257739079837
-0.02788399838316033,0.05091512904411398,0.11549322723829179,0.183243738159384
-0.028009179108977295,0.05259627851941316,0.1936043092222504,0.23750031645547073
-0.02259788603088239,0.049941979576580434,0.07667486190900394,0.13672104272615326
-0.01785534762373686,0.0470119787577714,0.06927401020299243,0.14856454675513125
-0.015315277393561838,0.042889326735163324,0.12904124490916805,0.18772451040996724
-0.011409184481491058,0.03861536024170484,4.644751273829528e-36,0.13675574066450158
-0.0025058030027072797,0.0346433588955615,8.526018128378063e-36,0.10024784155136787
-0.005877428294465775,0.0411647203488953,0.030580399542239137,0.11807478007275143
0.001170795408467984,0.03988447532038099,6.792440428735223e-35,0.07146115596353739
0.009885371660615733,0.028779484751466855,8.313089519414037e-36,0.043574105614181124
0.009704572498275998,0.013996500167550718,1.7958511356021777e-36,0.03586264065869808
0.0030243875156479028,0.024392647507595122,2.041473127871697e-36,0.055842600746118805
-0.002323190618870208,0.027355445210083984,0.023041520873202607,0.12536286586338202
-0.007586006487148217,0.029840745050260797,0.043547327390203096,0.12671452418543452
-0.005285994409811617,0.024527047068593294,0.027784420701273467,0.12576409824607068
-0.0016297889463032234,0.01696231953444252,2.0979931205801435e-36,0.07536313243524427
0.003486678532520132,0.005534411050060861,2.405553218105444e-36,0.040506414545678
0.01607651666153867,-0.006877111115952905,0.00011470216590720369,0.029506362856266382
0.02631938439102441,-0.008879354358258096,3.5616391082041117e-37,0.02506581907700994
0.08773274248803586,-0.00413476250923725,0.020952658721589697,0.02708104202052808
0.04801980320976873,0.025074113501151477,1.2928554019263732e-36,0.024540626298178627
0.026577066501476898,0.015603535295924537,4.252734651040437e-37,0.025095843812769195
0.029314316692131526,0.03038180177801149,8.002382276208738e-37,0.0282977772759284
0.015481598937998553,0.03753078794398847,1.987165069798627e-36,0.03793808641192283
0.020729067442680327,0.04001262095594958,0.003259433966834972,0.03661047357390154
0.022877972249930878,0.044975602535942946,0.0007524455253592353,0.034470072800257365
0.014977695832912141,0.04801998025622663,2.111682305311335e-36,0.04241765645500692
0.008673904005985278,0.05079301547246755,1.3347768032531491e-35,0.07989682646539951
0.0068006285472881345,0.054295396976216645,0.024949057393265268,0.09214132786968403
0.010966201054790459,0.05479730758747779,6.105730238502149e-36,0.0893253973780598
0.024044018913694842,0.051837437589396754,0.0064875751452036935,0.04172083848322132
0.04702150808777439,0.04033764806125424,1.948259917239534e-34,0.024444114755483443
0.07102428425788171,0.027634861685007298,3.936854275715023e-37,0.021248595405649804
0.05657087427629415,0.05601723354782865,8.558741381344083e-36,0.03059094512964969
0.06858265735395297,0.06375838596126586,0.0003150100162090997,0.026089053568811728
0.05805297450214325,0.06470508019829903,0.00688043092017368,0.03203086728997241
0.05033699190036717,0.06532847068705945,0.022810213126632777,0.060981605619123275
0.044104296709184476,0.06585298357438167,0.025695406458906167,0.07401760701825559
0.03792791331792644,0.06639254451829656,0.02875756295106699,0.06811306604541996
0.03183309114694882,0.06694557570116036,0.004962622158943553,0.07886535353201325
0.026417714366110456,0.06717857110339616,0.03665410277388063,0.08648413999545448
0.027345674316759383,0.06414641691018769,0.04073694529831261,0.0873490251085221
0.032110391095067914,0.061762037551901475,0.015081923582069114,0.07783603016882007
0.04174963353677302,0.06052974379626745,0.020096007959943655,0.06592808629065988
0.0379791030161849,0.0551934371738184,0.011563235803228704,0.03619993604572537
0.025784423121524458,0.05725916791544211,0.013513003144071428,0.04835266081128267
0.017176127549241527,0.05882474357600212,0.011279302679939976,0.06025213972141931
0.009728976997160743,0.06025913592279589,0.03574031571800755,0.08198433330249714
0.0027345520258351685,0.06179467385264242,0.12334472506900782,0.13210598393209871
0.0014701029097576312,0.06414050491674314,0.1961630652936216,0.34393106423371234
0.0003260615721956128,0.0663017116096965,0.11660571969434812,0.1198898287137736
0.006930943405684953,0.06538416361661374,0.009863790529967864,0.10871472307809471
0.014061731031432378,0.0643253526538646,3.510830567214965e-36,0.07942752624954173
0.013220017898836256,0.06639898970013532,1.486754291716259e-35,0.08473705006186778
0.012488122964757153,0.06833537195984105,0.009198301417517766,0.08837022775430912
0.007985682423054086,0.06933412064904422,0.04634179576241235,0.10692624447613816
0.0019099411865471927,0.0700082361007097,0.09400214592877162,0.09955620654496519
-0.004160725406742394,0.070712381545658,0.15442674408781054,0.14321850935535954
-0.01022579134512741,0.07144880781424516,0.124511919319772,0.17960994624609272
-0.0156315016712526,0.07202346529429535,0.18806897610550785,0.13032328926198836
-0.014720030938290218,0.07063683715667401,0.21958768731269734,0.17219296254165845
-0.013662269355186829,0.06905962875093513,0.2550851256656952,0.25610551526804287
-0.01877799996694482,0.06984929567338975,0.1880506970516214,0.13031363395347914
-0.024710443603209425,0.07101925768851246,0.22287772092536098,0.13512916119590085
-0.027905118879647278,0.07226457719505872,0.09537068602914979,0.14409906746364923
-0.028976002595291067,0.07337658975936634,0.09235019362294213,0.1267534034472402
-0.031282818534762225,0.07430141309198636,0.12771560095781115,0.10986078234310642
-0.03731419236257824,0.07521693291338151,0.2724863117062751,0.15404990420786874
-0.0433354849721016,0.07618204675099398,0.5353876660584206,0.18566876710959254
-0.04253125095464988,0.07566428872937804,0.4155068896750896,0.14516829444735307
-0.04128708760193461,0.07485908604665473,0.3536263691349381,0.12400687741328674
-0.03988921256218625,0.07382101960269176,4.4162700608466326e-36,0.20198336344982648
-0.038352339579410144,0.07254957472723568,0.5357311669413113,0.18698874083610206
-0.03669089311391388,0.07104546022012828,0.9284830243450151,0.2662449437694986
-0.034918886483876976,0.06931050609515574,0.7660360119328189,0.19090016094936038
-0.0329068192638593,0.06735407441034279,0.5252163780596956,0.1362268696178677
-0.02739037734404995,0.06549053847245649,0.5096582841483791,0.1758577160797735
-0.02182756459838603,0.06370903937801296,0.25060885531219956,0.11912648111057714
-0.021573312991063548,0.06484877098354079,0.25227770063312843,0.1148421357026578
-0.023185307784862746,0.06686222653353942,0.2631108295167641,0.12853339121294038
-0.021503667014106526,0.06726685038875925,0.2600552921473105,0.12944471789724937
-0.015463804666627834,0.06576737126987942,0.19766046300765489,0.14973974314443705
-0.010389781256256059,0.06417890807914739,0.15037498042296107,0.1192228618309337
-0.008903780273225192,0.061916888367527706,0.08211185715816827,0.14537283556125952
-0.00732169460108939,0.05946255075248347,0.18427204306148315,0.17279612942288927
-0.0056539074154359215,0.05681773679179289,0.510046517907607,0.2957568183138609
-0.003910413458881101,0.05398494493993916,0.15944147735492187,0.11690963912363801
-0.001675321413619757,0.050245978587816986,0.07328255682362259,0.11298612349922238
7.789841734867631e-05,0.0465286302029657,0.08732265804437221,0.11190687009357106
-0.006320258590214262,0.048783492223426664,0.007839136529179464,0.13482483672956508
-0.011983736586243882,0.05124966465492542,0.11946089476528868,0.18871099498962196
-0.01395237548581943,0.054263895437272835,0.002959507662888712,0.17587625165494344
-0.015872560748239922,0.0570936465080735,0.32185686096841687,0.1874045014101829
-0.020727418643864293,0.059134857238596975,0.21965502671342307,0.1298495469806693
-0.026072629079991555,0.061126210769797115,0.7103251322671568,0.42859530908614046
-0.027246137895207634,0.060466944502303596,0.5304210904707738,0.3015677752071909
-0.024832196950757,0.05727679408686705,0.10664210007358248,0.12884310438572144
-0.026142022012382082,0.05668452347573906,0.10723162881503955,0.13414373293566678
-0.031152756601090376,0.05894795202974566,0.4970017513294141,0.21767516773846532
-0.035593272821993316,0.06140997097958348,0.24726509540625827,0.13935060191061563
-0.03795249642865345,0.06423048958051111,0.540083983628544,0.17839207367190907
-0.04027136268495987,0.06681970074982527,0.703114581603174,0.1694101330981187
-0.0450373405754908,0.06916749155596259,0.697908904972248,0.11964027928309277
-0.05003841273805734,0.07160053070182269,0.7204838973460639,0.12976512406764712
-0.050640832473353825,0.0712658886255729,0.7120562327312754,0.17787760747141892
-0.048063967359646353,0.06865276268968004,0.6710210842962504,0.14230022174160262
-0.047433284813742704,0.06730160730243707,0.6153274764034572,0.1766391861148957
-0.052002386056742705,0.06998985958503519,0.6732492123127968,0.11581793824355674
-0.056442212977006606,0.0727867492201802,0.839109026712465,0.2482330571635572
-0.062426525147864675,0.07823726489883975,0.25871171133045345,0.16147975842614104
-0.06906603512826073,0.08286654412627918,0.09082064461310643,0.79859221339288
-0.07535632383814442,0.08558631528004183,0.0024327206432876373,0.15702042766013896
-0.07021563359343308,0.08328173920419647,0.09463185618678611,0.1528627472729562
-0.06481136826781708,0.08104098970630937,0.14513710356450726,0.15828477656100795
-0.061571559777489904,0.0796129159302222,0.04576573744127441,0.14701093717354902
-0.05929493265807084,0.07827830593841963,0.7031941050393772,0.2390505321082195
-0.055889247495360145,0.07640964818891398,0.7084730104030623,0.14407547094565704
-0.05063638227286951,0.07412568049373668,0.7970343389244217,0.15848653955554265
-0.045774406685503394,0.07219803761026178,0.7094117573526915,0.1319898796154367
-0.04785201127308472,0.0739228238818591,0.9760639378895931,0.24156501997962807
-0.0498273076998548,0.07538563001912818,0.7995279175398826,0.16248396926532768
-0.051683874004947644,0.07658214334794558,0.6183858218374058,0.16916518136966058
-0.053404519723467464,0.07750932582167488,0.7219901839183677,0.195733632591633
-0.05497142154710341,0.07816557501951849,0.7058139407707955,0.15115731718453504
-0.056366287610217086,0.07855087762270457,0.8566010137506076,0.2500524289908726
-0.05825501269971392,0.07882665039334814,0.6040815250660031,0.23608877628838004
-0.06422997364814101,0.08000283401973672,0.13448442263238347,0.1369318829054323
-0.07018739640949276,0.08125314747633054,0.05365587400359692,0.1361393191001433
-0.07001134762152517,0.08176633792823389,0.05677316276279902,0.1551422161971644
-0.06841664049284363,0.08183165766234217,0.03779277541070732,0.19307588469786272
-0.07589540120665669,0.08447117342882098,4.5765700793207434e-36,0.12350545717640858
-0.10472406709137946,0.09674622807303758,4.325110721027326e-37,0.02660291951542036
-0.1433542445042309,0.1331511324514541,0.014580547783682177,0.022407696319542512
-0.11583551723017615,0.1327063857048253,0.01111128145681056,0.025990679720781992
-0.09038913714533614,0.10845107024578478,0.00035993926215261134,0.03859573284226438
-0.08508166387406327,0.09910562113550563,5.471723696888657e-37,0.036540226567707015
-0.09403866888082868,0.10535505863597182,9.18040691757584e-37,0.03783497469198108
-0.07819687461987707,0.08854347061156558,1.7958418889736036e-36,0.16015263132787744
-0.07745890508820574,0.08868314478520352,3.0771536528570625e-35,0.19038878897504677
-0.08064909121682279,0.09180518308008673,1.521955951246135e-36,0.14257668351890684
-0.07672468788020273,0.08883323521905379,1.8862390435994712e-35,0.1801699769500189
-0.07299960124484614,0.08548858267658864,1.6238683095375796e-36,0.1656716107178963
-0.06924717329537167,0.08220482281542234,0.07693415587603983,0.37489974320307506
-0.06551277036216793,0.07908238165288485,0.13448445111836851,0.1369320315761312
-0.062402962555894365,0.07594452750650028,0.412297536247268,0.13773094835801875
-0.059326515234964516,0.07252761137531617,0.5613643600497856,0.2405371655463963
-0.05629275832191488,0.06885023317536929,0.42241735565302313,0.12361543759554515
-0.05330924244271651,0.0649302073194496,0.7092207677003118,0.20215895566677822
-0.05437969434228815,0.06524374613487038,0.7005048792062544,0.18394871062088716
-0.05771227556410402,0.06826004733266491,0.2979389735370779,0.14685740538229405
-0.06085731816750781,0.07170554365271642,0.36858497256449,0.1589526083181373
-0.06402096271210678,0.07579152608532044,0.28198147343339136,0.1575059903478948
-0.06726544233019022,0.07962225433884636,0.06292945651902145,0.14547392049413058
-0.07082602858268516,0.08340030435924743,0.07100744744564531,0.19027683102959073
-0.07406574504377231,0.08729487411025898,0.021101836351556953,0.1355274608220715
-0.07078587383074841,0.08344595327626388,4.5604929117732385e-34,0.8318908847893531
-0.06745972463452796,0.07914775158423004,0.05326328087271621,0.12975684731907924
-0.06424286586390823,0.07460876053742119,0.232487971031531,0.1923531993644735
-0.06113558146891654,0.06985097095503187,0.32641931634336535,0.14228874637065542
-0.058137040897061204,0.06489435199416974,0.5231608559987919,0.2063319891062311
-0.05524555588997265,0.05975699663472178,0.22996244842104452,0.08279203982388811
-0.0524760587537306,0.054600657715554224,0.41093472236951534,0.1293265829858234
-0.04993958052185496,0.05186497767769249,0.443827417797035,0.17284532409173492
-0.04719984079554576,0.04914455848355781,0.3561495956561441,0.1553969578701235
-0.048525983360781594,0.052274154637757086,0.3977819884678672,0.14003903590518377
-0.051337581627090734,0.05722402764977755,0.4136773313647996,0.12147066518166975
-0.05162066122081557,0.05863790636085123,0.4136747953389886,0.10750582276672753
-0.04847212154765007,0.05577817635183502,0.5288683809765896,0.16840553143727835
-0.045214382542394516,0.05271415269166127,0.37635301261558485,0.13190536829000635
-0.04241318093437532,0.04792048097935722,0.36076467257989947,0.13122652856653733
-0.03968288043893081,0.042950656481781785,0.19253592079660978,0.1282772119923644
-0.03702453981164547,0.03781783097055613,0.15855743233703037,0.23868269482690213
-0.03443855891765718,0.03253420252935674,6.688849989824137e-36,0.20722141902153585
-0.031691771030839394,0.026593545022718795,0.11036252781338421,0.1736433124766338
-0.028886187211205644,0.02015876331199498,0.042501727945511256,0.1990702568406309
-0.030099417009063906,0.019472485315586763,4.362415404135657e-36,0.1352419759033052
-0.03330410223848407,0.0219495780594873,0.07157274826485802,0.1303256824118806
-0.03602353810721301,0.02599982939231174,4.072071728477948e-36,0.2275663470500952
-0.03842748312770669,0.03163743309644093,0.3917815542927269,0.2681114323571987
-0.0409676072421053,0.03663109201962958,0.21406083325939312,0.16179035124594188
-0.043694282939581164,0.039146504136438,0.2443238425364336,0.1692457849247089
-0.04623633802290067,0.04166326114705868,0.2924794639338698,0.18280172658635876
-0.04425982934727196,0.03666693085484954,0.19941713606306744,0.1619911291626299
-0.041723912730779966,0.030435449987637336,0.2102269467262247,0.14891055146498816
-0.042789781469347976,0.03030508772213042,0.20711526001740319,0.15407497144684873
-0.04515798031396015,0.032729334211715005,0.12973813058301842,0.16098627218648928
-0.047401073436888694,0.03713793299326357,0.19010751682044785,0.16691373490893915
-0.04974254426855686,0.04318337921026402,8.475546950808663e-35,0.17812093816858413
-0.05205594852483708,0.04832457229713208,0.9085571421963097,0.2784568359067929
-0.053850651549122636,0.05076917005632123,0.48401143155559356,0.15823478825546647
-0.0554241783046204,0.05316840716678292,0.353834454658714,0.14715723689456103
-0.05324813497739268,0.047211090340850165,0.4153275172817655,0.18334575183929738
-0.050899402400702995,0.04049551309369917,0.15279565956904856,0.1306426453269129
-0.05150483366961234,0.040476596583376295,0.14834965257312605,0.1652828525883379
-0.05283688658369283,0.042511614902320055,0.204972208156858,0.17903430551932903
-0.054372087411929684,0.046574463060847476,0.1828798314483726,0.15268213157867594
-0.05641562890980599,0.05310477824626195,0.33050667178845206,0.16658401277650767
-0.0585679913589653,0.05956370864684443,0.18766035394793235,0.10233046503330102
-0.06083750357056193,0.06594244949167755,0.30198553128329925,0.1653900821102808
-0.06323322455149914,0.07223085467225623,0.4494847078466225,0.33814803978223
-0.06576499382665939,0.07841719741061612,0.134484432332736,0.13693214715639634
-0.06844347588834808,0.08448788332590318,0.09702903776517306,0.12425602864646661
-0.06944627697140492,0.08576019712866151,0.09380385169376687,0.13183451514512887
-0.0686320198753052,0.08285295727000838,0.09486832373010819,0.13633007022924673
-0.0671193056877016,0.07930066871414937,0.06810802524650565,0.35950984479902653
-0.06425331907218264,0.07360642873044396,0.2292540002288552,0.14707091991053955
-0.06152681630598526,0.0677702165301555,0.2728383944482199,0.14396480723813873
-0.05999321533119978,0.06483637735967065,0.41558451803179175,0.17857119657061005
-0.058315778061068024,0.06213039909943874,0.41012755426008746,0.21307712349443858
-0.059288241798273036,0.0644844710240983,0.4239065711296215,0.18894356845203758
-0.06215098278956811,0.06994272023647158,0.3388009209173875,0.17549998155978858
-0.06514010133867594,0.07523428971558332,0.1490045565834004,0.19083847836656598
-0.06826057907505771,0.08034045361531852,0.058637084465409633,0.1549886035486509
-0.07151694221467651,0.08524015265996063,0.05019782535527281,0.12888637026566357
-0.07623574012185864,0.0916120207488098,0.03417145654387023,0.16261260698315766
-0.08064841919720231,0.09770324044360067,7.887877113305566e-36,0.1155524309507941
-0.08322641719244012,0.10416617097910584,0.00527535962176916,0.08696965201079367
-0.07959238033832573,0.09951609859349704,0.0023092704317032226,0.07929722939328195
-0.07611052412252707,0.09455652028215439,0.02955490135844632,0.1654330205992856
-0.07581048959723878,0.09542076868221372,0.011458238024961378,0.17513380535690518
-0.07654775427987254,0.0989617785145257,1.2598102985974146e-35,0.0996640764002319
-0.07963567038923099,0.1053465124083694,2.7685894412157247e-35,0.07983522193385534
-0.08479724735940275,0.11381330756027568,5.846869446760354e-35,0.05944358070062708
-0.08333973350371447,0.12046786621344327,0.012616322389814812,0.04494043996420512
-0.07838582446974586,0.1117920630225232,4.593852679120609e-36,0.054705330757395094
-0.07541644480153942,0.11089945699777601,6.48443398470821e-36,0.06143874513558171
-0.0770129603713633,0.12219520244939286,0.0036161940713117903,0.051604393500154846
-0.07117812148544883,0.1277876251496769,4.1094343344174455e-36,0.045713282024327305
-0.0672707703270133,0.11363954148602567,1.3560478946171566e-35,0.05442211469993284
-0.06504990761268709,0.1042766974401895,2.3956193922711276e-36,0.10387393225162647
-0.06348389047475897,0.09699117392368228,0.09299247722113599,0.12754868005355147
-0.062081926155924005,0.08992696903542746,0.1241808210351052,0.11162815265110061
-0.0622390880452835,0.08619092553002844,0.11628910051018158,0.10349780132777499
-0.06322301636719707,0.08462061758622658,0.1106785185306915,0.10135882833603034
-0.06439680639547318,0.0857238477195654,0.11617389807031397,0.12564937021273173
-0.06680798110176363,0.09411217032419811,1.7119788250374145e-36,0.2670442570882941
-0.06878094977046548,0.09801571730760264,0.09889037310637463,0.1872800145605522
-0.06960677944170032,0.09550763179543353,0.1487681779457397,0.24043246193906453
-0.06929181778816555,0.09186667865124579,0.13295778640487677,0.17380086780279222
-0.06685162678555522,0.08546103992101503,0.1015892912768719,0.12606296903707034
-0.06456035351038829,0.07896539736823796,0.13448445702768808,0.13693187014642852
-0.06240528283508491,0.07239119513400871,0.36716567890758983,0.1758077842559057
-0.060374990465084336,0.06574815455808913,0.41687735039349505,0.20913748816324196
-0.05845920359184566,0.05904456900361743,0.23200118972444825,0.07710670213552417
-0.056648674756659204,0.052287542963018935,0.3548732690412847,0.16637588503132195
-0.055715115859120576,0.04837794898741035,0.6180056047721755,0.22385444322701828
-0.056183532789502874,0.049967031632375786,0.48095278189025203,0.2526472766109255
-0.05648863269901662,0.051602789028392215,0.3455522259988808,0.21879018539993395
-0.05790732252613534,0.058597442065360716,0.2364434351891931,0.08449131407055974
-0.05941233657444475,0.06556127824399538,0.4078611703726293,0.1605125795063742
-0.05962358819250624,0.06855834543777617,0.2797683790859767,0.14933741006927087
-0.059123647823380025,0.06990633735158308,0.3014182989365039,0.13287648046511785
-0.058262883619692535,0.06760170699704687,0.2891850609852855,0.19536418477030978
-0.05720112541957226,0.06045240861224638,0.21283903765346168,0.09165078947095465
-0.056279006669221025,0.05420241974212614,0.25746459887553386,0.16379935860724534
-0.05588796827434943,0.055059266403953866,0.8837561974182955,0.5319932528138452
-0.055319640960150705,0.05571202469790948,0.04570305578271946,0.16981578938366576
-0.05560466627412286,0.061667198067653056,0.2787959174536435,0.1256087227868963
-0.05614937877816617,0.06893317084486797,0.38934097322191086,0.13768761915282215
-0.05579833361034897,0.0728354202773698,0.7814810943581614,0.17478928602605395
-0.05437900768015841,0.0731524422975561,0.7943689976674643,0.17598476212063177
-0.05311196046081145,0.07181377775613917,0.7130697632044513,0.16902122401527028
-0.053153188925441554,0.06451645152565716,0.6156565898067309,0.17366603252417262
-0.05318744684138012,0.05721898624697269,0.5259817140264222,0.19241573216614793
-0.05222483884343202,0.05624886906705012,0.43927834738265475,0.12605702296819488
-0.05101631125636208,0.055873887545852347,0.4568457341015518,0.14144004929293702
-0.050110652977640883,0.05981161552277911,0.3964958708011166,0.13846489801454445
-0.0494458490552551,0.06704217746989496,0.6719801149441232,0.17946861940830663
-0.048726505688704826,0.07426497096617612,0.8847145870326822,0.17597253824995004
-0.047946264578277296,0.08147877130596756,0.39154140063531534,0.12766534123470474
-0.04709774312916101,0.08868210308417077,0.08593142182409719,0.12755040663608505
-0.04531764510343973,0.10197491828352873,2.7407657800627285e-36,0.08161430990300776
-0.049726160793807206,0.10661162468371357,0.004430757616423271,0.05061821383354783
-0.05283431611490232,0.10313827920848803,3.0268050744678383e-35,0.07986027408273068
-0.05291616399819406,0.09584185364014924,0.04921239077959336,0.09247083095054391
-0.05345419678579276,0.09004903699897449,0.07429648449439594,0.10993537642288682
-0.05567869394316379,0.0898800149091632,0.03357976730505602,0.13104568695971933
-0.057687652937256334,0.08938932253784188,0.09116533904462314,0.13087331341085032
-0.05906240686323082,0.1012610656694437,0.2394365995924068,0.2511770975767312
-0.06342359889897332,0.13508730680482353,0.0009887645496306889,0.03077805873669825
-0.05131396003115088,0.16600818754307806,0.005352644895409983,0.019047098337909584
-0.07300352808754085,0.18909949338248028,0.007778148217701535,0.02176263401211978
-0.09637612320132972,0.17926318532051588,0.0260255230587465,0.03929453626757546
-0.08484116210696122,0.14637794067496745,0.015898062123474273,0.02615886524603527
-0.09918477023270304,0.14048222219431622,0.020254765445965748,0.03015177500786788
-0.10124951032178824,0.1589938960045232,0.02015593570963536,0.029337419705675674
-0.11200458882061574,0.1623233424051067,0.016535288617181537,0.031064118221620356
-0.12018160246606462,0.15363147130733687,0.01568551744837477,0.02479661855830533
-0.12953326620996639,0.1625919919717188,0.02352362313214609,0.036535978147590055
-0.11745728418668856,0.19294560628894408,0.009564441496636971,0.016419893646914287
-0.05608544625821851,0.20790482447398173,0.005505000977491406,0.017752270612316347
-0.1825959091244061,-0.006325654693469386,5.664669508522177e-37,0.020265349709697095
-0.16117532734376255,-0.014170784956019589,1.9702301995823906e-36,0.027806455262913997
0.08155051266910623,-0.20353023418519747,0.0028524410493874163,0.015665172899487125
0.06091024211297787,-0.1315739852328766,0.007531197203274607,0.033859638900681374
0.06559685089335801,-0.1234129652494455,0.011117170523675887,0.026798712820227364
0.07312163510041064,-0.12390857255882487,0.013771799624994394,0.036602307084199065
0.08877333301799167,-0.13558478343565356,2.1752108954494836e-37,0.018022663540869732
0.08435561496216816,-0.11639251940536957,0.026031612716466593,0.056475022531162974
0.08177491709918555,-0.10225150409964026,0.18451698019976112,0.12479466082187465
0.08048414899615902,-0.0941340046945772,0.12579607959793004,0.09556005426657754
0.07892403896977639,-0.08905817343798639,0.21289207656202735,0.12579979731074117
0.07645768283265081,-0.08980214747707715,0.21845537898101391,0.11185475823175615
0.07381686754073317,-0.09044582879187194,0.18939459336618772,0.12969502071783537
0.07409029396528746,-0.09963294630489739,1.4245513056439694e-36,0.09659468692542052
0.07331710354903793,-0.1070606534648835,0.07631750824919958,0.08270855332952633
0.06789188692248743,-0.10678720494456365,0.06891706855015901,0.0866407747060735
0.06520522016221784,-0.10293904911796048,0.10721439749055367,0.09398327533816299
0.06602605098536052,-0.09571769023992355,0.12437211539859548,0.08514668593601457
0.06578007919634296,-0.0894040188184993,0.21570190472304457,0.09891582980936581
0.0598640464748149,-0.0873792907905358,0.17145694493412575,0.11099461816723157
0.056710065021708306,-0.09416437888911844,0.11003841330356742,0.09197201749025186
0.05377413629592576,-0.10258349662982139,0.04238471278887015,0.038374938231423114
0.04657487608215635,-0.0987079271420585,0.04598489919390653,0.07189234961747581
0.04600392165343449,-0.0908333442188346,0.0348884730709763,0.07806215663215212
0.047823255063345886,-0.07999077526011777,0.009562094607546992,0.07740942298811278
0.03576452214018576,-0.11126023682643066,0.02792352584635456,0.023093957714452516
0.04494166291992528,-0.1268115468720788,0.019626932515864177,0.019832997761295608
-0.01752543865420117,-0.0004295167582787085,0.011932183561593796,0.05084304152117077
-0.022558852850976557,-0.03351117364912984,5.715303130682464e-36,0.03298419332749194
-0.06068241143625269,-0.002263467522537102,6.683105619808144e-37,0.033352968828854294
-0.052921373508650255,0.00265847771710781,0.005024242548671139,0.11633522352658049
-0.052453528220160334,0.011556192365514945,0.029119301367073934,0.1829358701167461
-0.06268056496875543,0.01791221549914354,1.0881479181511509e-36,0.04736603240784103
-0.0833710351680789,0.024694575538819624,4.0969927601968635e-37,0.024759064781356043
-0.12353280983019525,-0.012615974268207555,5.773360885492806e-37,0.021220776309356874
-0.15624251398139938,0.051877901612175405,0.005376561192111749,0.02098465850182204
-0.17133788929445626,0.0736798996966671,0.010613878844991233,0.018180301458703998
-0.16010187194032877,0.09916205908168359,0.018480820288729553,0.02251367309631514
-0.08960356369037845,0.08153660269063082,5.529622430775769e-37,0.06029572671624745
-0.08721203576872069,0.07591913955396974,4.591209515076079e-36,0.055040756218173184
-0.08107049718433615,0.07595578612687467,1.1098128924782585e-36,0.0737558905822689
-0.07492885081336867,0.07598518094990565,3.7188018278300837e-35,0.17917711741161255
-0.07419791612709836,0.07754058870138587,4.2659101687827895e-35,0.7034355528645381
-0.07377159613881257,0.07900270484462957,0.041597136605979156,0.1460945140529873
-0.06990189265048469,0.0791100831027498,0.04986800082371296,0.12039788104519597
-0.06380197122339487,0.07845764263623445,0.1344844859063919,0.13693200788782497
-0.059599866284079955,0.07783954415751332,0.5225468853345049,0.12979894967711936
-0.06000494086473837,0.07706645438987883,0.5085103165313263,0.1330292062842525
-0.060139566089510516,0.07605571035472264,0.49638312219665265,0.12675241737799003
-0.05998801853533012,0.07482023060885983,0.4943197957881826,0.13889177405021783
-0.059536014223797645,0.07337515943812623,0.5190869576192614,0.16389055676066724
-0.058771010004556784,0.07173787521868029,0.35133666263666796,0.19953077275452952
-0.057682504326831724,0.06992798274022323,0.36149180685701643,0.15835878261536127
-0.05895758798942985,0.06815608903272954,0.291704372365674,0.13029924898357728
-0.06482463340274564,0.06659330744572031,0.12029590956672653,0.12919185861969804
-0.0704293212489025,0.06516483598307828,2.2670603009666663e-36,0.07519842327042806
-0.07195468649854586,0.06789933905986609,3.412624742017707e-36,0.09440906113082034
-0.07309082138324169,0.07045390435521934,1.4655325476834861e-36,0.08257270251360556
-0.08723132062829617,0.06880599258150571,5.328386535443087e-37,0.03602356855727201
-0.08410666868225905,0.06142692153773658,6.92205136081666e-37,0.03498010290470581
-0.07987303914223778,0.054575266879594866,1.73345030838809e-36,0.0792596692928761
-0.07432441080179855,0.04760856890552338,3.815064068692144e-36,0.08971685232583673
-0.06801230073184594,0.042849358439900224,0.01196685103056501,0.07595580976662626
-0.0633769528765421,0.04686797582136286,0.08534996808927502,0.07347074396918346
-0.05858062445762793,0.05059271347725938,0.35082203007241913,0.12082028918563693
-0.06107302348004745,0.0537684314103791,0.2109609527107523,0.0701240245463441
-0.06409994923153095,0.05688471717128849,0.18304717384860092,0.08464342241507533
-0.06206024749405248,0.059691327871048756,0.2345798608076999,0.08122067621765577
-0.056555221920762566,0.06214915499744258,0.31427171338033505,0.15450735748479116
-0.051899310208011445,0.06319785593807664,0.4700924987241603,0.1408867733906426
-0.04938834688632218,0.06092472285532101,0.39780341987239426,0.13712348970707255
-0.04654332363117289,0.058615555803634846,0.4115799853867481,0.16149266725999847
-0.04140708728312617,0.06137969817918222,0.5714596735544687,0.30084482795086487
-0.03611823527732208,0.06411386345325337,0.38291732217749835,0.1737994423029266
-0.03596931969324707,0.06605871616952758,0.48786724111814855,0.21230343484152253
-0.03822089243993021,0.06762818265573567,0.8187267921140291,0.22168217368307483
-0.03748717954274755,0.06928198147246258,0.7516630273894634,0.14757417801037623
-0.03175540512358316,0.0710946238581924,0.2651298231399243,0.1940675710611259
-0.026188298241489633,0.0726718419323519,0.14628404213981155,0.12049643913373334
-0.024396818604115716,0.07176607514406426,0.2290259029027273,0.1664840881135365
-0.02235112636296452,0.0708032955950697,0.256804988376794,0.13011568273182447
-0.016643343053233145,0.07256853999586178,0.1880588150258171,0.13031791119364175
-0.009646080465942952,0.07512243748360212,0.041634866902839004,0.1774980001245871
-0.0106073311399279,0.07575380162116736,0.015995464842855064,0.24730674391043514
-0.01224544719049614,0.07613188057991267,0.05350233882768854,0.2032513354507993
-0.01366030948902136,0.07644216910824372,2.227395539611137e-36,0.17728076350504196
-0.014853313189807094,0.07667078159348595,0.016772999007368925,0.1743612006992434
-0.01582711885940158,0.07680473154707185,2.813329189421654e-35,0.22166223162703638
-0.016585556937319557,0.07683195739862392,0.02688565239581391,0.17026680313296044
-0.017133528019103117,0.07674134068144453,0.013100208288396366,0.15581597061539132
-0.023118426731676356,0.07629335212827626,4.226910905817147e-36,0.17277923754692384
-0.029220949424764386,0.07580869615910783,0.1035114786708037,0.09257230254961317
-0.03082752255517371,0.07537589694814217,0.18633255131160154,0.23724954092736594
-0.030035992638232784,0.07486670412800123,0.1406500979714969,0.25187736451683107
-0.03158483403781295,0.07408400397982617,0.11600457244675051,0.11984524673931089
-0.03755297063219981,0.07295219053920272,0.518887879173709,0.20657202992834472
-0.0432342339215569,0.0718866049435487,0.788009931113056,0.15472439230591103
-0.04432109804362072,0.07307766990407105,0.6833155834709616,0.12640688587702428
-0.045127157583969624,0.07412564731443456,0.7393686252321081,0.18184914320177117
-0.04566019436563645,0.07501428366985383,0.7450635934518232,0.23521299669865733
-0.045929585640531345,0.07572896970781942,0.7379201917155218,0.37753604079534586
-0.045946098160569104,0.07625675024164762,0.8731406609085545,0.30730025579664183
-0.04572168092655143,0.07658632377368914,0.4542940416339231,0.30743922958506215
-0.04451220608863457,0.07663180989940656,0.8470485580092509,0.4102367733633114
-0.0383981956275698,0.07611677910420443,0.3828748779454197,0.17796121859478758
-0.032281755198806356,0.07562763103617097,0.14368674951197818,0.10354979212676133
-0.03156095005631934,0.07583376585065571,0.09871405853323659,0.09758401760098885
-0.03177152806201869,0.0760158151531476,7.533391074628108,1.9580997460362417
-0.028593744664896698,0.07603760516235886,0.107885274977413,0.10428351977327185
-0.02245159695288451,0.07602811819352845,0.050114708030424185,0.19009139004518874
-0.017621145693198725,0.07591314453309482,0.12014514376284754,0.2583505642798791
-0.017476239882397993,0.07532976234673086,0.12515311479937685,0.2688394478676541
-0.017153755997621978,0.074590113786475,0.1880596103979734,0.13031843237211999
-0.011558017984299174,0.07413674412950923,0.06052826728109978,0.13796289913207127
-0.005433651029063458,0.07373855761545242,0.374865077928127,0.43815337679964356
0.0006920587284500734,0.07335703298530633,0.10126002350711175,0.11831383450073436
0.00681898218778032,0.07299096411537968,0.06872118922718568,0.11369598505398368
0.01104830894563219,0.07320285333210663,0.019965138309202646,0.09593683319999075
0.010802479141094279,0.07468868976471754,0.014563335661618982,0.10040693664807773
0.010195885988280418,0.0759349682430064,0.0006738740849015453,0.12981152092524217
0.004053605934369986,0.07595725519679955,0.07567861935488297,0.16714945649227958
-0.0020886544917055883,0.07597752293434046,0.11246134177283139,0.11985438964751362
-0.003421426992355925,0.07662881571866131,0.12300285544647914,0.14373343124947324
-0.003222515517437574,0.07734995363545041,0.1245032005341967,0.17551941410610733
-4.457861068335456e-05,0.07786781195612533,0.10196097687916972,0.1418802262803788
0.006341986865386173,0.07824226222650857,0.07456206914318467,0.1018121150295855
0.01311678645429254,0.07861470074533006,0.026688040404284435,0.07869738802736481
0.02098808944967695,0.07901804500677138,0.015562314762424359,0.06335003986141637
0.02918830996709132,0.07940759345710491,0.0527577936765185,0.06296125465700626
0.03776331789338094,0.07978453706672198,0.023491211076943224,0.029322108975841633
0.03912832499142449,0.07828213543019305,0.02487388255850416,0.03734276583955069
0.03905133553590284,0.0762659194440762,0.023896387344135933,0.02925724271203419
0.03375094706440679,0.07583321940599465,0.0238950704153226,0.029255632387007895
0.02695352439412324,0.07586500649266362,0.04180262598546745,0.06835035286626104
0.024935074236787758,0.07475844745020514,0.09249838891727886,0.20679602082650933
0.025117148663055977,0.07306252431966741,0.03308110780630801,0.07326537714951865
0.027723053997903202,0.07184467865610736,0.03369535829888601,0.06789676184932306
0.033986934630967636,0.07152842965833478,0.023897349719751514,0.029267892483466156
0.04035441643415644,0.07121830990568445,0.02389492742463432,0.029257852020496918
0.047409217307199936,0.0708871899722336,0.03246865102152413,0.061999250021147596
0.05505686347816097,0.07054201884208894,0.024074100187451878,0.04290210574571846
0.06685888154020303,0.07003507751661557,0.0025624963803508797,0.028696649653718646
0.06746270059966175,0.07363524109275808,0.00701983958260376,0.027665150303870345
0.06373369293037512,0.075673653814957,0.01213196929205089,0.03857044060329379
0.055881064913891665,0.07571819819773022,0.05509886366231562,0.0663875680658222
0.05326225602164125,0.07816094560951392,0.027142159247975698,0.03990502362851208
0.058691195082493375,0.08059082608341578,0.026268417592566904,0.04930870966752727
0.06814391083047588,0.08487436273868085,0.011750563018183174,0.0223750860523961
0.05562249976222078,0.08477065958841101,0.017712376279932978,0.029626617466598594
0.05536220911086831,0.0916949376555844,0.015152490821352685,0.02768908837951529
0.039719298707848905,0.08857642206618657,0.021416457216067476,0.027925545747722064
0.030413758271298164,0.08635523048675839,0.026671486916816693,0.05441157886813111
0.028744504324590636,0.08509745421565598,0.017254178926754776,0.03602139373720468
0.034101056817899766,0.08546412922067484,0.02993557672197202,0.0476579334691877
0.041502135630909875,0.0860144617844448,0.03557637931605357,0.04879231621951481
0.04033324635663915,0.08366238150967675,0.02085166751935402,0.041865332586038737
0.0329027245865941,0.08274340807828984,0.02367169297805147,0.03693745442933319
0.025124134236931384,0.08195528973234037,0.02321154838888819,0.034728529053027146
0.018704403278553994,0.08126313577261829,0.025828090389176394,0.11977820523676343
0.012291577563775635,0.08053071515615182,0.044990489815022114,0.13433787093170926
0.00624258504089048,0.07979912817745333,0.07648869791695413,0.10967138736900116
0.00020269466709810224,0.07902585465843895,0.09680842027808306,0.11906057848710638
-0.0010739429834941139,0.07899940410315273,0.11387302127899816,0.13542976847620333
-3.538055551988162e-05,0.07925081053068062,0.10113696513968254,0.12914508590363016
0.0030895177439599353,0.07986928690531189,0.05780056417387434,0.08479543766014672
0.00935544044970743,0.08113414448250049,0.007927750753604986,0.06019932012755388
0.014708197103525888,0.082269367199588,0.01853108321417411,0.11802746644461379
0.016654588010914517,0.083064409742196,0.003017979665986213,0.0304094914325391
0.011581898628585385,0.0817358686345078,0.0040243377372035476,0.05293320994400809
0.0050267986404831655,0.07959771486435736,0.10556259843245099,0.18462006135964415
0.02330794260025565,0.08465730521372501,0.021835006751098056,0.03151356369935029
0.034999476829972564,0.0887611956113747,0.018582985983120866,0.022567654625306775
0.037262064497446484,0.07443028833717827,0.023895928340387472,0.02925445177885395
-0.007472774356687445,0.054111670232628264,0.15052608792863917,0.13406710886737516
0.005425903356159056,0.07272292533226649,0.0865901575200022,0.15482671916048338
0.00023760251119009368,0.0734981306596508,0.10136440127722085,0.11304323794356846
-0.0030843521393061346,0.07410815512755774,0.09852715146900913,0.16001549162210016
-0.007846603710668032,0.07237549547615774,0.20109597906469032,0.25530233775848826
-0.013086853361709672,0.06973884617014312,0.20956703546858674,0.16136463061319362
-0.013507912529953064,0.0673582979893873,0.24337842622548833,0.25864800188033016
-0.010672827406479124,0.0646752867908279,0.17996111480139243,0.16350490593020728
-0.018273258494452466,0.05878018330663379,0.27606806529189987,0.14276767484206127
-0.02257791338866924,0.058980827673375376,0.17916291493492845,0.11631798226945454
-0.02605226685157569,0.060522637242006516,0.1542749949165297,0.221552414799882
-0.03018954407930638,0.0595391475397125,0.44759970671909255,0.1789645108722668
-0.03499438605040581,0.0560983738805295,0.3161661417746254,0.15431033068393846
-0.03760736214881913,0.0526486746597934,0.26644396217019334,0.13384338686352443
-0.032644641745995656,0.04997054753367185,0.04275951836262434,0.12567171102521987
-0.031019286004684538,0.046462411735632106,1.8179050934308987e-35,0.15235022034829532
-0.035535506730539956,0.040989991537429216,0.19728961223605135,0.2536365772093807
-0.04008541177046537,0.03864770614180183,0.1541227921480515,0.13744847181171635
-0.04486266556371829,0.04136721060663033,0.3079726980343713,0.16808715906029478
-0.049592781779751405,0.04321068635730312,0.12666320639881426,0.14110334794120974
-0.05596279811957061,0.03582551877657582,0.08645002560848454,0.0834921510519671
-0.053425689318557235,0.029851283681246357,0.018495650985476737,0.14998394570682208
-0.045824193539876185,0.025359090729518682,0.12754759914484534,0.1278115968720417
-0.035767165255575745,0.02060790421837412,0.11069034555655743,0.13960320992753872
-0.01775105097540089,0.015148502176132908,0.02028390705621238,0.07938777262796037
-0.013890611396964181,0.02629370317078486,0.15014559592539795,0.17252048724600147
-0.018084425424775702,0.03005352781230415,0.0910130433319381,0.14590490865811595
-0.024675301062333288,0.03200309415543236,0.11536169983735772,0.15984549696145678
-0.020573082931271774,0.041507692573571064,5.4778852469507164e-36,0.15313291801608828
0.01658971657952152,0.03857899334562903,0.01093387245400027,0.06144537330636684
0.054936391475794794,0.08623262720052115,0.017622270209860846,0.02776363234066722
0.13828186824445668,0.15522651371358753,0.008483889932430148,0.016738603829968602
0.1043646049954293,0.11098157104533707,0.007458850880506665,0.018259509997456725
0.07707800274416987,0.036808265536101975,4.045674959393493e-37,0.020719923817917076
0.06380553374810012,0.01019322111023574,2.146031315364496e-37,0.02097731014428547
0.06368603066097514,-0.053336556934940826,0.37349192415172583,0.10713849249497147
0.06296388856665695,-0.0665738698202312,0.2982705902470096,0.07365365046428189
0.06413290053905656,-0.07154071689882416,0.27653468688032073,0.09408361771282589
0.06671842568733602,-0.0725024313990856,0.20851370790689722,0.11382258281897287
0.0685613437145795,-0.06770047538751794,0.30130253878214247,0.10133523503321515
0.06956482131678936,-0.056208427908464975,0.4197609816296896,0.16130821980479784
0.07225511938663955,-0.05656002257798348,0.1654010330316942,0.17689578437927217
0.07307728339683453,-0.06167489123017586,0.4205040529851575,0.1457160932249911
0.07325079103177641,-0.06897201684183915,0.28005816344839257,0.0972140609132627
0.07432012098076846,-0.07322242956375694,0.2965338226820006,0.1201341107271327
0.07650607693982536,-0.0726039076733079,0.2035401153756423,0.17254117496478286
0.07666617361065357,-0.0648128401350119,0.14907603617187382,0.13877653591342698
0.07218532521196669,0.010801665395727411,3.2154205126327647e-37,0.023024552350352705
0.06999505079995445,0.13158728058536834,0.006446682559834312,0.01728771461839988
0.10210864046795948,0.13813874020996308,0.006663519469546832,0.016680505458180454
0.13918089272741485,0.2817072534027423,0.00522711474589268,0.015488772495157982
0.06072253138336395,0.27820061461905843,0.0056261287416546615,0.014505108579088245
0.06015179696705211,0.3982950422277214,4.79484612192922e-37,0.014031048450307107
0.12462832112340787,0.4335483850386075,6.569585176378626e-37,0.013879153803647935
0.12861216491082814,0.4172899097196624,8.724159166314312e-35,0.014615861219644555
0.19740423159531095,0.39814356983639704,0.0008902503387297367,0.014148206092395855
0.20446468997697856,0.47756133055939987,0.004009689529109127,0.01442017641446744
0.2517501544944316,0.47229168094920215,0.005033144907116733,0.014908280736271923
0.2191995471770673,0.34490853555720175,0.002336049043412953,0.015097756846698163
0.1617478037236782,0.3268026861424801,0.003961037119328001,0.014378233501786982
0.1317948907298705,0.18576008334013483,0.007992156153128982,0.015558948879454727
0.18928690675045834,0.23461787320209887,0.008259313688908355,0.01556239340884445
0.2368219253450398,0.2571427646390266,0.0065504002812346975,0.015514549200807326
0.29332547308492973,0.34929605232481387,0.001968859133511669,0.014452484686872914
0.2688865357830327,0.32359372810769316,0.001269387838546595,0.014508429072218021
0.29619408077837145,0.4410863487355333,0.0005874925191246738,0.013846486414855842
0.31203272853347497,0.51959044045243,8.208834316927352e-36,0.014114223671895434
0.3727924524682256,0.5063181346667944,3.999577015670005e-37,0.014446995045532195
0.38387312021771347,0.45312372661404987,2.8657181776902588e-36,0.014315656287145989
0.39696139522543905,0.5721419713686172,1.032891197823384e-36,0.013425591713090273
0.5000514051643717,0.5934970973228086,5.981568197595949e-05,0.013209644698921094
0.44995439153365,0.47262491374010795,0.0011807188281867374,0.013412668013614255
0.41704789621524296,0.43089212080054495,1.37791959692316e-35,0.013709533928211767
0.3487635339938632,0.32542923636469906,0.0015679495681501607,0.015552380825524926
0.4047038943593635,0.36373825457425735,0.0004760680283450798,0.013565343732657404
0.36128233095940315,0.2542252234859896,0.003924468821268464,0.01419237061158523
0.3770453568942129,0.21470817415432608,0.010430094948933282,0.016297695469991665
0.2822247532593717,0.22470954868739565,0.006423196937246016,0.015174607042881531
0.25755110828312355,0.23253387462779995,0.007186000936846757,0.015872814065965274
0.18267280385058957,0.20253298548013748,0.009345936096950433,0.0160802660321687
0.11394695216149059,0.129035492924442,0.006609014663702778,0.017486978807462392
0.2303517319142524,0.17990218102489394,0.013641744167173266,0.01681708384313422
0.16256185405310175,0.14328901727068988,0.014158209021076701,0.01624180112713786
0.13715360192709908,0.089726237036738,0.039039689143337816,0.022467241762181768
0.0971499004577348,0.09144640185543307,0.013543375600272401,0.021351357329439807
0.08202437215494968,0.08432116177923818,0.006975356607334632,0.02136689224376349
0.09573331980341171,0.07756600942376514,0.0178413131283454,0.02370627829301439
0.08162532600775013,0.07354563742152281,0.002586438592488135,0.021660697753444435
0.11507155699179078,0.07534527575767776,0.05158670038523225,0.028767968916485535
0.13840079436926617,0.0700170213896844,0.03885866697778402,0.025231514859812062
0.2516097637335505,0.07564320767114915,0.006623231772051469,0.01614848666719607
0.2570184419291161,0.14307148240508627,0.009234028735204656,0.015566205017264257
0.38263500293284947,0.18037902530804859,0.009270985727895437,0.014523571277666021
0.3793163696850472,0.06389802324933976,0.0002937413551170491,0.014624372548845828
0.47844156596760956,0.066488410707513,2.9048210643193128e-36,0.014833955228330331
0.5080314341235532,0.15377116340849445,1.533484510738665e-36,0.014425274880654771
0.49391343933479337,0.1524228991436028,1.837837618645464e-36,0.014256987117987669
0.4931720293584316,0.2343327072866984,5.7689389077575135e-36,0.013760984119166274
0.4968299960997469,0.2901335094262988,1.3588312675789526e-36,0.013792253324654818
0.5782208808555932,0.28887582880801405,0.0008296382342787213,0.014061662028897724
0.6047875273214416,0.23172282443192516,0.00048287088274139706,0.013415332414270972
0.6066177139540849,0.32647573116336337,0.00020096278955830283,0.013030502682055483
0.7334929939373369,0.339919632470959,3.060185857751822e-37,0.012990100491889797
0.7131836452547122,0.22505212501884364,2.2092375212884716e-37,0.013142182296926617
0.6786392740376846,0.18576389792173298,6.4615186083327656e-37,0.013886654501845487
0.6439451000287203,0.09633940516749825,2.1962756624615643e-37,0.013399782010014433
0.6766779503757513,0.11757975956539415,3.243485492008296e-37,0.013589038027436637
0.8182740770100829,0.10936878666649316,1.0936624219761716e-37,0.012737734972374652
0.8140845447431946,0.1760646165979541,0.0007869790066363657,0.01311601831704112
0.9174898923821213,0.14105894042412026,1.5153023314965193e-36,0.013464086162175537
0.9600725229397766,0.0819375043109976,3.36344251480917e-37,0.013013142698182687
1.078846323706899,0.06648656343505022,9.289258854739373e-05,0.014078065059657169
1.0874101024654528,0.1410878993404248,1.4575378354744196e-36,0.01555279948455791
0.9741614266138371,0.14988742099012703,2.9281888507491137e-37,0.012363502858274419
1.00438124168964,0.26932750132203964,1.7624196029924614e-37,0.012506724536311253
1.0606252970970576,0.2659904883807282,2.1062761155228432e-36,0.0131599522630045
0.9936979524615797,0.35750319219417187,3.691018017328952e-37,0.012979255243996176
0.8963198136502364,0.35701986201072,4.8714586094015536e-37,0.012214370875424397
0.8904094780849396,0.22057369494227402,0.0009265975213280857,0.012541687777277905
0.7646281916252926,0.24166492039437676,3.732267906940065e-37,0.013537694400660076
0.7705573934217804,0.33615584532267606,3.270059707209541e-37,0.012589633336203153
0.7951121802114879,0.4494211647422048,0.0012023622719956717,0.013066053967553441
0.8655956452114903,0.4822290928158147,0.0021791075386705374,0.011952723138739008
0.8586613843604572,0.4077365977323476,0.0017294896608401147,0.012637199373756687
1.0105623309924776,0.41336765981575957,5.7408067226173875e-37,0.01187357036097077
1.030778668140248,0.5101898354688834,1.1747292449275425e-36,0.014513552821470056
0.9798825155673531,0.5510875633295331,0.0001588659642209413,0.012412046173699042
0.9825535551717242,0.6889642925889505,0.00024758686213257345,0.015344643038521165
0.9291608162881428,0.6054211333984301,1.9697535673766502e-36,0.013269768109674906
0.8615374458616749,0.5635029609974718,4.140990499592074e-37,0.012002923795721286
0.8727706627029076,0.6501207026285328,2.5219943700074356e-37,0.011958105061922084
0.7354805255334346,0.6293190209005219,2.124514355050642e-37,0.012207468355329916
0.7075089611010514,0.5986296482074396,0.00037005744495452654,0.012296111382604592
0.7378408316134333,0.5156171301995601,0.0005605974698668313,0.012804191092106858
0.73272482067742,0.5023266587385825,0.0014291685065461939,0.013064812455485898
0.7193738804859697,0.37160326858086734,0.0011976098352305977,0.012979562141075878
0.6286537205880345,0.38946655737388186,0.0012346715806863563,0.014265076453254972
0.6443350839805588,0.4796962609038786,0.0022775771626836637,0.012644821260758604
0.5790663626333853,0.39725070814545427,0.000357070021330911,0.014141020966628066
0.5193688204192863,0.3487965816518189,8.649953271438858e-05,0.01335128088774264
0.5289723077217218,0.4445678434419163,0.00043330216905736516,0.01344329601362381
0.5447905704832763,0.5105438536572067,7.601074185610754e-37,0.013347447997470995
0.5865887657085997,0.5483874626774838,5.362358229286376e-34,0.01392423952531405
0.5536958843011501,0.5975050340929992,6.3029896105955396e-37,0.012819246087524676
0.5399756473063712,0.6880615181558785,2.1303761811272127e-37,0.013005097269596864
0.6532454848436415,0.704032658718444,2.446705824749986e-37,0.012352541640469982
0.6543530691326298,0.780001512395714,5.542021148321435e-37,0.012749901512571655
0.5549860582147075,0.7760792444747395,4.030965225900588e-37,0.013248599529789132
0.5972089627942574,0.9214753676143934,2.64171863548681e-36,0.012534231304233917
0.653655957871865,0.9741341896371197,1.5065653830511328e-35,0.013018703741831616
0.6300295292530955,0.8232681040032178,3.2173205423524038e-37,0.013093506383992835
0.7353323470364803,0.871706121876383,0.00012895439718106695,0.012438477111143353
0.7730734514397112,0.92110241714424,2.503257939686063e-36,0.013618611494564767
0.766762288977086,0.8376513070857226,9.418045408748412e-37,0.011997127532218215
0.7844612763096468,0.7997609274681196,0.0006602268542310129,0.012623522445294836
0.7320958513602667,0.7334594113626891,1.4603875896646652e-36,0.012814003772800375
0.7599682494698424,0.7121054685798184,2.0502918003984657e-36,0.012992095301199671
0.8679193635224299,0.706438371291128,2.775995186319011e-37,0.01233653095774763
0.8986616968759172,0.836163392366845,2.7593056917901674e-37,0.01586469896622979
0.9291754459977495,0.6988844950505605,2.7905150443249764e-37,0.013283544285818356
0.7458280045922954,1.0224029490447937,4.961078323164786e-37,0.015436470544926932
0.6779913807138589,1.0321331045764095,1.2142732198458244e-36,0.014201303833551452
0.6265568095983898,1.0926277258041817,3.179554747493898e-37,0.014730774794471543
0.5357986188763729,1.1933375462433218,1.4264137154465721e-37,0.01485440622763503
0.42489250957114,1.2495977621107246,3.4820823140471865e-36,0.015252004989764846
0.37184288633779816,1.1802136439173145,4.896386090221107e-37,0.012451315171063406
0.39880053762297185,1.198446292569182,7.1886036831188525e-37,0.012819609018638104
0.43511984269458037,1.0380721318511477,2.7467951805248906e-37,0.012447070741128842
0.32035324225451056,1.044659400715115,5.37645912232286e-37,0.012556973358408831
0.3421169411769527,0.9641107711448782,0.0013820769405974457,0.01244444551859608
0.44247924780360437,0.9427013533676831,1.7152215228106897e-37,0.012476740274036635
0.4794697328849625,1.0910287132309944,1.7934503824408276e-37,0.012794342950433654
0.5363101575794859,1.091174037978866,2.066462906465498e-37,0.01333215794175613
0.5535703265218782,1.0317902714874279,1.737421268016832e-37,0.012281846760203984
0.5343163960209925,0.8637619775125474,3.0121888359935478e-37,0.01327438347807476
0.4627545694196634,0.8515535718401656,2.8419750297373457e-37,0.01361442346730654
0.481565713428969,0.7826628372806157,3.212126756877887e-37,0.013556021751750379
0.5394622294402476,0.7460109457043418,1.677437579022605e-36,0.013771032937082421
0.5202197432919201,0.6401651491048919,1.0020569362283121e-36,0.014295205866857294
0.4273921284109126,0.6330909003652521,2.5545406629131516e-37,0.013741960859313179
0.4022227629009955,0.7314580646303214,3.0624367130982703e-37,0.013197386541865119
0.3829815730493653,0.6030371336558453,3.828089605347817e-35,0.013747454587388078
0.3013566848102065,0.5758668014882431,4.589057530011339e-37,0.01366507637112694
0.29966759806297705,0.7189189351258025,2.027696751321624e-37,0.012993775269104361
0.3924835651627615,0.7779943754234296,4.5612686453752416e-37,0.013429997873786613
0.42719520533658994,0.8593482439541226,6.208366803685713e-37,0.013097167092508901
0.3168627015713133,0.8312169244404309,3.1762147895677705e-36,0.012862807937228266
0.26828051572166467,0.8683275266549628,4.329849118194183e-37,0.013894155841358249
0.2336453019732728,0.8089259994062881,2.6090360681516644e-37,0.013778360569815311
0.26072232887549107,0.7764495200325621,2.32454645150687e-37,0.013828170233819725
0.24324308966490102,0.692846628854932,1.8408191822868139e-37,0.013438694736821348
0.2451942985020892,0.5643283709342499,0.0001250752698526589,0.01361033392316595
0.18820947159216433,0.6545968460993066,2.3865155699315196e-36,0.013768976502217388
0.12019575384148834,0.7013677454426177,7.726374928789173e-37,0.01331609806223298
0.12349345215649621,0.5671932248811777,2.9660140025529894e-35,0.013202945090866546
0.05463202443984843,0.6391225885900864,1.3253088689340114e-36,0.01426578393239973
0.053036332577827944,0.7627826934298233,0.0021378123501885806,0.012532197008708886
0.1693915781893606,0.7698641051085611,3.988722624412004e-37,0.012741121472972005
0.13962326213327408,0.8977483283698963,6.010409946791748e-37,0.011906547521749888
0.06258845450315981,0.8918628029206898,2.4326766240787983e-37,0.011686808279208705
0.07282400349593265,1.0214134918472997,2.648637465098131e-37,0.012402097898982105
0.14086224117484814,1.0440356586257613,5.765994208234396e-37,0.01274164093877684
0.14352683623449694,0.970645377341973,1.2683969180457567e-36,0.012680714781783722
0.195888029889601,1.0053573201873938,4.494771691117152e-37,0.012864960777307248
0.2862403351979695,0.9266915479742595,2.416655597817275e-37,0.012274562755257007
0.284551964428199,1.0591393368266342,5.896813614545022e-37,0.012100889207714823
0.21860733573683783,1.0395713557007757,3.9633934232215185e-37,0.012936435576822784
0.22815984056219815,1.2240939990756852,0.0024525982539117756,0.011793144801109736
0.2900512700971628,1.2259971326541705,0.004686016814727659,0.01235119204804502
0.24776940098739228,1.3063215044076661,2.5227192937554656e-36,0.016505428007224484
0.11823264231271408,1.3328101870612024,0.0015397456377539713,0.014799415328194817
0.1665571607612819,1.139019803314226,2.8943556483540917e-36,0.012302597867641507
0.05984642884859505,1.203769269789955,0.0016774540336064782,0.011347403781426383
0.06489431584710521,1.3073502269447996,0.0013223788054241388,0.014195394580315532
-0.000698075909468493,1.305827151769566,0.0005823523053437882,0.012662337176584746
-0.07178315944741444,1.2631740726454765,3.727551901057797e-36,0.011784603467241602
-0.033400487897960546,1.1490003128119812,1.942879186253856e-36,0.012144522505921506
0.0254789480483565,1.1375443319239795,1.7185879413256753e-36,0.011373234151350109
0.016052174554031018,1.0014740464851895,1.4953401572996258e-37,0.011800611888699077
-0.08613330197421751,0.951616905507226,2.5369353252401704e-37,0.011295362636331218
-0.08933374349052922,1.0761868911996022,1.6435978849858719e-37,0.011488095505670535
-0.1111689238318843,0.9978921031326982,1.6834127070479722e-37,0.011676963569884694
-0.21059439952382494,0.9501846901162674,5.82681696890571e-37,0.01122024767997179
-0.209203467465105,1.0826861692092562,3.378255630953584e-37,0.01141855238463873
-0.20044138522833227,1.1439139330338666,3.6401795138351844e-37,0.011239523509548974
-0.137577657786912,1.1955782712102314,7.218911124211888e-37,0.01184441231837298
-0.2064022856307496,1.2995268375414326,5.769280967364109e-37,0.013365932815492745
-0.2876564281181298,1.2843083260025578,7.547351324138098e-36,0.01729717638961333
-0.3387235559951593,1.2179331663646698,6.760506446323538e-35,0.017381552713544985
-0.5335917315021427,1.1485261376215883,8.5074187940868e-05,0.02552853542184855
-0.4230268376278379,1.1574329343231646,3.9903874122258396e-05,0.01921077758427479
-0.4841348116038773,1.1235899129965774,8.977669113130377e-05,0.021308516775826677
-0.490584250560283,1.0223960174234188,0.00017278953855662547,0.017941618485313223
-0.4276810619763457,1.0228441401311645,0.0001664060724484743,0.016945316350504808
-0.337632780213197,1.0256819730510582,0.0001278486222553294,0.015006198954631345
-0.3199581103150979,1.0736479787019915,0.00010629762848019546,0.014207935304063841
-0.2580153609990678,1.0762460319816516,0.00013988197847613338,0.012420852662551076
-0.2507718196712433,0.9406301862950535,0.00018334346364819813,0.012411471938104273
-0.25413667627529013,0.804299822902303,1.3987740136517328e-36,0.014025890022720158
-0.2983859868002854,0.7545369300367186,0.0007377660654121595,0.01439087661815581
-0.3213231192106455,0.9066160641696259,0.00012863118175376802,0.014212012485417197
-0.4293407231800417,0.8872449447662741,0.00033067918227051775,0.016517288847533868
-0.4605023832505898,0.8580645731830578,0.000375560361009731,0.017572324211307635
-0.4111134200589043,0.7866876578113013,0.0005429500322339117,0.016115805815217182
-0.3653370641745026,0.6577124091953059,0.0009850221217298865,0.015596239406603948
-0.4975493665130504,0.6879643268711094,0.0007363711272675729,0.017336626006578173
-0.4708365893165707,0.6054876944475336,0.0009778937593529003,0.017165150559582946
-0.3515351618529833,0.5624600151531504,0.001294582683908863,0.015427874328573678
-0.3297315914592576,0.6940345472870124,0.0009541669421009929,0.015836297618980373
-0.2734919321401986,0.7270355664341956,0.0010803718559799457,0.014078183099625021
-0.26971270936943303,0.5636537922997514,0.001368583408259733,0.013290270014527695
-0.16685264153117527,0.5766631603321659,0.002617157164855457,0.013249400273539502
-0.13746598040056418,0.6302671957390946,0.0031604977546178226,0.013586722584092758
-0.17102868281668226,0.6675604492458207,0.0023934036764503954,0.012556354368714086
-0.16395566261963662,0.7486223047947492,3.8124313019147565e-37,0.011845692046057881
-0.20078240419288904,0.900490595485406,5.134755379451603e-37,0.011200820380641501
-0.11494374147538927,0.8937855368575767,4.550931932748428e-37,0.011626286741508497
-0.1140508836620697,0.7277524390805636,0.0007526933270205932,0.013525674225010673
-0.07963791910973277,0.7915018167191856,0.003228573104282324,0.012662435784126808
-0.03272763476385715,0.8389893901595663,0.0017632276079279678,0.012423156499107604
0.0413506024487756,0.8247817832514592,0.0015288324374190677,0.012248089403132871
0.022926469630494453,0.6681851327819661,3.802703185408409e-37,0.012955366310613068
-0.07531777962993969,0.701833238419753,0.00184510261662083,0.012521391952647828
-0.06285340732375932,0.5415121934730196,0.0033292098211975944,0.01273094712833069
0.02565121255280428,0.5667432127234016,3.5561894271219288e-37,0.012819043604489332
0.04917528682408234,0.40868140740134906,4.5253458621027325e-37,0.014033189313055729
-0.021771519472720074,0.3603505072263782,2.295226244133298e-37,0.013855188997863874
-0.009147106949573547,0.43682567231008484,3.71444488064205e-37,0.013862453040977137
-0.11427124147595807,0.4349205194987674,0.0023405689666111743,0.013625038243466916
-0.15940011806212456,0.4734255284436225,0.0020013165220063513,0.01380431067011509
-0.10934386639646104,0.34228877973024285,0.0035575323728057125,0.014476624536504177
-0.06417632206152174,0.2697384637848456,0.0038117757999002852,0.014957903326658747
-0.16215645794380873,0.32045045463340804,0.0019194062385141544,0.013828803706174697
-0.1446200097702359,0.17572201132287868,0.013868390089194388,0.018671714736856842
-0.05184901429350114,0.17109874913280393,0.004952727514126725,0.01969554659824711
-0.036830854385974,0.24584796431057165,0.004306340189328373,0.017136621221788786
0.021735974540035563,0.264779507377265,0.004176281566659805,0.015237153715203126
0.029893792986286846,0.17641422834907422,0.0069102379114747235,0.01580837283866202
0.0453434967696001,0.041491469999730524,1.9483223456643722e-05,0.028262572524046577
0.029763207887407023,0.06493841332389605,0.03362820696598268,0.13783421041364385
0.07959662696335448,-0.05534829479962769,0.052543754041981534,0.07910343987612867
0.07623573031569372,-0.04682148980840095,0.12858134799590212,0.08010349169416894
0.08745454464152592,-0.07629401056055712,0.011706063819464749,0.055852556468224276
0.0840522210510213,-0.07292426167291569,0.042134188449576594,0.09989299506336183
0.08125396534148212,-0.06780978368581922,0.04205290580899509,0.11467215023633397
0.0810358657218423,-0.07245034003835704,0.05803101094151461,0.10237237713546857
0.08278924415838007,-0.08037558103085557,0.09105311785574281,0.10161578089542157
0.08610311442923038,-0.09366452141140838,0.20139788182178447,0.1427449781730945
0.09217581828580934,-0.09608609117023623,1.2692870482797736e-37,0.027182687130098578
0.19611130752332617,-0.09929290065169202,0.007655750753436176,0.01952265621005032
0.15955800800297437,-0.09890186711769065,1.656859943384541e-37,0.01870858545436754
0.09853046562651244,-0.058737693971231644,5.2238257259677725e-37,0.024280193194646152
0.08452586639815116,-0.060233730425950344,1.8634039800960858e-36,0.0578643073576259
0.07827273236944884,-0.06081696121909149,0.034738907569956984,0.08406146598181086
0.07387119940616527,-0.0615626306474208,0.34298126450508104,0.1551716779540328
0.07416430206303565,-0.06270778662535845,0.35542747604351943,0.1431542237462929
0.07416743141413634,-0.06363867560157369,0.33691940572562734,0.15845765590792077
0.07386679324200057,-0.06437966950945245,0.32611040201461766,0.133515542008257
0.0732713917407638,-0.06484513813394477,0.31847616866261297,0.12845616711082597
0.08799070188059369,-0.06541650342144287,6.067637375137508e-36,0.07885540363133697
0.0813797049172876,-0.06743012819586393,0.11338680179411507,0.19986537192357542
0.0819914885570778,-0.06715046720902339,0.021394970774943612,0.10205721403928068
0.07539840952042753,-0.0657333819707848,0.3036488657464518,0.15866380720884699
0.07057837371126835,-0.06471892528476494,0.5032453867116845,0.19190029949932297
0.06918682819407596,-0.06417109793065569,0.44689850554696214,0.14267951870089102
0.06762379533877017,-0.06334986852982488,0.5510456774274222,0.20378538011762135
0.0659611629737708,-0.062293486977536595,0.4593894081117737,0.2149554360031633
0.06416719846392888,-0.06098082876562477,0.32514340347693843,0.10949775547353857
0.07527817986111499,-0.06453112912349795,0.24701963674627217,0.22187897069186005
0.06899981858420931,-0.06064721184599149,0.42365344757757006,0.13053969022208403
0.06374009673306782,-0.05841398857303924,0.42930430169490347,0.15087524371012745
0.05885683849806922,-0.05624719034081621,0.3633055692154416,0.12771142500137397
0.0564487228417726,-0.05374038502221554,0.37291618532368925,0.15432765094326265
0.054905939278954985,-0.05151869993148177,0.39018837942832085,0.18021723052679917
0.06267073535443238,-0.05509664096269344,0.4246848252311376,0.17668135230112075
0.07273152716350884,-0.060278288873049826,0.44313972827397485,0.13116773946993082
0.08759720644386815,-0.06986420152573002,1.811917044696075e-36,0.054231297472087686
0.08612884893245056,-0.06637648870900081,1.8015475424052495e-36,0.08097403663432201
0.059317086655763046,-0.041958256304473335,0.02306506570485965,0.07843982571639686
0.06470932610955957,-0.04904057562260564,0.18615077022478738,0.09169775774765475
0.07228961258066355,-0.054399476685718706,0.26395097655064453,0.10341339340311492
0.07940640536482896,-0.0623517450150647,0.0725907273840568,0.10247073136878465
0.07324117923909298,-0.0580829959892344,0.6207088550856705,0.23307132134208544
0.06530942283152821,-0.05318756618054234,0.35902448303983464,0.11642838245100452
0.05691260743902235,-0.048573526341060144,0.11396100866406549,0.15591789147015675
0.04960056777409791,-0.04493517268464513,0.019113920410205286,0.0779359353863134
0.05047299783060388,-0.040526554662510095,0.007406895927155664,0.037625802975086456
0.029867507462815246,-0.036454900091382594,0.00536340728613594,0.03321525076831488
0.018450776830245652,-0.03808664522481868,0.003865315128677129,0.02820372599075196
0.02957581932836975,-0.04171073419442488,0.008766077796169749,0.04256595086760613
0.035722596523378614,-0.04387205071207738,0.009765614746328692,0.06857589392471168
0.0416967529539117,-0.04609602377607806,0.058593782062324726,0.09007580650794603
0.0440165277102543,-0.0486966215542774,0.08946071789983524,0.1407119143017876
0.045967167535882064,-0.05112582150197967,0.10875060454864939,0.10349100470058704
0.04127276877877001,-0.05018742009256054,0.08717646735190444,0.10048841473686713
0.034404399484784076,-0.04854435284493627,0.012679402624846929,0.10117959139952896
0.03699934800724536,-0.05209602496939898,0.05007135324718172,0.09148130850926028
0.04187880770390642,-0.054072910887069,0.08627292019376684,0.09583294350446601
0.04759076255689915,-0.055665765875542575,0.3036398544228085,0.1625444959191489
0.051561643978264154,-0.057363069856580365,0.27410774609359956,0.16190122443243873
0.05318703970699026,-0.05894832980453328,0.26895618735672244,0.13486663509492808
0.054685824875409045,-0.06030154133103265,0.29972376051635097,0.15166595086956816
0.056061534061279145,-0.061435064724455715,0.31439712466817193,0.0974817298435321
0.0567001697303014,-0.0621898366217333,0.29306532323768864,0.07043778664696164
0.046673066957414355,-0.06052949326335537,0.028703561422740685,0.10602275532122142
0.04224469290562555,-0.05871419230442158,0.07638890325783432,0.09366400001934286
0.030005919153547972,-0.0590010841442376,8.461907340210663e-36,0.042210461062714554
0.039730440960684316,-0.06295417520330664,0.05390613462720212,0.12255609787422604
0.04571588243475094,-0.06286822913883916,0.06985209083402198,0.13338243942011863
0.045062172355192165,-0.06202743125669294,0.046049785006821484,0.0808815389086946
0.051356839892513745,-0.06259852989715778,0.24097464761866516,0.10117262861260884
0.057716702177193796,-0.06321719547015077,0.298271666896272,0.07365446554726963
0.059556031083231126,-0.06347206691310894,0.2982712572846721,0.07365390980867458
0.05990738317004626,-0.06343294614597221,0.2982712356984236,0.07365389190010264
0.060030919404004984,-0.06319001844406714,0.2982713025961313,0.07365399926689549
0.059903395538769305,-0.06274483002432865,0.2982710851944179,0.07365383263152876
0.05677440672175449,-0.06250869215623031,0.30228093437992204,0.08235046621740247
0.04649624106875966,-0.06317769636573066,0.01640660032064218,0.08725253023227565
-0.09622379914662765,-0.05418179341976525,4.069510764225581e-37,0.018553850238125773
-0.1035781871955554,0.005938922700306992,3.1438881069166942e-37,0.01981724455037823
-0.04178988754221025,0.025447407117628246,0.1068871752015314,0.14791998233137366
-0.026020773432214983,0.06588686547124101,0.5269435977903694,0.20607738679254883
-0.1058845641286818,0.09474903030452214,3.6230979469601638e-37,0.023087297303009083
-0.20451591269180897,0.14963529002050602,0.014828968124943711,0.01757592777588645
-0.23426597725442355,0.12971271784278873,0.016236341500160706,0.01667545080622052
-0.16649888752482372,0.04056547441752134,0.006347038719766783,0.022176242323459196
-0.17308264697410508,0.02714755038836769,0.0018644742347962134,0.023399012223897644
-0.18067021436941577,-0.050852001050194315,1.1623315082707583e-36,0.0194017744425108
-0.26012067089426516,-0.006579318967356765,9.446682784401207e-38,0.015859119471358905
-0.31490888892657876,0.04002626912861314,4.415912282097301e-37,0.015427920068400105
-0.3508782437391805,-0.06817144502648456,9.984433487317213e-37,0.015748661165974842
-0.4315173790696207,-0.009267332600759765,2.363696195642842e-37,0.014825045911774819
-0.42801581878641226,0.1028151091603857,0.000822198101184776,0.014287815385504693
-0.3042675546044268,0.06729107668362042,0.0015872940807798764,0.015297598507468098
-0.31416758308749143,0.19393029816495094,0.0072444892433391524,0.01434190953155424
-0.4268451921257953,0.1921014553013521,0.003188043491974536,0.014781632953134758
-0.4661508220998646,0.32440246135690687,0.002378371931305202,0.016029287795350615
-0.37835908476573404,0.33493681141574866,0.0030367111380770837,0.0157159538050621
-0.3687631080405207,0.258311315114589,0.0036741435274047288,0.014291041843386518
-0.24147023842970577,0.24738795704760605,0.008709943505503734,0.01493464341272043
-0.2211166278621682,0.2322078502956788,0.008048362402704038,0.014819494895612352
-0.2653940219089911,0.33914150390301706,0.004646958995273346,0.014444616322615613
-0.3146464538850874,0.4056608516552854,0.002578844502653782,0.015516364744880877
-0.19679860621692793,0.38671245779230995,0.001248073231677017,0.013388307892468716
-0.22990773100994244,0.5307263268981077,0.0013326113999064147,0.012806071525566672
-0.31836897073566595,0.5427065079747364,0.0012815006754442466,0.015929087325663834
-0.35433128138156617,0.4498361245551906,0.002092088062337359,0.01586629719280579
-0.41635330153042477,0.4345497567844775,0.002007640961094711,0.016562717135087446
-0.42392927077656894,0.5144937463589613,0.001522692056487256,0.017028167100810006
-0.5294307125163351,0.4926593443424979,0.0011274868865197385,0.018258423001082883
-0.5487728872813944,0.47982181576721805,0.0010938669336857843,0.017333980378654367
-0.6457186731819337,0.5241314748065945,0.0006781913852477618,0.01892165269968525
-0.6604571718366362,0.5413326049450682,0.0006739444432440398,0.018188909903905627
-0.8088013026642599,0.5490305839943036,0.00027061823881368956,0.019379103151903016
-0.7593903951596608,0.43032031920102787,0.00032896466269144133,0.017777734010152844
-0.6643236725713241,0.42727614147144705,0.000577798080549975,0.01770679021719087
-0.7286156257081642,0.37874338834463994,0.0003052709799545119,0.019036561346692345
-0.770526017893397,0.3236537074295921,0.00013201636808548564,0.017243760492300652
-0.6680071869933666,0.30548236227353337,0.00040468059256191206,0.01694513917415946
-0.598236407594769,0.29536869000486204,0.0007938600153735933,0.016791866540235487
-0.5701820483107816,0.3356037314950565,0.0011719054119276506,0.016780882351941247
-0.48537250605706506,0.27005892822025057,0.0024101578437455647,0.015838714368957812
-0.4638951488177874,0.15726774609525976,0.001771683530217565,0.014253964342170104
-0.6031772795557842,0.17771357489380485,6.86039642927105e-37,0.015150328582819797
-0.5800714127098917,0.08735186620146958,4.323667411642979e-37,0.013943544136380517
-0.4568841314372544,0.07783956734875258,4.034018545945461e-36,0.01473481880379498
-0.4788472802354721,-0.037896928150445264,4.495641972579382e-37,0.014349456795575982
-0.606195573661826,-0.04472659448256567,3.270600115064485e-37,0.014503359747389042
-0.6069790662345728,0.048921936564776974,3.843481593564325e-37,0.014423915345628204
-0.6422231726229898,-0.015691183542955553,8.136004516491059e-37,0.01398414972504742
-0.7738083424445553,-0.06681909303151429,3.919515107223619e-37,0.013478778903690501
-0.7667668436854884,0.04142258645039397,4.493836313935249e-37,0.013671071346529288
-0.681315022006272,0.08631933688816636,4.640016067303463e-37,0.014001303989804016
-0.6706701850953615,0.17456940827107223,1.0564701766299263e-36,0.015031007945828042
-0.7421275591502241,0.1757972028900734,1.038022701693859e-36,0.014803439168480965
-0.8689963520634763,0.19380878990959677,3.872072643819124e-36,0.015392119510280865
-0.8845708252168156,0.2007686813062483,2.1881217747981052e-36,0.015506814797506149
-0.8506921521255574,0.09626165566583075,9.772217566628497e-37,0.013343297115467357
-0.8213624473182253,0.06530720341773212,7.60478069481473e-37,0.013605400809668381
-0.8602440529898661,-0.06618639205337715,8.144224903682927e-36,0.013182982392956961
-0.9429057313973026,0.004265890673084818,1.673895477834468e-35,0.013596353371786924
-1.0048276548919404,0.05710149496668175,5.4043045728009055e-36,0.012969729763259871
-1.002425202195506,-0.06507558597216742,7.258507090430556e-37,0.013242708591384437
-1.0846478408302183,0.035584797446709907,2.362487403795058e-36,0.015728070396108868
-1.0492035816909422,0.12585332603822671,2.8710948586362354e-05,0.014951143506568515
-1.0357165882429877,0.14951632668594778,4.172888499822981e-36,0.014768217729690447
-1.0730440430656984,0.2531608903033813,5.629728016582884e-36,0.01908405712955992
-1.0325408611197884,0.38877705671154494,7.951112824356991e-06,0.021774287408104474
-1.0425626399434194,0.31001448999221315,5.934029137337601e-35,0.022058069772058812
-0.8883950020356908,0.29658983050225673,1.561467914735349e-05,0.01714642979633833
-0.8753897559559414,0.3122001504185662,7.100977596969222e-06,0.018036342628893764
-0.9107452041973009,0.4215564378456096,0.0001096205766631884,0.019138704328408807
-0.9681715430430644,0.47648510500121677,5.241610827524241e-05,0.020404020932818307
-0.8168465173693831,0.4709658289217053,0.0002678971000598734,0.018499388377305196
-0.8664164384910702,0.5972010566220247,0.00022557040710232545,0.02065998112469365
-0.9619341432291781,0.5989260880500787,6.26988976642206e-05,0.024544805092135906
-0.8409540753816087,0.815847815967903,0.00017240681467900896,0.027226959960575597
-0.9242401387922572,0.6797230592100314,0.00017168278294345528,0.02683676622770997
-0.845152686174101,0.6812098246561892,0.0002648552059914586,0.021269263486857107
-0.7761365060276282,0.6552747758056764,0.0003167457195854535,0.019824895334050404
-0.7813841193434805,0.7274305077377271,0.00028603301733941413,0.020194473823749524
-0.6996297291904826,0.699573850056414,0.00040172368950388984,0.0194416145776025
-0.6414538750026759,0.610035185243284,0.0006505552700426419,0.018228823314558724
-0.5739004297236654,0.6065552026415055,0.0007504070443294879,0.017586458039125
-0.5757358079983275,0.6959584965495335,0.000624645709928262,0.017932882883949224
-0.6259503674294936,0.7646526905543621,0.00044659313765036665,0.018676671179798855
-0.6492469458970223,0.8594569444528994,0.00029625323591344195,0.019554079410075337
-0.5344383926611405,0.8173508604268742,0.000438582153421436,0.017536483834505328
-0.5383613055113678,0.976210839566809,0.00019714599547989895,0.01827614544089007
-0.6530824036845397,0.9593884442896847,0.0002148368721498559,0.021289812169201124
-0.7069363194614683,0.911817849145097,0.0001938006772573622,0.02275449604960921
-0.790421632167617,0.856172620073431,6.605284287062849e-05,0.02415950787830974
-0.7011988271785105,1.002554186681436,0.00023165003800016705,0.028129451811537504
-0.5439449137220388,0.9938450780586765,0.00019442252663848976,0.01918835999036096
-0.6155445678781933,1.083610803976807,1.7127366527930027e-05,0.027358301214883793
0.05137951241877227,1.3539851018635227,0.0,0.016609180058049625
0.2897275860393092,1.3282049911782001,0.0,0.019223888379697632
0.5120668248264993,1.2428722770125733,0.0,0.01696655299019234
0.7056345736526959,1.1071272136492227,0.0,0.017354198752106018
0.8635849723035517,0.933098959106389,0.0,0.018509597996580782
0.9872467162733224,0.724914354434779,0.0,0.01786280767866025
1.076020979677782,0.47924097706830565,0.0,0.015671815196095822
1.1213966030644476,0.20287111982014022,0.0,0.018538817881837158
1.1163834295423039,-0.08721685621219384,0.0,0.016356975310667706
1.0601732662129066,-0.3728724013353813,0.0,0.015198017448142186
0.9565021488770459,-0.6391453919295518,0.0,0.016792119201784687
0.8111394417777852,-0.8747875803765772,0.0,0.016538044743173955
0.630467246253394,-1.0711056467387192,0.0,0.0171109041974191
0.4213200413418324,-1.2206421391026312,0.0,0.01570281203351058
0.19166511874692535,-1.3165638224376095,0.0,0.015250360670667677
-0.04849516913436054,-1.3532078762374251,0.0,0.019587884301884483
-0.28674368120452604,-1.3278219307495138,0.0,0.021864300754821035
-0.5091583184342345,-1.2428878697536234,0.0,0.01768401696607684
-0.703072762603841,-1.1073358695920306,0.0,0.022129974088612243
-0.8616570548240757,-0.9329515341127592,0.0,0.017737721530386226
-0.9858909815928112,-0.723889210977772,0.0,0.01665200295258219
-1.0747936533626,-0.4774950040896491,0.0,0.01834298729385084
-1.120000741235522,-0.20085166941167423,0.0,0.019368327563067746
-1.1147620738874375,0.08920979558011898,0.0,0.018766099040106902
-1.058364441068656,0.3747202902991386,0.0,0.022577334127934473
-0.9545430085587814,0.6408374451338076,0.0,0.026501256373016053
-0.809034549907316,0.8763488954652872,0.0,0.025998701253942297
-0.6281928382489347,1.072548390835606,0.0,0.027615662162745757
-0.4188438754001534,1.2219405366032767,0.0,0.021803804678069923
-0.18897159783275155,1.3176495712435206,0.0,0.013677984994849294
