y,x,reconstruction,noise_map
-0.680922150010377,-1.152465635874847,1.2362134127664057e-34,0.0135095606332407
-0.7097528591952889,-1.066049937044471,3.9391642439336316e-35,0.010756740348838986
-0.6987817887148065,-1.0337753858701393,4.690476686803817e-35,0.010567935234223183
-0.7394071184365089,-1.0652017075766207,5.185511099957159e-35,0.011163108968687715
-0.8957144268807948,-0.9134432199398956,0.0006959597743241919,0.012388062532000406
-0.8834366175963929,-0.9196373766815057,0.0012672288152474544,0.011792501198476715
-0.8369456758955803,-0.8731061115370473,0.001814965548923546,0.010477264669489264
-0.7910311394813272,-0.9202191258011033,0.004144757621175927,0.01058607303640751
-0.8456295950402107,-1.0090196942142133,0.0034403571618273356,0.013883876801266142
-0.7741864081384889,-0.9850226370015488,0.0008172345834524188,0.011002266384895276
-0.7509696315137845,-0.9879960668221652,0.0002257676891762439,0.010622947282509065
-0.6567586377628107,-0.9841099275741536,5.713714785872715e-35,0.009985994080396438
-0.6975822350796447,-0.9294629619546845,0.0008156226452147506,0.01033375404757971
-0.6454476295084617,-0.8596934127461271,2.6529276692865315e-35,0.009714535915159852
-0.718663245771293,-0.8473324277946974,2.1749854659012736e-34,0.010007297661789231
-0.7722604403902211,-0.9041323446992879,0.003830838867289835,0.010527539779668648
-0.7414504972936812,-0.8013253450581259,6.803714684002009e-35,0.00983054289597113
-0.7183397599449921,-0.8033425364298172,2.90641545054464e-35,0.009759200261103128
-0.6266924481904457,-0.8060908239266829,4.739441721724809e-35,0.009857436761967478
-0.6616168371607368,-0.7505537603145546,2.4329390297877856e-35,0.009890593232111684
-0.6069775240983617,-0.6808872601270247,0.0001921627480295796,0.010047918860182978
-0.6800225778170007,-0.6727752423540241,1.8734451256578395e-34,0.009944811018923808
-0.7399008015140898,-0.7339890848632326,5.897444888414089e-35,0.009727558786551573
-0.7825906925288872,-0.710239869389404,3.17236286411616e-35,0.00956434492065191
-0.7817125293308644,-0.7369041099671342,4.5786225373821594e-35,0.009778113433806086
-0.7743878513086424,-0.8455593919721309,0.00063195532770664,0.010450934950391304
-0.8200407518055569,-0.7999436218426372,4.400633344270446e-34,0.009830534441759046
-0.886421168690211,-0.8677751118106078,4.637144371207264e-05,0.010636669100941649
-0.8891966009302239,-0.7737256664534913,4.863265408418417e-35,0.009982721780503028
-0.8333566528015965,-0.7081716192545252,1.475731367993739e-35,0.009289135316738651
-0.9212409786043801,-0.7667503998383246,3.2305834944885984e-35,0.010168801741477723
-0.9427703396316611,-0.7682087240862735,1.1634008484021258e-34,0.01034242211154216
-0.9871750405720456,-0.8032343157663939,3.157157811560928e-05,0.015311351701423857
-0.9457308651190037,-0.8710824211700106,6.639881721659875e-35,0.01305445771699549
-1.0506728788296134,-0.6471692248072035,0.0004432387262450177,0.011711733264431813
-0.9877598299632233,-0.6636536440875267,0.0013946688286760954,0.01052441100536874
-0.9545169441026177,-0.7063526725071708,1.7048970580382364e-34,0.009937734033363064
-0.897966160279019,-0.6426957980452266,0.001698240928826043,0.010062279919039085
-0.901099440195646,-0.6156779119785113,0.002713805970228039,0.010294882466207285
-0.9015654510300504,-0.5916479226026559,0.003714104779998522,0.00995359438469019
-0.9574116270738529,-0.6399210490640403,0.0020743347337979653,0.01024435669699981
-1.0082909200682817,-0.5977931553206447,0.0018979211156271954,0.010122344918304582
-0.9594148420359407,-0.49957494206450004,0.0014706046046449657,0.010075962269156824
-0.9199144476987176,-0.5438491945448906,0.004107186025045623,0.010135458557217461
-0.8627446974129898,-0.4832538985458057,0.0020476954512212314,0.00989798813003777
-0.8704631038726157,-0.45389520344848755,0.0009807111733949967,0.010287843764343423
-0.867684105946058,-0.4344520682969741,0.000514800504555923,0.009703222490209456
-0.9280744902096401,-0.4765036656358874,0.0013675501320174156,0.010122772922344292
-0.9775911986812069,-0.4387501288917389,3.424603388883274e-35,0.009678962098580194
-1.077559602357794,-0.47342698579985215,3.665399308148516e-35,0.010938711882489242
-1.0300584495396552,-0.5215087268717667,7.996074751483256e-05,0.010471377057278766
-1.0669281457271373,-0.5549648306667128,0.00017825267859430095,0.010755214716431028
-1.0882617863518682,-0.3627585471273035,6.524979555825626e-35,0.010564042917785892
-1.0290145793393666,-0.3945578489628848,4.6095154589762697e-35,0.010360668641074468
-1.0219235988284632,-0.37110936344145024,3.503286408289366e-34,0.01060920930009661
-1.0073890615738552,-0.34080471010069924,8.161045960918305e-35,0.009928182218053637
-1.0509316601544092,-0.29410221395018565,3.821191915121627e-35,0.010391676974474604
-1.1034232184595072,-0.3488573042501612,2.6354471083668044e-34,0.01176452713243801
-1.0792306757208,-0.2535551346206895,8.346820008207415e-35,0.01073594842078669
-1.1016846660504989,-0.18300876623331486,1.4619504590212506e-34,0.011544697450380479
-1.0864786869804277,-0.17176423894490014,7.8182093832776e-35,0.01074864852670084
-1.0270180074529738,-0.12360361457708192,5.574144016243311e-35,0.010503104417721941
-0.9723088637871237,-0.17693842177509106,4.868533632402276e-34,0.009973914914893191
-1.0360995597892535,-0.24106825305142454,4.678243197755497e-35,0.010414338766577326
-0.9642256331790853,-0.2413465831491875,5.158780677511738e-35,0.00983732588495928
-0.9164368292580839,-0.19244172240458401,7.842977442289885e-05,0.009993842999745994
-0.9414393235144255,-0.15027556234368555,0.00010614578628798835,0.010016608534657937
-0.9131691338299963,-0.15483021036079322,0.00029882490626223073,0.010305615380218982
-0.858778224461858,-0.1128434928808142,1.3427176578384556e-33,0.01028268827032438
-0.7991735306187433,-0.15874179797205945,1.0628933942237163e-34,0.01018437229653116
-0.8688155454451632,-0.22542565327027844,4.7857142569795265e-35,0.00971203433765641
-0.8267471004745235,-0.2575942692487261,3.7893428146827467e-35,0.010093317176170284
-0.8875161163127989,-0.30587734073551076,3.126749730304046e-35,0.009879922588153267
-0.9381462642919458,-0.28244632039845835,5.366823059610897e-35,0.009910441693228762
-0.9338862059154494,-0.30704665103635664,2.6485579092782677e-34,0.009865506460392564
-0.9776233385082738,-0.35278645044173385,1.9891988624898032e-33,0.009961262674667211
-0.9296223440382159,-0.40340566757463847,2.468737773362011e-35,0.009558129331962284
-0.8504760382115363,-0.33683840751114696,1.9844740040583497e-35,0.009805191871962375
-0.8041948813848239,-0.3846835248657011,7.054073691247678e-35,0.010114321188121929
-0.740674238266302,-0.33275720649358687,4.436485765588146e-35,0.01003680747015125
-0.6916317705524354,-0.3534490513970717,6.607040155115937e-35,0.00986969021346346
-0.6918622600227986,-0.33234928878088243,3.5527990042263123e-34,0.009968599748472797
-0.6535663130064238,-0.2913989949629215,6.442454839050071e-34,0.010482711064090752
-0.6982719364263668,-0.24834519641833214,2.555676618932942e-35,0.009930729618417018
-0.7765491331754442,-0.3110398659568482,2.5244831027738173e-35,0.009887280087771311
-0.7852773628075587,-0.2287384571829357,2.203524449509673e-35,0.009888382222264187
-0.7294534169377347,-0.1753233358725974,3.2906766172628006e-34,0.010128601481899587
-0.7606643678083367,-0.13043001672768706,7.916076817785692e-34,0.010446721880809733
-0.7391602544735612,-0.12895532386744535,8.12229481224658e-05,0.010781276169692242
-0.6942230737492028,-0.10707680099045483,3.376733458916895e-05,0.010648116104674454
-0.6400555707567273,-0.1434195717770703,4.401691793264348e-35,0.01027100822323211
-0.7052210991083454,-0.20293271649093383,3.6373244182645486e-35,0.01009669515070714
-0.6098234991402254,-0.20674717364466516,1.0535660990803006e-34,0.010277995542984517
-0.5529115173739253,-0.15594011917238498,0.0019804542485874397,0.010525528128471698
-0.5830128705446507,-0.11570813087706629,0.00013352446744485132,0.010751567535920822
-0.5617694715897086,-0.113786969249596,0.0007395333777817327,0.010979441342378287
-0.5217122054311019,-0.09729095139956181,0.0019531463784107023,0.010638632549346692
-0.469523273570926,-0.1278104085533536,0.004174638865121673,0.01100142653397543
-0.5339945265530428,-0.17711368872295277,0.002750128577110196,0.010325678536246491
-0.4863664079764345,-0.2173666589518144,0.0032359789804168727,0.010565680125179566
-0.5547384125324799,-0.2695072888064474,0.0008794701348491346,0.01026741003317909
-0.6003956614170793,-0.24899300284068565,2.5132739999698066e-34,0.010199997581688427
-0.6070181117378888,-0.26829643701250105,1.195035272470931e-33,0.010250359273806997
-0.6248629988874232,-0.2973499148814191,1.1356748273476134e-33,0.010176727674870377
-0.5889484063897646,-0.33404930341928674,0.00034217534715741394,0.010093883268886545
-0.5316493371708173,-0.27911659680261175,0.0011415847760408403,0.010185740983983355
-0.5260894664851838,-0.3449341027185411,0.0012143329880253757,0.010171476610061852
-0.5930341171078783,-0.41309343782134783,6.299544722683633e-35,0.00987231947716116
-0.5670643910793626,-0.446946274718511,7.066730506619957e-35,0.010244143591306846
-0.5939469140207216,-0.46052034519160784,3.5646218429216486e-34,0.010194011769850572
-0.6210020237935019,-0.4739247293659371,6.222461164931785e-35,0.010093951436552917
-0.6614976107166977,-0.44267758483338204,3.2380981045494914e-35,0.009933878723966358
-0.605242591969849,-0.3938507444617464,1.3992141279220607e-34,0.010010796069286216
-0.6743075281589967,-0.3865949574568611,3.5706425595525013e-35,0.00982719091144537
-0.7462917619860514,-0.44879794512502513,0.0008132334230421433,0.00983675128238583
-0.7862264423895257,-0.42033777496180846,0.00033271813390579137,0.009955874879014249
-0.7984100853942451,-0.4468571008591868,0.0010755410240963744,0.009979362583904102
-0.8106428805379138,-0.4736524267651081,0.002353152779597826,0.010128368404896396
-0.7778639664055167,-0.5127688265521156,0.005238674032050258,0.010476145636244103
-0.7296877856332548,-0.4666955325352878,0.0012292662263907982,0.010603646782854683
-0.7081173228471299,-0.5349027348992247,0.0023424325428039665,0.009928642999636682
-0.776046448487001,-0.6041275056972611,0.0016095130801683391,0.010071420604763138
-0.8136226442901779,-0.5740811176266444,0.0038723876665596,0.010122395129100565
-0.8260632571921012,-0.6021893027603629,0.0022815049292571,0.010280124024537398
-0.8384684947411513,-0.6305566104014831,0.0005495196651060783,0.009731594866942282
-0.810916539894281,-0.6684611301490476,4.1795508141193297e-35,0.010438267053101961
-0.7669044482775691,-0.627786961899507,2.430253419580063e-34,0.009871255186179536
-0.72146778540785,-0.6693879008611301,4.0240998746464586e-35,0.009849212997261688
-0.6528110300839576,-0.6000393672489062,0.0005553655387554347,0.010168549870085421
-0.6784812561522564,-0.5625645925753776,0.0014145608560422916,0.00988524355529551
-0.6513079284287854,-0.5488517650227998,0.0010937158430920683,0.010140853984093113
-0.6249441596855483,-0.535672806047199,0.0009338313740752697,0.010279993305814241
-0.5961126643805881,-0.5592988269595862,0.0005577342230468062,0.010426255198656323
-0.629183478942563,-0.6009417130806759,0.0006352103231040622,0.010213737883321401
-0.5793900949928561,-0.6329952192601694,0.00106520188811202,0.010236796619697982
-0.5132466946373295,-0.5612258191459842,0.0018958824046077477,0.010450006351463436
-0.5326710457623123,-0.526948315160857,0.0010871097457589983,0.010296229891399132
-0.501870881727692,-0.506459053937989,0.0011956286748126053,0.010179031837011585
-0.48232392434101234,-0.49826704822916135,0.001527051105473246,0.010484213922906839
-0.4550221960356693,-0.5131223468216678,0.0033716503907918363,0.010403222518783032
-0.48642777741029875,-0.5559196001030459,0.0024963539138087285,0.010659355198684085
-0.44620928284578976,-0.5953395457541792,0.005283871866468035,0.010641330092834451
-0.38611419684777865,-0.5182710608960017,0.002574176772772221,0.010419576997088946
-0.36434803478268263,-0.5429359476875432,0.001921195059209457,0.01071942730268088
-0.3430377965021129,-0.49822992781085745,0.0009854640527553584,0.010400334682592766
-0.3380730344844243,-0.47610038471802596,0.000761238046870385,0.010306486647726482
-0.34170399497069004,-0.43932763258542423,0.0008544054806660275,0.01036418393808582
-0.37698731601034213,-0.47995462819575463,0.0019634340393449067,0.010657373840568054
-0.4027346310347648,-0.4312386303784872,0.002303053494091399,0.0105478100197322
-0.3416421990498174,-0.3528749324932403,0.004946357592089944,0.010445516389241212
-0.32417452572943906,-0.36918907707961357,0.004031420427620635,0.010953156240998251
-0.29512875500978997,-0.3212090273891228,0.0061079545838462965,0.010843312264206007
-0.28856627076611824,-0.30113523199674663,0.006182425759352093,0.010931131197890789
-0.2867180473171397,-0.27396817306050447,0.006244577220746159,0.010949908756521829
-0.329435839299441,-0.3194969163990246,0.005953905683517607,0.011111871202628819
-0.3532922616012905,-0.2837593995384313,0.006215899037339715,0.010705163985326083
-0.426572555732655,-0.3478866180316773,0.0034820987904460115,0.010348849386449482
-0.4137940751261502,-0.37086368529478947,0.003604614184743489,0.010747714066929358
-0.4577614201275878,-0.4121667592838494,0.0008281303152071601,0.01020579893191591
-0.47815935094934037,-0.4145542089613774,0.00017397058921129815,0.010912568344374656
-0.5013613153361796,-0.4142731859042417,4.5374989639901573e-35,0.010133444215680545
-0.4544613162028231,-0.3619648718122691,0.002490728685775703,0.010607790958885595
-0.49522940111411995,-0.33176028881232184,0.0017311673972108272,0.010345273122516815
-0.4389712707977397,-0.2647669601734523,0.0024759379659719466,0.010332175148621777
-0.4125488750190335,-0.2784977297234858,0.0028702337293879184,0.010786785788628817
-0.3651895109493133,-0.23254028728686293,0.0051686261135211915,0.010777398537684129
-0.3635455263349244,-0.2143740257488131,0.005665854514332159,0.010999738763658801
-0.3624841513114348,-0.19674519853198294,0.006481791292947753,0.011005016463429225
-0.4197354587851293,-0.24014170562128873,0.003034233421660882,0.010602381665962534
-0.46101452197581133,-0.2084455596662951,0.0037877884095876423,0.010515446481038611
-0.39142924887856617,-0.15114422059934662,0.005918721069437871,0.010917420707253002
-0.42220580948581415,-0.12856623883946144,0.004447980968253465,0.010785310820838894
-0.36539727053157134,-0.09280687816546475,0.004688941463431946,0.010822406474904567
-0.33777549495582904,-0.09388246826485788,0.005209877130301635,0.011098570677517402
-0.31037849399213224,-0.09432530973675439,0.005655047416957216,0.011253272732551445
-0.3610556052231719,-0.1323396155671928,0.006443376054084177,0.011003078289267783
-0.3200350179425783,-0.15988768693100683,0.00862049478385425,0.010955640924787713
-0.22344493750716465,-0.1100074518302656,0.011399813255151022,0.011881283389408272
-0.2581790194959719,-0.10000669835300896,0.008462476652662802,0.01124118824531715
-0.19381546085346885,-0.06544848818526305,0.008548594718274408,0.012056093149828568
-0.1671047823166834,-0.06310666970417672,0.00833051547301018,0.01197583826185619
-0.1410009109058738,-0.05939311596130864,0.005913343796723038,0.011878092659559464
-0.1952098951625988,-0.09095881617367563,0.011383343690260984,0.01251775128509524
-0.16828951233508627,-0.10068851675114959,0.01320147793976765,0.012584646074743478
-0.22664179329432163,-0.16453740443996695,0.009492426791120287,0.011306347348095198
-0.2432294109518863,-0.14789273942060463,0.009816487846240401,0.011329507888938346
-0.3048608791352878,-0.20205263446096353,0.0074678862534498245,0.011149789565485591
-0.3068514457372335,-0.22104471461468456,0.007122148068952945,0.011002546439941795
-0.31206933487275457,-0.23866155187539553,0.006887555512977939,0.011252681933623795
-0.25614173796278217,-0.18959326590980569,0.008053037413823197,0.01108248183304538
-0.2326563601714894,-0.20755653584353054,0.007199700994168606,0.010956005079466173
-0.1676790111181977,-0.13455890976126758,0.013835067389120463,0.011957715700662714
-0.1626819853413947,-0.16126482777084775,0.012211571505839222,0.011827251337194816
-0.1164373001538675,-0.08780632368171704,0.00952422310572908,0.01190278185547193
-0.10531478625212978,-0.063521306254851,0.006812633630862568,0.011863383959228644
-0.0940784554449314,-0.047135034308286444,0.002997644820092558,0.011874076790917412
-0.14029706963414085,-0.10380695902376974,0.012012501657758419,0.01259114880710348
-0.15117636834908207,-0.09892066532896865,0.012542996660420939,0.01242541706956817
-0.0778845421827194,-0.03787849193045566,1.0082602610535801e-34,0.012367320705760979
-0.09345581701798589,-0.047987960702943394,0.0031243367337260314,0.012621410827784008
-0.023253856545117857,-0.022115222703719586,8.32613768347683e-36,0.013370547178068445
0.005790051439975907,-0.0033559562332940857,3.465250209197468e-35,0.014196895447149385
0.023084537290854884,0.008492873387020483,1.6157228147134303e-35,0.013367458621923425
-0.038981815079632665,-0.012677302103698954,2.6598039596425536e-35,0.01451585056017773
-0.05186690054700516,0.0015186476001697036,2.594127905507122e-35,0.018131904534361316
-0.02771043582837808,0.08050158322078041,0.11565026472819494,0.06683382052320644
0.030073549577242703,0.05219145919524433,2.6824418313476765e-34,0.014878221301479866
0.11072832187376001,0.09254395933718278,0.03426657868769154,0.015941574173670398
0.038143339945776886,0.18147649643395977,0.0040880940339794985,0.011956087408546678
0.003746199907577394,0.2151314439475298,0.0020948394763581814,0.011411195251744418
-0.009081002224894164,0.1361266286482804,2.9649080981095384e-35,0.014914810904867884
-0.04062433903596685,0.09988236746442822,3.4440598038566963e-34,0.03363749032445381
-0.05508181573651188,0.10826937740136378,2.5906596102528566e-34,0.07019731046011399
-0.05468972407896811,0.09697191542053021,0.017481876349706806,0.07981869780628746
-0.05497841066289494,0.0817160777450184,0.5455488282194552,0.18085742779846892
-0.05633149370340935,0.08009658681016674,0.47475978186356405,0.29098131059797455
-0.05738374291259672,0.0809897126835431,0.6975194081039381,0.20659438581972808
-0.0582712881785387,0.07507606096853889,0.4696106246841947,0.18585375725793554
-0.059069586983324124,0.065978711879079,3.6804175439370195e-34,0.2118930029879742
-0.060367024257723764,0.05052316374953811,0.06287384991806322,0.11037389440999487
-0.058859591576503584,0.05653072674358853,0.028095016552662357,0.08241199331903253
-0.06470000007469302,-0.006881227263511924,6.151788869124773e-35,0.015318499938682579
-0.05874387934529173,0.038074559384452616,1.7413439489052327e-34,0.053817215114235276
-0.08219379485753472,-0.028526886584052363,3.7686574953137835e-35,0.012335725945164142
-0.09306597221146148,-0.06864177728872378,0.010077559950143679,0.011032318756000938
-0.12910925218179484,-0.1466393165150215,0.013035105846781768,0.012534345179736747
-0.08108521431740078,-0.07394768897273174,0.010074715544292803,0.01105775914359174
-0.07473586925615067,-0.06979289315407872,0.010079259769055195,0.011048262050390318
-0.09493519417884722,-0.1404930576866426,0.01270959529237776,0.011921556246624786
-0.0799675085540627,-0.20084708131589107,0.008796570400850431,0.011520450736712587
-0.0992816757302263,-0.3184539872690755,0.0036925228544641008,0.010311239667046654
-0.127475514484989,-0.2603234066716576,0.007195899357849445,0.011128425438480274
-0.17190233387861883,-0.3345695588155353,0.0026676663777127105,0.010696975611667062
-0.1299445120420879,-0.20077149260911248,0.009708072032636829,0.011543027493697913
-0.12143392727269556,-0.1696982033272415,0.012424994445823798,0.01266173405915747
-0.15698971345673698,-0.22305258318841273,0.007981143184936796,0.010813272730917983
-0.17102619144147735,-0.18897832400257247,0.009948575241448179,0.011500494377267322
-0.23562405648645093,-0.2474866514744904,0.005118591440906053,0.010599150366644888
-0.22253945725094304,-0.2893314896226389,0.0037554319679834994,0.01043480261904881
-0.27675948004930384,-0.37150116833567715,0.0028814298458768564,0.010997151081493527
-0.19839213490934746,-0.3122447485707611,0.002975724209817842,0.011354777043491861
-0.18031840160407653,-0.2975166122121317,0.0029814102269521427,0.010428911580451202
-0.19146616790071336,-0.40737039349551474,0.0010497463414524373,0.010260855722529768
-0.21605586207689548,-0.36550077238815526,0.002464848318376486,0.010465374532284633
-0.2824614985761305,-0.41775109096445107,0.0009577882824500874,0.010361556739085976
-0.2618850742600742,-0.46840066100313466,5.251511104957224e-35,0.010093836140283169
-0.3149425111347333,-0.5488342803969537,5.836710716325978e-35,0.010228745074960518
-0.23283780243805585,-0.5073548231639672,5.164637115921138e-35,0.010107920506480328
-0.2126217745088021,-0.49443062829406703,1.4148538650059532e-34,0.011016844991684082
-0.1700013825745844,-0.5249455820322222,0.00036301205513046054,0.010589390810022324
-0.19167288302446803,-0.47326366021906824,3.416708286211927e-35,0.010074247796044971
-0.16015738663249637,-0.3630679436052941,0.002471272183961496,0.010391609141083332
-0.13189434423532034,-0.41275017249711177,0.0005082551264083388,0.010250382946665406
-0.09148982882284248,-0.3338125869795211,0.0030918494000272585,0.011168320748158937
-0.10514578296382415,-0.46696399026098506,5.870720809896228e-35,0.010193074469925909
-0.11210551235292007,-0.5006192392317286,1.0816154891994304e-34,0.010307724096970266
-0.09584008129787791,-0.575321742976331,0.002153472007622836,0.010335360773812273
-0.12429504685585105,-0.5348499439295247,0.0007575241851944575,0.01050383405406225
-0.1934567759233558,-0.5719940178754492,0.0019584593283153806,0.010394334894118569
-0.16172671934369645,-0.6376818062578579,0.003315382226366473,0.010108904715798325
-0.21390442849240116,-0.7098675385640419,1.2456943231621012e-34,0.01000337898519112
-0.13303286788803656,-0.6962854036169678,0.001694940952569603,0.010150709265649288
-0.10895613573879732,-0.6816155837561607,0.0026205367732784132,0.011093798491185431
-0.12767095177398824,-0.732690592083579,0.00013385840664237477,0.010072172830404843
-0.10785788420291123,-0.7805846908483726,2.958585825993121e-35,0.00947414186851032
-0.12617190058288316,-0.8975433321479771,0.0004304307415286488,0.009450706899942646
-0.17217701835847932,-0.8356597214688255,0.0005870716522149353,0.009669064509117767
-0.22293058859160167,-0.9128332204130913,0.0001969763950951064,0.009509187403256252
-0.21447841576529136,-0.7912910557227595,0.001356187865589163,0.010439136415348802
-0.19926822116703444,-0.7473305199800441,1.071238897302313e-34,0.0097131147653012
-0.2517085375467413,-0.7487217382160587,0.0004272478619009313,0.010124964127992834
-0.24061553035177535,-0.7947477405125974,0.0017235380505446452,0.009776117678229064
-0.25576422395100595,-0.9106792723888546,0.0003702373602700833,0.009510793441880836
-0.2994831170812558,-0.8517782592345784,0.0008775401826778294,0.009833533943760525
-0.35613230010262054,-0.9252798475891493,1.4452139564752296e-34,0.009710637843647457
-0.3479207618383949,-0.8119813036528543,6.280754938898464e-33,0.01007933892336145
-0.32649790765367986,-0.7620049310559278,0.0003646539046888074,0.009817710004215241
-0.33719553555583937,-0.7157901536926822,2.9067573155098506e-35,0.009924233538234826
-0.31185349336667645,-0.7284255426748639,2.1401178051904185e-34,0.010060548671184204
-0.23415363761838015,-0.7128779061314556,1.2462457701517925e-34,0.010137136228923782
-0.27169546620034496,-0.6527457883075272,2.2241868441881538e-35,0.009828405914102903
-0.22234308969832375,-0.5713987273761092,0.000921989608800212,0.010417096492392334
-0.28954928245618483,-0.5696108915107423,2.84959589228839e-35,0.010258398170121436
-0.32528902883082444,-0.6094399180771682,7.272708281758021e-35,0.010569638610748427
-0.3523088424150371,-0.5936451259461808,0.0007599170012313592,0.010672537870387239
-0.3502177424422021,-0.6268888060800246,9.036439895074025e-35,0.010273549294487405
-0.3666644268423682,-0.7481096359083743,4.984025302052228e-35,0.010060473333697889
-0.3988875464121502,-0.6863809594185564,9.588352562709013e-05,0.010276231196306336
-0.45671624337942696,-0.7575228865325465,0.0003210268340111469,0.009997211458981444
-0.4559168803530709,-0.6562928731107909,0.0055388951200425265,0.011221133972996256
-0.4181085718484814,-0.6013180892533755,0.004971300847569174,0.010546513471498655
-0.47500127130944836,-0.6465568228710756,0.005107263570719727,0.011358998358302725
-0.49585467583540177,-0.6449205886608462,0.0047096945288419,0.010455441025167763
-0.5864939252132396,-0.661528414139004,0.000928210221708156,0.010369611338747106
-0.5463365726720859,-0.706817693240916,0.0014124945445465882,0.010305052455301885
-0.5986886466351827,-0.7769761418758525,5.190393340520252e-35,0.009774186963125675
-0.5282621827715337,-0.7890158506863852,3.2500131856985706e-32,0.00994039908669738
-0.48111448882655755,-0.7345989331725457,0.0011785570635514898,0.010236496722455087
-0.5089594301852273,-0.8354857572975931,1.6176637830448497e-34,0.010017099195366131
-0.5305403525009149,-0.8323881781471798,1.6363087530239654e-34,0.009845839459122057
-0.6204480324688159,-0.8341878326916422,1.7310234645562594e-34,0.00991515732900726
-0.5829392524518529,-0.8902386631307424,3.8686181560485386e-35,0.00978962404900155
-0.6337480994789304,-0.960729478017126,4.013676263686611e-35,0.0097773274902823
-0.5615553826851719,-0.9767858524065736,3.778376979382929e-35,0.009667481768660793
-0.5101149631390139,-0.9165226329550746,4.5902369803878414e-35,0.009726515838932727
-0.47204735975176826,-0.944482180507972,8.909596407877614e-35,0.009745937145690014
-0.47375114675127966,-0.9137057678739523,3.2087765841014053e-35,0.009619636621810482
-0.476914116743113,-0.7921258625956509,0.000388467760535832,0.01047488236532764
-0.43568158853781513,-0.8443690714553225,1.8932601677116815e-35,0.00984022728462003
-0.3812305543531039,-0.7767209716351662,5.924336347976822e-35,0.010194291859022165
-0.37443944861110307,-0.8799285407886476,3.94509153763909e-35,0.009783450803705946
-0.4212430454365221,-0.9512142360749365,4.83745610719483e-35,0.009780407208623514
-0.41819498245334896,-0.9838492304904167,1.4394684033551364e-34,0.010013571123912213
-0.4167314298247793,-1.0139830438516648,2.792615764300034e-05,0.010005796936512068
-0.4002530770574743,-1.1392817372821424,0.0007363909490132044,0.011995512945994165
-0.4458435138106275,-1.0822483921246275,0.001238695324912188,0.010553419228299167
-0.505879712804573,-1.1550512941585278,0.0017679437606108093,0.010879154336779502
-0.51057169807065,-1.0451583737491035,0.0016152261856273054,0.009939836540004259
-0.46237411904616893,-0.9740515152649167,2.1988814586021218e-34,0.009827902316157284
-0.5425152633905677,-1.0350866003149475,0.0007816962090520719,0.010539909415871978
-0.560724619303253,-1.0369170404307484,0.0003999079098427217,0.010006991001728938
-0.6443564566515958,-1.008079208256878,7.48364602685884e-35,0.009895137977286203
-0.6106148412664825,-1.0649553956866609,4.404059167618045e-35,0.009870581090523023
-0.6681356625495077,-1.1449936387138602,7.188416921990745e-35,0.013364778684291999
-0.5747208943802338,-1.1471823282646725,0.001058567329663093,0.010847449684858018
-0.5459540447704468,-1.1296609366946107,0.0019766837215315788,0.010887886515063632
-0.582222955581342,-1.2106799148274014,3.7935871214874987e-34,0.013831617280234867
-0.5123416651386736,-1.1878647246216414,0.0013187484147904084,0.011350257157013321
-0.4637461353418189,-1.229087427245619,0.0008676469928777051,0.013064008981124205
-0.4042238324662536,-1.1566923763250898,0.0007076653159115722,0.01147470818319214
-0.46208156449541093,-1.2610971619373117,0.0008693128676853046,0.014546434592134058
-0.3216021216696228,-1.2936536994031527,8.297030621104445e-05,0.014479983030184352
-0.32482866152463646,-1.2612482329067258,0.00015827275185205408,0.013494114552885236
-0.26678835471448514,-1.189849078877701,0.00019549201907521858,0.011646654184488566
-0.3380135498457454,-1.1647317679283054,0.00035117869483717115,0.011348210841510218
-0.39672610118156787,-1.2367251389800433,0.0005192638843395874,0.012592440860873036
-0.35710865950916776,-1.1020503033760063,0.0003101045228822447,0.011043956497246576
-0.3481053376068586,-1.0684873733394915,0.00017163888130686884,0.010787078912331528
-0.3733903739795367,-0.9832961229974008,1.0601010141317332e-34,0.010118579142183044
-0.3334009887938585,-1.033731117204709,3.431007036632957e-05,0.010594776673393164
-0.2815058698756378,-0.9536394856261153,4.212497986758498e-34,0.009634192379660338
-0.266387008118335,-1.043559846610417,3.447668307578859e-34,0.010393250860484897
-0.31833364608998416,-1.1232811891244103,0.0002672535479342913,0.011038673216572715
-0.22254793846180324,-1.087068266093033,7.179383235659591e-06,0.01063927841908799
-0.21436571174168234,-1.0534231309420106,3.0602790778420933e-33,0.010468296635781247
-0.23839799596275427,-0.971144763703402,4.6336219851179685e-35,0.009814595203556192
-0.20027251354040568,-1.0192166628002506,1.6828492180495392e-34,0.010256937068564778
-0.14730935083836139,-0.9452332721529926,1.2360255072627394e-34,0.00929830730582339
-0.12603625693231696,-1.0296354762170163,1.1124148269081127e-34,0.009504939221704381
-0.1789725008228198,-1.1039208755156178,1.347856473060432e-33,0.010529027841067243
-0.14715313622742793,-1.159612975460938,0.00021652549785282927,0.010746518241926122
-0.17105073684430916,-1.1700183064566654,0.00018729328661408085,0.010681144460012079
-0.2251278167062133,-1.136628513979503,9.741045738076913e-05,0.011046918714978106
-0.1954870453827297,-1.189198802547241,0.00017732721697203552,0.011042274597643668
-0.2472318789109187,-1.2680752648101385,0.00016333513545800456,0.014204224917777869
-0.1817068675470595,-1.2813362677232107,0.00013066987799324943,0.013657401182493848
-0.15393532171331548,-1.2944745299494174,0.0001017369396306969,0.013967523762712325
-0.07279701084381676,-1.2246856008370652,0.001381238005468839,0.009833239393831676
-0.09991994928965613,-1.1601236300114182,0.00044384216311817387,0.010177152393008248
-0.07712530140390458,-1.1668195042824254,0.0006602076296300266,0.009811859038529446
-0.04013494247930474,-1.1237892840511088,6.984640628227859e-35,0.009464454545604252
0.011468572288022616,-1.1876705442066207,6.412627903153495e-05,0.009168967914289458
-0.04484174715818594,-1.2728272268314063,0.0024856818764619937,0.011715475270420191
0.027533182746123958,-1.2435991710396037,7.968604596229074e-35,0.010655186975970144
0.1267286406403215,-1.2543628837808392,2.5789790954066385e-34,0.012499359282389858
0.1132328969101167,-1.190794268142431,5.352509471533955e-35,0.009350739817403631
0.1608349136543254,-1.1180165544411877,0.00011395067859547101,0.009595564526031872
0.06552020618211657,-1.1638694174143973,7.624313726412846e-34,0.009527314998980026
0.04372487757240856,-1.170000285641321,1.3790244977337572e-34,0.00957665739017699
0.032484559156190584,-1.043014706666202,2.3274547387735654e-35,0.009334363675140015
0.07871889369333213,-1.0991067725581094,1.2528812076397753e-34,0.009094173435907767
0.1600909475396456,-1.0688136965811326,0.000524381993368896,0.009668912581663544
0.11566555620051494,-0.9989704612124854,5.91696295291831e-34,0.00913529809155549
0.16330629943887778,-0.9246729704428986,0.0010293725510746228,0.009386106247639367
0.06903863684967573,-0.9604144442945652,8.094226163554896e-05,0.00959669607637661
0.045602859059272666,-0.9695315852514261,6.09918432825743e-35,0.009437712910798833
-0.015297608293012271,-0.9243381208400777,0.00011825674877474405,0.009417427535956962
0.022015452759603038,-0.9874357241410169,5.378345566498745e-35,0.009526970191897275
-0.004097781776925297,-1.0961038943801833,2.72594165231685e-35,0.009185429776842342
-0.04903647391822834,-1.0406301305749857,2.523882701746489e-35,0.00916898710361906
-0.10365384493668431,-1.110765703148174,9.378119198343592e-35,0.009793136080813631
-0.0812165215868115,-0.9771524220348433,4.413810780209791e-34,0.009293355681722416
-0.07395417276467837,-0.9436657610510466,0.00038281497970080506,0.009373549293201965
-0.09864904046230295,-0.8619433513091688,0.0005376446114078399,0.009658275506183213
-0.06088766829724021,-0.9098803535042783,0.0008113873187853607,0.009459099115306454
0.013796737129617126,-0.8738228733851676,9.477837738362234e-35,0.009596989409037925
-0.023759563440111375,-0.808990490567816,1.6943981783397045e-35,0.00905780302585816
0.026070370717053287,-0.7395541378819347,6.902758254813515e-35,0.009580762723056795
-0.061598331514721785,-0.7553230292028932,3.5122955112751805e-35,0.009618259763079952
-0.08355565623481348,-0.7652482644133594,5.29521473993945e-35,0.010054023343869654
-0.06333635098249216,-0.7115914969851125,4.51068749560535e-34,0.009894827591651239
-0.08962914335160986,-0.66000630044802,0.002615854915061775,0.010086446233512696
-0.06740452291220425,-0.5464740046426602,7.917437386040465e-05,0.010068325215996977
-0.02575770415404212,-0.6064336071821168,0.00018403881097676318,0.009851881643182302
0.01612140725459066,-0.5314291561864026,1.679615181792578e-34,0.010067618617835051
0.012520502220828511,-0.6595006843681428,1.1539775773731103e-34,0.00943120242015973
0.004702126638156445,-0.6953263770817648,1.221336713388452e-34,0.009680265196864855
0.06335380655123521,-0.7085498927681786,2.7332820736987495e-35,0.009245915506073359
0.03877697119228535,-0.6593199586304823,3.4574523795507335e-35,0.009402321913576836
0.05171104681812222,-0.5448786646820045,2.2803844822673484e-33,0.009936809560276542
0.10177584072628898,-0.6112961982184428,3.135032653588575e-35,0.009360808267631424
0.14473579213945292,-0.5416693482957585,3.3859600010992256e-35,0.009574733852396164
0.14887309008786317,-0.6613403842197512,1.9621141541226093e-34,0.009188294006159172
0.13799379869883757,-0.7015452523898569,8.423635957180606e-35,0.009252270672909856
0.16193205921723441,-0.7590193583080437,8.260438862843534e-35,0.009220356822847248
0.12705518067299182,-0.7330495951374205,1.0210625556943e-34,0.009231846141411407
0.048218143968393135,-0.7424487312797146,7.639265075748946e-35,0.009395773948254037
0.09321718566422121,-0.8165022353170432,3.332540752067358e-35,0.008861490076482138
0.04558716999492446,-0.8895572016260679,0.00021594267478952414,0.009675090381246273
0.1279270870604184,-0.8947947475090667,0.0006576434124088955,0.00950385061881058
0.1612829970898535,-0.8725548757586048,0.0005042123828410374,0.009260491544825092
0.17871631901394658,-0.872713913430029,0.0012250315266820544,0.009632369659015446
0.21073091937466532,-0.8926107278713541,0.0017024118669723895,0.009074897242207728
0.29862009490468777,-0.8910157146274074,0.00010446902685014581,0.00913558201784149
0.24558887561148693,-0.8213953800683667,0.0013893677684277863,0.008856818411272315
0.2919395484073268,-0.7505433094289464,0.0015205737902574492,0.009359479942087516
0.20806618490302745,-0.7324427066765122,6.840351319634741e-05,0.009169773748133702
0.17360088146961036,-0.7619971172441843,5.296776718877189e-05,0.009743235537717328
0.19557097946143073,-0.7006174656336656,5.870645670833187e-35,0.009175017835435893
0.18453501622661916,-0.6626816550438084,5.298160252496237e-34,0.009582065807475112
0.17837100720153276,-0.5410912682165337,2.852745974802451e-35,0.009364335284835334
0.2276883028844598,-0.6155303157597135,3.11931268751132e-35,0.009224277727210326
0.2771337072610233,-0.557517326143397,3.246746984577e-35,0.009258915649704437
0.3010948111596411,-0.6675086595899143,4.852937883348339e-35,0.008886662465325426
0.2724635812800581,-0.7142864992499767,0.0005748998667626034,0.009007266865440764
0.33888777290139627,-0.7015823907179067,0.0002477509309924776,0.009100352225204117
0.3312427277719153,-0.6698440699857475,7.119669628742596e-35,0.00903495864340989
0.3193445631601284,-0.5458151968591968,3.616965164306725e-34,0.009349126074954424
0.37213610920639045,-0.6188498655246711,1.3168846778609257e-35,0.008725578743717584
0.4204209440389859,-0.5673562143272407,4.038539214517211e-35,0.009093556894612243
0.44943412645705727,-0.670147327854535,1.0946078499020194e-34,0.009167002321221628
0.41551080082307534,-0.7209302261790134,6.182646687796173e-35,0.008769159687145128
0.4408067480829004,-0.7742394308678936,7.151356610303601e-05,0.008946521465654408
0.415396694224836,-0.7649773388183161,5.075027122879337e-34,0.008865322788937011
0.3159499433494549,-0.7431837396803183,0.001427299429642245,0.009438374873129044
0.3699700612889,-0.8133317305667781,8.530796229867146e-34,0.008680539630283547
0.3286290591446641,-0.8757308043679729,1.4514181396893639e-34,0.009168380208575116
0.4103268006500892,-0.9099131945863771,4.256689671559215e-35,0.009063032756974579
0.45601797708198566,-0.8605463199448302,3.804457360120053e-35,0.009312863624413735
0.4241323663674633,-0.9421363709766291,3.2640718532539386e-33,0.009348509117784358
0.4313273626967964,-0.9742149609650502,0.000370367296287838,0.009543455270670116
0.4522305954517275,-1.094013801904853,0.002954703310730285,0.013415720163117697
0.3979487591352393,-1.037654365365864,0.0011073428005612127,0.010133421151862635
0.3470339836101315,-1.094917733317971,0.0007567599107748346,0.010653897294041008
0.3220285461373368,-0.9881176899125478,1.3264454049137637e-34,0.009328308236427834
0.3640967261635163,-0.9246663422221996,1.148910719586229e-34,0.009081093666452196
0.2961538987204802,-0.9715715747012881,7.005317673320853e-05,0.009485856547224074
0.2718393104260936,-0.9630915684879102,0.0005743224095359882,0.009937018613583804
0.17517174603314356,-0.9219823794749669,0.0011495721630653908,0.009816825736289793
0.22345962685924997,-0.995943312816751,0.0020044282094702492,0.009328256457076967
0.17590597790560258,-1.0686899728013346,0.0006116627105925994,0.009642749434512786
0.2603172769287617,-1.0945404511893577,0.00038249471301088047,0.009630929199002795
0.30935966064750353,-1.0383482591624045,9.962407432022967e-35,0.009611220627597774
0.2929818958741926,-1.1663342942953872,7.226741599774785e-34,0.012724175732294606
0.2726643210992552,-1.1310896211825996,0.00028421843692152254,0.010167826206063992
0.1829547787561407,-1.1341764929919473,3.9957852391902405e-34,0.009515310502953452
0.23539859802175445,-1.2026485254220542,5.671647615918683e-35,0.012560459126313414
0.32230410118915787,-1.1382083761987531,0.0005241220231950085,0.011711831732949523
0.4412422528356198,-1.1014226852675186,0.00315699908280802,0.01349371168308417
0.4749702608983597,-1.0230511907760171,0.0007234979224369169,0.01079302199439976
0.5127423332795604,-0.9444692033340292,9.230642906806818e-05,0.009765135182901535
0.5696115395814045,-1.0046958053080606,1.104889985905768e-05,0.014427442713275136
0.6120047581148141,-0.9674472365220088,0.0023202769682648854,0.014138443685207348
0.790342610439487,-0.7512511670825277,2.4852790307521454e-33,0.012251873036563063
0.861538856311779,-0.6176439698315265,6.523837040490762e-35,0.010058739661744894
0.8302040375411215,-0.7068925049322173,9.286714882086158e-35,0.012067555664326995
0.7971694578750814,-0.6606548395802484,3.256601788090768e-05,0.010100760283936272
0.8289667911746992,-0.6172786387624593,5.588563127444648e-35,0.009900191693481102
0.7600127099096796,-0.5769556334550054,3.353438122004064e-35,0.00908137402688567
0.708429117144613,-0.6424958716328927,1.3311512297941995e-33,0.00910844227614448
0.6598026423718376,-0.5955051999876948,2.4308758693569144e-35,0.00894082213775049
0.6540209001564179,-0.6252300073497578,1.353374496982114e-34,0.009457981336703792
0.6482344738435006,-0.6551253556521809,0.00010253137061714246,0.009375674661733677
0.6839914204802908,-0.7035249775057503,0.0007891374037660881,0.010061849943893295
0.7178354751250031,-0.6729948206899219,0.0008074079917624584,0.009798034194180029
0.7633457376096082,-0.7504258963957603,0.000697862923743854,0.011138650680739836
0.7048299019390851,-0.8098555392433845,0.001484980190024133,0.011456678706494968
0.7145565301189039,-0.8439418428901151,0.001727018568905879,0.013529434586991467
0.6543084534905924,-0.9169440070522682,0.00302318970358351,0.01337141033386399
0.6315112914460894,-0.8074125509006754,0.0010857320996422923,0.00964452525992465
0.675366537785365,-0.747451052284925,0.0001964491722398224,0.010092645740503621
0.5683509654690397,-0.7697860277585338,9.322544281520655e-35,0.009655033286259168
0.5690929222814411,-0.7926798000209291,9.204318568820687e-35,0.009515188343860576
0.6111401634870175,-0.9052082322960022,0.00228468217859772,0.011055074705745259
0.5578639453097942,-0.8491646598811926,2.720548545099043e-33,0.009568968639046351
0.5034003160120872,-0.9125949752506282,4.6354915823963596e-35,0.009557548378080184
0.47968990934341527,-0.803378057195278,7.773577951710708e-35,0.009467804648560084
0.523296733626949,-0.7413637986020898,2.826764916400876e-35,0.009016275597972937
0.4878717243133802,-0.6789559368880925,2.3155120658493443e-34,0.008845968981923672
0.5074865626452856,-0.6790481984193236,1.12202015241564e-34,0.00941963087780969
0.5927616702245478,-0.7289207082743322,3.9039105189164794e-35,0.009102671160507739
0.5452372969726398,-0.6656053272654322,2.408430132658231e-35,0.008649018905275132
0.6012616746619289,-0.6072673329590869,3.6088295463216774e-35,0.009048255148209053
0.5143545594358745,-0.5731332488023606,5.707487194078405e-35,0.008799584383402316
0.46026068234721734,-0.6294235546616063,4.228061599193672e-35,0.008817882639049719
0.4791238062163233,-0.5022437485065068,0.0011256643428838964,0.009127574279935557
0.5030363754879815,-0.49792959114727864,0.0007236807070377196,0.009620780294851422
0.5808329018499119,-0.5469487230773129,6.49104148475304e-35,0.009314082768990838
0.5321729007787317,-0.4850297012415983,0.0005190439437685485,0.009047324187824045
0.5888339169796825,-0.4301297158069302,0.00010346048871226569,0.009295347312215114
0.5088023829919238,-0.39636581312172714,0.0018723123808394382,0.009762795952316716
0.45364450584950133,-0.45039406491591494,0.002993419967623103,0.009500937352225345
0.4718381837189285,-0.3368654528237273,0.00235942883776558,0.01013726414072349
0.47673802093033324,-0.3092686148983218,0.001906084755891361,0.010105595331841372
0.43417681104646244,-0.23331951912489132,0.0023588261631587535,0.010246452633385824
0.48868059132350106,-0.2825020284631994,0.0016298440394816884,0.010107655963548389
0.5411437207592908,-0.22675029110869516,0.0004607977436752862,0.009941722346628372
0.5742093598590083,-0.3018164452840515,0.0003223109940922112,0.009823856595411845
0.5225685521392001,-0.36026211786879125,0.0012275285657041004,0.00952703615191746
0.6279812624919157,-0.34664307260280314,6.708480354661118e-05,0.009489152676077067
0.6337622292385617,-0.31886348942101816,4.394010745362599e-33,0.010351907628227078
0.5969357302537103,-0.2484830476453276,4.875331394846592e-35,0.009570165486756483
0.6468095594919164,-0.29163713616741127,4.296633858714069e-35,0.009660271732848932
0.7070453431508719,-0.23864333353445458,2.865727049352971e-35,0.009495820762838633
0.7435076850704389,-0.3092977952918058,6.004153355445607e-35,0.009359285111828283
0.6842119698252199,-0.3642610759264344,4.937642108279427e-35,0.009211030757674269
0.7271933990712367,-0.41633168627104933,5.782080661599573e-35,0.009338176176746973
0.7002116870419222,-0.42275164162517426,8.701177163212635e-35,0.009270115303546147
0.6360700326322555,-0.38959151970051564,7.793514758498166e-05,0.009906360122229342
0.673696789813282,-0.4366612242604023,4.0186230567547447e-35,0.00890787695996556
0.6229174200658054,-0.500048177738712,2.402643461827105e-35,0.008964731338682317
0.6917487646915039,-0.5493226279326031,1.9570658266683122e-35,0.008799340475228356
0.7433102298111802,-0.4849569731617993,2.255840537376069e-35,0.008874911360396774
0.7888205555015285,-0.526481164212486,3.782683350733783e-35,0.0092000027728585
0.7981102412360876,-0.4940567734443546,7.32548301667751e-35,0.00927365292018619
0.7688287782725621,-0.4340888800013806,3.9865127961925745e-35,0.009011741497761827
0.8109518706139376,-0.4659784302842668,7.191561233067674e-35,0.008994064769842904
0.8693372117712743,-0.41242091612949006,1.2106555345473006e-34,0.009112549658240382
0.9217019744519646,-0.4841778592866236,2.1283656213835544e-34,0.010043583858360643
0.862715061293222,-0.5434897745839962,3.5478662577218467e-35,0.00983296718603389
0.9359267595881974,-0.5025756599339347,2.8237019035512454e-34,0.0110041087806265
0.9432554541909841,-0.47208507741990163,9.375874762129126e-35,0.0105102739752087
0.961262280275354,-0.3574520300361179,0.00036427875674338654,0.009958006182235695
0.9892563071393375,-0.35032053486546916,0.0008455110548114962,0.0104413036291565
1.0168511093580888,-0.2718982454864818,7.53295624495425e-05,0.011018827761079084
0.9742048931610152,-0.23671910281806496,1.8583382376804647e-34,0.010249437590105616
0.9325172056943284,-0.25718185348788136,5.912243262021815e-05,0.00952744299460489
0.8893249653509343,-0.2348624682796815,1.753649191492144e-34,0.009524907062476294
0.9051167876241172,-0.2709012222363915,8.602932066664389e-34,0.009480622582961586
0.9056016006279334,-0.37570099427786363,1.2306753038267808e-34,0.009709023123971242
0.8465859373303395,-0.3120831216352775,3.8164422816575103e-35,0.009052262203687765
0.7851624449812715,-0.36711537773008157,4.8126234146743615e-35,0.009216921151604055
0.7661580035793077,-0.26816054276176604,1.8903289033932395e-34,0.010105935997137444
0.7948115764396206,-0.22738591230751934,8.030323834347035e-35,0.009639760804510384
0.790162535967901,-0.20297069069428214,5.702757401543198e-35,0.009761772975359021
0.7790792532810669,-0.17251234266729681,6.087810573187667e-35,0.009822049585400682
0.7746673576306384,-0.0694507921521447,3.21035018430235e-35,0.01011483853315608
0.8317711022735841,-0.1297423712176957,6.318206328185888e-34,0.00977629388131583
0.8934788899009645,-0.0785568259568944,0.0004801487106671475,0.010160969839419151
0.9172055107451935,-0.17151275608805416,2.6412839612523824e-34,0.009530007595377922
0.8801143735522979,-0.21486461863655287,1.0837636639488473e-34,0.009522196472717591
0.9456584845978078,-0.186006248897704,1.7672920405812113e-34,0.009535523455244194
0.9740926738428985,-0.19329296906911272,3.014914807669487e-34,0.009707742827720318
1.073885683427302,-0.1741977376556621,5.471620442822328e-35,0.012628910029097499
1.0239444438292564,-0.10437655895441536,6.164176228761595e-05,0.010536594339346079
1.061438118582128,-0.06255987743764518,1.39538449596515e-34,0.010784771425933426
0.988884634913042,-0.09792804044312889,4.29275332917415e-34,0.010211712562148012
0.9603426014030021,-0.09111281923675729,4.911386044405123e-35,0.009771971935641721
0.9415902726716686,0.015738661230682502,6.454106783599799e-35,0.009928902092514354
1.0042422025041495,-0.037386993220230924,4.931639232062284e-35,0.01010685120396437
1.105474020468368,-0.012269800892478533,1.7943174443914195e-34,0.012660324617910515
1.0341254573429508,0.006445415539271776,5.376190374110226e-35,0.010281476427725363
1.1078462879652076,0.05656427682244701,5.6485148342222185e-05,0.012105527922933453
1.0249730053598407,0.08504960814927764,2.0739498805750342e-34,0.010145440190004927
0.977465391001286,0.03427235445159102,3.887534756320513e-35,0.009856087003558067
0.9076949552236375,0.09065546838573542,3.294283700677688e-35,0.01000085833999043
0.8478399082913561,0.02992998286162811,1.3553398787764705e-34,0.010040391071632862
0.88984455542431,-0.015311514598480763,0.0003719937909402659,0.010447565096431508
0.8609962225754171,-0.022723143491402975,0.0003255487061818314,0.010830499340795639
0.8321956605805773,-0.03002023890724173,1.0940148363418594e-33,0.010208600198250564
0.7780708603877033,0.0119693099376217,2.9732679402200185e-35,0.010201119229890069
0.8247068891622991,0.05161591071100795,4.3681482189877345e-35,0.010212777493481994
0.7486669586307682,0.07615910289615602,2.071031244521867e-35,0.010208682442846237
0.6839327329167062,0.022983158371860005,0.00012239238947311736,0.010390381383282753
0.6341323034674361,0.05878241739335731,0.00011519764198892326,0.010859543481367391
0.6260254892303414,0.034383417282047385,0.00011237511388551203,0.01069309454541499
0.6182041487384333,0.00987878261068835,1.0575200263154613e-33,0.010663496063826276
0.6604429348337173,-0.03340519121333105,4.1827675095857317e-35,0.010335573660813118
0.7035215805048777,-0.0017898236679295132,2.346959605048936e-34,0.010515330015301092
0.7385933659195706,-0.06588027792739393,3.761595568544585e-35,0.010162501179561603
0.6756929457414621,-0.11811008229911887,4.5350899517335974e-35,0.010257812682198348
0.719020681832699,-0.16567865402181875,3.715433048172779e-35,0.009858529275220978
0.6910735420198412,-0.17201954914712053,2.170434538850723e-34,0.010313223473550133
0.663246663718402,-0.17822191384713976,5.676399169958583e-35,0.010284962873665381
0.6180820426127551,-0.14215313254963732,7.798602904057849e-34,0.010260263973409425
0.6472354915505845,-0.1081894521948632,6.339878368729903e-35,0.010461029071503092
0.5728606810641804,-0.06404327184759331,6.397214837527478e-34,0.010291375031398662
0.5112197721293172,-0.11226898906765514,0.0010040409611021366,0.010485036664446343
0.5510002755904384,-0.1556566895132927,0.0006585548765925806,0.010156205498822119
0.5205078928556732,-0.16409848850152964,0.0008373340884645867,0.010582079570204734
0.49654752590456813,-0.16638225851651461,0.0010773302460127228,0.010258842469608478
0.4535936841678102,-0.13691357233269616,0.0013747818905352318,0.010519537555577054
0.4791627071128157,-0.10659635361082223,0.0012241138499759947,0.010560887196545594
0.4202051864596096,-0.04846864757073452,0.0004961072225513678,0.010523405955864096
0.47471021865817825,0.0028276867137765616,1.8181534333079526e-34,0.010599521301504794
0.516459986154699,-0.02599298927352464,1.9840808055369064e-33,0.010433538831772437
0.5317502703001347,0.004746651340681696,5.709703772840021e-05,0.010794849482511543
0.5317176843575321,0.02224334883542918,0.000225071853139878,0.01062795350796346
0.5110831540301016,0.05621004879726767,0.00048657840417559516,0.010697994150954467
0.4744344161072346,0.03292974594545671,0.00017355332934132142,0.01060242572307506
0.4102136102147209,0.07640759355779365,0.0015563700704608401,0.010788098722167056
0.3453566147574645,0.03436048285719266,0.0010659177964572476,0.011080201898874277
0.37525146043525787,0.006011253095770358,0.0003773783874393294,0.010632532559296248
0.3349875656869038,-0.00807841757229269,0.0007348607209261342,0.010928858012945842
0.31431551842431427,-0.006870845806707604,0.0009936856445939453,0.010948119471831332
0.2769594491144133,0.007421986701123595,0.002546431236947901,0.01115150877079227
0.3081535948958631,0.03534348177763266,0.0016168514130702992,0.011076342546971799
0.24250492878334173,0.07453070466023513,0.009235922893818476,0.011603277433089716
0.18048184907649523,0.04206073760980099,0.01442256794044456,0.012820976060588985
0.14296078229890513,0.061224311868524534,0.02356459430422265,0.014335042834412377
0.11887621041676255,0.0402708011304007,0.02816566477234756,0.015095425561536775
0.1258790021248854,0.024709651053269832,0.026731554705325608,0.013355380660997125
0.14119056067586733,0.0016041490362905808,0.020096617692172577,0.013905651936540604
0.17928035316161722,0.02146947985068258,0.013875575291558096,0.01216764562905848
0.24064830460358033,-0.030971026266310292,0.00488338325952063,0.011017018069438701
0.20611381605311418,-0.08405407581466279,0.0068596432727366366,0.012016713133522953
0.16799071242877806,-0.053390954626644865,0.006060765147631083,0.012219522855606428
0.14373190535994224,-0.08412381578949663,0.0004707206443146435,0.011874817847099397
0.1548708855855196,-0.11049437905035803,0.00019855087091959764,0.011186419132098007
0.1657070493171352,-0.1376455619325679,0.0013622362018592584,0.010916149450929082
0.20174353150488533,-0.10706003885402773,0.006195482213448719,0.011762810844642856
0.2608478067236844,-0.17240476702464297,0.00606075725190562,0.010805644213431083
0.32112873427761796,-0.1480225672419124,0.002852677522452571,0.010888494847264316
0.28419705207334167,-0.10684094110961889,0.004095412860982911,0.010872360611250534
0.32634546270796483,-0.07626788983813151,0.0018073881365757093,0.010608809841029205
0.3541848387383516,-0.08491239365642556,0.0016948486151471718,0.010444561255936902
0.3820843122426394,-0.09343906699856633,0.0014212270086363553,0.010477495648461064
0.3457108516571801,-0.13357973202247547,0.0024112743737457593,0.01048495224715082
0.4065039629469463,-0.19526126818890444,0.0025288887770270473,0.010169143286892154
0.384691858703794,-0.26453624016336263,0.00377084354552839,0.010127344579727277
0.34167020844303586,-0.21790667373911307,0.00459371837261024,0.010296269855008767
0.3054844119172969,-0.26527852818580056,0.005910866127453422,0.01088071565369902
0.3149149023819575,-0.2941553030725352,0.005952198446772602,0.01067505249216948
0.3241916328911142,-0.3233675144134499,0.006206480060377832,0.010273981887431468
0.36475577088949795,-0.285582508358859,0.00437390455382324,0.010439762586329891
0.4278091066846486,-0.34743919101690607,0.003939195509570265,0.009886181760639273
0.37617948310928045,-0.41491061899731385,0.006372366819157422,0.010296917430703025
0.4258114963144754,-0.4651109292498069,0.0030425952333071335,0.009979636248918677
0.37871821887735657,-0.513379757207561,0.0007169170727779782,0.009641471163558618
0.3521098172081225,-0.5020166287305492,0.0014222273783454724,0.010363391133438812
0.3282917623615816,-0.4936897324743597,0.0017832956787163367,0.009970104134504651
0.36100872090102853,-0.4430049942803056,0.005497678265848802,0.01032416283406061
0.3069843148052517,-0.37225864711684176,0.005805857727849865,0.010237713771326335
0.2264495843034028,-0.40022165267142207,0.0025078986067730872,0.010331193186869652
0.27770738276611906,-0.4577714730273206,0.0028279914158756154,0.010244252197891475
0.23392364755229467,-0.5072179951100618,0.0009069927410197627,0.01067743701269229
0.20480875548151325,-0.49001725342133107,4.1074013044756613e-05,0.010281106622061064
0.18686660758263576,-0.4872176781744468,5.602104986500029e-35,0.010109083093948147
0.21271572294162464,-0.42916747781473963,0.0018385660562574991,0.010456875454824056
0.16677435975561333,-0.3614812856828496,0.003101349539306932,0.01041201025081384
0.1748256534119918,-0.26136251731704385,0.005669285099510571,0.01075240380802268
0.22930758414184066,-0.3266332460114022,0.005354208401990343,0.010180289431051892
0.2647663258005234,-0.27411585391865373,0.006002628715008927,0.010748599773215638
0.24441970650834693,-0.23300682016032992,0.006282500948163858,0.010680518285423109
0.24184078848178903,-0.21262156752983188,0.006353552693575198,0.010439530739387578
0.19866446673071117,-0.2406375057851548,0.006122904129825954,0.010770207112202843
0.14612437714202542,-0.18372356166182965,0.0019773372824236947,0.010673939146569496
0.10798791381500816,-0.2359175843387423,0.0030111791546052124,0.010628821242253344
0.05317487245151245,-0.16463760621092488,0.0013692225197749193,0.011577576764874278
0.02728245846379518,-0.22213143699958793,0.0020030623787757502,0.01057831994856827
0.0473907617595668,-0.27168690681910546,0.001811241811975941,0.010605269080349528
0.048162397626722725,-0.2967263335346683,0.0013629120586899637,0.010210906536776145
0.08402155550651119,-0.2626939789351636,0.002613454531803147,0.010915001984737606
0.13081267120371415,-0.3219127179848691,0.002624575378345871,0.010074814763178348
0.0931350033857768,-0.37075766726179593,3.417912530861692e-34,0.010131281915542568
0.14595791946951753,-0.45395787900736556,6.110682082766766e-35,0.009862245837868093
0.09990659400140661,-0.5139938994000007,1.8870329941409693e-34,0.009903572182929176
0.06676278055882404,-0.47312454942420135,1.2672356251961995e-34,0.009976303703991883
0.046960810382338763,-0.4796271555896902,4.347526942483237e-34,0.009931613641322563
0.07068094793075291,-0.41637985623205576,3.7318577723930365e-35,0.010280135130985387
0.03314848630260772,-0.3495310387721222,9.418823631098072e-35,0.010126453045632743
-0.020234817099925348,-0.3634163122696198,0.00016905875389579373,0.010322514416902483
0.023681140417167734,-0.4462727369182833,2.076085164725597e-35,0.009731484405272061
-0.021135708112685336,-0.5116617316565695,6.337330139309597e-35,0.010018559617010923
-0.052727267476145076,-0.4664414650972632,8.338480371380239e-35,0.010173020230306227
-0.07205648579525512,-0.4761442460530644,6.138379665392796e-35,0.010269116105824806
-0.04914375798788307,-0.4133034704802213,5.175480124535423e-35,0.010134540573758458
-0.07615671185363716,-0.3524594091791689,0.0021276708231288146,0.010241184139668753
-0.056512866008767995,-0.24336292834696727,0.005997120710037348,0.010724129593848202
-0.016694008836028965,-0.31426786215190283,0.0016788657611037476,0.010189058010109065
0.017206552175870304,-0.246729313852452,0.0021717453903258317,0.010582003033930061
-0.012876441357814447,-0.18479721597238818,0.002008882469087698,0.011361910839369273
-0.011183197763535768,-0.15336042959465251,0.0024733597593152436,0.013594002428089488
-0.034528659897559974,-0.18117696316792908,0.0033840207233752848,0.011401877385782098
-0.05788049128811301,-0.13260912979240547,0.012609818153466464,0.012959393033726615
-0.04473358247332036,-0.08468635868545016,0.022350584886486363,0.016391583976585262
-0.062460727204755234,-0.009279712455163625,1.367833892412906e-35,0.014036265400727204
-0.06089075295249766,0.016064774137059645,5.789613173184713e-35,0.027671878879929477
-0.06096220032629387,0.03767572856986251,2.069657019867995e-34,0.05754135756507263
-0.060733014741621065,0.045525923748695296,0.01393596258262682,0.1786477091230274
-0.060559332251584636,0.05165289073181867,0.07419536693615612,0.12409529313981697
-0.06042851060633974,0.05638545945471862,2.4869015653079265e-34,0.15719604221011174
-0.060300768373664264,0.06111793201816229,0.11421665929073158,0.07209239436768983
-0.06019327883008042,0.06561091177288694,0.07262160409586195,0.15255330726345256
-0.0603866971009991,0.06568471415803331,0.058054259592154774,0.16405525467673027
-0.060555111492229675,0.06570052416723107,0.06284474986048079,0.15912395856703038
-0.06069652155187786,0.06565925372202738,38.56204506805072,7.967651487236823
-0.06080899562326232,0.06556190402647868,0.020823216966228034,0.20316647495420415
-0.06061198749482817,0.05873307092431371,0.09822280969156309,0.05758792705209211
-0.06043876728118874,0.05186284127105553,0.06709737921372805,0.11497459568159757
-0.06016961829657566,0.04889074868466797,5.360603041973434,2.463302367330041
-0.05968832947489555,0.04844619563720598,4.868966056341972,1.6203488264715644
-0.060111760634747186,0.05430979910448422,0.04784562313817355,0.1003483574465888
-0.06056516647962326,0.06016683371772008,0.09634849542987584,0.056220678727987576
-0.060897849283344976,0.06439451969249263,0.09629867474948099,0.055987319136373656
-0.0605978851699564,0.0632850974469831,0.09413708631588726,0.05472727215822593
-0.05918667214345871,0.05306610618972765,0.0708907461916393,0.11965027056148808
-0.05719341261456344,0.04832689028621942,0.022691123487810914,0.07355461599664784
-0.05042680138439125,0.020924056052773893,5.84667980670891e-35,0.024050706707853413
-0.030606182347530195,-0.020041425468588947,5.26929787424173e-35,0.0144260558962532
-0.019924648855214278,0.0043356745905932526,1.1785153774643767e-35,0.013510128658654929
-0.02041472744215786,-0.05965368748811867,0.022517570843318194,0.0173423207117258
-0.012438233061845522,-0.09164790094312891,0.05882300643370784,0.020599052124705655
0.006278537413141744,-0.0560288456334857,0.024621039736405715,0.016331810817721528
0.05644725579612336,-0.12791346708250315,0.0014323601863847316,0.014348338976982
0.10494118161235388,-0.11176541393147846,3.233840998796097e-35,0.011646331226318031
0.04717220857983298,-0.04400020757757217,0.017160182206769372,0.014875161372648297
0.06905890903058887,-0.010821981409066095,0.07247500915932827,0.021144384161775095
0.02401393077319053,-0.023675385923842468,3.2774980443882733e-35,0.013443903061241921
0.004030254913328701,-0.009347203039084984,2.3650416451412202e-35,0.013919085886770906
-0.047058764392478136,0.07790655977772687,0.26766015316317704,0.07196825616340478
-0.005254341529321749,0.06252194547598182,3.2468949586068907e-35,0.016393333590964107
0.04774977530842828,0.02302167307117778,0.022089044465926338,0.019300957937222307
0.04707406939180009,0.039018532703186753,0.018956839383260562,0.019629015005837316
0.047364172045437414,0.05299552933251968,0.013106205305332888,0.016116554896685027
-0.008046124372780683,0.08369685288176341,0.020008294444344685,0.03695873297969904
-0.0316497611680093,0.08938165719012321,0.21145207004277713,0.08849642232728254
-0.0418475432029316,0.0927017982756672,0.39372708620195,0.18860315282496556
-0.051702636790917356,0.09482407973031773,5.268114440066083,0.9244983751925165
-0.04860689097434567,0.09380054860676723,1.3076658847687153,0.3233489381874796
-0.0447653712279833,0.0916487711694856,0.39080674910108565,0.21258461752560687
-0.03331325350189335,0.08559461068917752,0.10096108225743815,0.1064313713133154
-0.022499727516962026,0.07751592659322896,0.08986445993478126,0.07237481372438384
-0.04269698766149696,0.08463362025800325,0.006032039586500436,0.08289957051719332
-0.05452502207199733,0.09164311098794929,0.6475654448870903,0.18834931093597945
-0.06879116309787087,0.10111394214241995,7.854310217358525e-35,0.09887586202282272
-0.05509377012319122,0.09442820540163789,5.191554447988461e-34,0.39457644284227994
-0.05678224523830419,0.09597221564555042,0.5419775223270248,0.5771570927919062
-0.06275544532441149,0.09807096938152632,0.2597618732143265,0.2092698045741161
-0.09933823553016594,0.11413433153100176,1.3184497063875734e-35,0.020130933126258563
-0.0932087052512976,0.13021689382606866,2.141146417921767e-35,0.01847179078124144
-0.06000895877586615,0.0894127169890101,0.5111518754941141,0.19936902030131431
-0.05470506135772399,0.07892743262380778,0.23022186283401588,0.13169728997261826
-0.055507919542312406,0.06394993456085513,0.05182805966505598,0.0879722727812413
-0.08230885798758338,0.11979272216086397,2.8845177640822025e-35,0.04377565194329605
-0.06934206129558117,0.10045792381151125,2.4361364181577945e-35,0.07718357065921447
-0.061605851863278674,0.07395260147659105,0.4075910243667054,0.1583312515262979
-0.06577821620881262,0.09167290528727554,6.776759411775609e-34,0.36280238410434
-0.06504172227431178,0.09207827462917356,0.19518131546101802,0.3729529313693516
-0.0635222486151331,0.08341197171915529,0.041104814082003616,0.2886983972662365
-0.06276337471580298,0.07910310756489425,3.4668282856838464e-34,0.10294044091551803
-0.06270884591972042,0.0798242528562923,5.619036230830395,2.163330629157762
-0.06257532514644838,0.08045882382850511,4.207240623480641,1.3689730556975175
-0.06277121802656273,0.08399583041739928,3.4249581871527828,2.074952392164342
-0.06387256434395139,0.09376095629496392,0.4199325280509632,0.23906933445576214
-0.06381542385997756,0.09745733527392111,0.15982078374709574,0.230655704606369
-0.06304583841200409,0.09803527366230816,0.2793729514752187,0.23026357653724217
-0.062184665650635046,0.09836850338368894,0.26513535867563714,0.22302383152203412
-0.06200580702659915,0.09499940592396786,0.3713821194868761,0.2099807371364241
-0.06183646788470713,0.09162891676287901,1.1018774276784724,0.30519065086581487
-0.06167624929397868,0.08825711395942856,0.5903652028237941,0.1946403290218242
-0.06152477422412195,0.08488407018492164,0.4246577431323059,0.5339118788023988
-0.0613550103584001,0.0820397005113892,3.6681598799564186,1.0385507697825458
-0.06101989097917488,0.08216200459963607,1.2609096497237724,0.8490672728669941
-0.060655112069246814,0.0822278750864,1.8526162782635573,0.6025545667098086
-0.06026261992739491,0.0822362758719054,1.5980755974964276,0.4781221805978852
-0.05984443217506854,0.08218626100417742,1.1512248931654785,0.2666648099116025
-0.05965285100371878,0.08753029451009867,0.5991985939036104,0.18129425678491876
-0.05951529169205345,0.09392327900863007,0.4747426727013295,0.20841657439083472
-0.05928189277717037,0.10590154267928323,8.707935940247795e-33,0.12528034626210288
-0.06335965015123066,0.11688164988397898,5.204505098775585e-34,0.08322239539756011
-0.06706544770542394,0.1973091617517581,0.0029001478937314153,0.013027517090232558
-0.1608493582839534,0.1887495469371711,0.010689902858434415,0.011892018885490059
-0.21500635708055077,0.15462026247952176,0.012154836295145013,0.012384631137703807
-0.2292230746238229,0.051321262871070736,0.005354648636997283,0.01222676085799504
0.026691266361276625,-0.13097930528146856,0.06472721724179853,0.02800724831822926
-0.08050411804508391,-0.07555986234582734,0.010070169617146353,0.011076145356557243
-0.0996633461406745,-0.029866209122279427,9.665647599501184e-05,0.012216157202224645
-0.10050159891177199,0.010097157876480453,2.6480207370997977e-34,0.013464996791531595
-0.17810147488373274,0.03840409441577377,0.002235603079141692,0.013289600491509157
-0.11529795649288871,0.10930330128890306,3.816317846656182e-35,0.014819668744432213
-0.07135246177570867,0.09289657927138203,2.1156993323386947e-35,0.04578246488447267
-0.05388098940950653,0.08371878655638304,0.5867938313462916,0.13210111837760832
-0.056608040216609756,0.0885797925755491,0.7176747512107162,0.26291314116061093
-0.05614169446717704,0.0939715979506451,2.590887618484604e-34,0.15718540911983014
-0.043296429024401534,0.09307482595972136,5.245434263632175e-34,0.2680954762064744
-0.0068927584985306045,0.09062221335485325,0.07726105248056843,0.04745303931318733
0.04806603868266818,0.10142629356466469,0.006863105904023351,0.01459268595123446
0.04159354781503044,0.10364820447241557,0.007473845895581709,0.013525004880779215
0.04817123661815248,0.10667151999479563,0.006628634097432392,0.013477403169266985
-0.01748003778089202,0.08567159900321734,0.06168419382058336,0.05691402055019862
-0.03900630461280738,0.05967733213762713,0.029710569524928572,0.030164352727105256
0.034622874744987514,0.06718434612115329,0.0017824688306670125,0.015696630323402575
0.027842478347267052,0.08717405451569119,0.022350333068516887,0.021156681166713157
0.10464195406454155,0.14059991963822663,0.007861734943863954,0.011730867529459184
0.09003283271550622,0.13510967767163662,0.005669288467155798,0.01217808168301554
0.14868871207463596,0.19806651675620124,0.007421031754855213,0.01122554253785261
0.08133045588893029,0.1266814579459501,0.005059553044425933,0.012065659044997427
0.07284797581961122,0.1161088744796665,0.005283588066590622,0.013053451598673589
0.058360840324748864,0.09926875528462784,0.008637743489112374,0.013154364192913172
0.04005040771263711,0.06224182819867702,0.0030530075792560736,0.0160761667765318
-0.03267774768556074,-0.017599552739931718,3.552600641084159e-35,0.015107396407411593
0.024199184840907297,-0.009703537331294976,3.157552225061032e-35,0.013565486237576578
0.03205264873669701,-0.08208746679324586,0.05257311884964711,0.020109838136078664
0.039407223742679624,0.03070045551100259,0.0046540710134851835,0.017504299188244893
0.044664274796009915,0.055639154171149674,0.006553179315556911,0.016348717424223225
0.04856404247885209,0.17585733544962417,0.0045654711352059825,0.011658258939953045
0.0597204907820732,0.12395946542243158,0.004770189225278073,0.012014073232128011
0.09661211880601812,0.17783696163722976,0.0055738555850972085,0.011518488726497363
0.0902338153768065,0.2283074477833692,0.006168168177658305,0.01101129889618937
0.12522578287011474,0.30253780511086736,0.00411777181815496,0.011015173117618291
0.07124770620883789,0.23618815631915574,0.005692963314134078,0.011595926417859085
0.062277138885513235,0.23387669618274687,0.00553667112883508,0.011058273944297864
0.08525186241524393,0.30381831394864733,0.003327702178989027,0.010671114011198263
0.0645214519911297,0.36524632690763725,1.0339044486231667e-33,0.010671926902747899
0.08462702893547631,0.4827521594664297,9.056189950510111e-35,0.010330160031112258
0.11789371392501105,0.4233351997501933,8.345566267233601e-34,0.010283626557609943
0.1611707620606325,0.49092542236065806,0.0012493026726005723,0.01023587408592221
0.11981214361938122,0.36071999761802553,0.001569000801506923,0.01071503310906878
0.1152205591325256,0.3347749292493508,0.0026430098455505744,0.011049918344841852
0.17154239449057396,0.33800972155730336,0.002148604757727252,0.010644328575694334
0.1570062955341835,0.38816561457415666,0.0009489305315772048,0.010350586435908275
0.1890536599150165,0.5035705494702432,0.001511938067399913,0.01085321493254779
0.21845057965517842,0.45383183433392127,0.0027199059004257295,0.010568958488635226
0.27369864890167583,0.5293492662583298,0.0014115610264541568,0.01032388088425388
0.22161759009504628,0.4003316843438316,0.002242784476490732,0.010683834005479398
0.2099361837261339,0.37024753407783856,0.0022199948651842557,0.010730226451041712
0.21020715069535098,0.30549297485483123,0.003987249877514867,0.010732889706087522
0.19204434201513115,0.33418031671331017,0.0027007528214712715,0.010813034338161104
0.1328718927578414,0.2786496202160454,0.004892588312035043,0.010806667452565415
0.1395616120194772,0.23449702001413875,0.006480099259273721,0.011392839849440528
0.08899820120397656,0.15016705111269135,0.005889641733966936,0.011452813586610787
0.15524699002678752,0.22362684738788247,0.0071125993447898,0.01231144158641285
0.17552178277714836,0.24185411360347536,0.007226682186448218,0.011484652435909872
0.19684028020231867,0.25964837646247063,0.006976896532428185,0.01148146782021573
0.216044832689733,0.24602387882866378,0.0070249923292098546,0.011208499052072446
0.2998679304432895,0.3006782216884639,0.0027235209840908874,0.010642367162107006
0.2805439141152985,0.3282382618510319,0.002502078711970545,0.010597692899880594
0.3466286472479347,0.40064266613252286,0.0006781729278380721,0.010277801084592805
0.2567053507509759,0.3478295977993017,0.002641401609299525,0.011221408823142168
0.2347999019542037,0.3312338533908801,0.0029548059594115936,0.010736603871951193
0.2693821042477871,0.38537961637152524,0.0021756074838372194,0.010565175105907662
0.2560738629849874,0.4208942322795287,0.0022327520578766455,0.010361177068882692
0.29969319175418424,0.5245817245524049,0.000870971048596671,0.01033080780765441
0.3276392973524253,0.48826497397946145,8.755069808638725e-35,0.010301376006955843
0.3868391452962313,0.5677344241085923,4.512923224612392e-35,0.010134350322047646
0.3499983845912792,0.454202723158014,6.874507309382218e-05,0.01054958633942778
0.33585411605496307,0.42547266599896305,0.0004609314551171373,0.010410686481547922
0.3942575763267016,0.4367406861577869,0.0002503506913768488,0.010535921498545778
0.37805927137127193,0.4660627611514605,9.320114740327281e-35,0.009985789612816586
0.42282969821242966,0.566612611327425,0.00010825629710965519,0.010266798350913252
0.45821217615590804,0.530167636463487,0.0007783642280930173,0.010103492940094414
0.5215510916552324,0.6058758298192393,5.866092611639964e-34,0.009978122024793624
0.49152335221968346,0.5033336494514901,0.0007481486931492524,0.01019528336240599
0.47314332711944995,0.4713585106777317,0.0004906322121293504,0.010075059229807129
0.48297805602722577,0.43047417470446375,0.00021508446358965464,0.010151612206312803
0.45346670806485834,0.4432992632459415,0.00015857231474465788,0.010055663913988206
0.3663991058123029,0.40161972479289065,0.0007344058760867225,0.010631874106689506
0.39449613154950547,0.3654516611377316,0.0009835488762383385,0.01038108287530252
0.32352449926237803,0.30113651357423826,0.0027440402024642464,0.010507718990396809
0.41536642951346986,0.32941247261221923,0.0008358871061613942,0.010518299862299525
0.4536434859835046,0.3513362282335279,0.0005791557884311044,0.010350061377672326
0.42148477048675576,0.3122016167176727,0.0009505518599506083,0.010501302617485872
0.43107028175896644,0.28661381816621945,0.0017505666435506453,0.01067456010893557
0.4062110146962328,0.21462958867611315,0.006528013215606737,0.011115213200582836
0.3552209380252218,0.24149936899959673,0.006180941581814975,0.010632848715226434
0.2807366069232151,0.19161134298664143,0.008954686585221718,0.011231884518925043
0.29979662952185604,0.25113948816006054,0.004578870863326219,0.010942536828016363
0.33114096222253175,0.286107536194203,0.0029608197294156992,0.010872606705564917
0.2794643419593844,0.2519544411525919,0.005155161516589427,0.01083285243335119
0.25350191457710924,0.24990816608726674,0.005916750599850218,0.010787878465017572
0.1709728044079869,0.2074988237553024,0.00816628155011654,0.012104936681080397
0.19591986436825093,0.19761457688610104,0.0105458691068331,0.011678324847610153
0.12262585435154288,0.14536909487302865,0.00972874032012179,0.011580536174860262
0.2093380554536342,0.16876929069337504,0.012547474659654815,0.01262988289341239
0.2575868980614434,0.19568026850130815,0.009194755906103386,0.011202063921104339
0.23072408785891524,0.15231826926941996,0.011512121563725372,0.011693339565647469
0.20149926874717827,0.1517573299027079,0.012808255486220301,0.011541868937256507
0.09644286869377378,0.1255183279104089,0.009184716000675146,0.012226425662687286
0.14680248228982917,0.1200807721379163,0.017297318991884955,0.013132558178123642
0.08695739188704432,0.09260051572017163,0.03495422029609022,0.015470241933511684
0.18511123623081832,0.0827792258081893,0.016486842441455412,0.012862167822916798
0.2318298506445045,0.10479174066902172,0.01027011351692312,0.01216261497944132
0.27587779495566916,0.09268773113894806,0.007114865216760695,0.01138747977601323
0.2695947416820869,0.10984531474365719,0.007226328805225504,0.011463631445895956
0.27389487890169373,0.17487325508486318,0.009007360798986437,0.011469201359452355
0.3228027843485409,0.14501172421567918,0.006630289200229119,0.01083808414903945
0.3859563166982042,0.18419838024470703,0.0062777799987158624,0.011107804157872813
0.40576171999412763,0.12269530654350753,0.0026079909453529783,0.01073229385570495
0.3605257344138256,0.08554133839234837,0.0023367141122447475,0.010955876107748024
0.43378866604383626,0.11352952022368079,0.0017425581851491403,0.010937884764948514
0.4622882262027218,0.1094008083035988,0.0009990455290193546,0.010796842194964948
0.5768968991473775,0.09934515123722133,1.0715292030011658e-34,0.010454778880699607
0.5210230029009059,0.14598489277435278,1.8680381860235517e-34,0.01030931961264895
0.5758003739994402,0.19451404776312517,2.10483648951288e-34,0.010405123904262651
0.48535291188321494,0.20638368055526074,0.001283392867563983,0.01082961087150756
0.425007489451846,0.16601758405194617,0.003845585595809307,0.010516891576849144
0.4741972664720829,0.225394437113754,0.0014714072747898268,0.01072683697522721
0.47107736500099084,0.2451291817778786,0.0013116350768945806,0.010645733797746157
0.46510180437311577,0.3240426132584698,0.0006523764296385273,0.010433657612332827
0.5155541387284333,0.2936854099724384,0.00011977465477830724,0.010203233135428058
0.5835589274016033,0.345771981395928,0.0009006101791608883,0.010268629041713512
0.5937786678575514,0.27392430030092196,0.0006509296953617436,0.010259292081598084
0.5369727029287679,0.22312493069954664,0.0001481274977218288,0.010288966831397697
0.6482985440562563,0.24855473347466195,0.0003736178595226711,0.010362666074953038
0.6458997519989795,0.2694939781756043,0.00040497304320316396,0.010311055716625125
0.6255828483369772,0.35556949807349497,0.0008571376329056438,0.010093135409101893
0.6790997626222892,0.3195821708616996,5.030601364933806e-35,0.009861474370958377
0.7508989472398477,0.37661355603597757,1.0956177158101921e-34,0.010066235319394143
0.7596804220547198,0.2944577693991026,1.7419602823629073e-35,0.009934449079631957
0.7038853480082681,0.24115970773928969,4.129080962623211e-35,0.010015221373520473
0.7351578745755444,0.19630118767648363,1.0798846619906623e-34,0.01073763880703418
0.7132716750006304,0.19515792649634697,1.0220495632427174e-34,0.010241384732379946
0.6082522314333688,0.22004417072549926,0.000164739721285937,0.010578278611200316
0.6543779197259336,0.17724291301271405,7.716126175016678e-35,0.010369201762461791
0.5925237592386812,0.12084416881903591,2.679837111067733e-35,0.010310778896805208
0.6925161013791515,0.10756133888361427,4.4218375886478247e-35,0.010302547041142468
0.7528822503165389,0.15308518727718348,3.3633809775335874e-35,0.010107015262430163
0.8086386091531207,0.12483315278281243,3.87934803901127e-35,0.010326641797509953
0.8097543360993719,0.14340002101867264,8.153761313964506e-35,0.010874528656628489
0.773414577444677,0.2263179010490693,9.351991961980855e-35,0.010050095481364008
0.8272506827701012,0.1876282305013699,0.00039637143757597634,0.010204405998296622
0.8934088438048737,0.24576396716502188,0.001942665554469166,0.010044826391379146
0.9115357456534133,0.16064417091378816,4.671792688822657e-35,0.010081212130493103
0.8553410802227347,0.10398940214570238,3.9354647893911426e-35,0.01008509671406377
0.9681912025007059,0.14620244852728898,3.0115544706618356e-35,0.009917815229162201
0.9918944063999191,0.14951372230769133,1.8081848386043264e-34,0.010192839212676963
1.0800327145298292,0.11417144625379677,2.4566774884495496e-05,0.01069766825669415
1.0616642602922552,0.1665119497128152,1.146355925413322e-05,0.010796383395339488
1.070897670582219,0.19353068810808166,1.261943091186177e-34,0.010548362041365493
1.0617837973450326,0.25275121061430095,0.00026404479995753116,0.010496964261622247
1.0166801424256597,0.22937718170223936,8.195720339996791e-35,0.010078194795966982
0.9752944459434241,0.24584163779744986,3.752836397053772e-35,0.009748447656257396
0.9679670471789716,0.3156421373266922,2.1033919646203608e-35,0.00952735638886481
1.0280710401628963,0.26925225849461054,2.198573678964936e-34,0.009988456046131002
1.1077489113829824,0.3017428963843153,0.0003896463160479218,0.010987575691693782
1.0571129104465604,0.3574716514629784,4.4102748700930684e-35,0.010159296670351313
1.077559928510431,0.4152772535231888,7.488548357383544e-35,0.010097830789176141
1.0267891161979537,0.3855760592906056,5.389481297234185e-35,0.010276232439556745
0.9908860505012643,0.39666323972048706,4.8016975695120174e-35,0.009860103270746547
0.8865845653877615,0.38250385690578104,0.0006022372087367132,0.009686511240997038
0.9414169167037856,0.33580323860110417,2.0945546233703197e-34,0.009800147379918847
0.8813524279721834,0.26984427603370087,0.002121879427297954,0.009739782956936843
0.8254549308169974,0.31068354900389894,2.709064187746296e-05,0.01042317653604356
0.7795712996456687,0.2819431931493317,8.778943399436046e-35,0.010087162491460184
0.8143288707262941,0.33326439475992226,5.944474764577299e-35,0.010185556834493303
0.8066247876513206,0.36025890432441926,6.194565039626192e-35,0.009726549491723814
0.8632444757414709,0.41665355034603874,0.0010387911986684316,0.009700422128511434
0.8081830518955474,0.45752254263309505,0.0010912476298229534,0.00973550517078091
0.8647302777614605,0.5283935459125227,0.0007426740701385315,0.009675784974041484
0.9189726111160563,0.48676064903275135,0.0013063755402433457,0.00968128081491184
0.9673056147819954,0.5261859081440602,0.0010942501462581004,0.010547275450775738
0.9297095530619629,0.4631082629307949,0.0010776783755032245,0.010202706543385922
0.9333325803133738,0.43841089413121703,0.0007678748845310031,0.00969724028681049
0.98845373123741,0.4835662563619507,0.0009780615660971758,0.009728573158149583
1.0372788173090233,0.43146198062668234,1.7834267508236848e-34,0.01047258522344196
1.0581151987569788,0.47958590887632613,9.537445048847419e-35,0.010608796857086253
1.0269794823531888,0.5586615320696879,1.3291292642833925e-05,0.010128302933697233
0.9835707917609132,0.5341486624782653,0.0009187961952843055,0.010239242708889852
0.9978377005882471,0.6005885845656127,0.0001350416826947695,0.010095604659892699
1.048142085711935,0.595150181675067,0.00032763821773567416,0.010445779605183602
1.0120894772091795,0.7160115188829237,8.07292000788122e-35,0.011453148141316071
0.9373265689448398,0.6656052026769652,5.429574617191966e-35,0.009749769220938474
0.9618837371508112,0.6335422398893753,6.0397724879550215e-34,0.010193430772798722
0.9104191592679398,0.5894474621055853,8.531371072158396e-05,0.009502481944507653
0.8842868427100471,0.5915484016354025,5.106177603061682e-05,0.010292296815046556
0.8583323911545122,0.5934823992499777,4.994169114677329e-35,0.009633276675863332
0.9077550318061374,0.6473543841747325,6.890645104679613e-35,0.009724215490413184
0.860380997866699,0.6923788557869748,3.6458654817664204e-35,0.00954667263071966
0.7871693207330641,0.6244815084523772,3.5664681095426333e-35,0.009737988931670959
0.7555793126798946,0.6527373078847597,9.878359165595368e-35,0.009880288146563344
0.7045068643202406,0.5957773399151141,0.0009377711001084252,0.009993839102421395
0.7054075995710924,0.5713802314181188,0.0009503307655510648,0.010321165452481315
0.7064592679152747,0.5472547158828045,0.0010974199769708877,0.009994785052884234
0.7616855914527096,0.5959600051789841,8.486968039862706e-05,0.010117708800301349
0.8117063744729007,0.5562941850698905,0.00024645976118896834,0.009618277478229378
0.7379953575394486,0.48149966193044363,0.0019318546277380816,0.009967552036349251
0.7781436146183568,0.45260699714321273,0.0013639638680124945,0.009860342564017993
0.7151776201330411,0.40120846799083715,0.0007833530788401028,0.01037201231958071
0.6886799789397384,0.40279084256107267,0.0009081121401120281,0.01027900288461566
0.6623942633603693,0.4040967482903079,0.0010164562331670382,0.010034209237444122
0.712530413405241,0.4544472792207729,0.0020800435913859417,0.010461118319488734
0.6709284144485208,0.49937552116004436,0.001560311550419877,0.009929915230738032
0.5725877062776153,0.44607433473557623,0.0004435977695441922,0.010686036013252896
0.6135146966093281,0.41821804339497964,0.0007657085677529342,0.009907584924508984
0.5494096561483643,0.36618307397796873,0.0003656864375122501,0.010423528594650183
0.5213605440353396,0.3682569533797716,0.00037769409775145817,0.010446765466810668
0.49900031543371387,0.36570004061559214,0.000502081265704171,0.010594117787976634
0.5479465388464254,0.4178005927204114,0.0002701328559794111,0.010296506898392956
0.5138033731339129,0.45645584548111895,0.0004342969101789227,0.00996367471838841
0.5603274805653125,0.5471589055599764,1.004981331706838e-34,0.010094801457046432
0.594959508092183,0.5090436922051449,0.00017330749592708237,0.009991806341048041
0.6525299899993163,0.5712089867843606,0.0005727164861344408,0.009989290443623204
0.6464194166073768,0.6015981352956854,0.0003541867778894047,0.010223297266668872
0.6511170407383207,0.6211636698597102,0.000187526972799667,0.010070971254068077
0.5925961860993001,0.5747820046657174,3.4039430015835703e-34,0.010228821206034092
0.5552422067510072,0.6075131973548876,1.0188369121052853e-34,0.009912194308664336
0.5962742747643721,0.7090011743560961,1.822045962588647e-34,0.010469150311735086
0.6383646242374563,0.6677095298009015,6.091309338932576e-35,0.009857776901095136
0.6940620807963361,0.7337382671849105,6.22435194659312e-35,0.0099198959244843
0.6847468371762417,0.7706327867441212,1.8543180104624843e-34,0.010167594760478462
0.6891371438820555,0.7916471100833691,7.523982694902315e-35,0.00992783073844164
0.6325209164477392,0.7436492405975017,1.3380776548497786e-34,0.010318174390065904
0.5950307264422461,0.7814973003929568,3.3943966051239835e-35,0.00990914615243443
0.6541129177849353,0.8486424812572688,3.612261005355626e-35,0.010084816762436676
0.6158177373727475,0.9087860713170539,0.00030561565663905993,0.010051398424661923
0.6777065397155996,0.977678677092023,0.0006814329835249453,0.010500772380479731
0.7086740614040903,0.9543196811236925,0.00018981700194801578,0.010740506194164832
0.7308824212067855,0.963116528630481,1.3096694139648762e-34,0.010241061573262478
0.6891995153597634,0.8968669060283181,7.32939005967886e-05,0.010233815962276252
0.7206395178402378,0.8481331293137545,1.3610557573768727e-34,0.009959760307465794
0.7997832973103327,0.8796303620817274,9.051377380559797e-05,0.010178449166616978
0.7574013518340053,0.9403347826986199,0.0001246851858058289,0.010064369529931907
0.8242902476084293,1.0114330747430613,1.6540180292547681e-34,0.011435848601268736
0.8570989340464232,0.9809260985773047,0.0006597043526709975,0.01316550945167566
0.8568536482272837,0.9055895724414915,8.484926741344912e-35,0.010533892376539365
0.844805190398882,0.8755164267962324,2.5396946894292275e-34,0.010297247562838889
0.8627274865808738,0.8120805689672946,0.0003429381045075481,0.00994616085502751
0.8259872572925347,0.8441976719828613,0.00038373564916391437,0.010141980078361916
0.7376930752037376,0.7974873893621853,4.370040330761757e-34,0.009864797148316196
0.7701820567128598,0.7514971908304299,3.7273785991548342e-34,0.009583997538314024
0.7011705024409924,0.6827310778431086,5.797173123361284e-35,0.009918028897318734
0.805889452145514,0.7143802992331966,2.871125899451411e-34,0.009907661820657037
0.833472058472996,0.7270420661156956,1.3849372735162255e-05,0.009936269889131544
0.8888363345696306,0.7109736045913584,4.364690987544487e-35,0.009899931404966969
0.862552305150807,0.7467648983117277,7.629525879444035e-35,0.009577002198999983
0.9025127339916702,0.8465510234604793,7.344001538543088e-35,0.010580950005617344
0.9497402202290699,0.8044213033824433,5.415838107887597e-35,0.010301332587224595
0.9557867814923444,0.7671063073141151,2.926330770857167e-35,0.010417581920084277
0.9970991591163447,0.7670988302539713,6.66897536243172e-35,0.010966574820599565
0.8155024272761888,1.03840704565177,1.642571724216461e-34,0.01347940028285682
0.7166590298483937,1.0918593039706694,1.732474448117806e-34,0.011981347474079071
0.756608643987106,1.040912272976309,4.725198812204294e-35,0.011772523091514777
0.6900444795926567,1.0520577545272136,4.202166112525731e-05,0.010878616626780224
0.6356763846574851,1.003422499407664,0.0002647211708838528,0.01026324482641324
0.6734931558096198,1.0683613327349786,2.7009406812735755e-34,0.011176880513980211
0.6530416089887895,1.1246669942963825,5.740329841936028e-35,0.01134677159091083
0.5962156173075661,1.1756923734234037,1.870686723598315e-35,0.011519500654842954
0.5190614194929665,1.1467839124926609,2.2604204585473774e-35,0.010438724595414893
0.4770249671167103,1.2349899366692811,0.00010057806209464502,0.011632185249953948
0.37522207135507524,1.2049505280972534,0.0020027293717516876,0.010719073804170292
0.42441990992234213,1.1793192235930108,0.0002082804005917245,0.010478747530593155
0.37737295204213583,1.108346896922602,5.386486110090451e-34,0.01001426159881934
0.4570887476543276,1.168293129907705,3.625470967809528e-34,0.010351348934454347
0.5022782360211417,1.205941347234179,1.3302648085148698e-34,0.011722371881752208
0.46247767230901926,1.0650470646790602,7.527480566302432e-35,0.009998435002893746
0.4399849408155103,1.054769976728409,2.1724305458319016e-34,0.01052041387106649
0.37951322821714834,1.0926463633514096,1.9245470486569481e-34,0.010202237785419094
0.411946625841086,1.0342172313649758,4.397102283201491e-34,0.00991443362774083
0.3532578738211127,0.9609536092932345,0.00016236409013896443,0.010054510618212461
0.4152008571900504,0.9407641061385486,0.00038491618680776377,0.010130621193496232
0.4753099532968464,1.0142711429596025,8.470298083533071e-35,0.010029617469782913
0.5091245015720389,0.9747924971554384,3.969471099177225e-35,0.00989395096334546
0.5198115267768411,1.007457551016584,3.623894290877071e-35,0.00994859494197693
0.499078321413283,1.0854733440658397,5.250355812330255e-35,0.010213167518032076
0.5451084314334672,1.073720151952216,3.486033208072473e-35,0.010500266583487614
0.5673106912799172,1.0832079249204347,2.1186365660223464e-35,0.010390993173836717
0.6261469332549255,1.0911516501748622,3.1130203905018597e-35,0.010788293815342435
0.5936152721194186,1.0281649343442572,3.7041572937602815e-35,0.010324179958607177
0.598616489855756,0.9933036717426649,7.109371718097172e-35,0.010249656522431316
0.5799263787277636,0.8779049224718249,4.260957230762521e-35,0.009863596818210774
0.5451033017291934,0.9365414909860048,3.1742845674725225e-35,0.010109482695789384
0.4788772628056595,0.87046394859932,2.2538388609423548e-35,0.009985744867846015
0.5122223601667443,0.8119801677718912,4.300339096355594e-35,0.010310350191468103
0.4755520987122965,0.7595667285100495,4.5314021251255585e-35,0.010193717852798595
0.5318568525140638,0.8025058447944646,1.6468680691238211e-34,0.010506634851375473
0.5540183847309224,0.7998910886454258,1.6189815151439495e-34,0.010634266368029692
0.5101619785139051,0.7404252775088631,1.4378723904117637e-34,0.010356914530049043
0.5501354149478948,0.6965879100208505,3.048701177872644e-35,0.010012766697663301
0.4880688350795285,0.6390376585492696,4.2672740364663806e-35,0.010279906347524334
0.47118289993206863,0.6340070732547154,1.7869475660810244e-34,0.010183640982416978
0.431003932183079,0.6627393196755963,4.246159818536189e-35,0.010517920505434613
0.4943153254186087,0.7361856467330472,3.9383540666750457e-35,0.010142219647178038
0.4137046903735328,0.700104644736578,1.299143091291435e-34,0.010320286252576295
0.39854038798153285,0.6639398276830506,0.000218210955163223,0.010663731811157174
0.4070776516204297,0.6105881112354844,1.2517314543715672e-34,0.010611867744891843
0.34792215468722637,0.6127272635631829,0.00012435653189916347,0.010581337209639437
0.3032644410936385,0.5677452930633714,0.0003119018950657922,0.010440361984732454
0.34148128199995914,0.6366508525570598,9.36908459902767e-35,0.010520310832738975
0.3164588046615013,0.6891036679938279,4.318396081947019e-35,0.010257866130393365
0.3506154305298369,0.8022373894230059,8.797419108408006e-35,0.010107046482921715
0.3933995024072555,0.7445612718228577,7.898694928838481e-35,0.01025641559879609
0.44964991278868016,0.8253440696753969,3.329992027328569e-35,0.010075242472151679
0.42902790922913053,0.8666981409592194,4.51076494744313e-06,0.010306799594146628
0.43967174155559957,0.8994475599108432,2.3673573280196796e-34,0.010192579158567985
0.38937938418389706,0.8503933445806899,0.0003958068337779896,0.010860966850668492
0.3529309140816703,0.8972010505163645,0.0007350996982566375,0.009883997214500256
0.3002526306956586,0.8161549954336405,3.692456554540424e-35,0.010299549208120233
0.2546339104088351,0.8798274215953636,2.481422326306009e-35,0.009862784466821482
0.20473975974874553,0.7993451352757646,4.5232408993309076e-35,0.010053457587570928
0.22911916296954662,0.7485027159351624,1.0065448385074246e-34,0.01038247911059931
0.22009609993701346,0.7149444773876907,5.193645709728202e-35,0.010095761622983755
0.2619482763934146,0.7572135626880407,2.268758205955054e-35,0.010251917166059058
0.29354570358698107,0.7142025105861496,2.2445812986530313e-35,0.010063163728389904
0.25674674968324246,0.6594583564795378,2.7814450666110664e-35,0.010245981598756355
0.28676202398228956,0.5954998314788198,4.992544884614693e-35,0.010338416698338399
0.2436562678804511,0.5495354670786482,0.000966218805114673,0.010618965096704038
0.2199982397172397,0.5309391039327874,0.0015678377726789472,0.010583402234396815
0.1921560977017437,0.614084970314152,4.983168719443233e-05,0.010100150971709701
0.23469380299391474,0.6859740466943447,8.76923313361996e-35,0.010263435025288934
0.1502927568287592,0.644631156757121,1.1423055264209227e-34,0.01008767902641027
0.1480919341431235,0.6203185158090634,4.8602761843730776e-34,0.010064031738070153
0.1604523401165096,0.5122936158782929,0.001160034913403477,0.01015825375534511
0.10571398453914124,0.5661367353946651,2.0947856831330092e-33,0.01077473229635979
0.08529214027500355,0.5394805341206563,2.2942682503657413e-34,0.010353312455034631
0.11777940616249861,0.6011822434795864,3.87888235859922e-34,0.010354965357885769
0.0776534115683423,0.6632899566143777,0.00018567890167876458,0.010079626228959025
0.10785295891521257,0.7484147572243709,0.001102188872779783,0.010324882792173397
0.13585607459427487,0.7109619495054592,3.141818257794596e-05,0.010272024822655358
0.17064759658088427,0.7719164526481732,3.661778866373743e-05,0.010286624686395067
0.16782260405773355,0.804205666274868,0.0003448606355838655,0.010294201875698086
0.16480169039415932,0.8365612019434225,0.00045555979213310224,0.010074623240227263
0.12405854182819473,0.782913634957815,0.0007250464143278853,0.010044219813994212
0.08124933589791046,0.8477300850299682,9.60561925357124e-35,0.00972821378512983
0.13271820387587202,0.9318780121584571,3.057256135171306e-35,0.009475858182851153
0.10074261363318689,0.9787609672487458,4.6079049654166273e-35,0.009876196531834362
0.1326292323603868,1.0472506561658435,4.771959235084085e-35,0.009526902783518969
0.16625872038512896,0.9968092357873886,1.2042440923309698e-34,0.010013916072491994
0.18968048945121121,1.0524085827286296,4.076825901778333e-34,0.01025279366843081
0.19724038796496657,0.9664654000828803,1.4092600239288606e-34,0.009995853832563472
0.14811976591032305,0.887051131827345,3.8546008683117516e-34,0.00963053179150252
0.23811497604315732,0.9327424203729546,4.7532711601635037e-35,0.01004769743882558
0.2752175043875364,0.9971542001638872,4.7590153656183925e-35,0.009974760415143218
0.28739121782740873,0.9504442674799027,3.430803972407766e-35,0.009918676796352801
0.3420604117278917,0.9894221445259637,6.116719092558973e-35,0.009912596790713572
0.29593820859509523,1.0161821504682371,5.805934331732927e-35,0.010006271637915854
0.34165307890800545,1.087124651604199,0.00019337375674886997,0.009967540092989691
0.27016469134835075,1.1102792500702237,0.001616520882497663,0.00984365290864789
0.23623773646636312,1.0410480482249822,4.950662986461529e-34,0.009965343740944006
0.24316089039167801,1.1314201831624036,0.0012333560054361044,0.010202622888661916
0.29375939350449726,1.19385957578324,0.0023418250816270502,0.009961074608505184
0.3364857859850309,1.1580620245130784,0.002749467740358764,0.010257871917306984
0.3377848710289465,1.1835877534105745,0.002724632956799155,0.010594186072808041
0.36197783771588954,1.2352655902465233,0.0021463509764503333,0.010836180858168652
0.290126609018733,1.2758131728599944,0.0004900727927059032,0.011526682237789077
0.26583917344503877,1.284066726738956,3.088311673631323e-34,0.012441760622131905
0.20628856312372665,1.3005964139388455,0.0009753127597649077,0.012779561655806158
0.19399966730610285,1.2007679613055242,0.0009131393982986371,0.009492315991385225
0.19935382807437996,1.119054180642091,0.0005164589036658338,0.009672392315367784
0.1672780036164909,1.1490395389916845,0.0005719232756378833,0.009534964195005349
0.09372682280046984,1.1148976168084062,0.001220204874281336,0.010467778965717
0.12220054568844424,1.2246142408107652,0.0015191750728467276,0.009885664091685219
0.16054509750470694,1.2856044510122355,0.0019132184035093346,0.012255009597034064
0.07943795304178897,1.2747826638688444,0.0006472276027104767,0.011114435457403878
0.059368862459973026,1.224006568464327,0.0010244408185397988,0.009699891649731245
0.008162033721485579,1.2875044550208365,0.00023096357022450058,0.011922517034701414
-0.04219220790429595,1.2455890615492793,1.7761255621191526e-34,0.010382490365132566
0.015640576834886927,1.2217251441792447,0.00039427160261056027,0.009750901668861106
-0.039588938499423354,1.1368223790063094,5.2314833671454896e-05,0.009323096366438147
0.011297451036294398,1.0727306596753818,5.716924933415607e-34,0.009564156090653649
0.06127382695749396,1.166239786819837,0.0014060211823588508,0.00941781694562123
0.0812483241877287,1.09268453938197,0.0010866683875677694,0.010092479342029826
0.027133587536793596,1.0073389627325007,3.7864589186430406e-35,0.009293934980676032
0.06345507141326912,0.9597201283361373,7.017961599844493e-35,0.010243113905613619
0.04098919484153962,0.9351605843787048,2.301233032566175e-35,0.009481694905409588
-0.017321851709363484,0.8898592353136722,4.0286035937521637e-35,0.009440828523951178
-0.040430076537708026,1.0047207964095324,2.500832222308376e-35,0.009168194721183895
-0.023655494118771492,1.0521408079277335,7.512667123100174e-35,0.009778084044864275
-0.08183793739320969,1.0479381684150937,9.099289075165201e-35,0.009510787725049914
-0.06848001506456786,1.0040036533932402,2.2059821060190587e-35,0.00899824555066298
-0.09192197372398991,0.8884636464264397,2.911928623546539e-35,0.00912299152860878
-0.15264206014425435,0.933369388179414,4.026536307156507e-35,0.009127313533829097
-0.17350629986630975,0.953913158353851,9.53300737189255e-05,0.010022399898076947
-0.1373429247239002,1.0030404392000802,4.480242874276902e-35,0.009336046124850781
-0.18807787749140598,1.0817754846711456,1.3961232559395818e-34,0.00966549129913468
-0.16369929231797098,1.1448262317499642,7.378757651920203e-35,0.0094332221636893
-0.11835825012682516,1.0689409221540407,5.342893353174399e-35,0.009373868059297713
-0.06459102254794288,1.1030334516399694,1.6990540508210779e-34,0.009607141993450155
-0.10404996955527782,1.1364642596780505,9.302154488443999e-35,0.00932823945139479
-0.05502924758566499,1.2095454511915757,3.0357919012845192e-05,0.009700699415014094
-0.13902863177261346,1.233083621502949,7.425185038224764e-35,0.01081684678369472
-0.18730821990441443,1.2073392874502038,9.552457327170198e-34,0.011043678733775228
-0.23612738742777664,1.1990824059946263,1.0702967279405172e-32,0.010772572445393702
-0.21208610237634376,1.1096101739492354,6.666111759329586e-05,0.00964994045281167
-0.26131807988559963,1.1499332782136593,2.8484796970331435e-31,0.011901969836837877
-0.32730157813548055,1.1177466143235855,1.373215453357491e-05,0.012098837885789878
-0.2852700971916441,1.184122995012142,5.123601970582344e-34,0.013992584751984933
-0.40866593183370514,1.0804541903588223,4.1773065530335005e-05,0.01215907379851922
-0.3470052517789656,1.148024396871101,2.6807957983553383e-32,0.014467146745178924
-0.3702294299560272,1.0108933070198363,0.00010519135696427821,0.01208139224578141
-0.3926377504180893,1.0060365342059556,0.00010632524238603046,0.012055339209102258
-0.4675556335956045,1.0557146018134576,5.553885390780704e-05,0.012569644550648093
-0.4225616450271876,0.9908084826538959,0.00011218742910552654,0.01206461242237972
-0.47796661882314234,0.9290322225639973,0.00017197167540657166,0.01242557204099876
-0.40137977954785997,0.8947734352920469,0.00024101235775654108,0.011531045972460224
-0.34699923318742165,0.9568568610799328,0.0001461521428208517,0.011286072136161196
-0.3030030710862977,0.90757180954648,0.00018283129795664617,0.010777855817044693
-0.297282802208527,0.9395671769785193,0.00016605217558354253,0.011113418886960338
-0.33344134698650646,1.0268384310398257,8.247014997240223e-05,0.011421687996718584
-0.28296367128116384,1.0038478230810932,8.044248328746221e-05,0.010975956440580165
-0.2600747251050081,1.0102948778071332,8.321498724650919e-05,0.010280698638669464
-0.20002048807190553,1.0039681382184473,6.639992001622528e-33,0.010006854736466076
-0.22345127111484087,0.9456486136707352,0.0001840024287773538,0.00996429876292312
-0.21130792400873302,0.9054902094469188,0.00016607465338325383,0.009750002489492511
-0.2513794776304821,0.8418345760155512,0.0001917007226153475,0.010390922036560836
-0.19719722422349972,0.775250710949798,2.491083882790476e-34,0.009601716262904299
-0.23605579026716034,0.6973931344533236,0.0006110822881166229,0.010146370538904256
-0.29087544768261797,0.762291553669786,0.00038645381719057967,0.010846085926686247
-0.3255662008360209,0.7274316743870505,0.0005454917828516558,0.01114822659005608
-0.3039261124112152,0.7938694614024879,0.0003497303952242384,0.011405002955408734
-0.31277171887959626,0.8279820490217449,0.0002941937761598107,0.011009598413920466
-0.3520765426487202,0.7848540583641419,0.00040623901355355457,0.01123164557986163
-0.40378660560868335,0.8583725350896643,0.00027482495216597086,0.011483914767472143
-0.46485295590990194,0.8153463139605452,0.00032169767605348866,0.011913563652901912
-0.41194590347086196,0.7424064858848411,0.0005250145732239587,0.011354351389103519
-0.4439329043834832,0.6938781849972229,0.000602601877112796,0.01187177273209043
-0.38643999412814106,0.7247787002734816,0.0005596946589848488,0.011601026808121934
-0.36147616949648365,0.7152435312445411,0.0005602309687281153,0.011523806054194036
-0.34098552919488695,0.5952711234508052,0.0011446882211134564,0.01134306783000632
-0.3959651396842152,0.6656917940487298,0.0007176317346047619,0.011393728356317412
-0.45832184382775565,0.6338640375585624,0.0007431120217084631,0.011800302325514262
-0.4025010603017632,0.5637544587980049,0.0011190872047050137,0.01133314893592808
-0.43777297837656887,0.5131237655356827,0.0012092018587020296,0.011566753985895285
-0.3765751029258769,0.546050200930462,0.0011847521784164997,0.011625974624279507
-0.3513740419224146,0.5361203849139444,0.001265810452351381,0.011194758812847762
-0.25380480032457675,0.5039774362445515,0.0014614401702938424,0.010287512230758055
-0.30600807558301335,0.5772749951334719,0.0012285637970979762,0.01104290213983757
-0.28666014865339273,0.6603863597624217,0.0008680452869906503,0.010573897788243573
-0.2354018657666623,0.5871849008814414,0.001692115293820035,0.010433618266013786
-0.19287493708590844,0.6381485587525803,0.001619863750179435,0.010115095680037392
-0.22155475341987485,0.5549820201239055,0.0017531781405625375,0.01023598344152724
-0.21362327409605347,0.523325322592642,0.0016030972643060772,0.010040933102694577
-0.176711398591119,0.5671528577578162,0.0021095451909244954,0.00991572298330176
-0.12414797388803278,0.49995547762170706,0.002917990225228573,0.010096996078660388
-0.06180901865642208,0.5282662778205458,0.002795712849542715,0.010701033716294769
-0.11095429819686559,0.5951238848709419,0.002157002069456501,0.009638653550221159
-0.07498271335359924,0.6589867818599033,0.0015475602861559302,0.009966051189278145
-0.13879582329892334,0.6125556361490183,0.0018720854625499566,0.010125090831462737
-0.1584576672502175,0.6182099281639988,0.0019312407889978777,0.010570621155605246
-0.12911738918934026,0.6766304197336782,0.0003776662348511839,0.009633805124795452
-0.1735895185683638,0.748140103207923,6.72302303019836e-35,0.009676262035445474
-0.16562054057037734,0.872315756244529,6.967289247885998e-34,0.009270339359689971
-0.1400357015381517,0.7804492229268103,4.950848071077198e-35,0.009397242148069744
-0.107559158676271,0.8719854833074421,5.398634115934407e-35,0.009159969550091759
-0.07921367966014736,0.7736190451770784,0.000618030462303002,0.009531022224439741
-0.10575992910375204,0.7256243134956253,9.330075890403468e-05,0.00966353520740222
-0.046124365443079046,0.6751333804163572,0.0020194882534404464,0.00989694513594636
0.0026402436264033047,0.7418534890240183,0.002429150346148915,0.010053438205197718
-0.02870971028428948,0.7990857012955552,0.0010254654471597159,0.009602674713777652
-0.004823449714442707,0.8737544179296353,1.2122282050185008e-34,0.009621168361285763
0.03585274071721503,0.785601919444721,0.0014260325248481923,0.00959621130437261
0.060213218340478034,0.8617587505951403,6.268517182562497e-35,0.009773114605855828
0.06556384239423493,0.7349092813180143,0.0015854767068173685,0.010051525462240717
0.03381687863178448,0.6769785329515616,0.0009712757604212693,0.01031686052509313
0.05085331154975074,0.6226069111629208,9.778964001072275e-35,0.009942645133960006
0.031118205624405773,0.6301911566172992,4.71184488291905e-05,0.009970594667163685
-0.051057313082045475,0.647236012257794,0.001635023695893213,0.009949747870166113
-0.007665873735733797,0.5766045546013916,0.0007154822251391617,0.009987754014572749
-0.0419267341243465,0.5112893582081515,0.0025218693360202675,0.010116545829997691
0.02070866666539914,0.4781075411019115,0.00010188820348126169,0.0104751018569632
0.056993597044506863,0.5329795618326175,1.2084921363119444e-34,0.010212494264011291
0.029657533814736042,0.4453397745655444,1.1790835629720304e-34,0.010227014884563044
0.03358007556487143,0.4124300142425311,6.29850277293137e-35,0.010313935984971757
0.04445748026235887,0.2807389800064817,0.002409028242093555,0.011060688449618642
0.010093402117854713,0.3461542070378977,3.082362196630251e-35,0.010338131200546056
-0.02207470887551638,0.290140446342541,0.001130041706733424,0.010657752779308171
-0.04499895328008993,0.3979306996367594,0.0007353157520865497,0.010364059372789163
-0.01406425061400872,0.4615197490033912,0.0005679422763960678,0.010259183523789735
-0.06583549373873279,0.41564876475362045,0.0020969456883690152,0.010542161645351718
-0.08580061882367376,0.42536879298027996,0.0025366683541780586,0.010172162137902426
-0.17263455155553015,0.47275614225490453,0.0018435409395550384,0.010125462287055315
-0.12434124920926354,0.3976628878223963,0.001873245474689361,0.009793819744736152
-0.1593758120041141,0.3357222621723291,0.002012271675088568,0.010502525168082207
-0.08532987162993805,0.2998817593230836,0.00279613354503546,0.010470353597147401
-0.052250188592610186,0.3489095539522782,0.0007477184460566456,0.010406884931943415
-0.052809875004450946,0.22769920439746058,0.003080163199473574,0.011618648138700024
-0.06793580871947724,0.23346316180321558,0.0037272773057676505,0.012192281116862685
-0.15120060189381437,0.2910788228777522,0.0028191343978070348,0.010965108392826368
-0.10359012864974287,0.222450588020329,0.0065125337969371205,0.01297155674327022
-0.13449031251182159,0.1708590872216021,0.012426098710684614,0.014241586244764362
-0.05757280459148853,0.13003954248235686,2.1358886741684024e-35,0.01993174316307076
-0.032790030337051995,0.16779836216983704,3.863416433674543e-35,0.012265490170603953
0.0026360951441500857,0.119793077401316,6.6980814930546835e-34,0.014282248755360522
-0.0007047549268475728,0.14257912250919297,1.1829687575193726e-34,0.01236905293802343
-0.0364034378250597,0.2598267218093853,0.001973642337169808,0.011098391007804765
-8.870494005897012e-05,0.19903644219614142,0.0016499062214919765,0.011925410713445743
0.028222953083344493,0.2636087736835456,0.002176731802999977,0.011444036732861797
0.03780686032413898,0.14955055704631615,0.002999984688443773,0.011705102720532358
0.024839314403500096,0.08574438007342527,0.026044055952102137,0.02411248390517018
0.038737881470128716,0.017895666375715436,0.0017592971251635993,0.015069379626905724
0.03666227782298179,0.02017819000374893,0.0005655757175150925,0.016260069315174246
-0.0025124489117877014,0.08557855721315455,0.021347793646400767,0.025596009034053548
0.03172532508165683,0.015349611442465716,1.5135379540517643e-34,0.015027675925793571
0.029026864790025114,-0.008825226720828722,8.754053568879036e-36,0.014083476211684008
0.06929794173085987,-0.07652391322779897,0.017448992904972385,0.014867229584181279
0.039514464680303174,-0.035303302655477375,0.006806377687525972,0.016373409081098356
0.102068854233568,-0.1358689442205721,2.7695179088621586e-35,0.01190888181800848
0.13960884956751252,-0.13114153576461923,6.334116718566291e-35,0.011143360822071883
0.011217660319690452,0.27576497290742974,0.001369463872880512,0.01082856846624848
0.14639024904099013,-0.02648953698449468,0.015175806595143016,0.014824513316442316
0.11575371644710986,-0.001695551504148591,0.031548582984509674,0.01638460055500667
0.14486948768242658,-0.07063681749231902,0.0003601885127443176,0.012819478847252451
0.06635392729323994,-0.04530288872227484,0.058654834207409294,0.01537783031166421
0.0013434211806305218,-0.018395000317281043,6.456266778204324e-36,0.013450989133927485
0.05994513084082964,-0.024647081798196788,0.02994251660106595,0.02025844170008284
0.03096109433872457,-0.01951195642280457,1.9308791958079618e-35,0.014181357871281042
-0.04327749529864189,-0.027952165444280863,1.0930093814258711e-35,0.01327176285854885
-0.08042807872899144,-0.006820799585680798,4.4815149176266357e-35,0.013878163575029108
-0.06275746183571346,0.0072919449522812485,5.00576163817587e-35,0.01851953621130904
-0.09104404907354163,0.03409376905744496,0.007766754277727762,0.021261584067461748
-0.05748660053084409,0.019045488711008585,8.489442371365109e-35,0.03912869398912145
0.028421915076560583,-0.015907195482632724,4.093989261066302e-34,0.014352881340229582
-0.03772057114840541,0.041668918303635866,0.00856647851597203,0.0248996925482146
-0.019419359257767416,0.07649552469933418,0.06305957815873427,0.05086880173834932
-0.09198350131090466,0.12020825186840015,1.3568530174625826e-34,0.028954906690023274
-0.11808833553543852,0.1011190806470583,2.1669483402567537e-35,0.018817833127392866
-0.1422678909168435,0.1117348055824127,0.004904904159241357,0.013373285353574998
-0.1691470370327149,0.12405476342144794,0.014015823765689658,0.0182662148067968
-0.2707006248863494,0.14514589927155977,0.008465524526606249,0.01115847025347235
-0.20380210048253583,0.09176800083468317,0.017387263638826797,0.014958241878334609
-0.24642603647797068,0.054951437032570744,0.0049939920105571,0.011781617890035396
-0.15156849230767505,0.0285370896120187,0.0007141460734669848,0.012231400766129169
-0.11357365728356933,0.04535825957292325,0.0025245629414305053,0.01592877625374768
-0.1339922240017814,0.011129621003914791,2.6057934387798797e-34,0.012262388360234204
-0.12430024495143971,-0.0033610151748550837,5.324555351492389e-35,0.012019934629739352
-0.1279288538194016,-0.04150037334640708,0.0033483568876751454,0.011680789548050838
-0.21349978755037996,-0.025398519840189378,0.00021723587917459936,0.012321317429114676
-0.2278640977247316,-0.024833217232799888,2.3720273019147856e-34,0.011660866147778585
-0.19886876318490088,-0.005040345985749831,7.674886664950375e-35,0.011546718085732287
-0.2700420349103855,0.02919020870019637,0.002645311938697521,0.01141668484080952
-0.3337873378073024,-0.007989567390716906,1.05364155271894e-34,0.010953546048597669
-0.3004414353377839,-0.03389566964818419,1.0734426165133965e-33,0.011260096871342475
-0.32072353251413505,-0.026456015839763924,0.0001255885939580778,0.011211880715950414
-0.41823794430762945,-0.07024214655254686,0.0013798453714285212,0.011021104245204513
-0.39279446426592834,0.0012853331695451276,7.257150333942782e-35,0.01086509557288266
-0.38541554835955166,0.021957927004883596,0.00010678878600475469,0.010887501369442346
-0.42991960575870003,0.08387039929385154,0.0014147774060541114,0.010449551728060369
-0.37166295828949125,0.04354882691083327,0.000328018606471489,0.010808200306859677
-0.2802458071182341,0.05931739830954036,0.003731840238061913,0.011192761084647361
-0.3342442965685353,0.1074844215476147,0.003888915457429065,0.010719732645797666
-0.2865315448186317,0.1544577043017237,0.007517368165086203,0.011279134920899957
-0.392201484407617,0.14377872679785775,0.003254305347517903,0.010740248534322348
-0.41931359657562595,0.1393945360902159,0.0027067903705467493,0.010816258896334991
-0.39296102095682806,0.18196063974815316,0.0035014311317985154,0.010755782464751826
-0.44033810760016434,0.23268207147054915,0.002338764802941732,0.011482510633903133
-0.4212597515224786,0.31708254230498917,0.00214801056065436,0.011362724173717758
-0.364439295658918,0.2650892934133605,0.0032697971279023463,0.011069978026465793
-0.315985419175006,0.3160881644805282,0.003154586667873953,0.011281223072216255
-0.3172956292383419,0.21140156248541414,0.004970298172263368,0.010681122210169595
-0.32104242715312914,0.18707201181179195,0.004855611792088327,0.010519359395534666
-0.2807917941509298,0.20486928251468683,0.005905805093157183,0.01058233577737114
-0.23236459014316985,0.16295975773542695,0.011537516853078428,0.012672897620871948
-0.156242688670444,0.1713159413340467,0.01194569652861521,0.01395903178075591
-0.2076198238429629,0.23329341509866047,0.006980453661171689,0.011216611485089348
-0.16418913334787033,0.27934745486156914,0.0030056382357878434,0.010516096370037068
-0.255495769260956,0.2879621596921034,0.004177731023669198,0.010685598929037353
-0.2791092558007327,0.2841968503102288,0.004123900168629072,0.010730130665417812
-0.30014591398278156,0.36290147062094913,0.002759279710728334,0.01105560819286958
-0.25931006712905375,0.3223736805796175,0.0034556038525241787,0.010712653175011033
-0.18134494249444713,0.332805201815349,0.0019838023512753784,0.01042122098574183
-0.23288226576642918,0.40462955861750294,0.0018121241311593475,0.010259636036406242
-0.1869102345713033,0.4592179131459171,0.0017738360560947775,0.010062170781887293
-0.2742079344386684,0.4666286370864881,0.0015457543404499854,0.010777769318775736
-0.3011579823673536,0.4565713842092278,0.0015772079533134663,0.011048246951013327
-0.35022507764978195,0.4909016342310099,0.0014459432102930788,0.01117423058475447
-0.32360788666078044,0.4442517087519701,0.0016400670678100484,0.011380856140272509
-0.3253483921149497,0.3447360096686658,0.002882282364113291,0.01104759050809722
-0.38763398680039396,0.40756421700270196,0.0018526145645320746,0.01112854107101983
-0.4373047128942268,0.3525394916491035,0.001910625190448109,0.011528099058564178
-0.44810886843188247,0.455838053303937,0.001320740094147023,0.011544839767645015
-0.43543562863579294,0.4937109637673295,0.0012395655388353353,0.011634340078854452
-0.49995626698225815,0.5008188038492012,0.001070132238751645,0.011826660554795252
-0.4795547744810513,0.458338531992585,0.00123102591272687,0.011780119045630979
-0.4769239937262961,0.35793903757860046,0.001679793483815275,0.011497415902249423
-0.5393325610954156,0.4199878953898807,0.0010822183820861225,0.011738043862963475
-0.5967273353781315,0.3676522721818799,0.0007862115140683135,0.011805860292461485
-0.610458943483781,0.4670321599323253,0.0006842834737915028,0.012358999436954734
-0.5917623457322995,0.5091448148078711,0.0006946310415946059,0.012054504791714516
-0.6374206670413554,0.48284199813201334,0.0006209712900603615,0.012352106199334483
-0.6717485564095964,0.4992608458516671,0.000542343965475831,0.012253151031810627
-0.7731005561312225,0.5032779252709039,0.0003066870084409369,0.012740753634970296
-0.7099509045258597,0.442514262747981,0.0004568387271097313,0.012334844095640979
-0.7626229679318304,0.38070425078801157,0.00030432888713601003,0.01211299328256169
-0.6653555440110228,0.35882523676277334,0.0005836626689310351,0.011845702671749272
-0.6258690807718579,0.38823062681132525,0.0007180209087805011,0.011951994086317702
-0.6337319732630268,0.3146412649147692,0.0006257255626309597,0.011734621841034697
-0.6638887328253626,0.3252762832050456,0.0005622364504618353,0.01179519046497292
-0.7722300787415729,0.33349408448079654,0.0002499666869114336,0.011947481700096418
-0.7074523759382084,0.2767967210071914,0.00028878302290554164,0.011809555119155577
-0.7583521759171,0.22087999325500687,7.467315929458838e-05,0.011420514336494025
-0.6623328456535643,0.1957042324259884,8.81666121512441e-05,0.01137986304977905
-0.6183143021494959,0.22972682980513653,0.00033774007596692134,0.01149813747882433
-0.5730024744931179,0.20567423153038605,0.0004375828429958085,0.011473140643869579
-0.5815013485458989,0.23205042458455133,0.0004925049124437826,0.011598092081347764
-0.598039501302839,0.3401595362089994,0.0007915092970503496,0.011775825551748697
-0.5381639371276136,0.277407108022987,0.0011636845848631383,0.011450525334708753
-0.48732919204865854,0.32058852635001184,0.0016465634295756352,0.011477758669391939
-0.45371367146497155,0.23178394284531195,0.002252426201621302,0.011435341989361577
-0.4921668400000428,0.18891469953511447,0.0017127316361133336,0.011189257551266355
-0.46110845357216595,0.14361985089839255,0.0018520100913341927,0.010712479894763148
-0.4893598335992052,0.15142716826760697,0.0016429992410176453,0.011171491364600388
-0.6022489407326623,0.17431387706895507,5.561013442360193e-05,0.0116979766251002
-0.5433804247205692,0.11660685551702374,2.875654494820273e-34,0.0105996223585495
-0.5920812818838272,0.06861030961910658,6.089453609688996e-35,0.010303873625654603
-0.49871473893362117,0.044741152319415764,4.74608864019109e-34,0.010554879931639241
-0.44397485165879425,0.08263046959510487,0.0012677386243458327,0.01041374441563714
-0.4837662823825516,0.02208146612735068,6.537686570858992e-34,0.010663922002257763
-0.4766207694725824,1.987096342193073e-06,8.030581378134228e-35,0.010720592440173546
-0.4646444364447626,-0.07381356650192102,0.0012929348748555944,0.01085048542445894
-0.5554287720618263,-0.03588395333795659,2.007859129560346e-34,0.011081949251126108
-0.574596621349303,-0.045465805059999344,5.508027234603117e-35,0.01064006165330407
-0.5405926618182713,-0.01275759495221511,1.3010362535151482e-34,0.010360082975779169
-0.6044629602851112,0.0324515106062544,4.780012907666792e-35,0.01034021227038115
-0.6738232048958022,-0.014824610173525848,6.094304321813741e-34,0.010353915222511705
-0.6464598764778273,-0.043741012755662785,4.377547385005335e-35,0.010407372968286902
-0.6607808269242884,-0.0424328633791178,3.9643225386208266e-06,0.010299840549119981
-0.7557883180308067,-0.0938284881458105,4.0848718157790077e-35,0.010259524891513504
-0.7470937744005445,-0.00761446076236881,7.825960808598366e-35,0.010288715773045774
-0.7386779433935622,0.017497338091244055,3.185034696026586e-05,0.01055023508555464
-0.7720406822966348,0.0793044062307954,1.8948656108241687e-34,0.010380487640611556
-0.7229872870767602,0.04281571053031327,3.7360965264271646e-34,0.010529907150072074
-0.6288503366867471,0.06838274187696694,4.4747564003015803e-35,0.010352761973428623
-0.6788858403061104,0.1186876972397328,6.996746762193003e-35,0.010994856790493193
-0.6161409757265154,0.16899545892448964,2.9177392554363666e-34,0.011191088776381867
-0.7291749337857818,0.1635853941125209,1.0970906066850598e-33,0.011708347865425055
-0.7575397145233091,0.15698217528690708,1.2143833350313446e-06,0.011445242250387186
-0.7859895364059861,0.15023730110833758,6.844756087950088e-34,0.011275427610153993
-0.8305374790733464,0.18483756719287397,5.706725342454034e-06,0.011594021831541951
-0.9287038024647754,0.16257253937136973,1.0322515741307069e-33,0.011569894244777714
-0.8744361200490509,0.10490183848963583,2.1215147654768263e-34,0.01061297125103582
-0.9405702002026712,0.05075423494288245,1.8186643023378364e-34,0.010296800300017271
-0.829887472429795,0.056154103562001983,1.7103023596970796e-34,0.010299866430053652
-0.7971282799680632,0.06691929741434449,2.9267349067408327e-34,0.01035239153785521
-0.819964181324145,0.027955426922966486,2.5186008572721848e-34,0.010940940620203473
-0.7919455255345609,-0.009199503048026761,3.905110305861174e-35,0.01029338549259556
-0.8414371386353448,-0.09923711726053924,9.247676083290435e-35,0.010086971857838597
-0.9074031820949856,-0.07560787167041999,0.0004761672956898664,0.01042512560565864
-0.935170402567386,-0.05807020460914436,0.00020674354002420697,0.010133547963024247
-0.8771591613823299,-0.012376022844471465,1.6777645342802978e-34,0.010131163463961864
-0.9749000944953836,0.01807036290142855,0.00010729413019629445,0.010057774474013136
-1.0352204473834872,-0.04414177938775041,4.887218147472612e-34,0.010493206812578489
-0.9945008878139447,-0.08831936002445438,1.1850419356439546e-34,0.010600654837590689
-1.0222300633012817,-0.07047941328979082,2.3991665480088785e-34,0.010441668332931815
-1.1100171801523546,-0.09532461542874812,9.708578960585745e-35,0.011893594104184418
-1.062717353855223,-0.01986585474714324,2.1467160177365996e-05,0.010815379801921751
-1.088805387420034,0.0536290840540192,9.801042706095524e-34,0.011579937286788328
-1.060670586605569,0.034567701251383254,9.1877977187806e-05,0.010885380702831023
-0.9651271342655607,0.06337895201883978,3.022847417690911e-34,0.010169063259719306
-1.0152740920202339,0.11739211166306063,4.46058278443233e-34,0.01116232686300154
-0.9571599159206181,0.17956742726840574,1.0705201552249443e-32,0.011945232028813268
-1.0719700847490359,0.15397419893617348,6.0895519300506415e-34,0.013211171998825245
-1.052195021717893,0.21147613489649875,6.03533980575958e-33,0.014154861596407262
-1.0166779281834892,0.3092424407107097,1.4745247254368601e-05,0.013689992572337347
-0.9854915930833469,0.2851086817266005,1.8877641279327e-05,0.01318477935631717
-1.0138955286193252,0.24999722580958827,5.8720669898899916e-06,0.013436069626991197
-0.9461837821592523,0.19837133825133219,1.8252697492720553e-06,0.011891650054777018
-0.8860966343004303,0.2568534892521649,5.6006068157239176e-05,0.012275433241002403
-0.8460302793746706,0.22534039125338054,4.033764774209216e-05,0.011773660158991072
-0.829598962380527,0.26146333943334726,7.838180157725557e-05,0.012436282923357201
-0.8299267888232416,0.28169058441015365,9.404548546044154e-05,0.012451660532784231
-0.8500053327264296,0.32145411405926383,0.00012289533904001862,0.012401885326402098
-0.886486589761009,0.29289865486939914,7.712655549316166e-05,0.012465948730180221
-0.9436812999770031,0.3568295025937906,6.877483362892971e-05,0.012901214770059044
-0.8894995518982032,0.4207318845571595,0.0001421120383798213,0.013192894624304268
-0.8536697701607088,0.3915590562338589,0.00016996027898877686,0.012743877209957738
-0.8333235711181177,0.43356773309296315,0.00018706084096622552,0.01324333005132884
-0.8340327455867457,0.45479356124448495,0.00019226033878593418,0.013337033591791978
-0.8493734055138187,0.491346345134683,0.00019150411157225922,0.013400139768910685
-0.8895501872893599,0.45731144284208763,0.00014783532759353346,0.01338248696660357
-0.9476421290405314,0.5215321047130964,4.0511468980507815e-05,0.015432416792111922
-0.9583113388229851,0.3991242158537476,7.147124070780894e-05,0.013076656485642511
-0.8030381887991189,0.7256028598784514,0.00010425625563366736,0.014080372736543246
-0.8254238172857855,0.6271507700256993,0.0001495090476930447,0.013738427410912945
-0.8819325349401064,0.6089541555371443,9.116133549591092e-05,0.014044713644613321
-0.8781203818854633,0.5545991569970536,0.000105718221325875,0.014134748787860023
-0.8381365576785602,0.596174987083864,0.0001404171354772027,0.014175195915947993
-0.7713779933356667,0.5321768341248343,0.0003059783144186836,0.012720607482230391
-0.7160222796911713,0.5923218463912103,0.00036637935598774065,0.013087295305795433
-0.7583559776863863,0.6461324240705981,0.0002516494855688984,0.013238707850475474
-0.7294982249940061,0.707937654915452,0.00021653173471868756,0.013679957221805775
-0.6773556256849755,0.6285753439319807,0.00040062037445817993,0.012708218797991428
-0.6535431013286939,0.6951008959794717,0.000346107686574034,0.012877505058188111
-0.63499197744372,0.5716314862248687,0.0005515597300874986,0.012420980815996277
-0.667608666674947,0.5277142474799577,0.0005299316956359172,0.012265967436884653
-0.6076919475347669,0.554828806971208,0.0006120083026324217,0.012442363924098844
-0.5561453725710707,0.573566785031126,0.0007153739110059286,0.012137025717997144
-0.516131868432979,0.5481878464013001,0.0008616148112896542,0.012187877752581212
-0.4869983568745439,0.6056338015563014,0.0007568938890585582,0.011797650579108693
-0.5335845123044679,0.6387513863510751,0.0006340108598764463,0.011997502534691434
-0.48558598892631544,0.7045331764834245,0.0005493426167751885,0.011928700465181562
-0.587612840799259,0.685590573007478,0.0004532747793164876,0.012608053336592116
-0.6189253588931068,0.6281985559728646,0.0004904521312440177,0.012425789371427076
-0.6032671012457763,0.7496452068671442,0.0003332171757214377,0.012818475949100978
-0.5730260011006186,0.7618548417437807,0.0003515098282828895,0.012737151521062688
-0.522919672036289,0.7288229404208291,0.000464740115017425,0.0121675995102516
-0.5483793039605012,0.7760571097312431,0.00035982274614787394,0.012467702526712324
-0.5036531209921346,0.8391011701561232,0.00028696927156488596,0.012008334529116562
-0.5660472126354967,0.9007230463370206,0.00013520714653145248,0.01324754965423203
-0.6193898722567095,0.8368266061321981,0.00019224427097269429,0.012939216285072965
-0.6462278715705168,0.8606158799122423,0.0001545996561897539,0.013684783982966265
-0.7011709664212065,0.8129949239057097,0.0001229232477861084,0.013810836431414782
-0.6431394204210235,0.7677432985401133,0.0002667082427810088,0.013199765372397615
-0.6902540578447309,0.7365324546453949,0.00023776324214879713,0.013649260400939618
-0.7209042173020336,0.7247298175439675,0.00022629913852245645,0.01347368724082889
-0.7555139965881044,0.8148786606229041,4.50764453748173e-05,0.014982033138101869
-0.6218813486646018,0.9196594351841028,9.128810437334437e-05,0.013178301924734901
-0.5961305198104442,0.9262456853271029,9.553124593994741e-05,0.013376095379125588
-0.5058478831686732,0.9299694807106413,0.00017045453719554058,0.012623069057532051
-0.5593681630380237,1.0021430119854708,1.6542946716352433e-05,0.015182048508552062
-0.572407902751971,1.0107697232176622,1.689104378706182e-05,0.015011619574313653
0.107844534157396,1.308632823026924,0.0,0.014162448741912196
0.3434242098195226,1.2989760508710984,0.0,0.01329786715290313
0.562033579167395,1.2324347078988627,0.0,0.013576720977921933
0.7533704594525653,1.1141827979107342,0.0,0.012944067086077825
0.9102765050106023,0.9517608852120885,0.0,0.012575200545647666
1.0289519843372872,0.7518915691390362,0.0,0.01172781901520325
1.1064025339046613,0.5191493998228894,0.0,0.011738856576579162
1.1381443311123016,0.25960543419745036,0.0,0.011714358111684307
1.1199963898368488,-0.015676921779735658,0.0,0.01309054975484738
1.051114525151798,-0.29209650644442486,0.0,0.012394044177649652
0.934645942748808,-0.5549818201602019,0.0,0.0116109478824214
0.7765346549155427,-0.7917338171952168,0.0,0.013366257256879913
0.5841841995537937,-0.9922129269643698,0.0,0.01569559125721791
0.36581842248926005,-1.1482422089819,0.0,0.01423864740320959
0.1305341615573539,-1.2531437376162937,0.0,0.013390709675635468
-0.1113834658206019,-1.3018641137045917,0.0,0.014197572331894405
-0.3484412290840274,-1.2917965788487842,0.0,0.01518112361137965
-0.5686777429515449,-1.2239093031609307,0.0,0.013941460082859153
-0.7612600084373512,-1.103297625510141,0.0,0.014338641958393399
-0.9183549186416574,-0.9380638891037522,0.0,0.015322566079348964
-1.03581663185484,-0.7362590562566073,0.0,0.012875146306447564
-1.1112379091999205,-0.5035596619089817,0.0,0.011873131173842415
-1.1412225599871877,-0.2456755380493885,0.0,0.01298869594211709
-1.1221017510638462,0.02752684535453794,0.0,0.012805078004014281
-1.0528632066286627,0.30226532746618034,0.0,0.014356333235562166
-0.9363076471364717,0.5640561384074191,0.0,0.015592343866946063
-0.7781732718815721,0.800129394944837,0.0,0.015168981301999892
-0.5858580734221225,1.0000993887327667,0.0,0.015004103700058655
-0.3677173428526901,1.155640078193619,0.0,0.014321339888459225
-0.13301844785734038,1.2600990324037602,0.0,0.011884922484056776
