galaxies.lens.mass.ell_comps.ell_comps_0,galaxies.lens.mass.ell_comps.ell_comps_1,galaxies.lens.mass.einstein_radius,galaxies.lens.shear.gamma_1,galaxies.lens.shear.gamma_2,galaxies.source.pixelization.regularization.inner_coefficient,galaxies.source.pixelization.regularization.outer_coefficient,galaxies.source.pixelization.regularization.signal_scale,galaxies.lens.mass.centre.centre_0,galaxies.lens.mass.centre.centre_1,     log_likelihood,         log_prior,      log_posterior,                weight
                      0.4097118633958523,                    -0.08568380486757682,                0.3043592403240319,       -0.07286432048772123,       0.012628613301825478,                                        0.0003735226679774981,                                           120.52932543714685,                                     0.01863293414566914,              0.011431751338126052,              0.006510793449251851,-1961.2995648567016, 2679.587529363188,  718.2879645064863, 5.864323701034816e-10
                      0.4062568269680193,                    -0.08932737782544553,                0.2989681768082807,       -0.08557860398924552,       0.008654991008741864,                                         0.010375103996629338,                                            89.89356689978139,                                    0.028611468907969683,               0.01015550988560792,               0.00569523973952141,-1961.1291038568984, 98.17219001951828,-1862.9569138373802, 3.166737031336426e-10
                     0.36352511318095854,                    -0.09301264169272708,                0.2874265311102753,       -0.08316329291421398,     -0.0020704773364612996,                                        7.862788081661038e-06,                                            83.54689743823256,                                     0.02886354736989255,              0.007529718768502569,              0.005733807867913433,-1961.8951719572356,127183.59655588683,  125221.7013839296,1.4720170892385688e-10
                     0.41498329334157125,                     -0.0760667409517319,                0.3045630037557715,        -0.0742255498400717,        0.00486765663426478,                                        0.0049327845529160445,                                           100.30741998471916,                                    0.024815278263361506,              0.009704442511902708,             0.0072890099045833144,-1961.8499617560087,205.04790349011967,-1756.8020582658892, 1.540094581353911e-10
                      0.3588803209343464,                     -0.1000682304162043,               0.28616606932896976,       -0.08863428477864524,     -0.0039564532426693555,                                        7.043972987159958e-05,                                           100.01412095562846,                                    0.024518572652337117,              0.006889582258940733,              0.005551704660726637,-1961.6997204475751,14198.498836672932, 12236.799116225357,1.7897664552924068e-10
                       0.415799741254826,                    -0.08989779415640575,                0.3049542337471126,       -0.08347771304857879,       0.006583993536859983,                                       3.6600819989330385e-05,                                            90.81854344399142,                                    0.028884120606880097,               0.00982877006449269,              0.006779027644843418,-1962.2425556655312,27323.623513990537, 25361.380958325004,1.0400303771041743e-10
                      0.4182211645322503,                    -0.07772587406765719,                0.3065599656304537,        -0.0762786434480389,       0.004255307838827723,                                         0.002054774856571033,                                            95.89313090455164,                                    0.027757450526111005,              0.009519529556334007,             0.0072679728297866605,   -1962.0250667665,488.86967888143397, -1473.155387885066, 1.292707453993606e-10
                     0.38507963555370506,                    -0.07587759223946082,               0.28986173786608627,       -0.07510322192339869,      0.0059046222731152865,                                            0.015367802708713,                                           101.93184841878643,                                    0.025031459846899945,              0.009318109158585774,              0.005567604380526659,-1961.6690243914968, 67.57983676837058,-1894.0891876231262,1.8455571228502376e-10
                      0.3655420390192396,                    -0.09969302109173042,               0.28889281290022795,       -0.08669966594938462,      -0.002522869724188262,                                       0.00021284966471157358,                                           111.15386081297649,                                     0.02145990684274466,             0.0070475924940213795,              0.005676333047346896,-1959.7259481124452, 4700.178454763642, 2740.4525066511965,1.2882341202865237e-09
                     0.40434216587592736,                    -0.09606518862813763,               0.30323342489845645,       -0.08671420083450988,      0.0030318302053471825,                                       0.00011877621110083058,                                           122.15798037499412,                                    0.019949008130369813,               0.00846686841705519,              0.007654269057587035,-1961.4769661215291, 8420.940307082512,  6459.463340960983,2.2363374606471984e-10
                     0.40355368575010747,                     -0.0880461664158274,                0.2948703551703161,       -0.08487017022647315,       0.011667976158950209,                                         0.022166686705317958,                                            64.94275542533875,                                     0.03726540926304037,               0.01110407296824817,             0.0049306248784571184,-1960.5266976363396,46.949501534222364,-1913.5771961021171, 5.784072102728496e-10
                      0.4085138017702151,                    -0.07704941682167048,                 0.304159815604207,       -0.07703573521985523,      0.0022518096659959463,                                       5.8271663898414974e-05,                                            132.8916177144118,                                    0.020503879676523864,              0.008981737606799814,              0.007758817793552667,  -1961.88257076303,17163.242620761954, 15201.360049998924,1.4906836257757186e-10
                     0.41857422579775944,                    -0.08542133370540622,                0.3066054659913671,       -0.08014369320374559,       0.006333220686877772,                                       5.8261051788568466e-05,                                           117.10480224001259,                                     0.02109433235871208,               0.00958722494739101,              0.007176051714622874,-1961.6422038963842,17166.110754316505,  15204.46855042012, 1.895725643615067e-10
                     0.38160021996508825,                    -0.09180525623990309,                0.2908977386674929,       -0.08598098917660259,      0.0065234709521869065,                                        7.050481457455092e-06,                                           106.09637818641106,                                    0.023300434619874175,              0.009441026821001487,              0.006698769677702574,-1961.6461956865792,141836.24707487226,  139874.6008791857,1.8881733881166545e-10
                     0.39168848078030244,                    -0.07743260320650301,               0.29040640171664983,       -0.07428600903325898,       0.012838768470544847,                                        4.577215209351863e-06,                                            89.91772803523936,                                     0.02777906543353408,              0.011738283083327741,             0.0048886424866945695, -1962.060560985919,218475.91368540892,   216513.853124423,1.2476285645549684e-10
                     0.41045054915033363,                    -0.08143766835563725,               0.30306817334179176,       -0.07890584112031779,      0.0040447915727151035,                                         0.015594193501952014,                                           112.08942005825313,                                    0.022502071154755058,              0.009449604851702117,              0.007072436258843708,-1961.5102825090985, 66.25335734973419,-1895.2569251593643,2.1630582524130576e-10
                     0.36231354545054156,                    -0.09593888077431158,               0.28684788784547177,       -0.08483646181978338,     -0.0030509299380178157,                                       0.00017490053573558583,                                            121.9349345217624,                                    0.019622310726743863,              0.007152473851866219,              0.005531187395289072,  -1957.55595513871, 5719.690791766318, 3762.1348366276084, 3.836423816797554e-09
                     0.39386970730800375,                    -0.07798558958524118,                0.2916428541159134,       -0.07675578247924453,        0.00922110273834607,                                          0.04576060355638821,                                             92.4748542619847,                                    0.027697561398349828,              0.010078312522804334,             0.0050023993323579895,-1960.0724760595026,24.199413197531683, -1935.873062861971, 3.097529341653251e-10
                       0.390331960999697,                    -0.07939812860071663,                0.2910649955969024,        -0.0778535080630392,       0.008103544200792482,                                       4.1357760684387954e-05,                                           119.32341956344463,                                    0.021850060987457363,              0.010166516294995185,               0.00545174996409392,-1959.0970944550068,24181.582461063634, 22222.485366608627, 8.215202585807712e-10
                      0.4118200688164323,                    -0.08186729864755846,               0.30154265555675097,       -0.08020747842364676,       0.007680033727358466,                                         0.009126946696384069,                                            79.42858314352154,                                    0.033005677265465314,              0.010496231823501623,              0.006246796669162971,-1957.2563851058626,111.60837982719792,-1845.6480052786646, 5.176404316320092e-09
                      0.4100858520237446,                    -0.08334209378021017,                0.3035525995246672,       -0.07969476194612284,       0.005059247065655477,                                         0.009463208818472893,                                             99.5922346330232,                                     0.02552839487869416,              0.009409441522737294,              0.007079138098799235,-1960.1647328923887,107.75818193524165, -1852.406550957147, 2.824546933682225e-10
                      0.4093464390335825,                    -0.09251925976071951,                 0.298846259278986,       -0.08610964715896792,       0.012253111974654838,                                         0.004470001788296553,                                           107.19346467842385,                                    0.023769318385678327,              0.010814905240968996,               0.00532214777596136,-1960.1552852031841, 225.4186974154689,-1734.7365877877153, 2.851358831059055e-10
                     0.39884867962055176,                      -0.087905981352901,               0.29794934521178823,       -0.08617461949914265,       0.003583777536199579,                                         0.001094501400730284,                                           117.52883080334709,                                     0.02411933884319919,              0.008815457238790328,              0.006382470883825624,-1957.4111658773595, 915.4884104358182,-1041.9227554415413,4.4341232009333275e-09
                     0.38891803887736304,                     -0.0976588519186103,               0.29627316806311516,       -0.09031640352303746,       0.004160997600345046,                                        0.0021912473216153684,                                           114.26927848105714,                                    0.021150586387003723,               0.00867334002269656,              0.007183170528203809,-1955.9509948399823,458.02293459682693,-1497.9280602431554, 1.909642096936697e-08
                      0.3688709967617839,                    -0.09399834589663869,                0.2888812263916529,       -0.08209160752108208,     -0.0010015659812313425,                                        1.715129867245345e-06,                                            102.8460917610014,                                    0.025941590367214117,              0.007893387970368915,              0.006262778672384859, -1954.304983765715, 583048.4911781814,  581094.1861944157, 9.903883123806671e-08
                      0.4148590666411616,                      -0.073020157730657,               0.30444699939557707,       -0.07358914194261473,       0.005753660368129255,                                         0.005003153666814738,                                            90.77784772797249,                                    0.028436212597390757,               0.01012576878693507,              0.007129619150787601, -1957.301202086453,202.23080089189412,-1755.0704011945588, 4.949535269484596e-09
                      0.4098300173180355,                    -0.08180922733402225,                0.3044868017839924,       -0.07810760487178235,      0.0030107604752365943,                                          0.00408789025952331,                                           117.54140423615652,                                     0.02319148918349015,              0.009196000537484744,              0.007692761287834271,-1959.9761392856194,246.79823402468622,-1713.1779052609331,3.4107819677020937e-10
                      0.3902898736048455,                     -0.0821684047389417,                0.2905979357352181,       -0.08100552219846101,        0.00857065473311469,                                       0.00018513866643551168,                                           126.13097409040763,                                    0.019691340936297652,              0.010310616356305514,             0.0054499830651002935, -1961.132666705736, 5403.517590961149,  3442.384924255413,1.0729524642376609e-10
                     0.40841814024354484,                    -0.08466732021881715,               0.30542620815986804,       -0.08090046484481703,      0.0006144013556368277,                                        4.002118864067374e-05,                                           116.84389600319228,                                    0.023103203595470825,                 0.008328435384142,              0.007819508310153107,  -1961.12298855989,24988.805434207778, 23027.682445647886, 1.083387067028611e-10
                      0.3913245694148735,                    -0.08799462591519473,               0.29253210157620657,       -0.08405844389788113,       0.007771117044867108,                                        0.0009756418710677728,                                           102.12177290754033,                                    0.023434725809311333,              0.009937015490158487,              0.005957859104649051, -1958.674505741798,1026.9573601296963, -931.7171456121016,1.2535631695423226e-09
                      0.4039292891005719,                    -0.09007826959382041,               0.30032607039223197,       -0.08672617509946867,         0.0039909008982581,                                        0.0002590894420829139,                                             113.543235121363,                                    0.022090931078979283,              0.009134828312000857,              0.006309178570263991,-1959.3191655836267,3861.4277444339336,  1902.108578850307, 6.579213985040515e-10
                      0.4033148442587857,                    -0.09421036413124169,                0.3009617769605857,       -0.08722551114714197,       0.004872024462347599,                                        0.0009650335904421972,                                            89.72833393126278,                                    0.026886456351074894,               0.00907903818378624,              0.006916612696393935, -1957.806370644406,1037.9616623635436, -919.8447082808623, 2.986568678574952e-09
                      0.4126368631201619,                    -0.09232696234330776,               0.30401474609468593,       -0.08531870760037383,       0.006607800743504039,                                        3.836191940422152e-05,                                            77.54497001590687,                                     0.03369554389638539,              0.009595006710984661,               0.00681551859627276,-1958.6092228971634,26069.273995567764,   24110.6647726706, 1.338129678291732e-09
                     0.40493283388926643,                    -0.07748663692951295,                 0.299501302496611,       -0.07775250085456047,       0.005882570338613841,                                       0.00036569970406998844,                                           102.78219914279191,                                    0.025520369424436046,                0.0101628754294079,              0.006543271902768872,-1960.5535394342755,2736.7145158114135,   776.160976377138,1.9146626254112872e-10
                      0.3999821216540827,                    -0.09709867195577247,                0.2985381654445497,       -0.09001835524189387,       0.006422606269034391,                                        0.0006392022609424742,                                            99.17100882938996,                                    0.024910657354656057,              0.009172518581150901,              0.006347398892676651,-1956.8383283856733,1566.0369269875712,-390.80140139810214,  7.86299351295577e-09
                      0.3957573147428784,                    -0.09439223171755708,                 0.293516628972973,       -0.08893105953163083,       0.009133632390002835,                                        2.458500473282265e-06,                                             90.9045243015493,                                     0.02856136967874961,              0.010290794749503274,             0.0055285409952420825,-1958.5573834794955,406753.68246375176, 404795.12508027226,1.4093270122595035e-09
                     0.41664019050311835,                    -0.08487752517782807,               0.30595384009065535,       -0.08082971058104779,      0.0055914562714251236,                                        0.0037488998243584773,                                           111.08340286247993,                                    0.022614660056285544,              0.009556084046576643,              0.006791537363037084,-1960.5067813292885,268.71465135930373,-1691.7921299699847,2.0063146614420598e-10
                      0.4045469774113604,                    -0.08595555477243139,               0.30032775858516986,       -0.08322358603787701,       0.005169208965654197,                                        6.747293468251042e-05,                                            125.1925474465965,                                    0.019493895345363235,              0.009512581906236767,               0.00658792768011715, -1957.510482138356,14822.700417980263, 12865.189935841907, 4.014904797122396e-09
                      0.4062328902795783,                    -0.09335458264603225,                0.3012487567542276,       -0.08736871818389419,       0.005720956551691177,                                        0.0003994560069698733,                                            78.89578273767414,                                    0.031186556677965858,              0.009384523174710686,               0.00655989270957478,-1957.0234323226155,2505.1022160067723,  548.0787836841569, 6.534288403267493e-09
                      0.4115182496476924,                    -0.09135227743208539,               0.30397412236379306,       -0.08756729639656267,       0.004341266347435014,                                        4.212968379119809e-05,                                           105.76597587989905,                                     0.02423761274320776,               0.00901393888942641,               0.00657060652558084,-1960.0148361214074, 23737.88074272626, 21777.865906604853, 3.281316603168312e-10
                     0.40390412379957547,                    -0.08979630487865545,                0.2962820261550751,       -0.08587365313215947,       0.010731709114419317,                                       1.2213491702960806e-05,                                            90.37277496584632,                                     0.02779136875292198,              0.010637906337095394,              0.005192635219048138,-1958.7614378768753, 81878.44563994856,  79919.68420207169,1.1491906325357461e-09
                     0.41885074684465795,                    -0.08344500557344833,                 0.306135952336349,       -0.08022608084139334,       0.006597600903294924,                                        4.284481399660259e-06,                                           109.40654328665708,                                    0.025161124599532392,              0.009813576089242501,               0.00678523165885995, -1958.837505191244,233402.45797893673, 231443.62047374548,  1.06501680931329e-09
                      0.4103289069050631,                    -0.08018726760149011,               0.30318516278636454,       -0.07782085100480447,        0.00498776104711334,                                        5.867662028448039e-06,                                           125.16311017365935,                                     0.02203256422809019,               0.00951986802477173,              0.007064776364032733,-1960.6545286314335, 170427.8100683783,  168467.1555397469,1.7307454908103003e-10
                      0.3570744624516899,                     -0.0950740480849956,                 0.285833547862564,       -0.08348313295632069,       -0.00508823399190598,                                       2.2103211714613965e-05,                                           127.12217727023658,                                    0.018192005146158246,              0.006590860638609872,              0.005902223736782935,-1956.9584079968522,45244.553122702106,  43287.59471470525,6.9732944661230325e-09
                      0.4116248418829516,                    -0.07905037548789405,                0.3036083541255484,       -0.07661773276832802,       0.004699713123511636,                                         0.014005797528507122,                                           112.65643985019707,                                    0.022952543705824877,              0.009711759578449289,              0.007293034444477717,-1958.3082631548727, 73.63118721968799,-1884.6770759351848,1.8080205332667244e-09
                     0.39191478615142455,                    -0.08650631647009756,               0.29297829758700705,       -0.08304859577535194,       0.006891323355437266,                                        0.0003484482265142294,                                            120.3481872781149,                                    0.023627656239182053,              0.009622730400402402,              0.005939207486109814,-1958.4851963281276,2871.9099179281307,  913.4247216000031,1.5148242801670944e-09
                      0.4070956828521794,                    -0.08001231192727808,               0.30091442287753284,       -0.07819966456825787,       0.006280188242557463,                                         4.99506305480732e-05,                                           112.52492623671704,                                     0.02374129899272779,               0.01011060790564701,             0.0069101247114293765,-1958.9658714633665,20021.953140114318,  18062.98726865095, 9.367154829116648e-10
                     0.39255684140292924,                    -0.08931937431536495,                0.2923221220032207,       -0.08571156165891097,       0.007298080134485626,                                         0.008250188313139955,                                           112.95533330526276,                                     0.02279887479752266,              0.009781411669816345,              0.004811317197946571,-1958.0630371817147,123.09909628926583,-1834.9639408924488,2.3104876172104352e-09
                      0.4028168679228113,                    -0.09243073914365503,                0.2993785058550052,       -0.08828363555793405,       0.006832675961649537,                                        0.0014376090909280176,                                           120.08112054749634,                                    0.023392389319202952,              0.009485165574773231,              0.006195277034952335, -1958.969556051587, 697.2665260992441, -1261.703029952343, 9.332704227889125e-10
                      0.4003343934255693,                    -0.10042194066587197,                0.2993116110021431,       -0.09313814999287345,       0.005543842418661039,                                        0.0003640415094637655,                                            90.97579904999583,                                    0.026355194157109806,              0.008845986944813195,              0.006337931076985225,-1960.4299925521032,2748.3415460765245,  787.9115535244214,2.1664466015603487e-10
                      0.4153377652201313,                    -0.08132623643292979,               0.30573867153519474,       -0.07896987071409789,       0.005155453825601756,                                        0.0024822200111725683,                                           125.61717027820524,                                     0.02105287744368832,              0.009546132982043638,              0.007099563572453737,-1959.4307694274844, 404.9455499511744,  -1554.48521947631,  5.88443917722571e-10
                     0.39404337154813146,                    -0.08947114415902546,               0.29406934480701097,       -0.08682818972280278,       0.006243191156059925,                                       1.8981818046384437e-05,                                           111.36455478756208,                                     0.02425224870817122,              0.009373290187484729,             0.0055139285713090725,-1960.9587550242927, 52683.81490885186,  50722.85615382757,1.2767602853214506e-10
                      0.4073231606449436,                    -0.07849377872824131,                0.3024878975604118,       -0.07811457039313507,      0.0032198048977334706,                                        9.911941314642566e-05,                                           101.54202725161113,                                     0.02625424326566264,              0.009431037687496268,              0.007175085192026096,-1957.7178486209255,10091.039690265683,  8133.321841644758, 3.263000440951801e-09
                       0.406876670848386,                    -0.09467136764033705,                0.3054488262052617,       -0.07774079469601627,       0.009894585437914761,                                        0.0001880044535470065,                                           129.70975893711676,                                    0.017400022058322508,              0.010542750734590817,              0.007028183893802793,-1954.2885586252273, 5321.190273312157, 3366.9017146869296,1.0067899100812939e-07
                     0.41017758863650755,                    -0.07819961098717798,               0.29996575749343424,        -0.0781063777077322,       0.007029645047852481,                                         0.023647025546938163,                                           101.77299474038573,                                     0.02517353236957821,              0.010303075220837668,              0.006041479316803443,-1960.6193106423602, 44.45332793709343,-1916.1659827052667,1.7927849061267776e-10
                      0.3896880136962003,                    -0.08069543482727409,                0.2910403546572897,       -0.07876276933561896,        0.00838340300795763,                                         0.008729967392880018,                                           117.54832705225544,                                     0.02241126524949541,              0.010234773470146612,              0.005570418882820896,-1960.6134927791377,116.82923420667369, -1843.784258572464,1.8032454830957092e-10
                      0.4028222065662801,                    -0.08538952403422612,                0.2991212538407762,       -0.08242568577987587,      0.0063859003830246935,                                        0.0007171502303008354,                                           120.98999945306004,                                    0.022735321770884734,              0.009535276285242212,               0.00662359595724081, -1959.094590719686,1396.4030126485104, -562.6915780711756, 8.235797049473317e-10
                     0.41385745618340664,                    -0.07919645799279286,                0.3046938201845735,       -0.07756194631670138,        0.00498524028072158,                                       0.00013927615462294831,                                            135.9618055238777,                                    0.018409036800007075,              0.009409676744632734,              0.007019138251575988,-1960.3157265799396, 7182.143900366051,  5221.828173786111, 2.428695511649965e-10
                     0.40806549216476584,                    -0.07286584577491238,               0.30085204211525807,       -0.07507544787961383,       0.004110946426903083,                                        7.384337842225132e-05,                                           126.57481019648539,                                    0.020686627596912227,               0.00966531312365608,                0.0066661643903277,-1959.5210960872214, 13544.51773703803, 11584.996640950809, 5.376215991726363e-10
                     0.41384042848429686,                    -0.07743148450822449,                0.3037061481937774,       -0.07848117820169842,       0.005861062580283381,                                        0.0001146270111705869,                                           121.97562754324842,                                    0.022431711216362612,              0.009992554935164615,              0.006835576729270976,-1959.9308495135679, 8726.068866224703,  6766.138016711135, 3.568806952984966e-10
                       0.391416916573471,                    -0.09029589789269642,                0.2900926202104933,       -0.08805729928765953,        0.01114062553405595,                                         0.015550946414253855,                                           108.25434811164602,                                      0.0221186595537647,                0.0109243446416311,             0.0047191055053839226,-1959.8408577535552,  66.0570243255356,-1893.7838334280195, 3.904864615297128e-10
                     0.39949532418580197,                    -0.09224070929651625,                0.2939128727715471,       -0.08788173207965301,       0.011994687399691869,                                         0.006013952668007963,                                           124.61704165162871,                                    0.018761673400733966,              0.010968511062445327,              0.004924120650632329,  -1958.91391864564,167.96849171749412, -1790.945426928146, 9.866668130541408e-10
                      0.4088091605749096,                    -0.09215692373972031,                0.3029641382445764,       -0.08785795024651663,       0.004316381612419296,                                        0.0022634627040424527,                                           134.30128499926835,                                    0.018851263366172474,              0.008834990009451323,              0.006480514590274447,-1960.5706781791619,443.45022493642364,-1517.1204532427382,1.8821273147228251e-10
                     0.35286754756572475,                    -0.09737170177882182,               0.28392328557610014,       -0.08548502141198241,     -0.0050166953622116225,                                        9.189870475713815e-06,                                            92.14363702831189,                                     0.02705432108190469,              0.006724504934676724,              0.005589606930219265, -1959.858974120954,108817.64335494103, 106857.78438082007,3.8347595948157437e-10
                      0.3987795828660175,                     -0.0916979376878836,               0.29515653440352946,       -0.08748626308037602,       0.007529278975381332,                                         2.68818379008054e-06,                                            93.69781001229065,                                      0.0267539912308235,              0.009907154347648937,              0.005279129487330594,-1957.7233216550262,372000.11738803796, 370042.39406638296,3.2451907093580343e-09
                      0.4042539073422618,                     -0.0835302376581287,               0.29978679051018325,       -0.08289647011950123,       0.004662795718022794,                                        0.0026751041660440836,                                           100.13367669604499,                                     0.02672519153976472,              0.009161758567436928,              0.006463083740662651,-1958.6018662955807, 375.7854787572686, -1582.816387538312, 1.348010063669994e-09
                     0.41489256307888495,                    -0.08949593236177004,               0.30574386845707074,       -0.08499816220402055,       0.004380279773329475,                                        0.0034733643164559665,                                            116.4553848615785,                                     0.02184190020258105,              0.009216566492107092,             0.0069039000900645965,-1958.5028531997264, 289.6678049362369,-1668.8350482634894,1.4883119733535278e-09
                     0.39737442059418704,                    -0.08690001395093282,                0.2976943982189853,       -0.08462994648547106,       0.004343368979070895,                                        0.0002512641486324901,                                           117.18238270694502,                                     0.02252942799455047,              0.009076383641134644,              0.006590859477260004,-1961.1989982477849, 3981.801155753664,  2020.602157505879,1.0040909641241636e-10
                      0.3967534858627667,                    -0.09269442546799436,                0.2946709462931858,        -0.0872348422940954,       0.010213732889049872,                                       1.2333982817236985e-06,                                            96.67573769417623,                                    0.026870996493647478,              0.010303562410502017,              0.005600627034159477,-1959.5422161604506, 810769.8729753017,  808810.3307591412, 5.263860570035705e-10
                      0.4059880036625635,                    -0.08979813902552568,               0.30387129529348966,        -0.0843238998018277,       0.002918288497636389,                                       1.7892562504384123e-05,                                            95.19818664356012,                                     0.02791792414306385,               0.00866600132440856,              0.007625391207206198,-1960.0666134305043, 55891.01908802341,   53930.9524745929,3.1157423428636485e-10
                     0.40031291914651296,                    -0.08538473046377797,                0.2955774738232896,       -0.08149829974793164,       0.009844704882359747,                                        4.959540635772622e-05,                                           111.78480220256264,                                    0.023711891780391306,              0.010678169595296064,              0.005798257726393957,-1958.5971823725808, 20165.20587255999, 18206.608690187408,1.3543388492127312e-09
                     0.39581309216914584,                    -0.08473380671425546,               0.29315421982118733,        -0.0823456671751483,        0.00974468915069416,                                       1.4290330893412117e-05,                                            91.17769818900081,                                     0.02888285952764583,              0.010220398207647438,              0.005517679198051245,-1960.8484341253993, 69979.42726969198,  68018.57883556659, 1.425676932489663e-10
                     0.39692981916471454,                    -0.09474618824552508,                 0.295726276354626,       -0.08983271462592475,        0.00822761385356763,                                        0.0008496719249826204,                                           123.47457771441319,                                    0.021329179973830624,              0.009893295455661495,              0.005380680287490606,-1958.2101971318348,1178.5408852122964, -779.6693119195384, 1.994311029031488e-09
                     0.39944062556227955,                    -0.08415331918085744,               0.29450513436588094,       -0.08266770702173486,         0.0094347309263764,                                         0.009955728677831944,                                            108.1450275105504,                                    0.024527466699121408,              0.010810448536871029,              0.005361716187171102,-1958.5300198873024,102.44417057214962,-1856.0858493151527, 1.448423735794183e-09
                     0.40559857827428814,                    -0.08153302487495515,               0.30282243883722293,       -0.07824749470411681,        0.00198793426314638,                                          0.00161520487337876,                                            127.1905896838569,                                    0.020890259502404526,              0.008845914539473506,              0.007589343917981298,-1959.5049992379313, 621.3168411238103, -1338.188158114121, 5.463456394383113e-10
                     0.41457689292817956,                    -0.08918056385007897,                0.3034258687818326,       -0.08308083605232983,        0.00752948613462076,                                       0.00016089027229847328,                                            93.79359471324531,                                    0.027191563483512107,              0.009947253967456333,              0.006094392105910793,-1959.6785435797478, 6217.273573071577,  4257.595029491829,4.5930178281136566e-10
                     0.40727186239924856,                    -0.09909242339049178,               0.30457925266253244,       -0.09081147876131533,       0.002977947346533344,                                        6.559282447294208e-06,                                           110.98778538416445,                                    0.023564044617792455,              0.008311986325756268,              0.007459964735828953,-1958.2446772497337,152457.18965503448, 150498.94497778476,1.9267189376952614e-09
                      0.4017012470626597,                    -0.09421298882389201,               0.29698938136301356,       -0.08734007654590066,       0.008962725693853004,                                        3.358816943503786e-05,                                           108.99132921830544,                                    0.023093824016000856,               0.01016227277784687,              0.005930412708559735,-1959.2352519685314, 29774.10448034711,  27814.86922837858, 7.155125107182862e-10
                       0.413699069655919,                    -0.09338350179904169,                0.3042235608855565,       -0.08750753761690837,       0.005755195757657118,                                        8.770584064221121e-06,                                           118.63613952426304,                                    0.022983651768329078,              0.009288243535551834,              0.006452594348837267, -1958.221019020772,114019.11670547996, 112060.89568645919,1.9728451765987643e-09
                     0.39965560308196757,                    -0.09065128154666095,               0.29467812146275035,       -0.08664351761020975,       0.010463767939918742,                                       1.2269047660879097e-06,                                           112.64315746781145,                                    0.023617852851007717,              0.010883331924910235,             0.0053943529552193175, -1959.397774238099, 815060.9558757663,  813101.5581015282, 6.081836027315185e-10
                     0.39476453989533183,                    -0.09311563475445438,                0.2932071874688961,       -0.08889715296155914,       0.008917996482473938,                                        0.0022313671402494936,                                            89.78084536605535,                                     0.02780429314878275,              0.010147100944753044,              0.004903763538920112,-1959.4988620839654,449.84336895436036, -1509.655493129605,  5.49708956787858e-10
                     0.39952130905521216,                    -0.09519709392798335,                0.2977353429328586,       -0.08813986133219064,       0.006083658698132552,                                       1.0872477007992753e-06,                                           114.18477635620873,                                    0.022861903452933638,              0.009429454230766922,               0.00648665840833379, -1960.691458992586, 919755.3120847911,  917794.6206257986,1.6679942790118786e-10
                      0.3997180214992793,                    -0.08912710690858626,               0.29369165826598587,       -0.08473076558342107,       0.010548025788182923,                                        9.668762907052374e-05,                                            99.28482109066115,                                     0.02636987976958086,              0.010845892010491267,             0.0048479711764977135,-1958.9427686048489,10344.458613154002,  8385.515844549152, 9.586082066876462e-10
                      0.4129683124984035,                    -0.07755176510107832,                0.3038531972542541,       -0.07552949889903036,       0.004401229645932208,                                        0.0006450000682668548,                                            98.19938294814774,                                     0.02672494613474943,              0.009709563346870927,              0.007088298268732651,-1958.1114864910228,1552.6642915535933,-405.44719493742946,2.2012145641719803e-09
                      0.4130380182942649,                    -0.07583765783427242,                0.3018785484370027,       -0.07581098145769202,       0.007694344495522551,                                         0.050030169828446366,                                            77.28818684134919,                                    0.033986673461115016,              0.010682051271928937,              0.006340672915208802,-1960.9656019276022,22.245779659350042, -1938.719822268252,1.2680482902274233e-10
                      0.4065972297243063,                    -0.07747839462679348,               0.30210153733086853,       -0.07695832048496103,      0.0027050191431688096,                                       1.1750648595225758e-05,                                           127.08397811923983,                                     0.02006906181533611,              0.009246010120492214,             0.0071609322320678875,-1959.5287508093356, 85103.94575692495,  83144.41700611562, 5.335219660226926e-10
                     0.41582317371442795,                    -0.09303573773452162,                0.3056613524186608,        -0.0863382754010941,      0.0046589945780183255,                                         0.005504624317461056,                                           120.32529954826262,                                     0.02101062449738866,              0.009079669757484364,              0.006665944246618595,-1959.5931338802525, 183.3399636896991,-1776.2531701905534, 5.002546017905852e-10
                       0.399444637331556,                    -0.09589221345362167,               0.29615002964255016,        -0.0902590354754135,       0.008131362929514524,                                        1.983444463061487e-06,                                           121.35856485553069,                                     0.02078023962823664,              0.009723489055064725,               0.00560633401268977,-1958.5166039533392, 504175.0015003871,  502216.4848964338,1.4679866267894175e-09
                      0.4084111339604352,                    -0.09074359720060028,                0.2975624801759626,       -0.08500752721871438,        0.01225055019418568,                                         0.008560490757287235,                                           114.18310847924421,                                    0.021433184607009353,               0.01102833720093476,              0.004924010207619244,-1958.4247624927098,118.59014110695396,-1839.8346213857558,1.6091937561073988e-09
                      0.3939170472282151,                    -0.08478542627660952,                0.2921783442545238,       -0.08213832967165205,       0.007409907263304382,                                        0.0034784963811317795,                                           108.09920930816276,                                    0.022791891429706657,              0.010009459262390275,              0.004949611598558043,-1957.6860298784864, 289.5559907805221,-1668.1300390979643,3.3684944546741826e-09
                      0.4128973720419618,                    -0.08632507931661895,                0.3049098453662347,       -0.08181847566845589,      0.0044993214736477535,                                         0.006636992088407817,                                            127.7178854243457,                                    0.018988825981205642,              0.009325549804953853,              0.007004550541043234, -1959.375307036123, 152.6203394770001, -1806.754967559123, 6.220024406042888e-10
                      0.4162129985416593,                    -0.07903346600401961,                0.3060341935131191,       -0.07741357367486229,      0.0042767300841086145,                                        0.0004889964289086821,                                             88.6168269509352,                                    0.029349475706624578,              0.009666904881341342,              0.007162791146187166,-1957.6824375386263,2047.1641414920455,  89.48170395341913,3.3806169926734666e-09
                      0.4131530690816904,                    -0.08119391316377766,                0.3046213912910479,       -0.07908877579822006,      0.0045945113750009295,                                         0.001722313182142025,                                            81.71385049549959,                                    0.032366677930209864,              0.009629920144772203,              0.007090067242457265,-1961.0976391398895, 582.7133669753912,-1378.3842721644983,1.1112013493533724e-10
                      0.3969483924131091,                    -0.08683915585346434,                0.2948184317992386,       -0.08254296732543626,       0.008750891178940177,                                       3.2236061999787403e-06,                                            92.28327302823111,                                    0.027049034026465836,              0.010293286175410218,               0.00598301614782299,-1960.7426597808976, 310213.6142001588,  308252.8715403779,1.5847411564665227e-10
                     0.40575345603327617,                     -0.0951216765172866,                0.2999256046333806,       -0.08760224325386812,       0.007847147394545829,                                       2.8800839080009855e-05,                                           108.07448407707327,                                     0.02352295918272128,              0.009784738077198558,              0.006289020093809799,-1960.1896009636525, 34722.88444652742, 32762.694845563772, 2.755172083804218e-10
                       0.399202314780452,                    -0.08532808608550312,                0.2938972087816518,        -0.0819306526430369,        0.01117528659167589,                                        0.0006642588511338028,                                           123.95277880077589,                                    0.021925268844811743,              0.011005123280121638,              0.005254527977077275,-1960.5510244698776,1507.4627688300982, -453.0882556397794,1.9194839939921857e-10
                      0.3915823644574417,                    -0.07973771100945186,                0.2908335765869589,        -0.0790729591842031,       0.008422191182595221,                                         0.007205166238799291,                                             89.0019346996878,                                     0.02816899277263187,               0.01033906270126724,               0.00517130130258916,-1960.8048824758139,141.04426919692295, -1819.760613278891,1.4891394322470159e-10
                       0.406071747500113,                    -0.09584727796774431,               0.30239541446608176,       -0.08807790722475878,        0.00482281963669871,                                        0.0010134102054733397,                                           104.75923211507725,                                     0.02441093239289091,              0.008849162861306423,              0.006962675650581129,-1956.3474108159076, 988.4215969470106,  -967.925813868897, 4.869819581533875e-09
                     0.41525873209665326,                    -0.08113326638219398,               0.30404132802133843,        -0.0785851168588779,       0.006892016603472424,                                        0.0004054715282686755,                                           118.46450815745011,                                     0.02214880693890058,              0.010294340258491446,             0.0067722294077389965,-1956.5026362865633, 2468.360691292643, 511.85805500607967, 4.169647162158433e-09
                       0.396559224753217,                    -0.08797890685740198,               0.29375657758411783,       -0.08455885450166159,       0.009511126378841715,                                       2.3823694416740258e-05,                                           108.60712321516223,                                    0.023995566484292748,              0.010074677990718109,              0.005432212485014721,-1956.3031838832862, 41976.93131409574, 40020.628130212455,5.0900304971020614e-09
                     0.40732847415558593,                    -0.08196834895458538,               0.30059558705457545,       -0.08018368830487933,        0.00555394248288166,                                          0.01233160729621057,                                           115.29328310028548,                                    0.022168445580406503,              0.009932498543105012,              0.006384335921998065, -1958.258610444636, 83.17543097078334,-1875.0831794738526, 7.202602029785001e-10
                       0.413847742932203,                    -0.08306302847209682,               0.30476647544848684,         -0.079452323833596,      0.0044922826903537735,                                       3.3548896910733275e-06,                                            153.1074799347933,                                    0.015503209594127158,              0.009394526766230558,               0.00712190540613881, -1956.481226399777, 298074.4593881002,  296117.9781617004, 4.259881340820778e-09
                     0.39615890188860503,                    -0.09103908153094997,                0.2946450413120167,       -0.08643142005400031,       0.008271468473882573,                                       2.9907634884587513e-05,                                           121.61136145214907,                                    0.019596608249045036,              0.010207860890033971,              0.005874411348121108,-1953.7350366759724, 33438.09669512736, 31484.361658451387, 6.638233815311734e-08
                      0.4163978485439343,                    -0.09669922352163524,                 0.304113373406521,       -0.08681235749975341,       0.009509520830981976,                                        1.601685972933125e-05,                                           102.10811887547526,                                    0.025215474915973663,               0.01026404526905881,              0.006353179609629391,-1957.9257784541837, 62435.83206269648,  60477.90628424229,1.0047002629631537e-09
                     0.41682513512883745,                    -0.08591915458598483,                0.3062310008130661,       -0.08137139125714928,       0.005620849060792307,                                        1.259594156177325e-06,                                           123.95805460643645,                                     0.02295959581465409,              0.009338532844118515,              0.007219317427391543,-1960.1603974363265, 793908.4478951133,  791948.2874976769,1.0753598632473518e-10
                      0.3958060125924788,                    -0.08589597775462336,                0.2930349702974509,       -0.08362641323741331,       0.009655184546656545,                                        6.716044606787566e-06,                                             98.5444913805349,                                     0.02671060486081471,               0.01022685016509984,             0.0053045671853905844,-1957.0465097582796,148899.13700406087,  146942.0904943026,2.4204608287012655e-09
                      0.4162794668821733,                    -0.08287811091562468,               0.30605866776377133,       -0.07961361308764246,       0.004946551256991708,                                        4.610974297971512e-06,                                           115.71677286373799,                                    0.023537002143655263,               0.00958830275873839,              0.007291080982937504,-1954.8260300154448, 216875.9448717189, 214921.11884170346,2.2296677803762346e-08
                      0.4124872710448778,                    -0.09474662275411123,                0.3036422679037351,       -0.08722181685547435,       0.006888021473285324,                                        8.221167615233321e-05,                                           135.19663279401465,                                    0.017478482315696188,              0.009477881200651647,             0.0064067117969392635, -1958.292327728083,12165.364880299097, 10207.072552571015, 6.963798384032068e-10
                     0.41146755029488175,                    -0.08214808884733273,                 0.300643730451439,       -0.07976593819701466,       0.008260567333272992,                                       0.00041797973680562353,                                            99.11968945427712,                                    0.026797597038922222,              0.010549794971851609,              0.005977287974760143,-1955.2335674043256, 2394.521847368947,  439.2882799646213,1.4833680445895745e-08
                      0.3610453447021107,                    -0.08764283208415698,               0.28619353928883773,       -0.07974443911369404,      -0.003429873286530031,                                       2.2324248549096078e-05,                                            107.1332629878327,                                     0.02320965119700879,              0.007246340869423731,             0.0058414681877111616, -1949.718738619536, 44796.78365932306, 42847.064920703524,3.6839067535833057e-06
                      0.4124238691033902,                     -0.0801247084392759,               0.30216494028215063,       -0.07762774024023995,        0.00784334456845908,                                         3.77958436548475e-05,                                             86.5667903178175,                                    0.030344547858365788,              0.010577180652374854,              0.006501545375568159, -1956.029122730149,26460.102657453113, 24504.073534722964, 6.694892854817937e-09
                      0.3911766214815436,                    -0.08592486037761325,                0.2925274792201644,       -0.08336883047912468,       0.007335495895683711,                                       2.4682061904329334e-05,                                           105.95159640444734,                                    0.025759477223569367,              0.009826988453188919,              0.005945649163478384,-1956.7693546870646, 40517.28682265589,  38560.51746796883,3.1934857069438216e-09
                     0.41668943320180046,                    -0.08252524429561846,                0.3050682675469513,       -0.07889257398164257,       0.006201676025028603,                                         0.009445718332964452,                                           137.55436962310858,                                    0.018397425289770165,              0.009799296171570816,              0.006643448434767301,-1956.0744377174365, 107.9345351360436,-1848.1399025813928,6.3982850144651236e-09
                      0.4023918670349545,                     -0.0851082381559477,                0.2957064007393301,       -0.08169630783255052,       0.010103905643763242,                                        3.557527575601364e-06,                                            97.92597470875883,                                    0.026957344478362587,                 0.010818912867082,               0.00571334820919603, -1957.588494778382,  281096.118711645, 279138.53021686664,1.4077221857647594e-09
                      0.3892962401854349,                    -0.08856888317095518,               0.28899142492306157,       -0.08924778755158587,       0.010660500245061691,                                          0.08966095619025297,                                            88.10758326728228,                                     0.02829586593323854,               0.01064429944764118,              0.004839211177880886,-1954.1541069663194,12.863228406287277, -1941.290878560032,  4.36568735303514e-08
                      0.4104571004739378,                    -0.08469469031626123,                0.3032680894405333,       -0.08067835474103849,       0.005239622793626657,                                         5.01169807662583e-06,                                            96.85816247067551,                                    0.027223796778858864,               0.00970539502323773,              0.007007275094213947,-1956.2858768439633,199535.20100432436,  197578.9151274804, 5.178890589590458e-09
                     0.39145092879888693,                     -0.0876240509327263,                0.2933238671038869,       -0.08374524450679355,       0.007399074668616218,                                       2.4032716581324673e-05,                                           111.03159856463562,                                    0.023516015378708763,               0.00975276802782447,              0.006277949861785096, -1957.165559235595, 41611.95259476386, 39654.787035528265, 2.148797685788588e-09
                      0.4109324204326546,                    -0.07645089950662146,               0.30128289874047604,       -0.07593483543316112,       0.007273229198832906,                                         0.006062265586014752,                                             86.8692805320106,                                    0.030384618362781786,              0.010652688224513278,              0.006512158605623268,-1958.5686091348502,167.22387001831214,-1791.3447391165382, 5.282733454884675e-10
                      0.4131680246628552,                    -0.08341242150563884,               0.30506875197890854,       -0.08093883644658549,       0.005179047561216677,                                        8.582794570897898e-06,                                           133.51902386700112,                                    0.019624413653471333,               0.00957701004710862,              0.007325344202056761,-1956.2381090096746,116514.16422065481, 114557.92611164514, 5.432278698472103e-09
                     0.41607168399578687,                    -0.07343318996282927,                0.3043619050788825,       -0.07308218211513368,      0.0066387440908704165,                                          0.01802199424993822,                                            83.82670000661862,                                    0.030902544773714284,              0.010522634378694547,             0.0071020755334380145,-1955.8281731774646, 57.85635671432577,-1897.9718164631388,  8.18492893089611e-09
                      0.3891119960193873,                    -0.08480446004536811,                0.2903391144393088,       -0.08267666018000464,       0.007274466531435256,                                        0.0015555954760188117,                                            112.5232587105228,                                     0.02255197664074688,              0.009830202918099487,              0.004993076730397413,-1953.8372421017925, 644.9251364853219,-1308.9121056164706, 5.993290003133746e-08
                      0.4015810074575674,                    -0.08799275599639333,                0.2947658592943715,       -0.08419613920330203,       0.009516327538302425,                                         0.006947818263238629,                                            94.63338342005719,                                    0.028220294751369637,              0.010265587983052967,              0.004867130467764785,-1958.1989859177206,145.82393054255743,-1812.3750553751631, 7.645114991566873e-10
                     0.40596149883074106,                    -0.08335323854597802,               0.30052200293455916,       -0.08185907247012107,       0.005898680922665959,                                        6.159601726989163e-06,                                            86.98219874162169,                                    0.030341732105203294,              0.009732197096753676,              0.006498328292200657,-1958.2868305871102,162350.16688727026, 160391.88005668315, 7.002184776494832e-10
                      0.4227645758182037,                    -0.07738460311722338,               0.30748499500785476,       -0.07613070254805133,       0.006884971003936282,                                        1.725107226196767e-05,                                           119.60310825833537,                                    0.021475909570235742,              0.010248588217864988,               0.00703344361498226,-1958.2566210681448, 57969.57040750605,   56011.3137864379, 7.216944978970514e-10
                     0.39918868774018773,                    -0.08721381727640147,                0.2935132063617161,       -0.08497095236601858,       0.010159627832919743,                                       0.00015657938728925604,                                             88.6012185739553,                                    0.028289556052284306,              0.010556019782611682,             0.0050353284555645405,-1957.0005864623731, 6388.408149054185,  4431.407562591812,2.5342082048584155e-09
                     0.41738848814276513,                    -0.07697784341386865,               0.30477331944526465,        -0.0767670774999406,       0.006414330157643021,                                        0.0031125655093008123,                                            85.47272892327427,                                     0.03081082352319031,              0.010369542728076848,              0.006703698579439678,-1959.4545668217766,323.45726520691625,-1635.9973016148604,2.1781719644830083e-10
                      0.4031541619309563,                     -0.0882628229449336,               0.29934074309365577,       -0.08418692451068104,       0.006634971331290604,                                       3.6332031108671334e-05,                                            87.59632801547494,                                     0.02989169082975284,               0.00956564062050581,              0.006506110194195926, -1956.664595750061,27525.819977220483,  25569.15538147042,  3.54618350205622e-09
                     0.39341778415324674,                    -0.08530892618166745,                0.2923472726312086,       -0.08213690640458961,       0.009327828818321919,                                        4.015143550032326e-06,                                           105.80392182646094,                                    0.024286500492891196,              0.010763621978220977,              0.005781074518821424,-1958.8301150029642,249059.17146299806,  247100.3413479951,4.0671308314244943e-10
                     0.40074576876405166,                    -0.08708549240462712,                0.2958002772469315,       -0.08232363368767331,       0.009901342584561486,                                       2.0299776795826437e-05,                                            86.05644595046213,                                    0.029605177346782377,              0.010686306824833973,              0.006018815645833487,-1956.8334532436606, 49263.62786036633,  47306.79440712267, 2.995210346759721e-09
                      0.4027995218028687,                    -0.09346480497116394,               0.29590755635568217,       -0.08799001456739496,       0.011854491153977395,                                        0.0010306154272399968,                                            100.2858477699463,                                    0.025157981459508733,              0.010651607791792157,              0.005375993294780359,-1953.3048327050387,  971.950707454119, -981.3541252509198,1.0206756545015767e-07
                       0.412887153597844,                    -0.07728712030260672,                0.3014049073410805,       -0.07711875822186053,       0.008824601688029803,                                        0.0056905233547316575,                                            99.16188581575285,                                     0.02766185250619499,              0.010964159868804764,              0.006267931523993753,-1955.1951286701055,177.91748981404768,-1777.2776388560578, 1.541496876861252e-08
                      0.3973183625841758,                    -0.08920867724409755,               0.29377449660424004,       -0.08532145739903671,       0.007726629485604913,                                        0.0011549616784639245,                                             91.5850867294103,                                      0.0289406193603765,              0.009672764835667475,               0.00485743552018413,-1953.7197484320918,  867.702954511579,-1086.0167939205128, 6.740500499929337e-08
                      0.4107617173306588,                    -0.07763080479983589,               0.30196578719006484,        -0.0767597948940034,       0.006077803554056742,                                        0.0034492438368769543,                                            99.09752699276913,                                    0.027668700101854935,              0.010259425818744082,              0.006507135792526955,-1958.2178876075745, 292.1497887145431,-1666.0680988930314, 7.501966534872802e-10
                     0.41462023796528863,                    -0.08279351851279987,                0.3040974832832344,        -0.0801216589738759,       0.006720639927976382,                                        0.0002333223906602193,                                           116.16738670820712,                                    0.025214458944024163,              0.009968241052959778,              0.006792505549563093,-1959.0767585858953, 4287.937531529742, 2328.8607729438468, 3.178133937684476e-10
                      0.4160839634361407,                    -0.07979729426952659,               0.30539336945225865,       -0.07705257731435575,       0.005066736673062574,                                       2.2472956684172394e-05,                                           136.80572560773257,                                    0.019401857802072046,              0.009644606027755678,              0.007095020787260602,  -1956.97211752072,44500.097781821445,  42543.12566430072, 2.607391208999411e-09
                      0.4118073369885099,                     -0.0760364503814527,               0.30088494698131046,       -0.07594207107357381,       0.008669481408694717,                                         0.007511198247172351,                                           118.89188207791244,                                    0.023278491988530863,              0.010908316690563823,              0.006282946867729746, -1959.222499964128,135.38721871677333,-1823.8352812473547, 2.747119296987118e-10
                      0.4141628408907849,                    -0.07729097424902183,                0.3018799504017704,       -0.07724734991439677,       0.008958184980548192,                                        0.0034018118217055636,                                             94.6938067616743,                                     0.02759964107314016,               0.01093820169141891,               0.00619883573193831,-1957.0162634911053,296.13054541641293,-1660.8857180746922,2.4947891442200332e-09
                     0.41014134219793685,                    -0.09274550745593554,                0.3023677135515351,       -0.08641846802331614,       0.007247483704996533,                                          0.00855607409680837,                                           127.18919334928958,                                    0.019283929733684382,               0.00957428001518916,              0.006349412049064929, -1957.882556424122,118.58405201958327,-1839.2985044045388,1.0490775783766823e-09
                      0.4110973247128971,                    -0.07703697408536751,                0.3013531309759947,       -0.07707378416417349,        0.00731002084067556,                                          0.00414737505919866,                                            93.40950831925439,                                     0.02920962067886177,              0.010566721991226774,               0.00631889163974373,-1957.9591799998757,243.32688278212697,-1714.6322972177486, 9.716959865606912e-10
                      0.4068882691616463,                    -0.07884267088639729,                0.3007283487530319,       -0.07925595399216231,       0.005202300141759483,                                        6.647720696713101e-06,                                           116.19620408085272,                                    0.023300123132278784,              0.009884554977039516,              0.006762798270309284, -1954.244585542951,150429.63888150099, 148475.39429595805, 3.988028782928467e-08
                     0.40932122464713167,                    -0.08732375651052891,                0.2995838641100519,       -0.08524119969324388,       0.008675257827567931,                                        6.847355167778434e-05,                                            92.79318187891752,                                    0.030302017635034047,              0.010191540575415763,              0.005599085532967681,-1958.7159498821452,14605.962828943797, 12647.246879061651, 4.558998244878246e-10
                       0.414027108172108,                     -0.1000446063666551,               0.30611037423109094,        -0.0913135514378376,       0.004608561345686687,                                        5.746778377226325e-05,                                           104.06715692491565,                                     0.02419733521199065,              0.008626947166450852,              0.007019801965177672,-1955.3133277848706, 17402.45432871165,  15447.14100092678,1.3696494450040802e-08
                     0.39693935924565205,                    -0.08258173295643773,               0.29367998530661654,       -0.08159268317103639,       0.006441789123489602,                                         0.001473659458950485,                                           111.57633980227321,                                    0.023361859413630164,               0.00965878310022913,              0.005067731081828945,-1955.5383847042363, 680.6689955741402, -1274.869389130096,1.0936250456350543e-08
                     0.41175704393445695,                    -0.07726765553950883,               0.30208545816522003,       -0.07683491144993462,       0.006422700855510162,                                        0.0014968066875516418,                                           112.17033155070025,                                     0.02489857395986751,              0.010257974383183306,              0.006777227417653799,-1956.4190777889821,  670.307169744109, -1286.111908044873, 4.533026946326335e-09
                     0.41246015192314683,                    -0.08087272171190803,                0.3047085155646781,       -0.07959822781772681,        0.00472711108069621,                                        0.0004016254243781166,                                            129.1498713214991,                                      0.0203030172189686,              0.009395822374840244,              0.007231065416651613,-1956.6321672564322,2491.9566156429137,  535.3244483864814,3.6630658070231726e-09
                      0.4019781362540594,                    -0.09202750818953438,                0.2973028544909467,       -0.08520368733944629,       0.010342659287377279,                                        0.0006881799671447107,                                           131.67810880056228,                                    0.020069095124710168,              0.010521273127403398,              0.006136477287663833,-1957.1328618017692,1454.9342168742048, -502.1986449275644,  2.22021914201911e-09
                      0.4163675607309964,                    -0.08445167113890373,                0.3060508723209029,       -0.08058586016453348,       0.005130891889638402,                                        0.0017120439481194967,                                           133.87458185677298,                                    0.019867725918253636,              0.009508302298919304,              0.007163762957148341,-1958.8133095691614, 586.0830053656539,-1372.7303042035076,4.1360582850438793e-10
                     0.39779512014081614,                    -0.09111093494201293,                0.2947745075032929,       -0.08574967711971518,         0.0094303964346217,                                        4.166894793779104e-05,                                             98.5507632739151,                                     0.02532656798395549,              0.010480781031325753,             0.0056430142687222086,-1958.7238281616014,24000.524397051908, 22041.800568890307,4.5232222941761543e-10
                     0.39659992653455844,                    -0.08661391295936141,                0.2940233121464111,       -0.08271292682896786,       0.009078465569354858,                                        0.0005580516150479193,                                           109.36147530164617,                                     0.02465610285091099,               0.01011745721394609,              0.005722250920404199,-1956.9382255368505,1793.9641324323131,-162.97409310453736, 2.697275443557142e-09
                      0.3979659888344348,                    -0.08950090682778769,               0.29332413202356483,       -0.08587014801059827,       0.010777076311989018,                                       4.4753492004049017e-05,                                             82.1132796519153,                                     0.03034140509107271,              0.010983475371130709,              0.005212872200305977, -1956.278117555646,22346.453239946855,  20390.17512239121, 5.219231400431089e-09
                     0.40104072866631324,                     -0.0957407032697083,                0.2984226986909238,       -0.08947936788882098,       0.007368483018585387,                                          0.05079557294795929,                                           114.80745322334204,                                    0.022919724750891563,              0.009335613699259539,              0.006240913115958426,-1955.9880034075045,21.292976833188927,-1934.6950265743155, 6.975920552823036e-09
                      0.3996177664009816,                    -0.08764589241561706,                0.2957106723368374,       -0.08419274330752234,       0.008800577932136027,                                        8.808151139582074e-06,                                           113.81532966635783,                                    0.022357259515282432,              0.010369169082838784,               0.00581148976888853,  -1960.15267266009,113533.11849043977, 111572.96581777968, 1.083698944866867e-10
                     0.40410588630861977,                    -0.09068425177729159,                0.3007634838185953,       -0.08548538122266662,       0.004724898610388089,                                        3.019745763597068e-05,                                            90.43392741534602,                                    0.029233093273535862,              0.009180543040844678,              0.006874323619124065,-1954.4026232390456,33117.193533843856,  31162.79091060481, 3.405049147313238e-08
                      0.4159041450236476,                    -0.08415817611897633,                0.3060445520970178,       -0.08146903335351408,       0.005263455873655807,                                       0.00010294294222149006,                                           112.02850698594838,                                     0.02392173178942802,              0.009494834278452605,              0.007058664429432997,-1955.5879503835372,  9716.06518599705,  7760.477235613513,1.0407402396618971e-08
                     0.39875728571415275,                    -0.08996725395956436,               0.29446195080603543,       -0.08609233083534756,       0.010534976163445713,                                        3.562673930442685e-05,                                            108.0727586402816,                                    0.023896259237784368,              0.010423071594889366,              0.005390513381939815,-1958.0038151701824, 28070.61087535712,  26112.60706018694, 9.292778825879768e-10
                      0.4121868943644346,                    -0.07279825033690938,               0.30303440646861657,        -0.0746642680412309,       0.004827912667747431,                                       3.1490963897312775e-05,                                           126.58703877678995,                                      0.0205038079761688,              0.010023039317744585,              0.006959214978867411, -1957.472472404897,31757.469294620492, 29799.996822215595,1.5809015736063002e-09
                     0.41598160503452497,                    -0.09471723298599509,                0.3028626168426457,       -0.08642832003988828,       0.009732324506459958,                                       1.1586862086416249e-06,                                            99.23377638532686,                                    0.025798677832596744,              0.010379125699151337,              0.005909573901446606, -1957.270703067497, 863048.0809217358,  861090.8102186683, 1.934337011211588e-09
                       0.418900666039786,                    -0.08574146927258282,                0.3075685486051985,       -0.08221644538008092,       0.004069721201510494,                                       1.6364947511588942e-05,                                           148.13301147903042,                                     0.01784915503041623,              0.009213677574527337,              0.007202258055869064,-1957.0607934331251,61108.096099576054,  59151.03530614293, 2.386133497098783e-09
                     0.39293314999241824,                    -0.08449832335429333,               0.29282388617911576,       -0.08204376690769205,       0.008509137159323766,                                         0.004448893612223947,                                           125.27977742545187,                                    0.019887860759054125,              0.010168238335896258,             0.0058597426687249056,-1959.0801759448964,226.85929143769317,-1732.2208845072032,  3.16729164961284e-10
                      0.3950382479625019,                    -0.09260899568233952,                0.2948462646129376,       -0.08587966353430387,       0.009462119874704075,                                        7.558989060478951e-06,                                           114.76595176373071,                                      0.0223780163913412,              0.010115101478172918,              0.006095661234690479, -1959.564946908708,132294.67092729665, 130335.10598038795, 1.950539282927923e-10
                     0.40997378378380195,                    -0.08495127613455783,                 0.304054226278196,       -0.08138131953712328,       0.004684204308082188,                                        6.449403769577537e-06,                                           118.15761109415612,                                    0.022832943267884223,               0.00927811423422335,              0.007323585037104317,-1953.9164981647095,155055.09151177728, 153101.17501361258,  5.53662133673464e-08
                     0.40339971333908164,                    -0.08612042482756803,                0.2987879325070434,       -0.08519575824373961,       0.005218793191521445,                                        9.219055549360047e-05,                                           116.79209087738568,                                    0.024024559592120846,              0.009486366436063072,              0.006021494575928904,-1959.7296938939585,10848.945028506356,  8889.215334612398,1.6542684789497565e-10
                      0.4146059468125011,                    -0.07947316496151974,               0.30402169171643645,       -0.07687243769597077,       0.005947361042342914,                                       2.5242665547218963e-05,                                           102.93536995295398,                                     0.02597528992627537,              0.009954849760725113,                0.0068160830096147,-1959.9028670767561, 39617.65890911377, 37657.756042037014,1.3912264853373065e-10
                     0.41618786949088277,                     -0.0939827424418465,               0.30631006982815623,       -0.08663177530338559,       0.005648825418263415,                                       0.00015910956466921617,                                           118.56417848602742,                                     0.02035170015801726,              0.009269097707216699,             0.0068877474728049675,-1956.6801098038454, 6286.629430643916,  4329.949320840071,3.4915923802140435e-09
                     0.42309392337652896,                    -0.07647874908211436,               0.30785187059134667,       -0.07502746534551256,       0.006140849445906518,                                       1.2925232491959814e-05,                                           145.35018166245678,                                     0.01720672913475663,               0.01010917138972702,              0.006974637577654454,-1956.0565021201842,  77370.2581226141,  75414.20162049391, 6.514077376126651e-09
                     0.41509051277353615,                     -0.0869429615629247,                0.3057909928780208,       -0.08228910140232323,        0.00465915770809849,                                       0.00038931784707039107,                                              98.230000436719,                                    0.027038790455690853,              0.009371764325136768,              0.007103884360930059,-1959.9254864885283,2570.5042148394805,  610.5787283509521,1.3601109942930415e-10
                     0.40469553122175284,                    -0.08143387161623859,               0.29985184657430175,       -0.08123991495177942,      0.0059475281396327755,                                        0.0033997542571873253,                                           117.37192817228416,                                    0.023607063657530045,              0.009897921858110548,             0.0067078053414290064,-1955.1596271687927, 296.1897468436854,-1658.9698803251072,1.5972053464909094e-08
                      0.3923734232940696,                    -0.08610909765869891,               0.29248119686710183,       -0.08331250916669015,      0.0077959287386409086,                                        0.0003199757477441406,                                            91.69580467505489,                                     0.02969659933635445,               0.00976547446420152,              0.005525076476720098,-1959.7412523003436,3127.2614178276554, 1167.5201655273117, 1.635257849536227e-10
                      0.4191389445986511,                    -0.07864669181483769,                 0.306546243002244,       -0.07796829748645268,       0.005807093981930642,                                        6.342360190660486e-05,                                           120.75018579662623,                                    0.021157250497982557,              0.009816096563864571,              0.006942647081478697,-1956.0304367053136,15769.102177240453, 13813.071740535139, 6.686101708816181e-09
                     0.41550386290081176,                     -0.0854680462479121,                0.3047478928477904,       -0.08256592891847067,       0.006537446571911559,                                        2.410885149727073e-05,                                           148.18645117958053,                                     0.01730202993423428,              0.009765804814645035,              0.006491132947869429, -1958.156526917854, 41480.42520226716,   39522.2686753493,  7.97670868219889e-10
                     0.39898720138382704,                    -0.09864801165202464,               0.29969662567745087,       -0.09179267083688793,      0.0041322398444650086,                                        0.0038054006864261833,                                             86.8737968295524,                                     0.02882240088723518,               0.00855303146978194,              0.006760079133902678,-1956.8006993936792, 264.2832217731484,-1692.5174776205308,3.0949393558860657e-09
                      0.3919198520564213,                    -0.08519178213616639,               0.29158013530149846,       -0.08405471766502959,       0.006547836122597346,                                        0.0022314706629213876,                                            98.39120041480456,                                     0.02784170891604994,              0.009379981144751021,              0.004920875089062457, -1953.473462273248,450.12787433890986,-1503.3455879343383, 8.622890378140834e-08
                     0.41328517934170705,                    -0.07943731022812489,                0.3024200382885672,        -0.0772638429347841,       0.007761970656140899,                                         0.010715703047526497,                                             92.8792831078467,                                    0.028253124883218954,              0.010673134238124696,              0.006466051697134698,-1956.1453031425222, 95.49957681979429,-1860.6457263227278, 5.960560753926358e-09
                       0.416019376346977,                    -0.08080057722879001,               0.30388867842501827,       -0.07839797920783284,       0.007763069934774613,                                          0.04171303414042141,                                            117.3955443380729,                                    0.022269144482165337,              0.010446031700722778,               0.00662628886168273,-1956.3066255438048, 26.06939529742771, -1930.237230246377, 5.072542451322533e-09
                     0.40987383827940044,                     -0.0823390422430986,               0.30328869458394697,       -0.08126796026708911,         0.0040538432729996,                                        0.0007897978589646918,                                           125.91219019569888,                                    0.021582142955561812,              0.009189386967834928,             0.0068508710657007674,-1955.1181049396887,1268.1560753147512, -686.9620296249375,1.6649209964384048e-08
                      0.3951206214182076,                    -0.09230768915575084,                0.2933669468227728,        -0.0864884862409193,       0.010119245323109786,                                       2.0857266394847815e-06,                                            109.8424713469279,                                     0.02387118124403656,              0.010680491175219377,             0.0053179167262841255,-1954.3299508603054,479451.02722645947,  477496.6972755992,3.6617154950788824e-08
                      0.4189922435225567,                    -0.08437685334996278,                0.3057405878658717,       -0.07958321622139951,        0.00690163522707924,                                        8.260745533883718e-06,                                           123.89263575590036,                                    0.021534668761513984,              0.009918195530043528,              0.006703595513703709,-1959.0816953323251,121056.45789398444, 119097.37619865211,3.1624829605531943e-10
                      0.4094830535100993,                    -0.09611478332599396,                0.3034233748172991,       -0.08793291660074085,       0.006147123990114374,                                         0.002808527962913626,                                            87.41992090016782,                                    0.028007546412852538,               0.00921566814403369,              0.006883122258689979,-1956.4280515392788,357.69120574250746,-1598.7368457967714,4.4925306679241885e-09
                       0.400637627352132,                    -0.08510607079207938,                0.2943728873731544,       -0.08180516322020895,       0.009669918577064647,                                       0.00017631536783360304,                                            89.30883242199525,                                    0.027776635014402758,               0.01041243348078761,               0.00485405837608618,  -1952.83466615508, 5673.685943789851,  3720.851277634771,1.6333471316059278e-07
                      0.4109829259398316,                    -0.08345616051584705,                0.3018133764093429,       -0.08378076549438396,       0.006368862409171178,                                       1.5183636968023652e-05,                                           148.98497620346845,                                    0.016178319629177353,              0.009732209753646108,              0.006105991630717946,-1960.0969018249857, 65862.23362492643, 63902.136723101445,1.1458548741558604e-10
                      0.4079246382533244,                    -0.08156187956673831,               0.30036671200914655,       -0.07973799856303875,        0.00669169176595336,                                        0.0019886582038354628,                                           107.85796002517748,                                    0.027050623333372048,              0.010135497449284384,              0.006260821310426961,-1959.0579303924665,504.94949761901466,-1454.1084327734518,3.2385393359977133e-10
                      0.4153429598358403,                    -0.09490204881272576,                    0.302893253325,       -0.08821902546061654,       0.009875367080175414,                                       0.00013891203809278244,                                           107.26405816498271,                                     0.02316386965540253,              0.010408505633490142,              0.005832487098474779,-1959.1979022364408,  7200.35296848846, 5241.1550662520185,2.8155301154348464e-10
                      0.4210260519039287,                    -0.07669026529057557,               0.30628931267599896,        -0.0751649707760358,       0.007760841779717674,                                         0.000160896949228481,                                           100.01144381983039,                                    0.026647971743724404,              0.010615070420393289,             0.0066696432768280425,-1959.7896565587757, 6217.376783015605,  4257.587126456829,1.5579895492399473e-10
                     0.41084873107922426,                    -0.09063091815806597,               0.30393394369271504,       -0.08448803291161008,      0.0052377115081824474,                                        9.160179298140953e-05,                                           107.35973976877885,                                    0.024530667548078828,              0.009164218594307235,             0.0069201836212380245,-1957.5113110231136,10918.635367054723,   8961.12405603161,1.5206785995294322e-09
                      0.4072430692137732,                     -0.0808018813170244,                0.3007451719486606,       -0.08002942878640333,       0.005854854826680423,                                        7.002110832927233e-06,                                             95.8119219410733,                                     0.02652697134104475,              0.009856981093498475,              0.006678463912457137,-1957.1686115681218, 142816.1720673026,  140859.0034557345, 2.142248840430188e-09
                     0.41092455525358035,                    -0.07943562165382774,                0.3013981931747009,       -0.07796586203468335,      0.0071783973894194095,                                         0.002890064276544772,                                            140.0223018204892,                                    0.019298963734011833,              0.010365973001597261,              0.006277759501426056,-1955.2516715715096, 348.1741457486848,-1607.0775258228248,1.4567545361198631e-08
                     0.41720317755608194,                     -0.0782405364697026,               0.30573184973695855,       -0.07675037789473554,       0.005058960232154898,                                        0.0006188793328297898,                                           155.35931021331072,                                    0.015744186562710392,               0.00989572475878056,             0.0071953278175869405,-1957.8342583573235,1618.0021945812723, -339.8320637760512,1.1009895299127857e-09
                     0.41614098126552085,                    -0.08590127899225435,                0.3064703262124788,        -0.0820498781367013,       0.005130649719086734,                                       3.0081886974359613e-06,                                           126.38271073857872,                                     0.02113435122666123,              0.009419574290397815,              0.007254954138332759,-1958.2733895565357,332427.86604997463,  330469.5926604181, 7.096936711495578e-10
                       0.413454927373931,                    -0.07868876333040228,               0.30157620278812625,       -0.07748702822882178,        0.00904022435294198,                                          0.01197297303573004,                                            86.80821141696133,                                     0.03153016417636056,              0.010881081969407898,              0.006040537550045248,-1959.6267093017282, 85.68289584072939,-1873.9438134609989,1.8337141435581821e-10
                      0.4165160047558083,                    -0.07873893376411646,               0.30332131118662486,       -0.07796299099606638,       0.008174915343353252,                                       1.4206326120469785e-06,                                           122.60762614115734,                                    0.021683685253725504,              0.010562376440662349,              0.006355974958358654,-1956.2902724422843, 703913.8722762055,  701957.5820037632,5.1561762249940694e-09
                       0.413171576715049,                    -0.07656076052507209,                0.3014778745322681,       -0.07687091367645206,       0.008248377161877119,                                          0.08887959023492051,                                            98.87362846106808,                                    0.028018011369887477,               0.01083716986013314,              0.006157360230629554,-1959.7908682602188,13.450890894758198,-1946.3399773654605, 1.556102874329108e-10
                     0.40408197617722336,                    -0.08225532162726469,                0.3005367042732571,       -0.08247666501508671,       0.004223092372253943,                                       1.8615348730180618e-05,                                           127.15258148781139,                                    0.021827165281938104,              0.009376296748301628,              0.006906688831615087,-1954.3082541687413, 53721.10631526779,  51766.79806109905, 3.742030743708179e-08
                     0.39273748788142965,                    -0.08608814340562934,                0.2924223975413568,       -0.08303551049349665,       0.007387382713280662,                                         0.003679472299811154,                                             92.4859557556429,                                     0.02838924233595181,              0.009888712435255362,              0.005615166143166059, -1958.907593249765,273.81680647230496,  -1685.09078677746,3.7639146594524197e-10
                      0.3915507168911085,                     -0.0930490130567955,               0.29418850252766915,       -0.08749789164918538,        0.00666527193990907,                                        5.446661181162507e-05,                                           108.04727968971132,                                    0.024571584940169672,              0.009528973761926837,              0.006171765465059628,-1959.7017857850237, 18361.67091423504,  16401.96912845002, 1.701086242817216e-10
                      0.4054834287755513,                    -0.08340013889546649,                0.3004083131971035,       -0.08128893372672043,       0.005608047447967114,                                        0.0007033440059618284,                                            160.1795169444284,                                     0.01546389021694668,              0.009743239176328862,             0.0066240667852729826, -1957.598230671208,1423.8163362581984, -533.7818944130097,1.3940832547539232e-09
                     0.40408297616114264,                     -0.0902554973825096,               0.29982656428633825,       -0.08521583539245031,       0.006059362948604322,                                        2.107185243187078e-06,                                           100.86303798230794,                                    0.026817043036987582,              0.009475748462701163,              0.006278342548646758,-1958.2172606927484,474568.55726280133,  472610.3400021086, 7.506671103446762e-10
                     0.39644474698055987,                    -0.08697954071608548,               0.29373039504932086,       -0.08290738151118766,       0.009966144428251753,                                        0.0004237235393351539,                                           100.51942808464635,                                    0.026423548003786657,              0.010339301439268995,             0.0056319284202606115,-1959.1933936817672,2362.0313164283393,  402.8379227465721,  2.82825274568112e-10
                     0.40344051920884455,                    -0.08965366880664122,               0.29660404181876276,         -0.085263648538435,        0.01144097161483287,                                        0.0006368377237874321,                                            109.4525944794732,                                    0.023048679685968194,              0.010618340650989948,              0.005596050859106702,-1955.4754432596442, 1572.067326562165, -383.4081166974793,1.1646718258263134e-08
                      0.3944792739499689,                    -0.08610116148796391,                0.2931677569023459,       -0.08288681545224418,       0.009114119864883885,                                         0.015428941184577894,                                           111.75451343080762,                                     0.02559200881840052,              0.010155115638515882,              0.005867557460085309,-1956.9526989356168, 66.83698991485541,-1890.1157090207614,2.6585178540774423e-09
                      0.4126372723467057,                    -0.08501305334927618,                0.3040725540918492,       -0.08079936383197797,         0.0053043385453008,                                         0.005481498602293246,                                           123.58747384307104,                                     0.01994825629003284,              0.009593116254703911,             0.0068882447259153955,-1957.3581712225136, 184.4361537286031,-1772.9220174939105,1.7723325128053901e-09
                      0.4094882455891503,                    -0.08919969589468511,               0.30405602202351883,       -0.08414291329782944,       0.004679472456761636,                                        4.358890809725085e-06,                                           136.01113440569188,                                     0.01993719936400456,              0.009020525472416111,              0.007267617789035147,-1958.6468054339744, 229418.0124351994, 227459.36562976544, 4.885381430452868e-10
                     0.38945323281763244,                    -0.08775239132103813,               0.29183345410480344,       -0.08425933610158827,       0.006287106574427515,                                       0.00031161082699050514,                                            101.8278330436062,                                     0.02465711179212165,              0.009548254048448345,             0.0056232854699475015,-1956.6678193696985,3211.1307547843835,  1254.462935414685, 3.534770360977049e-09
                      0.4082779483459859,                    -0.08212847648496446,                0.3014678346629519,       -0.08075879035190754,       0.006432982037535631,                                        3.713608178552044e-05,                                           115.76271845419572,                                    0.023569929378473003,                0.0097362649741313,              0.006652145402420755,-1959.1904509869223,  26930.0317179563, 24970.841266969375,2.8365876880372854e-10
                     0.41465302828828965,                     -0.0877263184202012,                0.3057679635792945,       -0.08274168536644007,        0.00548501267807837,                                       1.4409399901545469e-05,                                           110.48809969733959,                                    0.025555377294104047,              0.009207573058580837,              0.007213344096433811,-1955.5651117282373,  69401.0264445166,  67445.46133278836, 1.064782852676308e-08
                      0.4187249091242706,                    -0.07854548469776725,                0.3054294611605515,       -0.07596932414567312,       0.006665775321459733,                                       0.00044781703385121267,                                           110.86041854741873,                                     0.02429422446652796,              0.010335270517432939,              0.006644982391573783,-1958.6431141930093,2235.2543652077625,  276.6112510147532, 4.903447873803436e-10
                      0.3917637046278712,                    -0.09466972356078952,                0.2932997893010276,       -0.09008548330403647,       0.007938792815902328,                                       1.1077541901177762e-06,                                           135.66033173308645,                                     0.01710623637660859,              0.009891725050562617,               0.00573709404966162,-1957.9938911873264, 902728.9896705342,  900770.9957793468,  9.38545932282492e-10
                     0.40609113641982175,                    -0.08157974994228316,                0.2993100736670983,       -0.08238108777262591,       0.006259714764910133,                                        0.0010352411372470524,                                            114.9821026564686,                                    0.022776931444294036,               0.00991473093462194,              0.005991944804652573,-1958.3689317633666, 967.9368373498933, -990.4320944134734, 6.450263837631645e-10
                     0.40502695759451035,                    -0.08428830695483511,                0.3004722249423987,        -0.0825936675995351,       0.005048306105435239,                                       0.00010537691365721582,                                            152.7782163232778,                                    0.016854659936965943,              0.009598098594828472,              0.006352470609391943,-1958.6663697188956, 9491.717851666352,  7533.051481947456, 4.790731335920367e-10
                     0.40911737003678966,                    -0.08468316390041836,                0.3015955411327175,       -0.08168518860395117,       0.006497882815238836,                                       1.0931047252674922e-06,                                           115.46448015387897,                                     0.02250692256952736,              0.009876918284280445,              0.006414172249738529,-1957.1518604385724, 914827.4141439899,  912870.2622835514, 2.178436171440797e-09
                      0.4064083375838137,                    -0.09351024887665645,               0.29883088006591263,       -0.08613852821597073,        0.01011748971009676,                                        2.187668487424416e-06,                                           121.65063285005306,                                    0.021728528111949502,              0.010505174093163518,              0.005913735753730776,-1953.2921955986772, 457109.3886880652,  455156.0964924666,1.0336558848429599e-07
                     0.40955149074681085,                    -0.07829408107676304,               0.30014015835349234,       -0.07784214555135803,      0.0075792162737686325,                                       0.00031834934350804183,                                            96.73451347305098,                                    0.028008717145384318,              0.010595679954154887,              0.006209848402845511,-1959.9058698822678,  3143.38542329286, 1183.4795534105924,1.3870551687397696e-10
                     0.41825653607148855,                    -0.07244757494036869,                0.3056930759929785,       -0.07418280660546278,       0.005332693314812976,                                       4.3236000499619684e-05,                                           141.39639344397733,                                     0.01733661934080584,               0.01012869760738043,              0.007001182058795715,-1953.5427253406692, 23131.17330347017, 21177.630578129498, 8.045856768088407e-08
                      0.4025474771732801,                    -0.08960485272468476,                0.2996341080043743,       -0.08650564851195391,      0.0045775384324284575,                                       1.0223704577311103e-05,                                           114.53150472235612,                                    0.022769242759073285,              0.009136572375180034,              0.006188318356099429,-1958.6986650747208, 97813.68156913508,  95854.98290406035, 4.638484626018254e-10
                      0.4203590573118277,                    -0.07157209542570975,                0.3066525185828816,       -0.07281214004154554,       0.005862786369681893,                                       0.00037118200349699134,                                           117.66494177615495,                                      0.0225756040360407,              0.010254832718590285,              0.007157821355914116,-1954.5771495695794, 2696.442939966325,  741.8657903967455,2.8597466666936707e-08
                     0.41184296928144126,                    -0.09243470552390037,               0.30488995406059577,       -0.08573323099275916,       0.005415615682079398,                                       1.1403771608979935e-06,                                            129.6924725478685,                                     0.02050723453858755,              0.008962834620528121,              0.007192379368672429,-1956.7555757555033, 876904.6041256461,  874947.8485498906,3.2377930810692917e-09
                      0.4184317381723212,                    -0.08030230582145303,                0.3062140001529863,       -0.07729036052325058,       0.005428762624576922,                                       2.7380778869560704e-06,                                           117.37790460526354,                                      0.0228582363139076,               0.00971087641463219,              0.007133077440713471,-1956.6852666560458, 365221.8446073338,  363265.1593406778, 3.473633100839542e-09
                      0.4203760785040806,                    -0.07709695162835199,                 0.306278539487194,       -0.07597463805911865,       0.007372117592907211,                                        0.0018803330952617435,                                           112.56588723753673,                                    0.024800245547316795,              0.010604317445156938,              0.006760874139704097,-1956.5823424136493, 534.0066729299748,-1422.5756694836746, 3.850200757531501e-09
                      0.3894714693959142,                    -0.08682684054708545,                0.2914275711140445,       -0.08437924562404402,       0.007526805424249482,                                        0.0012367721279125446,                                           105.27223459411677,                                    0.025482037347831946,              0.009639044545492984,              0.005431493227904837,-1957.0755655686503, 810.5454141139554, -1146.530151454695,2.3511442787014748e-09
                     0.41328526786805553,                    -0.09072814289846766,               0.30302790517676254,        -0.0850605672249733,        0.00782527112303655,                                        5.126806728391581e-06,                                            91.93413404343126,                                    0.029158958504813186,               0.00979713737527019,             0.0063005223410502595,-1960.0035094660357, 195054.9485623363, 193094.94505287026,  1.25802537925237e-10
                     0.40375895011963425,                    -0.08651422672349914,                0.2996041509017231,       -0.08505990057282245,      0.0046724961765437405,                                        9.328381089506553e-06,                                           112.94208330443118,                                    0.023647008117766936,              0.009262790611986121,              0.006311866109882831, -1958.986394599277,107201.58953368202, 105242.60313908274, 3.478698394037702e-10
                     0.41018973430235006,                    -0.07901095999543813,               0.30184814349939953,       -0.07829119421447281,       0.006205845318033416,                                        8.310730081331384e-05,                                           105.47384868707749,                                     0.02548845394531681,              0.010081382545206942,              0.006445268215088607,-1957.6462973229677,12034.794695114973, 10077.148397792005,1.3286592916738477e-09
                      0.4106104394968559,                    -0.08587033839130095,                0.3013035365513091,       -0.08369977455114291,      0.0076691271934679625,                                        0.0003001367680859315,                                            92.58176097238989,                                    0.029083085660696686,              0.010082636281881552,              0.006112285594620493, -1955.631502579075,  3333.67763728714,  1378.046134708065, 9.963865775141632e-09
                     0.41011017174351017,                    -0.08549767955333387,                0.3033674253001869,        -0.0816605516277977,       0.004663251849025909,                                        0.0016589004888687008,                                            128.5232644619042,                                    0.019691856832533678,               0.00938930606057653,              0.006868184751134059,-1956.6233793530887, 604.7900584519048, -1351.833320901184, 3.695398334761579e-09
                     0.42333471377940696,                    -0.07662716896002579,               0.30870636629417836,        -0.0756703863141327,       0.004886522436511249,                                        0.0005332730434297917,                                            147.5709692484787,                                     0.01634099261383591,              0.009749370412226942,              0.007190100734510575,-1957.7249775654723,1877.3935963341935, -80.33138123127878,1.2281268714859366e-09
                     0.41409520111833487,                    -0.08861465197088791,               0.30462808232922584,       -0.08273543208055059,      0.0063836283341945285,                                        1.359050199109049e-06,                                             96.6649105913467,                                    0.028491478247384176,               0.00967966987308139,              0.006944847692734369,-1957.4858786510445, 735809.8795171077,  733852.3936384567,1.5598490509347644e-09
                     0.40480787986016326,                    -0.09218862427377361,                0.3011545928027035,       -0.08548394761532861,      0.0054497600173314805,                                        0.0008713721479556699,                                            98.04134974560998,                                    0.026511626262304498,              0.009156908596591457,              0.006910674394050755, -1952.820744982992,1149.4268516066459, -803.3938933763461, 1.656244245651538e-07
                      0.3990748008967467,                    -0.08788138033793767,                0.2953548845953629,       -0.08496288616073727,        0.00890563738505298,                                        0.0006584580133840837,                                            97.65344434618143,                                    0.025625404794300793,              0.010282602246155112,              0.005769234461832813,-1955.2233189039193,1520.5782329263789, -434.6450859775405,1.4986485097798277e-08
                       0.415683403352628,                    -0.09387042767260706,               0.30599287811886006,       -0.08580014838860767,      0.0056806475495295525,                                        5.565099282408533e-05,                                           105.26290015692774,                                    0.024471517004997112,              0.009335504703316016,              0.007000139434898092, -1956.279435989362, 17970.83417521552,  16014.55473922616, 5.212354723999231e-09
                     0.39920486652398596,                    -0.09113464795281007,               0.29437572081747027,       -0.08540284622047774,       0.011054946426786075,                                        0.0005054972138463863,                                            91.74852232388575,                                    0.028749324266375397,              0.010832566404598943,                0.0053002224947049,-1954.6108449418675, 1980.087120147985, 25.476275206117407, 2.764991803354804e-08
                      0.4127588075314217,                    -0.08423108765808034,               0.30484547893450953,       -0.08212287080391532,      0.0038601786072523215,                                         0.000490976410976806,                                           144.12223897050112,                                    0.018364929115151966,               0.00912858996272276,              0.007021459124124946,-1958.8382638469998,  2038.69656715468,  79.85830330768022,4.0341230867415243e-10
                       0.406014342361065,                    -0.08315136746905206,                0.3004249748959887,        -0.0810260420958577,       0.005614373969635051,                                       1.5921778856168146e-06,                                           141.91639788576177,                                    0.017596799587351955,              0.009817009892317166,              0.006567113634458326,-1953.5500224780385, 628072.5720493135,  626119.0220268355, 7.987358739648871e-08
                      0.4113039045083983,                    -0.07944949695534619,               0.30131143209605843,        -0.0790368051722969,        0.00750773294998368,                                        8.796837627423399e-05,                                            96.50792054080432,                                     0.02642115905704473,              0.010380037756595049,              0.006389594341647005,-1955.6108997928673,11369.828958053888,   9414.21805826102,1.0171278474523864e-08
                      0.4047636166777799,                    -0.08553259743148911,               0.29845403082499566,       -0.08547876317414785,       0.007159607119291943,                                       0.00033267413162676405,                                           110.53217011374876,                                    0.023633286723395087,              0.009817850356762355,              0.005805974450373844,-1959.5357835117406,3007.7602557890777,  1048.224472277337,2.0082612273226015e-10
                      0.4003609438887779,                    -0.08868588090298764,                0.2956490139863468,       -0.08428743256992732,       0.010008349240901014,                                        9.717475296396311e-05,                                            126.6112030924838,                                    0.021967265038450312,              0.010658359603502233,               0.00564110608076505,-1954.5790794739455,10292.633895369832,  8338.054815895886, 2.854232951298778e-08
                     0.41467188413619477,                    -0.08338790012412277,               0.30487179747376547,       -0.08005752291157774,        0.00599822652362499,                                        0.0007603014917527334,                                           138.26546918487588,                                      0.0192960177133804,              0.009873185800406937,              0.006778386976293126,-1956.9218876575655, 1317.292847761831, -639.6290398957346,2.7417051595364885e-09
                      0.4124256216936608,                    -0.08980836341686367,               0.30486890350402357,        -0.0857487836622914,       0.004471852329992766,                                        0.0032929413866743477,                                           135.62314807221114,                                     0.02024108021305526,              0.008962600140670494,              0.006882406460107427,-1957.4893695078877, 305.4194725981827, -1652.069896909705,1.5544133343751305e-09
                      0.4114044549552441,                    -0.07860913074997652,                0.3014794214373052,       -0.07703825380308986,       0.007542175674472965,                                         0.020207477826862715,                                            94.35574386525192,                                    0.029195129713573208,              0.010574192837354758,              0.006309812607073762,-1958.0096038577071,51.692771684495206,-1906.3168321732119, 9.239141228443916e-10
                       0.392991241219716,                    -0.08942113464907042,                0.2929532545330538,       -0.08463897953150953,       0.009721931283660773,                                        1.565972509888038e-06,                                           108.64531954931425,                                     0.02463160496710304,              0.010451541812525748,              0.006006862106749628,-1955.4453956614848, 638582.7500059754,  636627.3046103138,1.2001984893700987e-08
                      0.4109628939892499,                     -0.0795830407470479,                0.3009656406249953,       -0.07842073550250174,       0.007146961887990195,                                         0.002296628591507582,                                           128.65305217436287,                                    0.021751691139240494,              0.010229093565598837,              0.006265858549157812,-1957.8221189948158, 437.5593471565556,-1520.2627718382603,1.1144362933711948e-09
                     0.40384444355160976,                     -0.0803913689999149,                 0.299876048925656,       -0.07905372249312366,       0.005021806996333077,                                       3.2924256408654134e-06,                                            99.01724545896184,                                    0.026017547252006792,              0.009773410895772215,              0.006901737570923852, -1958.132940633614, 303729.6101745049,  301771.4772338713, 8.167085920613827e-10
                      0.3959036638177254,                    -0.08914183152488744,                0.2950184749308564,       -0.08387008237324238,       0.009031766188923825,                                        1.414478939877278e-05,                                           114.62329719118301,                                    0.022302866543276855,              0.010264596627546791,              0.006236322642546363,-1957.7159133926893, 70699.36942266455,  68741.65350927186,1.2393094294045843e-09
                      0.4085820623641111,                    -0.08498794650504611,                0.3015278965267684,       -0.08378875803082833,        0.00601930985423761,                                        0.0008503201774822222,                                           121.43489901045315,                                     0.02342646468375194,              0.009588059636459393,              0.006574520592275243,-1958.7139556300613,1177.9078205809606, -780.8061350491007,4.5680991083204713e-10
                     0.40559308715113734,                    -0.08712613138386235,               0.30033472323661586,        -0.0836458826218518,        0.00621009912297369,                                        5.250258927176943e-05,                                            123.6112148656357,                                    0.022062066202205674,              0.009474328915388403,              0.006479098855880056, -1957.709186191591,19048.586212576833, 17090.877026385242,1.2476746187674186e-09
                      0.3995494926253255,                       -0.08754797591752,                0.2942803188326602,       -0.08387435015386982,       0.009370190346397743,                                        7.117705246613322e-06,                                            95.88052911695873,                                    0.029016112078669706,              0.010552381005716163,              0.005312181399295284,-1954.4943873769002,140496.64963162097, 138542.15524424406, 3.106495480005178e-08
                      0.4082287454033196,                    -0.08354862532384327,               0.30077406861411227,       -0.08206837583569955,       0.006446578262159192,                                        3.596628475621235e-06,                                           104.82676002447612,                                     0.02423231932208837,               0.01000318140635949,             0.0063719172898926875, -1956.865887060499, 278040.1455042638, 276083.27961720334,2.8996227574815604e-09
                      0.3959037875225431,                    -0.08847870078883385,                0.2936485346444453,       -0.08545630097157247,         0.0065759749774472,                                       0.00029685747326889373,                                            94.45110051117857,                                    0.027652940277634954,              0.009406287762291094,              0.005016268691865949, -1954.769821299074,3370.5025640873905, 1415.7327427883165,  2.35858370368944e-08
                       0.412659102027026,                    -0.08259117299931701,                0.3024391506201701,       -0.08178040718432363,      0.0076526684759446965,                                       1.7721498707118965e-05,                                           144.46274549898177,                                    0.017871125474593907,              0.010066072163291537,             0.0061823346515508994, -1959.226336525147, 56430.58362024383,  54471.35728371868,2.7365999980470107e-10
                      0.4043357514716319,                    -0.07956035747320633,                0.2998938324970543,       -0.08123844868401618,       0.004703494457912366,                                       0.00017811731447969688,                                           123.70480113962377,                                    0.022265588333610784,              0.009626192536573444,              0.006808742968138733,-1959.2089555029502, 5616.337010531618,  3657.128055028668, 2.784580672029429e-10
                     0.40498054557295937,                     -0.0825849605775308,               0.29882975665158085,       -0.08281156486067918,       0.006559446689881006,                                        8.619209950494204e-05,                                           110.93442681249883,                                    0.023807074363024677,              0.009933313375295356,              0.006050633332365746,-1958.6580854319832,11603.954122659354,   9645.29603722737, 4.830583976259005e-10
                      0.4130543693912943,                    -0.08072836537433765,               0.30270729019421033,         -0.078004989165178,       0.006545882212356745,                                       2.0901588568882993e-06,                                            97.26110424144667,                                    0.026702587545009232,               0.01018417422195713,              0.006504413356849988,-1959.3951348866526, 478434.6802633505,  476475.2851284638,2.3115491136513763e-10
                      0.3912052122670792,                    -0.08659099736639506,               0.29219966804274267,       -0.08357645916026003,       0.007993814189767974,                                         0.005957617167064585,                                             85.8494790693847,                                    0.029282652075092945,              0.010195572493074616,              0.005790823782446157,-1956.8498324960533,169.87344227206384,-1786.9763902239895,  2.94655063324929e-09
                     0.40307620187093035,                    -0.08234113339220603,               0.29920367164095457,       -0.08121891876962302,        0.00585318919839815,                                        3.279432116860853e-06,                                            93.71779201127045,                                     0.02822314425171882,              0.009748663367882264,               0.00669540795053524,-1957.4973724358865, 304932.9082497443,  302975.4108773084,  1.54202312149987e-09
                      0.4052656462934848,                    -0.08583168873271974,                0.3004456237267964,       -0.08346688297097572,       0.005796386265370239,                                       0.00023374290643448953,                                            151.8202135906984,                                     0.01716026484919159,              0.009567573892635059,               0.00636513205607006,-1956.6304812141002, 4280.125525932522, 2323.4950447184215,3.6692471005358077e-09
                     0.41315533060507237,                     -0.0802584364256049,               0.30168927331205697,         -0.078971395333084,        0.00850103336888528,                                          0.07224613404369323,                                           101.90327761456463,                                     0.02715562975004404,              0.010711135871383745,             0.0062385674183582885,-1956.8126583147491,15.931430554941198,-1940.8812277598079,3.0581476534276205e-09
                      0.4052068967089888,                    -0.08479147915548671,               0.29991823165937426,       -0.08337069410197351,       0.005583318553809656,                                        3.902221494945758e-06,                                           117.25333693231404,                                    0.023940615350829714,              0.009500480638255239,              0.006418754482275259,-1955.7891379245816,256266.21531198575, 254310.42617406117, 8.510747536218512e-09
                     0.41249993410127156,                    -0.07667574849484865,                0.3022327174718886,       -0.07618575091853073,       0.006666946681535355,                                          0.02642256824310983,                                            89.62385360918458,                                    0.029881816819813507,                0.0104665333373814,              0.006460806081032902, -1958.965530079127,40.091824552705205,-1918.8737055264216, 3.552042248236757e-10
                      0.4107016845357626,                    -0.08316189062477616,                0.3024768062145696,       -0.08051505271883994,       0.006009487218105647,                                       5.6065237388796504e-06,                                           101.33593085842705,                                    0.026339121300860576,              0.009784688931481489,              0.006588186935285326,-1958.9341557679431, 178365.6798991425, 176406.74574337457, 3.665251776244736e-10
                      0.4130223711447894,                    -0.07984021038199714,               0.30358989815752846,       -0.07834332397434998,       0.005086118969310729,                                         0.001549379542509925,                                           103.35951845606589,                                    0.025837443228755547,               0.00978439016535517,              0.006896982716949916, -1955.567690164859, 647.5544232176239, -1308.013266947235,1.0620409140514434e-08
                     0.39678643596781116,                    -0.08970755232551916,               0.29490142302474204,       -0.08485369570844721,       0.009201739976100274,                                        5.495071401046179e-06,                                           102.61974627634298,                                    0.025246736366614585,              0.010175305505467448,              0.005904719561026806,  -1956.66753454751, 181983.1536410041, 180026.48610645658, 3.535777285397173e-09
                     0.42086850499857376,                    -0.07506585840193922,               0.30668906161045517,       -0.07451631320078654,       0.006950777409809529,                                         0.001433945707481796,                                            95.23927845426198,                                    0.026818093009705928,              0.010475268316744701,                0.0068381450876042,-1959.4218843011727, 699.6331913656868,-1259.7886929354859,2.2505361961478794e-10
                      0.4156930300350846,                    -0.07995963613421526,               0.30594907236715646,       -0.07753282798144034,       0.003815160719742747,                                        0.0002228318154757475,                                           145.50617956768363,                                     0.01717005442690187,              0.009407687387922529,              0.007448446392650129,-1954.6249220954892, 4489.842583034008,  2535.217660938519,2.7263412719773814e-08
                     0.39495529878660274,                    -0.08888672701521884,               0.29382838713380643,       -0.08498508886585335,       0.009086904383378298,                                         0.001192550071951754,                                           122.48057962150092,                                    0.020672567904749126,               0.01052931727854731,              0.005919664634308676, -1954.522870909424, 840.4453833471171, -1114.077487562307,3.0192598029513555e-08
                     0.40762209859470705,                    -0.08513012498336739,               0.30056832091398217,       -0.08303867583835217,       0.006409906833546031,                                         0.002167458828220476,                                            90.24768840235573,                                    0.028176323173833603,              0.009883990764810915,              0.006220978782323215,-1959.4819865363474,463.29817690703794,-1496.1838096293095, 2.119258497241149e-10
                     0.40616112630063744,                    -0.08414279225365259,                0.2997374692969865,       -0.08345922014357961,       0.006066235384249718,                                        3.321299687647376e-06,                                           147.66434689877096,                                     0.01733052015486831,              0.009645668173130211,               0.00614745552522727, -1959.082550409435, 301088.8679393889,  299129.7853889795,3.1597799495692234e-10
                      0.4090574568545301,                    -0.08429890000371973,               0.30053695209048126,       -0.08326083068960291,       0.007388275361723968,                                       0.00029188792639958373,                                           109.52380822494702,                                    0.026646334507965542,              0.010080159892653377,              0.006162493721016015, -1957.418859012732,3427.8736054817036, 1470.4547464689717,1.6679722926390712e-09
                      0.4266121722759535,                    -0.07518718439612386,                0.3107961395006062,       -0.07349956153013583,       0.004963519372765037,                                       0.00017064705056602108,                                           108.43307519794062,                                    0.024193474651871074,              0.009993917841380073,              0.007618318095144969, -1959.212920183952, 5862.310441899147,  3903.097521715195,2.7735625540348834e-10
                      0.4116100175382774,                    -0.08385584396629435,               0.30254360455591994,       -0.08178746551850434,       0.006650968608521741,                                       5.2985890351151985e-05,                                           154.09208355484753,                                     0.01735464767372794,              0.009955071302579522,              0.006559660961497126,-1955.0359827070101, 18874.90715915922,  16919.87117645221,1.8074190806651553e-08
                      0.4176939710995131,                     -0.0748123691491813,               0.30493121079758245,       -0.07497357409275245,       0.007129395673116822,                                         0.005838020928937383,                                            90.97526643930802,                                    0.029216516661828007,              0.010559658198898023,              0.006861041695774921,-1957.8542680902642, 173.5530722484763,-1784.3011958417878,1.0791779729188024e-09
                      0.4069761934296957,                    -0.07916076107872702,               0.29998176974172325,       -0.07880647295763035,       0.006740090712028219,                                         0.007377115280503647,                                           107.00843050360531,                                    0.025148342358108734,              0.010352913032134526,              0.006432270226659712,-1956.2636442445896,137.71101241946278,-1818.5526318251268, 5.295320260603273e-09
                      0.4180784101833122,                    -0.07759269396176785,                0.3062149145194945,       -0.07629096042234668,      0.0053501984693526605,                                         0.005205335988086848,                                           133.50316990286666,                                     0.01898602838678153,              0.009915549380205883,              0.007113767900397078,-1956.1863434029842, 194.3045802082083,-1761.8817631947759, 5.720889512150359e-09
                      0.3966673302762121,                    -0.09014271368762244,                0.2933962100439671,        -0.0859919385538916,       0.009424745900859536,                                        0.0008459546107559417,                                            86.98839816619925,                                    0.028010255759370637,              0.010207784718361139,             0.0052067671299994905, -1959.248631436963, 1183.931741902399, -775.3168895345641,2.6762628474013457e-10
                     0.39955011818410774,                    -0.09047818452900987,               0.29425197422198607,       -0.08627686985937859,       0.011473386043931222,                                        1.885370554607925e-05,                                           111.68525161338819,                                    0.021091515241513904,              0.010826160744605651,              0.005210347539955747,-1957.6897391016332,  53041.7545477248,  51084.06480862317, 4.595999372843228e-10
                     0.41514618171899226,                    -0.08382032804269232,               0.30491954905128343,        -0.0809950333721507,       0.005889746248060901,                                        0.0001621416377931738,                                           109.32837570766794,                                    0.026524308917153457,              0.009487970726463792,               0.00673708422656653,-1951.3063279935745, 6169.421330727114,  4218.115002733539, 2.720571728729364e-07
                      0.4116605140402877,                    -0.08285607721878556,                0.3039741205295145,       -0.08097551749875358,        0.00507456890304591,                                        3.008270391095585e-06,                                           136.73129149106703,                                    0.019809447170698893,              0.009434122346260596,              0.006941731614579297,-1952.6762746058926,332418.93375894165, 330466.25748433574, 6.913531189879336e-08
                     0.39782338521331706,                    -0.09241645033310701,                0.2940673263016513,       -0.08746700493319173,       0.008856595732284535,                                       0.00026624230272670495,                                            92.79985543428693,                                    0.027363725739643206,              0.010263878396294293,              0.005037807690376745,-1958.4008289664748, 3757.721634334644, 1799.3208053681692,2.2571351099877653e-10
                     0.39506962908149473,                    -0.09381885423953167,               0.29335975782710455,       -0.08861681698006098,       0.009613865610865828,                                        2.828247233365136e-05,                                            98.45170275707981,                                     0.02739335882457293,              0.010153504799757622,             0.0054632369251526895, -1956.091050976493,35359.283517915086,  33403.19246693859,2.2734289801353215e-09
                      0.4161623250864605,                    -0.09925535441890326,                0.3040332922727738,       -0.08949249268999192,       0.009050557336284655,                                        9.272483900752914e-05,                                           112.93015394193998,                                    0.021969770899270383,                0.0099599181761134,              0.006030927609799525,-1951.1756242005172,  10786.0668564311,  8834.891232230582, 3.100445607957662e-07
                      0.3960093100611462,                    -0.09112033204008144,               0.29303602549989755,       -0.08786140112889751,        0.00979058289861183,                                       1.4966434207026929e-05,                                           113.18006644808773,                                    0.021979348799695334,               0.01021232226214395,              0.004996774277505902,-1958.5272096440617, 66817.91433494807,  64859.38712530401,1.9891664489288817e-10
                     0.39540538587946933,                     -0.0882086534656414,                 0.294133488852165,       -0.08525218342532226,       0.005838535984578215,                                        9.856922567943866e-05,                                           120.27758777389836,                                    0.021409425449977995,              0.009397769125163697,              0.005469410722199272, -1957.859664574023,10147.053660009935,  8189.193995435911,3.8777719582745146e-10
                        0.40634317980698,                    -0.08454738941269878,                0.3000661319481512,       -0.08398291228282383,       0.005459263310874315,                                       3.1563909557292677e-06,                                           132.68926253087452,                                    0.019719862892307507,              0.009599012051126555,              0.006194510167277003,-1949.5210540475387, 316819.4235158352,  314869.9024617876, 1.621790694332066e-06
                        0.40887966930466,                    -0.08158713032233599,                0.3008043597294408,       -0.07979560983740502,      0.0073665673015820875,                                        0.0004366790402894674,                                           125.45201273861414,                                    0.023150061464192368,              0.010376188824049745,               0.00647229371558292,-1952.2783959611847, 2292.095965713812, 339.81756975262715,1.0291920582811976e-07
                      0.4091116404879992,                     -0.0928571663078857,                0.3024061767478715,       -0.08621216071723506,       0.006151006073121318,                                       3.4865286354946603e-06,                                           102.50507743304419,                                    0.025754025950540972,               0.00935295484942841,              0.006478556685861903, -1947.657540327899, 286819.9712622182, 284872.31372189027,1.0454626683779723e-05
                      0.4160610188080098,                    -0.09731181528179515,               0.30616871626832276,       -0.08944277106670141,       0.005323113726352311,                                        6.464612896729804e-05,                                           117.02732196606712,                                    0.020141281206836215,               0.00910679658725689,             0.0067164415405766426,-1949.5859913649078,15470.322714361926, 13520.736722997019, 1.519822555557266e-06
                      0.3971327957803908,                     -0.0894614022679389,               0.29309468122233195,       -0.08655113780447268,       0.009541707922354606,                                         0.016856052927845054,                                               99.13666608248,                                     0.02524438110649313,              0.010412826459341959,               0.00490423946871395, -1952.148425595215, 61.12663269292446,-1891.0217929022906,1.1720383951269829e-07
                      0.3982902635225732,                     -0.0933548099372529,               0.29509631803126124,        -0.0876040004335346,       0.010367329363955118,                                         0.004111385789395221,                                           105.49050498943757,                                    0.025398692797865715,              0.010231361947943954,              0.005845191405701569,-1947.7567772891584,244.94986135654383,-1702.8069159326146, 9.466958315766686e-06
                     0.40863863728656963,                    -0.07794941842543852,               0.30126241852954033,        -0.0778743994304773,       0.005378270122433237,                                        0.0001927475388616253,                                           125.67333315826768,                                     0.02146632102839076,              0.009961729723938611,              0.006742696163545211,-1952.7067642939487,5190.3274840022395,  3237.620719708291, 6.705920850768232e-08
                      0.4134062439742698,                    -0.08558654457169047,                 0.303046660172363,       -0.08292566715159866,       0.007268910293313775,                                        2.909423806841625e-06,                                            117.7925081705106,                                    0.022469861832739434,              0.009822284369473373,              0.006222415375409977,-1956.4487970656205, 343712.5480341142, 341756.09923704853, 1.589696577957264e-09
                      0.4159364262238361,                    -0.08267645690052744,                0.3050250153451781,       -0.07944500736307285,        0.00633804368941121,                                       0.00024292736144411033,                                           112.63104413510138,                                     0.02262357590086692,              0.009753810829357152,              0.006667087425333821,-1955.7551710926477, 4118.502877822076,  2162.747706729428, 3.180915789718629e-09
                      0.4065453039954669,                    -0.08089535933273333,                0.2990034851884398,       -0.08019987910338944,       0.007573076208595634,                                        4.704604088763386e-05,                                            128.0733352928856,                                    0.022510801876878053,              0.010389809907537005,              0.006205273320633447, -1956.295277856288, 21257.85620034867, 19301.560922492383,1.8534752230815223e-09
                     0.39618832899673323,                     -0.0902258005454271,                0.2932734301676182,       -0.08564677038272642,       0.010388917709325086,                                       1.4936506508808375e-06,                                           111.65209157340057,                                     0.02282985740192091,              0.010653535901081179,               0.00521738095507772, -1959.084258763994, 669502.4460564737,  667543.3617977096,1.1395877351517254e-10
                     0.39221426303120355,                    -0.08762373826721459,                 0.292227330329392,       -0.08519613061711671,       0.008660868274170744,                                         0.004795978697875761,                                            132.6581814436061,                                    0.019761540335128468,              0.009898158962655841,              0.005520451582939501,-1955.5059109433719,210.42471764037566,-1745.0811933029963, 4.081356010842017e-09
                      0.4164623443689421,                    -0.08286111033459462,               0.30547448502384295,       -0.07903459775075972,       0.005972406815496637,                                       2.0198694052536667e-06,                                            124.0001623490255,                                    0.021682294933674757,               0.00976633992462499,              0.006840257905285105,-1953.8526416124519,495083.57523969945,   493129.722598087,2.1321130425302414e-08
                      0.4157184327558679,                    -0.08298424241670334,               0.30457177005054953,       -0.07986293883734313,       0.006643086036379876,                                         0.016212173401455466,                                           129.33324427206463,                                     0.02067917280712716,               0.01011914756838694,              0.006789426132932414,-1949.6707521440844, 63.70795474298534,-1885.9627974010991,1.3963096737898393e-06
                     0.41032296014359776,                    -0.08075185165252315,                0.3016933864227983,       -0.07967779415734928,       0.006376377877261475,                                       0.00036883457587180994,                                           137.05858296342356,                                     0.01808035633691444,              0.009999219564465776,              0.006445702511663292, -1955.275696018582, 2713.324587404485,  758.0488913859031,5.1378988589458246e-09
                      0.4135632356093923,                    -0.08352173514163805,               0.30236861035722656,       -0.08188104310302471,       0.007957995401042774,                                        6.510595456667788e-06,                                           121.62955410966089,                                    0.023312386085958654,              0.010358327545670412,               0.00611865361323127,-1952.6806145247306, 153597.7163417231, 151645.03572719838, 6.883592039364557e-08
                     0.40059618958469473,                    -0.09511037674073428,               0.29462783141297405,       -0.08935381258865828,        0.01220915394784386,                                       0.00034307144522746516,                                           112.88935401079421,                                     0.02125969602462015,              0.010872601523404635,              0.004945526319271904,-1957.9060402010286,2916.4365398734362,  958.5304996724076,3.7020440910184576e-10
                     0.40031789531142287,                    -0.08882863883958417,               0.29437331116558596,       -0.08578461249063583,       0.011493190053633291,                                       0.00025990575153342615,                                           104.11319401191147,                                    0.023527977630306562,              0.010943728071032548,              0.005433754948751375,-1954.5824330227229, 3849.356684584683, 1894.7742515619602,1.0276987881397526e-08
                      0.4046222519538506,                    -0.08909667775281721,               0.30094037142048413,       -0.08396944391586039,       0.004559676220786394,                                       5.2375305766966596e-05,                                            80.58871160034448,                                     0.03211187219173371,              0.009196653181671894,              0.006978268699780448,-1952.6244168974877,  19094.8714015316, 17142.246984634112, 7.281509879155489e-08
                     0.39489354377045965,                    -0.09163851400246217,                0.2933762029667003,        -0.0863957960318053,       0.010338101482009528,                                       1.9059599145663423e-05,                                           113.84525838894484,                                     0.02153724374303594,               0.01052898155037078,              0.005458392080074995,-1957.3388884927485, 52468.81877511555,   50511.4798866228, 6.527583623182449e-10
                       0.412143514336624,                    -0.09430686557350897,               0.30314643536429114,       -0.08660470295176534,       0.007100899377436099,                                        1.797586714455482e-05,                                           102.31467227998809,                                     0.02540397215991465,              0.009686845784571145,             0.0061650867212208185,-1949.6497205225337,55631.821018660026, 53682.171298137495,1.4259873210064534e-06
                     0.41254771773595583,                    -0.07772864342075128,               0.30185856216132056,       -0.07785864362507326,       0.007203071243833116,                                        0.0001688230225044844,                                           127.01368104625983,                                    0.021678377534516884,              0.010338077404558207,              0.006404698883157806,-1950.4991521307697, 5925.519309740052, 3975.0201576092827, 6.098348003548564e-07
                     0.39965035482767736,                    -0.08903582875072001,                0.2942529348529136,       -0.08511086155418833,       0.012270233255584906,                                        0.0003147186379790304,                                           101.30559629530451,                                     0.02627893107888589,              0.011191245096135996,              0.005619478630536454,-1946.9420065794716,3179.2863244237556,  1232.344317844284,2.1382618528702113e-05
                     0.41299862069309823,                    -0.08599946962081179,               0.30515710379375965,       -0.08345758747845229,      0.0039724056220165884,                                        8.765383907750716e-06,                                           140.51102762686762,                                    0.018386880713710703,              0.009076832709724267,              0.006979740242200132, -1952.610744018683,114086.99870870098, 112134.38796468229, 7.381752824392676e-08
                       0.413937497460507,                    -0.08053739719890589,                0.3022863218763514,        -0.0786110676644629,       0.008621182751426574,                                        6.421853481385191e-05,                                            97.35646183151208,                                    0.029427142954133463,              0.010567345058342387,              0.006281807149038886,-1958.4922083894548,15573.928417277855,   13615.4362088884,2.0600225631105444e-10
                     0.40857640702072423,                    -0.08137238457570317,               0.30072944582937794,       -0.08002736665598717,      0.0071415002172816565,                                         0.002284943818361944,                                           119.32261384073011,                                     0.02252071556569223,              0.010336595680463107,              0.006556049310734312, -1955.991221885119, 439.7247459613697,-1516.2664759237493, 2.512098217210216e-09
                      0.4125594305194471,                    -0.09070626822204207,               0.30494721118486273,       -0.08533787719711625,        0.00470995308515826,                                       1.3697672301264746e-05,                                           136.17880628715497,                                     0.01869536664774113,              0.009146109751682027,              0.006942417350634083, -1949.182392010844, 73006.86366490785,  71057.68127289701, 2.275484376169871e-06
                     0.39333016745525334,                    -0.08780638079714027,               0.29344373590836037,        -0.0839840561829582,       0.008025905249241447,                                         0.000368803408615656,                                             109.163181377058,                                    0.023567051253759762,               0.01011923006296795,              0.006159790380715814,-1955.5533675337915,2713.4508067112693,  757.8974391774777, 3.892192791310331e-09
                      0.3949145607282026,                    -0.08633894844090427,                0.2934638289669292,       -0.08320689527856974,       0.008948387828918014,                                          0.03489497171499209,                                           122.92048966483044,                                    0.021646074266270805,              0.010282953004688677,              0.005877353114417313,-1955.7508768527637, 30.66140839327408,-1925.0894684594896,  3.19460477603025e-09
                      0.4222097949565653,                    -0.07743371008762659,                0.3071704201697141,       -0.07588644747689192,       0.006770057487006566,                                         0.003220649838296531,                                           123.97042256115611,                                    0.020105827852385058,              0.010264404187156932,              0.006878312544324735,-1955.5246497280991,  312.671506906221, -1642.853142821878, 4.005588472043472e-09
                      0.3994365103109904,                    -0.08980029980935865,               0.29501550787363007,       -0.08471562322816502,       0.010339184495075095,                                        9.193625893749866e-05,                                           101.04276015638239,                                    0.026026530672226815,              0.010817310684941787,              0.005624077360716469,-1958.6849456142932,10878.979648037512,  8920.294702423218,1.6988978391088747e-10
                      0.3984526286811875,                    -0.09457332019018673,                0.2942303536204693,       -0.08848358291027075,       0.011768688039921963,                                       2.1752918607199213e-05,                                             92.2100066515402,                                    0.027008717447735628,               0.01078930445699893,              0.005403107555418434, -1949.851128950852, 45972.50667141603, 44022.655542465174,1.1658564910297628e-06
                      0.4105951218491651,                     -0.0860339007287086,               0.30221360394638436,       -0.08351836373340138,       0.006474349342295626,                                        5.835601241025441e-05,                                           107.45929764867512,                                    0.023370762619134684,               0.00977258821942013,              0.006424665169221338,-1952.9660984845955, 17138.07078196525, 15185.104683480653, 5.174054693687074e-08
                     0.39940885695684525,                    -0.09056627167335146,               0.29481699084794444,       -0.08589848595039033,       0.010777241836054679,                                       2.9668027325090376e-05,                                            86.35896618181047,                                    0.030043004684861277,               0.01071249205140254,               0.00582110741407414,-1952.4941553752383, 33708.13217624411, 31755.638020868868, 8.294559051957983e-08
                     0.39599992360995495,                    -0.08602794053981581,               0.29251648228262395,       -0.08338547399938268,        0.00842984212823705,                                        0.0019218205960983969,                                            100.7765568135673,                                     0.02801018141170737,                0.0098883986505024,               0.00478131483330343,  -1942.25971565791,  522.327347061086,-1419.9323685968238, 0.0023096916165534216
                      0.4078813149398109,                     -0.0879763564894791,               0.30127901223832415,       -0.08385892473535433,       0.006408411953558904,                                        8.559307308622945e-06,                                            117.5686157678814,                                    0.022495483199516563,               0.00959511432575113,              0.006566760451699714,-1951.3624681873011,116833.76001706102, 114882.39754887372, 2.572046431459333e-07
                      0.4000169921041289,                    -0.08913977208460319,                0.2956260165393524,       -0.08540657296268134,        0.00954821223146365,                                        3.875974180278649e-06,                                           116.34714198731253,                                     0.02133095579289998,              0.010437410932400826,              0.005585590470449899,-1955.1485876635556,258001.49479347427, 256046.34620581073, 5.834289940479247e-09
                      0.4069133336537699,                    -0.08682943872865677,               0.30124378173930816,       -0.08593045794816297,        0.00503574307866696,                                        0.0004745916355315716,                                           109.42225145066043,                                     0.02504631625048611,              0.009185092159870997,              0.006300063600429684, -1951.507907655035, 2108.853666434233, 157.34575877919815,2.2238999550700642e-07
                     0.41540050924638994,                    -0.09043945845999134,                0.3038234917538872,       -0.08464542241126342,       0.008080148157919602,                                        0.0004457563237065569,                                            87.84747603951678,                                     0.03130469513853677,              0.010013039645358213,             0.0062079556836696255,-1947.2047148280076,2245.1431463077197,  297.9384314797121,  1.64425111642229e-05
                       0.393142987334124,                    -0.09045256657710861,               0.29407851093255255,       -0.08627761904635568,       0.007515320330130719,                                          0.00110389585737882,                                           140.22575506274845,                                    0.018276318571507685,              0.009908376634558649,               0.00614008934607668, -1954.442098958039, 907.7359958695258,-1046.7061030885131,1.1825299646359421e-08
                      0.4108987252187433,                    -0.08401774497282634,                0.3016528478773888,       -0.08333513690354752,       0.006885724608088715,                                        7.528228799353047e-05,                                           138.03497491184947,                                     0.01852591519570513,               0.00976511929654696,              0.006085501523977982,-1953.1063499142597,13285.218719981456, 11332.112370067196,4.4969762429796894e-08
                      0.3903110904173548,                    -0.09390447675410456,               0.29271063689495896,       -0.08940984906125365,       0.007887799770142864,                                        5.374874428970189e-06,                                            130.6506140205425,                                    0.019102607587115007,              0.009895770094321804,              0.005797839137808007,-1957.1170217663307, 186052.5531217024, 184095.43609993608, 8.149067950669637e-10
                      0.3957708064193318,                       -0.09525470387037,               0.29409872160564154,       -0.08936217015024031,        0.00999608748876866,                                         0.004499368683295647,                                           119.19773477572227,                                     0.02196630037639538,              0.010330293785247267,              0.005319226162285159, -1953.414640001923, 223.8957661855412, -1729.518873816382,3.3039381549611775e-08
                     0.42049926975751495,                    -0.07805298124850037,                0.3080346890897592,       -0.07678124701097355,       0.003923986721229896,                                       1.5557284915874024e-06,                                           137.47288598478968,                                    0.018002442882591813,              0.009507036247188638,              0.007293643175555905,-1952.7599237241752, 642787.8349998741,  640835.0750761499, 6.358747442794117e-08
                      0.4118820922314245,                    -0.08272083331357959,                0.3017338708987848,       -0.08193697444653122,       0.007331895608759685,                                       2.3380499964874497e-05,                                           114.97029745708538,                                    0.024707024296740612,              0.010174874863281355,              0.006175705549354447,-1951.0497421638652, 42772.63445999156, 40821.584717827696, 3.516365340142796e-07
                     0.39979062187645387,                    -0.09147947789279878,                0.2947811831089512,       -0.08674958096757447,       0.011263340498882498,                                       1.1561355606821653e-06,                                             112.832182800703,                                     0.02400635423745317,              0.010814203821059928,               0.00533344950101196,-1953.7180001158645, 864952.2285998461,  862998.5105997303,2.4394071130155383e-08
                      0.3916320880761625,                    -0.08795122063891979,               0.29235262807868484,       -0.08481373859454576,       0.008393790550660895,                                       0.00013055861748759154,                                            99.28176560713716,                                    0.026201985133408462,              0.009924497405657692,               0.00561841006550041,-1952.3110508379018,7661.3400689703385,  5709.029018132436, 9.961267288191915e-08
                      0.3996966927210374,                    -0.08628786519363722,               0.29397552337714855,       -0.08261215735273897,        0.01177793612124467,                                        4.544783525977984e-06,                                             93.6091549857101,                                      0.0277563728905198,              0.011287783956951309,              0.005460051182569645,-1951.8250914595496,220034.46710669517, 218082.64201523561, 1.619437046402715e-07
                     0.40556850641239134,                    -0.08860456267374948,               0.30101051055509165,       -0.08594175414903982,       0.004889664879240926,                                        0.0015735056067406514,                                            85.72910029130205,                                    0.030564789614383144,              0.009165654810632088,              0.006595118596360592,-1952.9511377311005, 637.3134363120237,-1315.6377014190768, 5.252044388166601e-08
                      0.4159644496444748,                     -0.0831784331024053,               0.30551509279748046,       -0.07969093274653219,       0.005570742188665715,                                         0.002409136159464421,                                           127.39020351314191,                                     0.02128032028809309,              0.009539134174314984,              0.006982730199858892,-1950.6993527123454, 417.1211530190647,-1533.5781996932808, 4.991903669146955e-07
                     0.39539944832152235,                     -0.0914590534305038,                0.2939289693005852,       -0.08728322798824771,       0.009019116347648825,                                         0.006280493135315403,                                            90.00948542194098,                                    0.028695762423160916,              0.010225641482618465,              0.005696552082148995,-1956.5294981526863,160.99911870262636,-1795.5303794500599,1.4664464298022718e-09
                      0.3980249081542606,                    -0.09024091011320325,               0.29311147679069116,       -0.08649098293289273,       0.010978467249839665,                                        0.0002906369368859175,                                           129.21370046664532,                                    0.019755160102031717,              0.010793322335987244,              0.004996746990426096,-1953.9220774361188,3442.5047558216747,  1488.582678385556, 1.989090905710123e-08
                     0.41126681029826634,                    -0.09122576817821797,                0.3046463057911062,       -0.08530823552472853,       0.004512976450275496,                                       2.2247724551625602e-05,                                           102.32708432118048,                                     0.02553645094889659,              0.008971222697385414,              0.007017308432535594,-1953.2364258736802, 44950.18971841747,  42996.95329254379, 3.948474356703327e-08
                      0.4153050551040524,                    -0.07273878118147685,               0.30327507347979815,       -0.07496349924171115,       0.006489474675454795,                                       0.00010585017339967588,                                            148.7259647892661,                                    0.017159441700651347,              0.010417365438461758,              0.006510657495180461,-1956.6435878324423,  9449.59786987754,  7492.954282045097,1.3083311577861313e-09
                     0.39902291773823856,                    -0.08980120651850232,               0.29508495868150936,       -0.08589785960140456,        0.00993231365555082,                                       3.1733357873902044e-06,                                           116.57800163315204,                                    0.020750046886675734,              0.010483556846720548,             0.0057705961672587305,-1956.3320380381342, 315127.6254848525,  313171.2934468144,1.7865782424688426e-09
                      0.4082439880145453,                    -0.08476022043518541,                0.3018099168983709,       -0.08152846522669148,       0.005724283355986024,                                        0.0011121795713175293,                                           117.14428528151785,                                    0.023235582127758583,              0.009799139384884942,              0.006808668696935073,   -1950.2330529297, 901.1383054675741, -1049.094747462126, 7.957517795427343e-07
                     0.39093782371687685,                    -0.08868761230448878,               0.29231190149394914,       -0.08570456670700875,       0.007857519112938255,                                       5.6462383628071126e-05,                                            106.8315123699548,                                    0.025231575254681383,              0.009869600114743186,              0.005669643657136174,-1952.8724008257454, 17712.81030873568, 15759.937907909934, 5.682289959841803e-08
                      0.4096205914170651,                    -0.09807044585990782,                0.3049320456823508,       -0.09061864494785722,       0.003527249498919298,                                         0.006605841176349722,                                            134.5447404983043,                                    0.018455223236677337,              0.008319833361129892,              0.007085335361681009,-1956.1084051391786,152.86058832998705,-1803.2478168091916,2.2343158928261998e-09
                      0.4113077029282979,                     -0.0807154810342988,               0.30144383091427607,       -0.07972044878718083,       0.007480697622096623,                                         0.001934249115128672,                                            84.42432336335925,                                    0.030917738658457896,              0.010316948087586585,              0.006263033196706103, -1958.080229556435,  519.069050528727,-1439.0111790277078, 3.110227170585212e-10
                      0.4094268420469272,                    -0.08757180830246575,                0.3033382152470815,       -0.08431124084669733,       0.003744987580770613,                                        0.0016672806789401946,                                            130.5104999429347,                                    0.021420979419719308,              0.009096597762601763,              0.006869834569876484,-1952.3509739290453, 601.6259038906506,-1350.7250700383947, 9.571416509460857e-08
                      0.4087617047168794,                    -0.08587750643684804,                0.3014139985890444,       -0.08341888632272895,       0.006600738004886713,                                         0.000485688184840607,                                           101.93228792773192,                                    0.027748248964744163,              0.009710853963788405,              0.006378193634293818, -1952.479645088853,2060.8300115005277, 108.35036641167471,  8.41579292119708e-08
                     0.41103493898694815,                    -0.08288533577102042,                 0.300632431936503,        -0.0810581843553466,       0.008792502240098204,                                         0.007603020317355204,                                            115.8491873509294,                                     0.02409479733452307,               0.01059070859605319,              0.005948281537298423,-1953.6187868026677,133.52122857254588,-1820.0975582301219,2.6938417550970415e-08
                     0.41984819790634265,                     -0.0950983946817074,               0.30664821096867917,       -0.08620139515342402,       0.006996649254738927,                                       0.00010983742774491348,                                            106.1952323310796,                                    0.023427053901998802,              0.009454427944070075,              0.006519312580268666,-1950.8906412852643, 9106.003145043023, 7155.1125037577585,4.1227844023872855e-07
                      0.4228342969589693,                    -0.07692324793879267,                0.3074443048018977,       -0.07547478991420578,       0.006535906577620467,                                        8.864057395141236e-05,                                           128.74678630107232,                                    0.019413214192209705,              0.010230828495642205,              0.006887190536788365,-1955.5323661291154,11283.706160620352,  9328.173794491237, 3.974798691011533e-09
                      0.4078501621290773,                    -0.08533221940889094,                0.3015911837121226,       -0.08342480137168065,       0.004910473060884295,                                          0.00145838392134361,                                            87.95526552600617,                                     0.02987566324842983,              0.009467029856124506,              0.006459332902628841,-1954.5045232963198, 687.6012187377643,-1266.9033045585556,1.1109681505276715e-08
                      0.3969241603357199,                    -0.09163627571629873,               0.29335051775645454,       -0.08656435301793954,       0.011345743297540465,                                        0.0002840797470281293,                                           119.30401341953649,                                    0.023709467724030247,              0.010745115765817515,              0.005093431916492741,-1956.7629163266688,3521.9244058554095, 1565.1614895287407, 1.161165109171477e-09
                     0.40841109515885315,                    -0.07950552298637167,               0.30136185019178213,       -0.07915658159083792,       0.005670759210689784,                                        7.749902873937055e-05,                                            94.08830438741448,                                    0.029133125434952598,              0.009808152848177602,             0.0067782612122191934,-1951.9574517898886,12905.518957963299,  10953.56150617341, 1.418667791557176e-07
                     0.41314183542543853,                    -0.07627877370804485,                0.3019395638870421,        -0.0767240070012051,       0.007329238915926298,                                        0.0013270933620290126,                                           123.54801566672487,                                    0.022300276998726415,              0.010525325131999566,              0.006281537539874241, -1956.829283614597, 755.7353523700195,-1201.0939312445776,1.0866033276483953e-09
                     0.40715668772021235,                    -0.08392029403383401,                0.2998822006661065,       -0.08152356571368108,       0.007873045993196581,                                       3.1732089819844545e-06,                                            112.3156596917317,                                    0.024264308655549863,              0.010081720691179965,              0.006360243338500132,-1956.7276482905168,315140.40405485046, 313183.67640655994,1.2028478357293686e-09
                      0.4204632173707454,                    -0.08013338248387483,                0.3063814540032404,       -0.07694783115946473,       0.006591792170531304,                                        0.0009951066327762337,                                            114.6619115377474,                                     0.02220522115747159,               0.01016207796839219,              0.006812212931000371, -1954.203220861294,1007.0530356574777, -947.1501852038164,1.5016046123070732e-08
                      0.4123085149773461,                    -0.07670350996010498,               0.30139809755897445,       -0.07726637748868714,       0.007872251281403406,                                         0.009342107994020084,                                           128.34844370675398,                                    0.020956606268458397,              0.010643687225739655,              0.006116519364168189,-1953.5277025534047,  109.228348531537,-1844.2993540218677, 2.950729965782254e-08
                      0.3969388553585358,                    -0.08572641725939698,               0.29333019312278646,       -0.08313610402128298,       0.008098075582172168,                                        0.0003308361899162439,                                            97.70999000435755,                                    0.028254926992039374,              0.009779222651221388,             0.0048993627288266015,-1954.2198320061357,3024.6392993803224, 1070.4194673741868,1.4768672672206478e-08
                     0.41180447838544704,                     -0.0940236235900885,               0.30405899769415223,       -0.08713696312258057,       0.005261621591876593,                                        8.565316209013243e-06,                                           106.83598125392433,                                    0.024888680665630394,              0.009094128635632389,              0.006817707140190434,-1955.2810692314265,116751.58397360783, 114796.30290437641, 5.110365871347698e-09
                     0.38916289193247017,                    -0.08235008681705046,                0.2900145034446913,       -0.08101540355852896,       0.007971149998017263,                                        0.0017791299666727067,                                           126.04744249463936,                                     0.02022673222104783,              0.009881268850535965,              0.004997321350221823, -1949.917996174007, 564.2415524566247,-1385.6764437173822,1.0904481725146579e-06
                      0.4158402797404384,                    -0.09507107595883008,                0.3042785330600929,       -0.08783876523896514,       0.008068200496231503,                                       0.00010501745248640127,                                           110.11006470657705,                                     0.02263682240462931,              0.009895363735991326,              0.006181860024526973, -1948.530402508682, 9523.804787802921, 7575.2743852942385, 4.367463669007607e-06
                      0.3974402907811358,                    -0.09354755752665736,                0.2944552403570059,       -0.08767612664204157,       0.010190557605435798,                                        7.642510722973392e-06,                                            88.57320822647159,                                    0.028850526941973976,              0.010421338860535567,             0.0054328143306534345,-1957.7574971931876,130848.78030761045, 128891.02281041726, 4.294899397412253e-10
                      0.4081588858674048,                    -0.08131424434985914,                0.3008228902138479,       -0.08027506285174242,      0.0065534931963182165,                                         2.25073424140999e-06,                                           115.04118768821162,                                    0.023310931078783147,              0.010123234448732138,              0.006566453760167081,-1952.8125363413687,  444301.526677805,  442348.7141414636, 6.032845547205658e-08
                       0.420486154996044,                    -0.07658359695162309,                0.3059966363694535,       -0.07515145623745786,       0.006620770457233249,                                        0.0008935040319870365,                                           122.45868723908822,                                    0.021652766945788302,              0.010184621535766736,              0.006815227518429491,-1956.1295900844466,  1121.41484790775, -834.7147421766965, 2.187479893625706e-09
                      0.4194831194879936,                    -0.07793547339237629,                0.3069682607390614,       -0.07538004397341785,       0.004659786846762503,                                        0.0004257042412949635,                                           130.03323715054248,                                    0.019976888689169886,              0.009667059008990975,              0.007300480652525443,-1957.7879754400215,2351.2756880449765, 393.48771260495505, 4.165973097318662e-10
                      0.4085885695584228,                    -0.08515150776607468,               0.30190038852337797,       -0.08203391756908658,       0.005407785326017125,                                        3.650916017617175e-06,                                            117.5110195596383,                                     0.02291394761534322,              0.009680351372468384,              0.006615056998611504,-1952.3874198283524,273905.83655120654,  271953.4491313782, 9.228857971754118e-08
                      0.3967051128571286,                    -0.09506052478816095,               0.29466966634383707,       -0.08878326256843504,       0.009949446481049116,                                        0.0007028500891965113,                                            97.23959780422734,                                     0.02761320065488939,              0.010129042849669449,             0.0057554011363058115,-1950.2853753659724,1424.4484777308166, -525.8368976351558, 7.551865963497098e-07
                       0.413510409789468,                    -0.08194664047344691,                0.3028343552016084,       -0.08001934106682015,      0.0077979075447455965,                                        1.648907136532414e-05,                                           128.63548537898285,                                     0.02115786432668885,              0.010105451283773504,             0.0063816651042064056,-1953.2622533951276, 60648.26069074737,  58694.99843735224, 3.847800722025254e-08
                     0.39288323655386215,                    -0.08689471226563013,                 0.292461806445753,       -0.08428028641366153,       0.008993293804925568,                                         0.001141312675640429,                                           126.00410941226262,                                    0.021295821443249166,              0.010033456247376607,             0.0055291815427367386,-1951.9229083223713, 878.1444816137883, -1073.778426708583,1.4685297405873166e-07
                     0.39900989981684354,                    -0.09324534958081428,               0.29554082504603224,       -0.08834839970698286,        0.00899527084552328,                                        0.0005745945734398551,                                            94.24847660000451,                                    0.028555246113193954,              0.010080136291560673,               0.00566686344935682,-1949.4937607891893,1742.0424238051767,-207.45133698401264,1.6666642337203628e-06
                      0.4135376826104798,                    -0.09724169328516588,                0.3014979542676136,       -0.08950091177377528,       0.010213086865758232,                                         0.000334681479225405,                                           103.69212176771465,                                    0.024393493078147598,              0.010266406958680628,              0.005465748187857854,-1958.6301366497541,  2989.40431589027, 1030.7741792405159, 1.794611699980693e-10
                     0.41427749122244834,                    -0.07656426076704577,               0.30245132190036333,       -0.07695828489049611,       0.007870390697335536,                                       1.0412396444896284e-05,                                           111.02365821642373,                                    0.025048836746846215,              0.010491090920109447,              0.006313059651199506,-1958.1474544073749, 96041.55668327157,   94083.4092288642, 2.908015581444473e-10
                      0.4203414732852438,                    -0.07470215762586571,                0.3066020507311272,       -0.07314221758792157,       0.005628944805984746,                                          0.01114869334988689,                                            98.54006266230026,                                    0.027277942929617542,              0.010152508136516351,              0.007341659582887419, -1953.186045991632, 92.02659138334789, -1861.159454608284,4.1524941243712595e-08
                      0.3930686068743794,                    -0.08837007196183333,                0.2928591834393811,       -0.08410955438999107,       0.009352640718230144,                                        2.454685128963831e-05,                                           121.68185677043043,                                    0.021485650686713525,              0.010249047636805729,              0.005881036756104736, -1949.317370313293, 40740.38783492666,  38791.07046461337, 1.988170044210328e-06
                      0.4125264186841264,                    -0.07721324321307889,                0.3035284684019438,       -0.07590307088691392,       0.005545462207226652,                                        4.123942591407671e-06,                                           115.32098512767364,                                    0.023196919202633816,              0.010013385413996904,              0.007231046807535922, -1950.635832602275, 242488.6615858292, 240538.02575322692, 5.319277276831532e-07
                      0.3976191584560494,                    -0.08874711324835471,                0.2938140292989743,       -0.08472764923312702,       0.008784866594346971,                                        9.163360866599613e-06,                                           101.71970145800277,                                      0.0263654696821801,              0.010376551876732233,              0.005373773558688871, -1951.187582521104,109132.16573354897, 107180.97815102787, 3.063590288474137e-07
                     0.39914374985491385,                    -0.09363442647459616,               0.29428509005794556,       -0.08962309220853705,       0.010152575812799063,                                        0.0015602992759226723,                                            97.26761896885678,                                    0.025636790745377246,              0.010494765623156481,              0.005056297800077012,-1953.5984713601297, 642.5080446460757, -1311.090426714054,2.7491280235309635e-08
                     0.41975441600182994,                    -0.08084898778789819,                0.3075599376623125,       -0.07826348671552591,       0.004018250155086867,                                       1.5386907835277928e-05,                                            111.5483032770741,                                      0.0227152869980983,              0.009457907633585012,             0.0071955683977890875,-1953.5481141283885,64992.399462047564, 63038.851347919175,2.8911114436983953e-08
                     0.40972300162763287,                    -0.08956906607654092,                0.3033230038986368,       -0.08549185570845318,       0.004439087364496045,                                       3.7041915167683544e-05,                                           138.94058135662434,                                    0.018065250782351182,              0.009153733264259927,              0.006724765159082953,-1953.5037519903576,26998.220214183668,  25044.71646219331,3.0222547199027844e-08
                      0.4124268919827774,                    -0.08520234996370207,               0.30448160316000833,       -0.08140103663621386,      0.0052229859810841404,                                       1.5934049830732196e-05,                                           117.63330351231369,                                     0.02405731003732941,              0.009421126646623356,              0.006966505006638782,-1951.2892969620784, 62760.65954486868,   60809.3702479066,2.7673026801373616e-07
                      0.3965979157291239,                    -0.09573053473608303,               0.29388193276606467,       -0.08822971094825693,       0.010832743726249035,                                           3.137642360986e-05,                                            111.8898252748888,                                    0.023657813782210393,              0.010609854869873064,             0.0052111280707799875, -1952.624208179153,31872.757728850785, 29920.133520671632, 7.283029822386506e-08
                     0.41265089436108654,                    -0.07962608354208794,               0.30423566519870665,       -0.07714927151921026,       0.004189402427510234,                                        0.0003207298027203293,                                           129.59772865739578,                                    0.019860855953552227,              0.009546616980466167,              0.007237941126384416, -1956.385643161027, 3120.086084220863,  1163.700441059836,1.6933301129877256e-09
                     0.41623538747570576,                    -0.07449247241439795,               0.30456095593964894,       -0.07404833344863866,       0.006525675460119628,                                        0.0014240797641976097,                                            94.80365977775509,                                       0.027710253174394,              0.010433256276196543,               0.00700655877750659,-1953.9960769593185, 704.5275837011494, -1249.468493258169,1.8472133013616823e-08
                     0.38865026061677427,                     -0.0932175314383342,                0.2921573824718269,       -0.08794081026102113,       0.007414886163506317,                                       0.00025529783010936165,                                           144.14931113373984,                                     0.01788565453438314,              0.009785567394470542,              0.006046183371708827,-1952.2590545883872, 3918.785858166812, 1966.5268035784247,1.0492917972463364e-07
                      0.4157076191437093,                    -0.09575715570451393,                0.3057714978541214,       -0.08774598337534421,       0.005777990610763656,                                        0.0049296307563573985,                                           114.21185958602142,                                     0.02106950908177365,              0.009256678283067183,              0.006872686891714501,-1958.3642961043593,204.44677085836474,-1753.9175252459945, 2.341119469650053e-10
                     0.39453766403728746,                    -0.08487854542279887,               0.29229926077669016,       -0.08180727533679477,       0.010125146094319304,                                        6.118705202923944e-06,                                           112.65147868518936,                                     0.02398967738558791,              0.010831128311949517,               0.00545613490011114,-1952.9796836786504,163435.34673940096,  161482.3670557223, 5.104239457131239e-08
                     0.40492858470755505,                    -0.08446091557505948,                0.2992357235549482,       -0.08431069333145512,      0.0059512946013713305,                                        0.0009164293241657237,                                           118.86852709068144,                                    0.022456885994934412,              0.009526909646308108,              0.006102325918069911,-1959.0909071616293,1093.0736589156324, -866.0172482459968,1.1320364325939474e-10
                     0.42116007343479017,                    -0.07844579571762031,                0.3077209469326506,       -0.07614578413096218,       0.005214161257570494,                                       0.00026523146524921887,                                           123.74886487353993,                                    0.020334771785973454,              0.009645017561767145,              0.007185691888743981,-1952.4958473282582,3772.4659971967844, 1819.9701498685263, 8.280536913466403e-08
                      0.4121761011990017,                    -0.08680128141227685,               0.30309086704656923,       -0.08332812801588033,       0.006616471707385767,                                        8.003444018833439e-05,                                             99.2946919132085,                                    0.026929345938601947,               0.00982126052455558,              0.006455265251034125,-1956.6754676697005, 12496.49317168926,  10539.81770401956,1.2672796084987347e-09
                     0.41521893093118006,                    -0.07973670309120326,                0.3044852964917415,       -0.07756563425298703,      0.0059247364603613566,                                        6.792897174929732e-06,                                           111.86874644967912,                                    0.022655362483214495,              0.009954568198728926,              0.006804327129384552, -1952.509742976587,147214.74361035475, 145262.23386737818,  8.16626923492853e-08
                     0.39187430286763086,                    -0.08626540746016104,                0.2926191956100185,       -0.08333815311065684,        0.00814808300207367,                                        4.464803130982176e-05,                                           129.21132609942268,                                     0.02120094055116797,              0.009932146805763743,              0.005950582588738678,-1955.0455295924335,22399.427648928897, 20444.382119336464, 6.467635849046356e-09
                      0.4079090918207952,                    -0.08359685593432778,               0.30169645105629345,       -0.08222430260058725,       0.005060591571102485,                                       1.7376180752601233e-06,                                           104.22495059004731,                                     0.02663962091304565,              0.009529536818005259,              0.006666590137583199,-1952.5027851766058, 575502.4328923918,  573549.9301072152, 8.223286630652574e-08
                      0.4093998905776039,                    -0.08454239392912162,                0.3016940794146065,       -0.08132733109207269,       0.006999068652489952,                                         3.98953060542837e-05,                                           119.87232580235309,                                    0.022985875555090525,              0.009967218746207112,              0.006466264044550158,-1959.1337829830559, 25067.60411361238, 23108.470330629323,1.0845252591905712e-10
                     0.42292020035639155,                    -0.07550029317992232,                0.3070391448538707,        -0.0754309127361643,       0.007239614803706246,                                        0.0006419147538722505,                                            127.6470624838383,                                     0.01917751337846476,              0.010435965983356166,              0.006671766828364529,-1955.5013125491791, 1560.030808712529, -395.4705038366501,4.1001669114420384e-09
                     0.41694842307223295,                    -0.08361103780880355,                0.3049375170049245,       -0.08015653350130901,       0.006753538963087443,                                       0.00010278176545706155,                                            98.27890525163524,                                    0.026950457148089788,               0.01017075140670927,             0.0067180425079771166,-1950.4505143824613,  9731.35431970178,   7780.90380531932, 6.402289518888537e-07
                     0.41086670369560463,                    -0.09170864063680047,                0.3024779771135214,       -0.08556599502633125,       0.006801013049857603,                                        7.687633458434787e-05,                                           107.63916300212556,                                    0.024333505318701928,              0.009590269395342464,             0.0061862317684210945,-1956.1042464734933,13009.657140819476, 11053.552894345983, 2.243627013158824e-09
                     0.40201074092148126,                    -0.09089413564730921,                0.2953559112650182,       -0.08576948378165003,        0.01182121488592001,                                        0.0013495140350041276,                                            89.96068571459284,                                    0.028230103038441052,              0.010840945000346774,             0.0054706204115070635,-1957.1641003107866, 742.7980929174042,-1214.3660073933825,  7.77431238072438e-10
                     0.41293067526836214,                    -0.09449247498507486,               0.30314307754213615,       -0.08766563524329894,       0.007289314134970373,                                         9.57243143490894e-05,                                            85.32021952906697,                                    0.029772420423289155,              0.009740617720501015,              0.006112370842622344,-1953.3005741164438,10448.284611871492,  8494.984037755048, 3.703139682753996e-08
                     0.41263672853040534,                    -0.09133371698425581,                0.3049307879415837,       -0.08517494428722917,        0.00517234738147303,                                       2.2543175103406744e-05,                                            94.58485892542569,                                    0.028607757415881327,               0.00916827657836143,              0.007100093105197375,-1949.1926103461888, 44361.09187788024,  42411.89926753405, 2.252351106781491e-06
                     0.41093897053501965,                    -0.08280901342432699,                0.3011065570883711,       -0.08211830261133674,       0.007971619954491532,                                        5.502673275580159e-05,                                            143.8183011567263,                                     0.01804046546213161,              0.010325110719939634,               0.00608869479402184,-1951.4292245537504, 18174.92844617007,  16223.49922161632, 2.405951579442833e-07
                     0.41683808056017224,                    -0.08655740035594638,               0.30694948453850157,       -0.08294938296374504,       0.004216234113407466,                                        5.762203188424527e-06,                                            145.4061708440201,                                    0.017603457160868956,              0.009222928933158967,              0.007176058161021119,-1954.3595081840626,173546.58928007662, 171592.22977189254,1.2843425524857566e-08
                     0.41837013452247385,                     -0.0808717352637501,                0.3064641904217215,       -0.07767482857206214,       0.005515291975011944,                                        2.625845165259231e-05,                                           114.41959246100897,                                    0.022682242044253495,                0.0098048937217996,              0.007223999473503937, -1950.542225589605, 38085.09707119079,  36134.55484560118, 5.841247906162861e-07
                      0.4084573532812164,                     -0.0897802827288169,                0.3006982887774056,       -0.08597144288193868,      0.0070778060376702435,                                        0.0009708463017635433,                                           107.57078872767026,                                    0.026616361451414477,              0.009759079820789275,               0.00607440559037548,-1949.5045754829193,1031.7824453268056, -917.7221301561137,1.6487368846048967e-06
                      0.4080898248139248,                    -0.08382908666131311,                0.3011629483744161,       -0.08186578995450067,       0.006156209956908715,                                         0.002727268380495459,                                            90.01307111149265,                                    0.029597104077787213,              0.009833308582364935,              0.006444322106083186,-1955.7015245961197, 368.6558850440872,-1587.0456395520325,  3.35622099129752e-09
                      0.4123654835114746,                    -0.08914786992049031,               0.30265694089486156,       -0.08440806940632786,        0.00772054448281941,                                          0.01645273303634152,                                           105.18011437300271,                                     0.02680542449358021,              0.009868381849303895,             0.0062544621246816735,-1950.6809673477915, 62.58424789474436,-1888.0967194530472, 5.084530517972301e-07
                      0.4106443249645311,                    -0.08229933069627937,               0.30154995325765716,       -0.08013655835110438,      0.0072886425555870726,                                       0.00027061477495189716,                                           111.70701830597835,                                    0.026448368310474576,              0.010257140928928708,               0.00647989149702977,-1956.4612259331784, 3697.342645643808, 1740.8814197106294,1.5700607281935033e-09
                     0.39072451711518597,                    -0.08903038680390843,               0.29223871397149465,       -0.08579323576138055,       0.007812690690394418,                                        2.671561584286865e-05,                                           113.66457102114201,                                    0.021938150688036322,              0.009882292425691407,              0.005697225111891252,  -1953.78980482187, 37433.19116408968,  35479.40135926781,2.2703870357828573e-08
                      0.4085873390772993,                    -0.08274312452592691,                0.3007871857620265,       -0.08034899889191303,        0.00706127437192249,                                        0.0009451036287301406,                                           126.65453980706017,                                    0.023054033206548398,              0.010269982135642529,               0.00657187183888847,-1959.1836777949334,1060.1434609682017, -899.0402168267317,1.0317408593325718e-10
                     0.41193454038653476,                    -0.08340255661833855,               0.30190681038727524,         -0.082597797947273,      0.0077088902861500155,                                        0.0003509888783548172,                                            138.3248595006155,                                     0.01979365265623041,              0.010015447892354737,              0.006291720953185188, -1950.103569366836,2851.0034295370942,  900.8998601702583, 9.057568253568999e-07
                      0.4085920603365107,                    -0.08234975365043704,               0.30159212706926797,       -0.08022948407848528,      0.0060642663071705126,                                       0.00035726195441715045,                                           111.15830320847833,                                    0.025815937874075566,              0.009827765832762618,              0.006502941842569299,-1958.9014032615337,2801.1348540784006,  842.2334508168669, 1.368235650672485e-10
                      0.3939851519117453,                    -0.08814219430876573,               0.29290002930228237,       -0.08387298408886797,        0.00981358830165453,                                        0.0006239701444037472,                                            96.79866234491847,                                     0.02607891300495574,              0.010473302504030035,               0.00576114586366052, -1958.537332596968,1604.6117643833682,-353.92556821359995,1.9691317867005275e-10
                     0.41197288079835714,                    -0.08175119362131042,                0.3011039608421623,       -0.08077140993329263,       0.008659499502899936,                                       0.00011996008437605617,                                            108.8618672531896,                                    0.027265033869303536,              0.010541799750480621,             0.0059575203524292585, -1959.077400831307,  8338.11054273832, 6379.0331419070135,1.1474298106080862e-10
                     0.41786664780374716,                     -0.0770929747446013,               0.30564425274348567,       -0.07589279342400125,      0.0059959907618977095,                                        7.700368345416952e-06,                                           105.18426050846764,                                    0.027246099032468843,              0.010156832559890444,              0.006985280193858369,-1948.4831172284335,129866.13336445113,  127917.6502472227, 4.578940890427853e-06
                     0.39706741415147095,                    -0.09532832754741498,                  0.29366432493632,       -0.08863768054255554,       0.010859507564725904,                                       0.00012363413274629653,                                           114.42663833184412,                                    0.021600769893322103,              0.010584227743020272,              0.005019261934976287,-1951.9847294567385, 8090.048776579404,  6138.064047122665,1.3804928725713747e-07
                      0.4018968400408517,                    -0.09057773840073317,                0.2963449362630955,       -0.08538248981549164,       0.010716462930563804,                                         0.002633113290022258,                                           126.09173457842437,                                     0.02133733446190373,               0.01044702327774883,              0.005647055998371263, -1952.941820374465,381.59465924155876,-1571.3471611329062, 5.301208241703911e-08
                     0.39985931766430055,                     -0.0905030032401146,               0.29452573881304617,       -0.08571245897361374,       0.011574457305138284,                                       1.0925121916007134e-05,                                           131.57495047687502,                                    0.018816918572301573,              0.010999849906064799,             0.0052942917951769725,-1958.8600653146964, 91533.96934448337,  89575.10927916867,1.4259810178904726e-10
                      0.3931798762636715,                    -0.08761159176090798,               0.29190522765339294,       -0.08438870636166057,       0.009499368330967135,                                       3.3459636583301327e-06,                                           112.84469373557909,                                    0.022268806569826893,              0.010710772682841598,              0.005425248453417996,-1958.9488480711566, 298869.5133982787,  296910.5645502075,1.3048358585905872e-10
                      0.4139214554929748,                    -0.09366499874517582,               0.30339570464840504,       -0.08683246384878561,       0.007815469984472787,                                        3.691126077821924e-05,                                           106.12649437380617,                                     0.02338055280020848,               0.00991299419387842,              0.006319931330639648, -1954.830816474368, 27093.65661037791, 25138.825793903543, 8.016675083504965e-09
                     0.41457940726959785,                    -0.08779001748542782,               0.30528555438573207,        -0.0826745338451562,       0.005375423892408648,                                         0.002385672004255912,                                           109.46555223874434,                                    0.026399833770396515,              0.009270698140129456,              0.006944009144727645,-1954.6578571763998, 421.0567401337999,   -1533.6011170426, 9.530365369121979e-09
                      0.3901091308467563,                    -0.08940656826058495,                0.2922987836016935,       -0.08517633812072224,       0.007503063827017645,                                         0.000861067868446718,                                            100.0033624931724,                                    0.026722021790963734,              0.009780406008877945,              0.005939962421498621,-1950.2785583484306,1163.2883547974195, -786.9902035510111,  7.60352303979216e-07
                     0.39374213072588204,                    -0.09154639477073252,               0.29284166933385125,       -0.08603224807591088,       0.009539497308838647,                                       1.2252442933589029e-06,                                            94.05393148117489,                                    0.027833166273470565,              0.010515139325539012,              0.005461528995233812, -1957.086462349153, 816165.6223097071,  814208.5358473579, 8.401942894005525e-10
                      0.3947343150616948,                    -0.09030091751477191,                0.2928985071266626,       -0.08522190768049898,       0.010606625026942049,                                       1.6947539858488827e-05,                                           101.55925451483174,                                    0.027488081519459185,              0.010519724765500033,              0.005383488718285739,-1957.9226172240774,59007.498157305265,  57049.57554008119,3.6411810783212504e-10
                      0.3901906107690678,                    -0.08860712959392347,                0.2923863996954481,       -0.08456965866139111,      0.0076680395502752375,                                         0.002646591596472545,                                           129.35090985251688,                                    0.018835589213560364,              0.009788162285233725,              0.005971332736961009,-1955.7604970902735,379.81419626783594,-1575.9463008224375, 3.164019275114145e-09
                     0.39924423962386496,                    -0.08862036626879878,                0.2952266090649301,       -0.08555948898762374,       0.008905898282141335,                                       0.00011788781620283056,                                            112.3639296365178,                                    0.022447923763190197,              0.010121299747568379,              0.005637534298060265,-1950.8146602119118, 8484.482600747051,  6533.667940535139,4.4482458803168904e-07
                      0.3936245112265264,                    -0.08788735058680483,               0.29241612969427233,       -0.08458798739589746,       0.009052810882974773,                                        9.139483206075387e-05,                                            98.62133566903158,                                     0.02616799061746187,              0.010085871849443446,              0.005298638418854863,-1958.4130387951122,10943.475962427234,  8985.062923632122,2.2297434411692788e-10
                        0.41897586829832,                    -0.08064558091904829,               0.30499913830740205,       -0.07897735306548936,       0.008078565591816203,                                       4.4391604274784035e-05,                                           130.88015620467792,                                    0.019577117717066765,              0.010482650795656114,              0.006456427927856866,-1956.2602807360631,22528.822891795502,  20572.56261105944,1.9194899430877843e-09
                     0.41737398068559134,                    -0.09397225026706889,               0.30625281744525906,        -0.0872190235623051,       0.005368251216173412,                                       0.00016123447208233596,                                            110.5701284844653,                                    0.022277733854819397,              0.009229508707955175,              0.006813366229780403, -1958.149634230996, 6203.759356826044,  4245.609722595047, 2.901683524280438e-10
                     0.41766555297398394,                    -0.08358044830857903,               0.30565189864705866,       -0.08011027192273742,       0.006395094786414172,                                         0.001764489298083118,                                           125.71804085378504,                                    0.021206992585684033,              0.009843331436858149,              0.006765008409536426, -1948.502277056447, 568.7328264670269,  -1379.76945058942, 4.492044290724416e-06
                      0.4024435280512991,                    -0.09249670998301986,                0.2965413925306014,        -0.0859014589115513,        0.01043464520224165,                                        0.0003328769540836032,                                           100.79198548706741,                                    0.026590604908176458,              0.010548606447691955,              0.005571757930230762, -1955.535607803266,3005.8976536428586, 1050.3620458395926, 3.961934550781814e-09
                     0.40899994075682217,                    -0.08255560495823713,               0.30057423318394955,       -0.08108591725052136,      0.0073144788932704066,                                        6.397460511211034e-06,                                            151.9352158669165,                                     0.01730579247109607,              0.010275999324185324,              0.006190921824441999,-1954.1431548407304,156314.03868031237, 154359.89552547163,1.5945639263429212e-08
                      0.3991361049163245,                    -0.09028272697534549,                0.2942824530266707,       -0.08623468111239259,       0.010008035916174335,                                       2.5749874395566586e-05,                                            88.71445379583547,                                    0.028075395234826273,              0.010534811519946443,              0.005226586294063717, -1952.921287400059,  38836.9410256638,  36884.01973826374,5.4111830055758174e-08
                      0.3976651361242385,                    -0.09604839872385018,                0.2949702008521372,       -0.08910304620307713,       0.009897875628310718,                                       2.5499872795358916e-05,                                           111.58084074537436,                                    0.022218864357568632,              0.010352032318733585,             0.0055919795786273305,-1952.8363860721952, 39217.52423863361, 37264.687852561416, 5.890666015922724e-08
                      0.4102559309611993,                    -0.08302206580255618,               0.30330393833767505,       -0.07943225762033611,       0.004864527732694211,                                         0.004181113404667314,                                            111.2607511108425,                                     0.02485468355506978,               0.00965088764103416,              0.007269579105616585, -1954.168443443897, 241.2697429000886,-1712.8987005438084,1.5547452335722616e-08
                      0.3948634977494942,                    -0.08830876611846802,                0.2936971491635017,       -0.08424547243086494,       0.008204455779187988,                                        5.596601650595172e-05,                                            94.65303515813262,                                     0.02773192769624928,              0.009884374470656675,              0.005715161141820298,-1951.7193593331117,17869.937081548236, 15918.217722215124,1.8000432872205144e-07
                     0.40836367514597627,                    -0.08586365522254656,                0.3014130716876532,        -0.0840874067713356,       0.005488350089729387,                                       0.00014502037060183412,                                           121.42044870000228,                                     0.02123799341443184,               0.00957461384829109,              0.006400888136886974,-1949.0293040183374, 6897.449227856002,  4948.419923837664,2.6519121208735894e-06
                     0.41049732863885285,                    -0.08932389454631183,                 0.302453492336341,       -0.08429810629541275,       0.006629104943802696,                                       2.9415852994099433e-06,                                           107.63721809208285,                                     0.02477216598486314,              0.009640992210128502,              0.006387950825591959,-1955.3317285284506, 339954.5748262602,  337999.2430977318, 4.857926514260059e-09
                      0.3966435961901177,                    -0.09010321417948437,               0.29478626425515586,       -0.08588798197144731,       0.007978428529348545,                                        0.0002824700613030282,                                            95.07940268451495,                                    0.028217984252311774,              0.009894249192605625,              0.005764167778490151,-1958.3936636513713, 3542.046104558507, 1583.6524409071358,2.2733662755452747e-10
                      0.3959269735626987,                    -0.09178202083577705,               0.29459237182561776,       -0.08730786210013683,       0.008346185749003296,                                        0.0003298394913710803,                                           119.00427472724377,                                     0.02201833588459686,              0.010115196888897502,              0.005476815988383198,-1958.5803374678412,3033.5475619474587, 1074.9672244796175, 1.886244579343084e-10
                      0.3990948654564895,                    -0.09178003928431876,               0.29408582527204385,       -0.08758065857982711,        0.01118857370818911,                                           0.0416112208237605,                                            83.80413095926211,                                     0.03207434791404805,              0.010553150765646004,               0.00520020198518121,-1959.2021843360349, 25.74950288515775,-1933.4526814508772,1.0128225013439673e-10
                      0.3980048555059851,                    -0.08529844906043062,               0.29387510578288406,        -0.0817238306476985,       0.010586543826746817,                                       0.00013329159479120054,                                           121.77273863504544,                                    0.022051308335543175,              0.010649493260975699,               0.00551726751911227,-1958.9254107648462,  7504.39730397679,  5545.471893211943,  1.33577889052877e-10
                     0.40422774605346745,                    -0.08862797642236406,                0.3005180836299338,       -0.08445694862801605,        0.00559166224395331,                                         2.01573362393798e-06,                                           101.02084086630688,                                    0.027626383519732674,               0.00925032203395392,              0.006807628521746694,-1950.6019573296912,496099.17222247686,  494148.5702651472, 5.502556027129741e-07
                      0.4172635696632448,                    -0.09685906080993147,               0.30624039470109393,       -0.08910783206031467,      0.0059159078857847535,                                        2.690843154374592e-06,                                           116.42984594448173,                                    0.021692543739675864,              0.009305336390179417,             0.0066140977984818885,-1947.3142077420584, 371632.2283249803, 369684.91411723825, 1.473723392073787e-05
                      0.4217982916517642,                    -0.07862567600919394,                0.3072241863579484,       -0.07644036399874363,        0.00677415320493888,                                         0.009457210413169305,                                           140.70590418613693,                                     0.01857647276428396,              0.010292152070752354,              0.006932958431599633,-1958.6186949707876,107.88910256787882,-1850.7295924029088,1.8152629883359598e-10
                      0.4174721588663077,                    -0.10006977001579559,                 0.306944506175637,       -0.09004988170069264,       0.005963508088555613,                                        0.0009253762547980338,                                           117.87470861753246,                                     0.02101980007152447,              0.008988882764353527,              0.006911881233467518,-1952.9033429978685, 1082.080647622368, -870.8226953755006, 5.509159889010326e-08
                      0.4181931482658372,                    -0.07824959857728477,               0.30557804332609717,       -0.07677465824407247,      0.0066961081148136795,                                         0.007677937243542315,                                            90.43099347295184,                                    0.028739629572336757,              0.010348513535665169,             0.0069002639092923855,-1953.6576623096767,132.41189946167455,-1821.2457628480022,2.5911267753367278e-08
                      0.4070304626995134,                    -0.08424229968613406,               0.30035848981041696,       -0.08422144143716469,      0.0062152964294751156,                                         0.001584551561252538,                                           122.12491269764563,                                    0.022673354480081214,               0.00959326051960266,              0.006251158035349886,-1951.7027009025292, 632.9630198106726,-1318.7396810918567,1.8302803350102187e-07
                      0.3959559337840832,                    -0.08744250832652424,               0.29328681885862506,       -0.08429311844333774,         0.0100841332346867,                                          0.05165087931413471,                                           123.09911283751862,                                    0.022425657772901956,              0.010428133895611294,              0.005624307993254678,-1957.0155464565719,21.291106113133853,-1935.7244403434381, 9.019409520664521e-10
                      0.4101166988878734,                      -0.083052081642461,               0.30203474553437704,       -0.08159183134673315,       0.006581448237239944,                                       0.00011574984531097597,                                           133.08769477248111,                                     0.02067332337963486,              0.009830136820175845,              0.006471192749993833,-1955.1583224149067, 8641.302698858499,  6686.144376443592, 5.777770128101409e-09
                      0.4155739812659515,                    -0.07426835737678467,                0.3037631353801182,       -0.07446279204350907,       0.007003410786753664,                                        1.242735048166133e-06,                                            108.8680331794971,                                     0.02457333208742863,               0.01049127551907843,                0.0068037003509108,-1957.5085300618944, 804679.0528204167,  802721.5442903548, 5.509066905986593e-10
                      0.3960111844488427,                      -0.087200424018226,               0.29395943784352907,       -0.08398245676596157,       0.009161475614182683,                                        0.0016319793966016757,                                           112.86193498445006,                                    0.023543626088020415,               0.00999427692687988,              0.005740169506165171,-1955.6061729125408, 614.7042844109633,-1340.9018885015776,3.6919963190303626e-09
                      0.3927070403873753,                    -0.09474405371608999,               0.29271719300596455,       -0.08803527596984441,       0.009981723135747037,                                       0.00034349838331471983,                                           136.51804587114037,                                    0.018299201772262255,              0.010417919827778933,              0.005516838641225202,-1955.8007501913603, 2912.962409474139,  957.1616592827786, 3.039186985921262e-09
                     0.41786286750199225,                     -0.0763487310553897,                0.3036969570102611,       -0.07624054764670084,        0.00828623117139457,                                        0.0005289705589020757,                                           118.94466383330649,                                    0.022287176959282437,              0.010729937745864969,              0.006357203328750023,-1950.5190607669724,1892.6542065500385, -57.86485421693396, 5.978138782951338e-07
                      0.3936414871947777,                    -0.09284850028729039,               0.29335121238201556,       -0.08780221366429425,       0.008948775811404212,                                         0.005779258279574421,                                           133.30938811396706,                                    0.019407725907446275,              0.010218235707307774,              0.005501452827343428,-1954.9568159880878,174.78763175708258,-1780.1691842310051,  7.06762321230132e-09
                      0.4237430579755144,                    -0.07416471140637589,                0.3076058957055472,       -0.07344958295677136,       0.007025761860755477,                                        7.285659987593806e-05,                                            100.4898764591253,                                    0.026391683017692815,              0.010355789041805404,              0.006999305793797198, -1952.781212465266,13727.874953037131, 11775.093740571865, 6.224808469393819e-08
                     0.40784940242295503,                    -0.09336849950606049,               0.30161103432404235,       -0.08633645596466409,      0.0064383902257851705,                                        4.056511056238671e-06,                                           111.38166473643031,                                    0.023316511883117855,              0.009515189513804912,               0.00641941530925229, -1957.143888700523,246518.99662879063,  244561.8527400901, 7.933042444201119e-10
                      0.4082943369627139,                    -0.07812579450003848,               0.30033366952603696,       -0.07780462567783061,       0.007413002482648176,                                        8.114446382845559e-05,                                           125.97800822908985,                                     0.02226102903739758,              0.010516860411738974,              0.006551569366387389, -1950.542864820493,12325.892951654656, 10375.350086834163, 5.837515193237586e-07
                      0.4124669927040114,                    -0.08899504692214469,                0.3025040013482626,       -0.08525128472482633,        0.00780574088071775,                                         0.034345590024668846,                                           118.24562859012804,                                     0.02346974561999785,              0.009820577729496767,              0.006038786082116914,-1952.1202150941995, 30.87244546011463,-1921.2477696340848,1.2055729751524054e-07
                     0.42082985263650885,                     -0.0772350094877435,               0.30583410760176444,       -0.07663752018738537,      0.0075261604345471635,                                        0.0007796253229262147,                                           143.64010103221105,                                    0.016386294622831452,              0.010491478668712084,              0.006599775699819885,-1951.2955562183383,1284.8142846775415, -666.4812715407968, 2.750035519679521e-07
                     0.41765258350737966,                    -0.07783874377469792,               0.30516352030487415,        -0.0762518148011605,       0.007221522412996398,                                         0.001701491159597396,                                            83.74982682131976,                                    0.032403303920588836,              0.010414528005934698,              0.006823243070715958,-1955.4431450586312,  589.917116855012,-1365.5260282036193, 4.345736169750248e-09
                       0.396236219052311,                    -0.09079067576586626,               0.29479748322084576,       -0.08547034559507215,       0.008573246630220892,                                        0.0005253044994267533,                                           117.91186769802302,                                    0.021670004567832683,              0.010244194010813619,              0.005797939301635005,-1952.6367790239515,1905.5263994461095, -47.11037957784197, 7.192049035609723e-08
                      0.3989908649062984,                    -0.08951240454835416,               0.29386099682443495,       -0.08544470517467169,       0.010372696184394483,                                       0.00012518794468276384,                                           120.05433221807252,                                    0.021935451479998334,              0.010519675862874271,              0.004861471730098983, -1951.150153820589, 7989.828565684243,  6038.678411863653, 3.180429420573832e-07
                     0.39272442573730804,                    -0.08957407792001727,                0.2927022184733312,         -0.085029999301031,       0.009089131583170823,                                       0.00030725077963464635,                                            104.5266660478454,                                    0.023847310766624046,              0.010498716945512252,              0.005929321387995355,-1957.2756542609327,3256.5915527566767,  1299.315898495744, 6.953680336447663e-10
                      0.3961718880159167,                    -0.09144090408728407,               0.29328581959196265,       -0.08752846081543968,       0.010305899106257546,                                          0.00214799036413263,                                            85.72475272837318,                                    0.028720551924241992,               0.01049907297592801,              0.005255318345301393,-1958.5178106551107, 467.3009378976645,-1491.2168727574463,2.0079507407949361e-10
                      0.3962610282796666,                    -0.08812771205263559,                0.2945986950818508,       -0.08466287091161022,       0.008424276870098226,                                         0.013606725803787285,                                            78.28031743062355,                                     0.03398719438034663,              0.010020686599511266,              0.005910110646499291, -1956.891690179929, 75.41356430551507,-1881.4781258744138,1.0208647397916642e-09
                     0.39856694470276977,                    -0.09059403611569802,               0.29474241092816583,       -0.08573178915299909,       0.011046998095745891,                                         0.055462567354312334,                                            99.77878569884133,                                    0.026455240068335793,              0.010598881917533783,               0.00592587607759402,-1956.7363249738178,19.855014116601087,-1936.8813108572167,1.1924562534277063e-09
                     0.39239550502702164,                    -0.08725844383408794,                0.2922971623206312,       -0.08475962491810034,       0.008933066189065274,                                        5.379501278948026e-06,                                           116.87368508776206,                                    0.022215665453411134,               0.01026437082781247,              0.005652791860003992, -1952.660030755294,185892.77826372065, 183940.11823296535, 7.026750627933593e-08
                     0.40990426215347847,                    -0.08093755252033216,                0.3003202397239226,        -0.0802839049697749,       0.008294579710504074,                                       1.9687096335823453e-06,                                           114.87662399045726,                                    0.024218633182345607,              0.010540920421893482,              0.006097673877402148,-1953.1742774268873, 507948.9714558416,  505995.7971784147, 4.201651710085333e-08
                      0.4135148294429497,                    -0.08001816819042783,               0.30186134220199295,       -0.07949705514176775,       0.008609853116040792,                                        0.0006566087316369226,                                             93.9382069937538,                                    0.030014560849505587,              0.010607297041745671,              0.006029196991240064,-1957.2411297570848, 1525.037572642045,-432.20355711503976,  7.19794499612475e-10
                     0.39448342862994096,                    -0.08938458087323946,                0.2929825101276733,       -0.08579068320399097,       0.008772477495140835,                                       0.00014404731669767425,                                           111.33157068850133,                                     0.02290508040791879,              0.010013473835377843,              0.005308545630483198,-1954.9110634820395,   6944.0283917708,  4989.117328288761, 7.398496102239335e-09
                     0.39858485013511114,                    -0.08655147229016981,                0.2932506233803467,       -0.08351869155928844,        0.00913854453396331,                                        0.0019426348143678125,                                            92.73656887923882,                                    0.029323547069919242,              0.010139827502512314,              0.004723188140443078,-1950.4345806759188, 516.7219425606469, -1433.712638115272, 6.505118771307602e-07
                      0.3923483845120418,                    -0.08985617516336376,               0.29239851016698204,       -0.08644572940446463,       0.008779339431041559,                                       0.00010247081482007908,                                           124.77133136569113,                                    0.019743481302315534,              0.010050263867638574,              0.005384583642916666,-1954.6018184642467, 9760.721104647693,  7806.119286183446,1.0079682538208554e-08
                      0.4153839336814857,                    -0.09798476339796527,                0.3075936704627537,       -0.08899063772969487,      0.0035232797065787003,                                         0.043392703023955356,                                           119.96055844696798,                                    0.021826660475032192,              0.008341861890220181,              0.007378313238900001,-1954.1078350051698, 24.57117751468593,-1929.5366574904838,1.6518900777698253e-08
                       0.405587002550412,                     -0.0858211971085142,               0.30027292747107376,       -0.08418868264533014,      0.0055016005613971785,                                        0.0011796633551402278,                                           116.49998136522186,                                     0.02377119865608377,              0.009462761439740995,              0.006304184896882413,-1954.2615892674226, 849.5824108073999,-1104.6791784600227,1.4164671821483035e-08
                      0.4002232861777733,                    -0.08865637150195092,               0.29550500680267866,       -0.08505558408929881,       0.008869165639520412,                                        0.0004887464853817896,                                            87.56200331892248,                                    0.031102990780127272,              0.010026107362648414,              0.005494464500280871,-1951.7283731322582,2047.9134117276924,  96.18503859543421,1.7838909648320225e-07
                      0.3888183478596765,                    -0.08938583972797978,               0.29170635135418854,       -0.08518236311820486,       0.008513379548216456,                                        4.063756102496687e-05,                                            128.5057390279565,                                    0.020260747751794858,              0.010097466180536047,              0.005793898079972829, -1955.236288101842, 24609.71902880724,   22654.4827407054,5.3444152133580675e-09
                      0.4168737875762838,                    -0.09561901275713335,               0.30426031176550905,        -0.0865638280911581,       0.008648980100993907,                                        6.900412327074768e-06,                                           108.46492080165923,                                    0.023487390161795567,              0.009970617863408497,             0.0062260221373425535,-1958.7765127101234, 144920.5116937097,  142961.7351809996,1.5502444296383984e-10
                      0.4235558639687837,                    -0.07758366318594988,               0.30741124260110164,       -0.07546142177078352,      0.0074656244816315755,                                         0.005718408484884456,                                           111.29260452345605,                                    0.022869667653611103,               0.01042088477089745,              0.006790072830431021, -1953.213600525149,  177.055853295875, -1776.157747229274,4.0396361014814804e-08
                     0.38784563401335304,                    -0.08725103723648463,               0.29143047865868127,       -0.08380152746471123,      0.0077006886870948235,                                        8.578155771115568e-05,                                           139.44289312611912,                                    0.018307894246551264,              0.009935011340241783,              0.006017228718429316,-1955.9482924701456,11659.547870932172,  9703.599578462026,2.6222894236313903e-09
                      0.4050975753074672,                    -0.08610935319098631,                0.3001056891953035,        -0.0856787712636119,      0.0049855501508573215,                                         2.17858004612803e-06,                                            123.3504837638639,                                    0.022286597237023666,              0.009383874397235233,              0.006192892257629066,-1952.6705167036594,459016.38567543647,  457063.7151587328, 6.953453450496995e-08
                      0.4141949864062831,                    -0.08414660849842585,               0.30419500105697417,       -0.08116778932292251,      0.0058655270208598145,                                       1.3815885888632949e-06,                                           108.84790197088559,                                    0.024955001384084952,              0.009861265957439979,              0.006786138755278691,-1950.3917635457233,  723806.446934585,  721856.0551710393, 6.789698251545179e-07
                      0.3893165081740866,                    -0.08899952101257841,                0.2918758530788428,       -0.08477445945437406,        0.00801085697356425,                                        3.731777447029449e-05,                                           113.78206114395326,                                    0.024344780207115207,              0.009849497195473327,              0.005877946723345942,-1951.3419442995632,26798.846354085632,  24847.50440978607,2.6253802602956876e-07
                         0.4099275451703,                    -0.08454743162449083,                0.3016079478766448,       -0.08264726387424298,       0.007060246854463904,                                        6.913594871737879e-06,                                           118.64426852381003,                                     0.02428717945606333,              0.009786208753452298,              0.006333448581476046,-1955.6693935782573,144644.47670279397,  142688.8073092157,3.4658109785879215e-09
                     0.40242366268146124,                    -0.09413812129098964,               0.29529167603821377,       -0.08868252207048968,       0.011799871210045679,                                       0.00022570440067248157,                                            83.48390088333433,                                    0.030259911225178057,              0.011059824738986172,              0.005197662238985936,-1958.2801438818747,  4432.19776959378, 2473.9176257119057, 2.546656807972834e-10
                      0.4153169722483577,                    -0.07983373516108327,               0.30539183038003215,       -0.07742427262968099,       0.004184592751209033,                                       1.0167801072385527e-05,                                           134.21352693580175,                                    0.018992366939730974,              0.009564388751601614,              0.007096517305112263,-1954.0231520153125, 98351.84263670906,  96397.81948469374,1.7978708863231736e-08
                      0.4095522471597121,                    -0.09416790718901834,               0.30071989558101775,       -0.08853427935871047,       0.008049011073232243,                                       4.8808075324812745e-06,                                             94.8164720923584,                                    0.028355709048191083,              0.009929140987970216,              0.005722157559793364,-1952.4193562958048, 204885.7221854087,  202933.3028291129, 8.938777575990007e-08
                     0.41187705682896086,                    -0.08193702045339997,               0.30259170039909355,       -0.07957725180377176,        0.00675267181553641,                                         0.057432838750167206,                                           111.20803250174995,                                    0.024476676425303188,              0.010212776898069608,              0.006660790381502655,-1958.9224022389267,19.485726698887785, -1939.436675540039,1.3398036672304507e-10
                     0.39612016429915525,                    -0.08974990305392314,                0.2941866716369237,       -0.08601953516939119,       0.009684986860787096,                                        3.073155331883532e-05,                                           121.08958251802544,                                    0.021865605124841293,              0.010247256525744953,              0.005879589982182439,-1957.3923607385873,32541.681182792425, 30584.288822053837, 6.187707029049287e-10
                     0.41639579933859433,                    -0.08226995487018526,               0.30592760756584303,       -0.07958853111022286,       0.005145569664641727,                                       0.00022738063008599868,                                            95.55163337582171,                                    0.027266039162595464,               0.00961409756535531,             0.0069873240784837105,-1957.0017011724499, 4399.953977855388,  2442.952276682938, 9.145154285406896e-10
                     0.41845120121221113,                     -0.0765860730400469,                0.3056376198079229,       -0.07610229660088047,      0.0063279339749661425,                                       1.0176430772457305e-05,                                           116.94579626651964,                                    0.021917218579144977,               0.01024356410694643,              0.006906790184566217, -1951.892466509033, 98268.48011828064,  96316.58765177161, 1.513921852565047e-07
                     0.40951749608370525,                    -0.08449227518424678,               0.30224126156425085,       -0.08134808151412878,       0.005570231633204796,                                          9.9102564839923e-05,                                           124.76543038671991,                                    0.021211134457622502,              0.009776305633612238,             0.0066817277712145785,-1956.0467317641392, 10092.55805993314,  8136.511328169001, 2.376451640992518e-09
                     0.41713225020486766,                     -0.0765928685137634,               0.30445411752728574,       -0.07430976702566629,       0.007028461643895463,                                        0.0006964477805672853,                                             95.2806326301514,                                    0.027259796946219765,              0.010487955372920183,              0.006927708278270187,-1951.5209125954011,1438.1527478781638, -513.3681647172373,2.1951655185740106e-07
                      0.3886690146985132,                    -0.08897271714320575,                0.2918629255074748,       -0.08534278816297743,       0.008180736520099766,                                        0.0014667942387817992,                                            116.8003240877464,                                      0.0225270081415288,              0.009891256880883468,              0.006061243352233479,-1954.2390383676916, 683.6975335124729,-1270.5415048552186,1.4487726815339195e-08
                      0.4220206793932414,                    -0.08134676552570826,                 0.306876220652733,       -0.07902911140275533,        0.00762381615898845,                                         0.004886592062536671,                                            118.5014136515535,                                    0.021939805706703838,              0.010204004513234596,              0.006703324577780854, -1957.031504871377, 206.6558691652135,-1750.3756357061634, 8.876616448203211e-10
                     0.39249822468346335,                    -0.08396943359307846,               0.29121678964882775,       -0.08160847812078034,       0.008791298187894606,                                       0.00025803366812251056,                                           116.82529551927803,                                    0.023428747444765842,               0.01010147089149974,              0.005046134303801032,-1955.7382153395752,3877.5710847889995, 1921.8328694494244,3.2353104605085974e-09
                      0.4149003873466487,                    -0.08186055598736397,                 0.302759755025741,       -0.07947763333654244,       0.008650029661248178,                                        9.643439871242504e-06,                                           109.87037997610462,                                     0.02590728237078448,              0.010644676732930413,              0.006295426930397738,-1954.5546733929345,103699.48345887769, 101744.92878548475,1.0566269864283834e-08
                      0.4142485581013976,                    -0.08077579557940973,                0.3024305341582763,       -0.07972597667728662,       0.008478321692863045,                                       1.6633604619210175e-06,                                             127.530328001889,                                     0.02092580183343444,              0.010454157839352288,             0.0061194465358134125,-1953.6898028153305, 601194.6389426278,  599240.9491398125,2.5091707594681235e-08
                     0.39081642124014165,                    -0.09294391619205504,                0.2926940736974206,       -0.08712885010640797,       0.008758401514492973,                                        0.0069134178207574375,                                           106.74277029390493,                                    0.025878342279283793,              0.009875034544358821,              0.005874974801955127,-1957.3898785697734, 146.4622159985625, -1810.927662571211, 6.203085039980464e-10
                     0.39855490275657085,                    -0.08854985483180315,               0.29524725924401385,        -0.0853616856026356,       0.007723700461752765,                                         0.014291989116511016,                                           121.35088698210366,                                    0.023299053125190382,              0.009719318286245851,              0.005490253856795868,-1953.6827753669545, 71.83074557887568,-1881.8520297880789, 2.526865930574577e-08
                      0.3970192594402241,                    -0.09127397243490364,                 0.295068669580757,       -0.08662603207865445,       0.008976911259373393,                                         0.007273851812358625,                                            82.46989940698533,                                    0.031706382695183694,              0.010078665539788395,             0.0057026634593938565,-1956.8783589702703,139.27873865969772,-1817.5996203105726,1.0345652207582033e-09
                     0.40873486173560974,                    -0.09422271674612184,                0.3047049546142922,       -0.08626547929329112,      0.0030719782751965287,                                        0.0006011906091849025,                                           123.38144042377313,                                    0.021883590332842002,               0.00847335197794721,             0.0074650836600671025,-1957.7886635571972,1665.1037072885094,-292.68495626868776,4.1631074057555896e-10
                      0.3909412711326431,                    -0.08866747416774341,                 0.292195487232954,       -0.08513494780122695,       0.009239031235948762,                                         0.004822067925671906,                                           104.43664684497651,                                     0.02560977836247731,              0.010218674007192834,             0.0058613344666304835,-1954.5460410345072,209.30876394835096,-1745.2372770861562, 1.065787651485509e-08
                     0.39271000302899295,                     -0.0870630872010931,                 0.292513489271048,       -0.08417944128973961,       0.009269918823666913,                                         8.84749629691653e-05,                                           123.05656631804985,                                    0.020764090679792964,               0.01021137220814412,              0.005730982600354425,-1954.1293926797293,11304.599140212498,  9350.469747532768,1.6166602697943367e-08
                      0.3958604263080541,                    -0.09336275068091911,                0.2930904189107325,       -0.08878206690252577,       0.009640495545306462,                                        0.0007765884428288113,                                            88.51666404317781,                                    0.028489982882278546,              0.010462189597199011,              0.005149243207878132,-1953.1380920821525,1289.3661043631125,   -663.77198771904,4.3564741849073906e-08
                     0.41882362877273344,                     -0.0845959664349501,                0.3058411718171306,        -0.0796214834262035,       0.006868789967389838,                                         0.009164956345652973,                                           104.45283288305461,                                    0.026758135208899057,              0.009819021084818868,              0.006771849363956368,-1950.5823614191527, 111.1205937243017, -1839.461767694851, 5.611447047631142e-07
                      0.4178000483669786,                    -0.08385519199210763,               0.30554083793031506,       -0.07939375404512967,      0.0064174576682508675,                                        0.0007510914547104966,                                           123.26523909684931,                                     0.02023362008152399,              0.009869247197784752,              0.006597741012673727,-1956.8867301997384,1333.4262672998334,  -623.460462899905,1.0259407868180797e-09
                      0.4150585504187223,                    -0.07599976501522551,                0.3039024413238017,       -0.07625895512227064,       0.006011069522294659,                                       0.00014950261107770385,                                           129.31500837031325,                                    0.021664409263013065,              0.010176832612857505,              0.006681221535672075,-1954.0666122403923, 6691.066953683489,  4737.000341443098,1.7214085821455224e-08
                     0.41778728730526477,                    -0.07377670647409607,                0.3055007141509787,       -0.07405607837897384,      0.0059063210047020755,                                       0.00028866910458501537,                                           113.75859798953007,                                     0.02332873866592476,              0.010126418093325077,              0.007087348300656509,-1951.6037541554356, 3466.481224004455, 1514.8774698490192, 2.020643228640162e-07
                     0.41416744163437647,                    -0.09977114028692972,               0.30806619515197753,       -0.08972699628737943,        0.00272626415565778,                                        0.0013763909736968663,                                            123.6113570265961,                                    0.020929922268110218,              0.008162696359589378,              0.007734551108484114,-1954.6349808082873, 728.0307257474293,-1226.6042550608581, 9.750898395385292e-09
                      0.4023221185245637,                    -0.08951718189877574,               0.29578583406922104,       -0.08547789014263582,       0.008733389717133767,                                        0.0007232818991456057,                                           104.29491604059075,                                    0.027259327890512254,              0.009947922803003426,              0.004978863527664745, -1951.297122729156,1384.4065498843433, -566.8905728448126,2.7457309317611715e-07
                     0.41374406476936904,                    -0.08465438569203315,                0.3046492004845672,       -0.08072117951724218,       0.005427505334340633,                                          0.02394681088862145,                                           132.35439466704318,                                     0.01966944039687912,              0.009579592638956386,              0.006850910403764403,-1951.2021164739022,43.757915596037286, -1907.444200877865,  3.01938621987285e-07
                      0.4123992562968873,                    -0.09766053251439084,                0.3073858932459532,       -0.08816301015743845,      0.0026229584396487665,                                        0.0027669457427537403,                                             131.412782668662,                                    0.020293584813887745,               0.00814842498758427,               0.00792743388373656,-1956.7849500014931,363.00804742637644,-1593.7769025751168,1.1358601787931346e-09
                      0.4208176308570127,                    -0.07567230335893389,                0.3063015346959271,        -0.0756172922856298,       0.006788071848913381,                                          0.00633937358523119,                                           106.67283155205594,                                     0.02542336432541925,              0.010316116363015736,             0.0067218175519959305,-1950.7772775092349,159.94747222637497,  -1790.82980528286, 4.617680565577964e-07
                       0.408367759022644,                    -0.08119405113528173,               0.30028704705576736,       -0.08023490783300137,       0.007448674421592589,                                        0.0006259836139584902,                                           111.89441307430435,                                    0.025035748519846645,              0.010333199968228068,              0.006247371860857799, -1957.440876351498,1599.5530559820954,-357.88782036940256, 5.894672480984567e-10
                     0.40117838472825645,                    -0.08936978127089433,                0.2948931208861254,       -0.08632752479057136,       0.011622348541570173,                                          8.5405127171175e-06,                                           105.79341747901931,                                    0.024470898070390764,              0.010882690748785574,              0.005398427096492745,   -1955.0381619726, 117090.7587797755,  115135.7206178029, 6.515462900625979e-09
                      0.3929432571258908,                    -0.08828521815517051,               0.29276130055030236,       -0.08494835860191519,       0.007809862102882157,                                        0.0005367336297326674,                                           112.12305639139916,                                    0.024103368958523688,              0.009546352418197426,              0.005431047220221002,-1959.0031366709004,1865.0488354844929, -93.95430118640752, 1.235886658097318e-10
                     0.42244632184418984,                    -0.07549660809843163,                0.3073863295702614,       -0.07430184432874104,       0.006670453343135642,                                       0.00026152435827137173,                                            111.0051541340086,                                     0.02269954574675943,                0.0103497289515568,              0.007199201978742616,-1957.0710004204307, 3825.988706729783, 1868.9177063093525, 8.532862663985007e-10
                      0.4067803889476685,                    -0.08298691819907984,                0.3000661382721123,       -0.08363751918055265,       0.006240938148920763,                                       2.0987932356589636e-05,                                           125.65240616314554,                                     0.02195473229080934,              0.009709565191397583,              0.006122115703912544,-1957.0295004875238, 47648.33177751482, 45691.302277027295, 8.894426437947288e-10
                     0.40295243953913873,                    -0.09573595147273728,                0.2953915819855067,       -0.09028820961504355,       0.011881927224354527,                                        0.0002490988753545793,                                            113.4530974584547,                                    0.021043128861601115,              0.010830329395097862,               0.00485497087104783,-1954.0434164916082, 4015.991668944228, 2061.9482524526197,1.7618046403631125e-08
                     0.40983603271613145,                    -0.09153260150652784,               0.30228630391228895,       -0.08583159350195826,       0.006114882982912916,                                         0.007538712061521567,                                            102.2484976471192,                                    0.024806558865271798,               0.00952527069465514,              0.006470570163845857,-1953.4140584560969,134.39971293027648,-1819.0143455258203,3.3058601052021475e-08
                      0.4093785121780796,                    -0.07922048462480752,                 0.301339939885399,        -0.0778854155938256,        0.00661468638705149,                                       6.2180569950070945e-06,                                           114.37491290026833,                                    0.023791959072746647,              0.010219021154913199,               0.00673384051370651,-1951.5795823259728,160824.12424835365, 158872.54466602768,2.0700809653494567e-07
                      0.4089211720395968,                     -0.0815712397495121,               0.30124828231876993,       -0.07967549631309293,       0.006367368010632038,                                        4.928409638947806e-05,                                           132.63810681830233,                                    0.021809235435534903,               0.01008687752900743,              0.006742010364567419,-1950.3034749818485, 20292.61472935816, 18342.311254376313, 7.416409641997228e-07
                      0.3964863591767017,                     -0.0903104474303331,                0.2942123533032764,       -0.08527984000236213,       0.009790381212055508,                                        0.0004333025134813528,                                            98.78678004326802,                                     0.02776656350827801,              0.010592911072512801,              0.005717071854735207,-1953.7547386977017,2309.7300528971396,  355.9753141994379,2.3514130409508156e-08
                      0.4073174413409033,                     -0.0844116597691748,               0.29986499971978703,       -0.08245472238438277,       0.007626924565724913,                                         0.004336178789625403,                                           106.28964768325363,                                     0.02586517614473674,               0.01025612668069667,              0.006113096627662439,-1956.6589968261883,232.57427254466293,-1724.0847242815253, 1.288325619601057e-09
                     0.40214097546261063,                    -0.09302071332798822,                 0.295521750788152,       -0.08838694902480793,       0.010455594771256993,                                        0.0008401954124951626,                                            114.8829005038704,                                    0.023347867065301835,              0.010560275123392943,              0.005215551555541234,-1958.4932647486226,   1191.8479174886, -766.6453472600226,2.0578475883698294e-10
                      0.4222510217682168,                     -0.0779879134202414,                0.3071414315593254,       -0.07564384289682187,      0.0070601886082060274,                                        0.0012957801553546801,                                            82.55121054300933,                                     0.03089654462404396,              0.010378460126582667,              0.006902388852331591,-1957.3587604752179, 773.9246373487497,-1183.4341231264682, 6.399147958028312e-10
                     0.41118929519909214,                    -0.08238960423978386,               0.30182482615718886,       -0.08111503059116122,       0.007142794121339823,                                        0.0036218657349777884,                                           143.84156014659393,                                    0.019986700652071965,              0.010037378391821707,              0.006416409512854469,-1952.9369501232209,278.09742880146626,-1674.8395213217545, 5.327089430526901e-08
                      0.4068034462869332,                    -0.08272655505598019,                0.3006287670657589,       -0.08172927696671749,       0.005762149365402662,                                       3.3472603713968502e-06,                                           128.55026007289965,                                    0.021669760543277117,               0.00984411573867886,              0.006468950304174483, -1950.071893728796, 298753.7877923469,  296803.7158986181,  9.34906480445611e-07
                     0.41149575160743435,                     -0.0896007461816768,                0.3041323274219313,       -0.08562761572165602,       0.004828022508543909,                                       0.00015238426120308806,                                           119.59042921361537,                                    0.022534593648312225,              0.009126642831233314,              0.006811507438966612,-1956.0447271745738, 6564.111886888502,  4608.067159713928,2.3812202290887027e-09
                      0.4012256898570732,                    -0.08596227604265508,                0.2962719291272436,        -0.0824117380439054,       0.009510638587427971,                                        6.259972740162779e-06,                                           106.46877659206157,                                    0.024983578025666902,              0.010560056062190468,              0.005993229009814142,-1957.1664533604621, 159747.1001710592, 157789.93371769873, 7.756040543200673e-10
                      0.3973508608977054,                    -0.09160521362864084,               0.29326390254327306,       -0.08629150114916152,         0.0116024955122106,                                        3.177020802028927e-06,                                            96.04053467675351,                                    0.028281301717367462,              0.010919316212237087,             0.0052315544902561024,-1953.3134573560733,  314762.092242548, 312808.77878519194, 3.655737250928264e-08
                      0.3917657801454939,                    -0.09208140222567866,               0.29264749247871374,       -0.08611627937782756,       0.009265118859286997,                                       1.3249374675564698e-05,                                           140.58973844275474,                                    0.018540069455081878,              0.010230327762958517,              0.005780642155736167, -1957.442181100108, 75477.12123299234,  73519.67905189224,   5.8869864305309e-10
                     0.38822210431941245,                    -0.09024408970980194,               0.29171872584301745,       -0.08590958528533477,       0.007059444804582364,                                        7.485038764988405e-05,                                           114.84340188407087,                                    0.023094006413571688,               0.00959779223440684,              0.005880599829346967,-1950.5529858829864,13361.897656929477,  11411.34467104649, 5.778731316602307e-07
                     0.39526045476430416,                    -0.08743446628727417,                0.2931583039585473,       -0.08395168006283048,       0.009593980240764102,                                        0.0005662669771313275,                                            97.12020964202912,                                    0.028721080847129273,              0.010317470063392288,              0.005504191816389785,-1955.4480693166656,1767.9096812709156,-187.53838804575003, 4.324389245518087e-09
                     0.39440094200001596,                    -0.08856561067900649,                0.2924542928524802,       -0.08473220770410655,       0.010223880568980007,                                         0.002464884041057818,                                            85.68835736535843,                                     0.03111703196118905,              0.010549270041940097,              0.005370234811037714,-1955.9475441636264, 407.6185519875806,-1548.3289921760459,2.6242524342775513e-09
                      0.4224432500124331,                    -0.09598092763467923,                0.3076484792397191,       -0.08663027489215497,      0.0074201225004315785,                                       0.00028501627281775517,                                            111.0700732776893,                                    0.023060873265583124,                0.0095447749482952,              0.006673884340745043, -1957.139755103773,3510.1620556142516, 1553.0223005104785,  7.96590231059471e-10
                      0.4133699055016878,                    -0.08970669873253295,               0.30521270775417697,        -0.0853900269243577,      0.0044780784686744915,                                        2.262478335414782e-05,                                            145.9259439924984,                                     0.01928148960841708,              0.009078099225453008,              0.006943222028588338,-1950.6159072661699, 44201.06957702452,  42250.45366975835, 5.426328639841179e-07
                      0.4081564238672495,                    -0.08130956567213396,               0.30074743801015985,       -0.07917208554135652,      0.0063625306839985366,                                         0.029780429902368812,                                           112.07052756838232,                                     0.02400177344062825,              0.010132034445227369,              0.006479249869657754,-1958.0128440051044,35.705153582602605,-1922.3076904225018,3.3270343448711235e-10
                      0.4189050657826292,                    -0.07816999593314765,                0.3061745310037268,       -0.07630623554109806,       0.006597590300299352,                                        0.0003068339227414244,                                            93.93225645722077,                                     0.02791896482439237,              0.010219264682689348,              0.007066231149299521,-1952.4898781143197,3261.2772143545185, 1308.7873362401988, 8.330113027838598e-08
                      0.4001970292626563,                    -0.08881483574639355,               0.29385403885016914,        -0.0848000681735471,       0.011064297621614766,                                        6.634123571484198e-06,                                           113.96018854573865,                                     0.02378359724928501,               0.01068017092293041,              0.004789251660186639,-1956.8349127962606,150737.67280329394, 148780.83789049767,1.0805038238348825e-09
                     0.39262227868993577,                    -0.09159452905846782,               0.29219992584383414,       -0.08694922984384854,       0.008884316369131817,                                       0.00040696622648730507,                                           117.66659678196562,                                     0.02179275090468611,              0.010130656237987631,             0.0053318615965037945, -1954.868175988609,2459.0188195242913,  504.1506435356823, 7.722701542496602e-09
                      0.4166356453363928,                     -0.0781475658070639,               0.30501155603134944,       -0.07647944769305985,       0.005694991781118397,                                       0.00014302726075633918,                                           109.86176646567341,                                    0.022949113888537178,               0.00994503447798642,              0.006908904983401392,-1950.9432873851251, 6993.870166668957,  5042.926879283832, 3.911350305505232e-07
                      0.3994887541738518,                    -0.08836202470412742,               0.29426362944162066,       -0.08443549533267683,       0.011061224954057794,                                       0.00048550654559771807,                                           112.33935984333856,                                    0.024745796982973974,               0.01093412795867034,               0.00539518470513016, -1950.203126966468, 2061.593936894899, 111.39080992843083, 4.835454909132848e-07
                      0.4177996967301574,                    -0.08198100878506699,                0.3051977303688191,       -0.07879665708515932,      0.0069290704389505155,                                       4.9033471961311385e-05,                                           134.36457189512657,                                    0.018392226342451936,               0.01006386756038468,              0.006716469870790634,-1947.8454207751734,20396.293296042408, 18448.447875267233,5.1094732129910546e-06
                      0.3979302527015548,                    -0.09477420887963331,                0.2999899808963196,       -0.08657698717110311,       0.003901629817878857,                                         0.011880480652556194,                                           123.28184336088624,                                    0.021778267784855095,              0.008728329947594819,              0.007480172589887303, -1944.585760337724, 85.97676414173442,-1858.6089961959894,0.00013305422433710113
                      0.3928267168022835,                    -0.09420838830370654,               0.29337302410442395,       -0.08897054815427176,        0.00870752351723804,                                        2.339021810733222e-06,                                            140.9026826028141,                                    0.017420251846966488,              0.010196369537937846,              0.005754192979221152,-1950.0860937201137, 427530.8429184523,  425580.7568247322, 5.435809532594595e-07
                      0.3968539609906718,                    -0.09669059367920879,               0.29368715500200676,         -0.090899548096209,       0.010616546640458562,                                         7.35351046126709e-05,                                           105.65840785907712,                                    0.024874390647131386,              0.010369411289322637,              0.005136282096302774,-1944.0259206872356,13600.488548883588, 11656.462628196352,0.00023289702367690118
                     0.40978948316019675,                    -0.08222463205544339,               0.30143876692878163,       -0.08014970710463767,       0.006543325977277171,                                        2.730877281040254e-05,                                            140.9761365388951,                                     0.01822806817279895,              0.010114705726980892,              0.006418244594557113, -1952.277166234448, 36620.32933296208,  34668.05216672763, 6.077060059454837e-08
                      0.4171787382532711,                    -0.07934647973402129,                0.3051947037725393,       -0.07651105303439498,       0.006171237688919681,                                        0.0008521303425675324,                                            121.5558638324667,                                    0.021388203578241893,              0.010138453423010778,              0.006947737520905666, -1944.019076443346,1175.7158121829314, -768.3032642604146,0.00023449649505045115
                      0.4013823553206428,                    -0.09102827117264815,               0.29609159427904624,        -0.0863826251904216,       0.010301795503158196,                                          0.00764450177212601,                                            99.29997565419373,                                    0.025936245090608965,              0.010538301855040032,              0.005764038638623894,-1944.0255413777209,132.58416493765844,-1811.4413764400624,0.00023298538049017076
                     0.40958356892257647,                      -0.084833087787413,                 0.301440394795284,       -0.08253039772946152,        0.00702288572966701,                                       6.0842254575373624e-05,                                           132.43896501904888,                                    0.021758344872967336,              0.009901460140993627,               0.00626174490114948,-1956.3523157242494,16437.879255540156, 14481.526939815907,1.0324727356697602e-09
                      0.3973147399434106,                    -0.09737648005538262,               0.29461780614669386,        -0.0915910448417805,       0.010044616560574243,                                        0.0014431715417251856,                                           120.03102600139482,                                    0.020733067188644205,              0.010302161643846147,              0.005471053788706275,-1946.0957211690798, 694.4183643158461,-1251.6773568532335,2.9394157072443868e-05
                     0.39271165014447046,                    -0.09471455435767966,               0.29292599667744545,       -0.08863597793934329,       0.009425675769480179,                                        0.0037152273289895272,                                           104.54784547842407,                                    0.025182022943694718,              0.010313306663504032,              0.005605327517117771,  -1942.21486124565,270.87531998955166,-1671.3395412560983, 0.0014246135158803926
                      0.4186267054991844,                    -0.08199080160893925,                0.3069447760306978,       -0.07865445242499686,       0.004698805565250502,                                         5.11647852726345e-05,                                           137.57938428880078,                                     0.02047097276174536,               0.00959319904735703,              0.007136187476722339,-1950.4676318788001, 19546.76134602757,  17596.29371414877, 3.711626903027554e-07
                     0.40410455133263884,                    -0.09248144429501418,                0.2959865176420524,       -0.08791150099499621,       0.011801132225966385,                                        2.938473069466784e-05,                                           144.65422307104322,                                    0.017937556767001553,               0.01079894279676745,              0.005146464611099448, -1947.202493174665, 34032.92994855781, 32085.727455383145, 9.718428320491976e-06
                     0.41748616739407046,                    -0.07339989668057303,               0.30571350202183845,       -0.07333874723770124,      0.0053410636964814255,                                        0.0004145987001136149,                                            143.5434635226419,                                    0.018611609890295724,              0.010141375611071075,              0.007048076988262871,-1955.3420904307836, 2414.314332718377,  458.9722422875934, 2.835396915477091e-09
                     0.41569997635529127,                    -0.08035886622781199,                0.3034260793675927,        -0.0782675785862505,       0.007934906207018002,                                        5.318132025346387e-06,                                           138.88143351283264,                                    0.020095736471939143,              0.010463642670292136,               0.00648575154683315,-1944.9061350023926,188038.05189730373, 186093.14576230134, 9.658100461132479e-05
                     0.39004508100040136,                    -0.09538917131741659,               0.29236350966795877,       -0.08891971731966244,       0.008848940791135086,                                        2.107700815988111e-05,                                             108.590526262928,                                    0.024636626993005988,              0.010071057826794218,              0.005898085324795566,-1944.4821074502356,  47446.7829639134,  45502.30085646317, 0.0001475857900864864
                       0.393670327396449,                    -0.09069376281210738,                0.2932263739636285,       -0.08577272537153412,       0.009581192255321558,                                         0.002502356397880317,                                           105.18063330445462,                                    0.025206336611740775,              0.010539820358992976,              0.005958755962349155, -1943.771431186056,401.49287093575896, -1542.278560250297,0.00030039128212640915
                       0.416546712903746,                    -0.08072627266297899,               0.30506191172264585,        -0.0778696346954182,        0.00543526529166763,                                       0.00039159081728136957,                                           114.29841886676117,                                    0.023583949709597915,              0.009861523107126948,               0.00690647629381912,-1946.4886883727581, 2555.811903829827,  609.3232154570687, 1.984255178700081e-05
                     0.41282982262376683,                    -0.08162687950696651,               0.30428392977313323,       -0.07887989003672645,      0.0048503468086841155,                                        0.0015878464931748427,                                           125.72311777442998,                                    0.021273693824779585,              0.009688264805460972,              0.007099867159226975, -1945.951821382669,  631.890138893492,-1314.0616824891772, 3.394344312173205e-05
                     0.39708963222514426,                     -0.0883267441939875,               0.29363052765257114,       -0.08431501153296106,       0.010917707095723393,                                         0.001079045345336862,                                           112.48321945622045,                                     0.02300129232673047,              0.010803670403911773,              0.005684483485059304,-1957.8688374325725, 928.6609223536996, -1029.207915078873,2.2660087500365926e-10
                     0.41621429414771044,                    -0.07414259099564727,                0.3031020903641598,        -0.0749133463146629,       0.008017707749716026,                                        0.0012907418006231994,                                           125.27112983098218,                                    0.020590026989582955,              0.010821140281139773,              0.006329767255016096,-1956.5602913289244, 777.0189315530996,-1179.5413597758247, 8.386020788448559e-10
                      0.4122365879867497,                    -0.08315486259282533,                0.3025298495493925,       -0.08196286664824998,       0.006606138224826937,                                        0.0006011768797958088,                                           133.12951553295514,                                    0.019796759567557873,              0.009818571168581258,              0.006145049816753159,-1957.5848323379073,1665.3489308419269,-292.23590149598044, 3.010255981129881e-10
                     0.39549014430692153,                    -0.09447396828202026,                0.2933763445913694,       -0.08899453130023802,       0.010508643065595928,                                        0.0008455798455205013,                                           115.61742797430043,                                    0.024027584249742766,               0.01036345309633498,              0.005435646848795439,-1943.7740011061173,1184.2843032228056, -759.4896978833117,  0.000299620291660459
                      0.3940732349524326,                    -0.09117265679918253,                 0.293314291369639,       -0.08673752592482387,        0.00958669622012265,                                        8.328366626637422e-06,                                           109.69667225895698,                                     0.02415776367890158,              0.010395230506829193,              0.005700189579482268,-1955.3558877895525,120073.37512855613, 118118.01924076657,2.7965445731835636e-09
                      0.4175526358390985,                    -0.07601590174617272,                0.3034166683816251,       -0.07585757777135954,       0.008631619715417526,                                         0.001053532766155198,                                            96.01777591128534,                                    0.027564815855654023,              0.010818636715536095,             0.0062839773957231344,-1956.6534542704399, 951.3988421735556,-1005.2546120968842,  7.64004265422799e-10
                      0.3981270290424209,                    -0.09014437408995063,                0.2935722404870862,       -0.08640006097009474,       0.010563474342242234,                                         0.000382426930460034,                                           126.75331326596232,                                    0.020266298611260645,              0.010603562249223064,             0.0049304243585562915, -1950.172784678835, 2616.670752562734,   666.497967883899, 4.984422248981887e-07
                      0.4168626291096663,                     -0.0814860594611059,                0.3050117892162215,        -0.0788247343854881,       0.006822547180322157,                                         0.007623646618865985,                                           116.21840702751688,                                    0.023209745431855732,               0.01008615126303138,             0.0066988750291777565,-1958.0083627628114, 133.2409822312434, -1824.767380531568,1.9709086770819368e-10
                     0.41670262166649613,                    -0.08095311076757448,                0.3048378581097969,       -0.07923704353349091,       0.006532793461657938,                                          2.0216445888227e-06,                                           130.59221962482536,                                    0.021145856055323205,              0.010171999830841303,              0.006611029244579205,-1948.3281422769082,494648.83918537485, 492700.51104309794, 3.153064407523219e-06
                      0.4186414667819316,                    -0.07815886111276744,                0.3053758137976139,       -0.07728618873239398,       0.007362218454363194,                                         0.008781355739287795,                                           124.88209196417745,                                    0.021395083385179384,              0.010245315420220072,               0.00658360588604781,-1954.6799794362573,116.01076831913491,-1838.6692111171224, 5.497497162843672e-09
                     0.39458667521490176,                    -0.09341570279826397,               0.29291850884997217,       -0.08863776315335034,       0.010141462315593486,                                         0.014717890609917789,                                           115.76264726703114,                                    0.021560145759856077,              0.010303893615096139,             0.0052104763084343765, -1958.336454122537, 69.63884397872425,-1888.6976101438127,1.4196400223386445e-10
                      0.4097891454917147,                    -0.07930411357677594,                0.3007964512061093,       -0.07953788750413046,       0.007157337301648661,                                        0.0010124533186896972,                                            99.17170765768188,                                    0.028740994331662162,              0.010275294186941394,               0.00620577927756755,-1957.2769170572305, 989.7954557924511, -967.4814612647795, 4.095711289890084e-10
                      0.4021707203403156,                    -0.09139169697309828,               0.29512592744589433,       -0.08772062658003076,       0.011821705972304603,                                        0.0018834399273085884,                                           120.23802685676277,                                    0.022586974823606453,              0.010871033133739143,              0.005115512429128352, -1951.317562089987, 532.6226365155143,-1418.6949255744726,1.5865154773454147e-07
                      0.4131370995040379,                    -0.08220601417142968,                0.3029644732094492,        -0.0794990606402117,       0.006553102235744274,                                        1.592136514939495e-05,                                           146.14401457413288,                                    0.019283326999886725,              0.010057580524775808,              0.006465307891201814,-1952.6155389441915, 62810.74927675818,  60858.13373781399, 4.332515526969697e-08
                      0.4017593604973757,                    -0.08858173597665721,                 0.298874090265196,        -0.0865683249697234,      0.0051777221473748095,                                        9.411601041002267e-06,                                           110.75338047569129,                                     0.02585202128773236,               0.00922577779560542,              0.006250136993391527,-1955.0815190551043, 106253.6298859143, 104298.54836685919,3.6794132940970154e-09
                      0.4123459404158578,                    -0.08284223054865338,                0.3018136938266245,       -0.08067875647280166,       0.008447583826892998,                                         8.87487116303884e-05,                                            87.75469546409063,                                     0.03216720416756899,              0.010344525281065553,             0.0061536924453806045,-1957.6887710565866,11269.776432230368,  9312.087661173782,2.7130850982515454e-10
                      0.4070853221437744,                    -0.08809875372393211,                0.3006478560182392,       -0.08573610602014284,      0.0062537368341564325,                                       2.0867412075625587e-05,                                           111.78163255912224,                                    0.024740142040174978,              0.009528683819497834,              0.006055253231204928,-1946.8309740385098, 47923.39287235878,  45976.56189832027, 1.409109512045949e-05
                      0.3971188829279969,                    -0.09086248224132042,               0.29436817575104385,       -0.08645626026420952,       0.010095067864744529,                                        0.0002493533860244402,                                           123.19949043551176,                                    0.022478109375570276,              0.010525964313961047,              0.005548881182929843, -1952.705279883446,4012.1726140127166, 2059.4673341292705, 3.960646966031678e-08
                     0.39283120426130586,                    -0.09248189469624395,               0.29323551078280186,       -0.08753162869219101,       0.008979540580007092,                                       0.00011944546346012034,                                           130.20170308043154,                                    0.019101375829900926,              0.010107093445310465,               0.00563387071749666,-1955.1608091241155, 8373.798286399346,   6418.63747727523,3.3989387124808893e-09
                     0.40790338593680614,                    -0.08430821542898122,                 0.301133171314455,        -0.0824010655934782,       0.006052055932726678,                                        8.875017453675185e-06,                                           106.97150253051211,                                    0.026395320821524064,              0.009674130994618274,              0.006341199801797053,-1956.8189001607939,112677.79436323865, 110720.97546307785, 6.475056256581264e-10
                      0.3929222294586318,                    -0.09615679531552004,                0.2930166470101981,       -0.09028991057287955,       0.009715263197052734,                                         0.007317336569193962,                                           106.05715678611848,                                     0.02499822386981495,              0.010271070940669876,              0.005620925382606033, -1945.218040241492,138.27569523526523,-1806.9423450062268,    7.070221084097e-05
                     0.39925992713778335,                    -0.09319563519863264,               0.29550513830586245,       -0.08843584767761893,        0.00994330275617899,                                        0.0023351480264081057,                                           129.69309121771357,                                     0.02017073622875865,              0.010226152056548319,              0.005653811687038968,-1953.5594751200329,429.90859971587594, -1523.650875404157,1.6857526667967895e-08
                      0.4163151338147032,                     -0.0763973489359577,                0.3046097027177478,        -0.0765955737104286,       0.005980683765623873,                                       4.8345130543334455e-05,                                           105.99607044132485,                                    0.027563720814174977,              0.010261818897538947,              0.006680242828439133,-1953.7886764437721, 20686.80220004576,  18733.01352360199,1.3404573032921085e-08
                      0.4060349181770151,                    -0.08940059148675801,                0.3010254760426658,        -0.0861327252831924,       0.005238711795091702,                                         5.63082451580875e-06,                                           142.56932067301233,                                     0.01991285499542815,              0.009217446180560874,              0.006325089258887887, -1951.986795463356, 177595.6528640196, 175643.66606855622, 8.124561904149206e-08
                      0.3950106488430978,                    -0.08881432274943252,                0.2927831185809369,       -0.08503773097105358,        0.01021629898161708,                                       0.00021178779915303412,                                           127.40363269793993,                                    0.020339370785544923,              0.010624656520475553,              0.005411113393331131,-1957.4128167457616, 4723.602502893442, 2766.1896861476803,3.5752700467845194e-10
                      0.4145207248966367,                    -0.07949939436774522,               0.30252764825213146,       -0.07818210177412603,       0.008282611911185593,                                         0.000979007859708915,                                           127.07280384629921,                                    0.020291662566848438,              0.010639010815213708,              0.006377967742675674,-1954.1006437075644,1023.5601630334072, -930.5404806741572, 9.812221063535577e-09
                      0.3995395402688417,                       -0.09250502208114,               0.29533195304971505,        -0.0867817026996519,       0.009729913824230895,                                       1.2511352784565386e-05,                                           129.17952747305972,                                    0.020624633695147238,               0.01055139118638939,              0.005494399952701942,-1948.3346639603828, 79929.17030430687,  77980.83564034649, 3.132568027580058e-06
                      0.4111886704025433,                    -0.08114810388559066,                  0.30166133017843,       -0.07953389191261605,       0.006853907905176188,                                       1.4553871249518227e-05,                                           106.77693128029844,                                    0.026479676395299953,              0.010222466555740115,              0.006394005907610982, -1954.672865924667, 68712.32332223302,  66757.65045630834,5.5367430953341846e-09
                      0.4000905818413173,                    -0.09054946860746547,               0.29470017371946094,       -0.08677043666374795,       0.011421539224729797,                                        3.814383704431174e-05,                                            91.04734848783498,                                     0.02787816399402474,              0.010692492386951533,             0.0054801097489244974, -1955.793509758038, 26218.30957273767, 24262.516062979634,1.8053646717420175e-09
                     0.40943065842885323,                    -0.08065280818435198,               0.30149965317398564,       -0.07989391044926275,       0.006021437229796917,                                       1.2717871080511316e-06,                                           106.45352306557113,                                    0.026514789504186422,               0.00987914799804525,             0.0065032152680138695,-1950.9909981963942, 786297.2043400238,  784346.2133418274,2.1992227032759325e-07
                      0.4022264262246786,                    -0.09203607235218918,                0.2951011470808635,       -0.08740717745266896,       0.011749250970966598,                                          9.3236240569219e-05,                                            129.2302017241645,                                    0.020479711959523892,              0.010904085476784784,              0.005207742778909962,-1941.8859424749812,10727.138243703206,  8785.252301228225,   0.00197945059845912
                      0.4125985311992479,                    -0.08634488156056806,                0.3013351460816006,       -0.08367981328251554,       0.009108340172008964,                                        6.634987218386594e-05,                                           117.14717357166487,                                    0.024315612343839964,              0.010189787195874267,              0.005756042681177536,-1953.6656608621383,15073.456194440492, 13119.790533578354,1.5159259016565867e-08
                      0.3939939217334149,                    -0.09385114808710376,                0.2929015081909274,       -0.08850216551537449,        0.00975592275529911,                                        0.0001300910116255928,                                           120.11994697600413,                                    0.023393983622607546,               0.01036143654507747,              0.005237237126393478, -1955.019118867101, 7688.634176509899,  5733.615057642797, 3.916324147993204e-09
                        0.40268585485451,                    -0.09315449414736163,               0.29614345525870034,       -0.08780765952313839,       0.010827801411536189,                                         0.006448645287014506,                                           109.02531375926878,                                    0.025318758768115863,              0.010490921009516882,              0.005464774774517955,-1943.3070323602492, 156.7454889579978,-1786.5615434022513,  0.000477939771922891
                       0.399532356808711,                    -0.09080280454836345,               0.29395197859015626,       -0.08653058219012857,       0.011802209353507637,                                       2.5149349786647864e-05,                                           107.02792413025142,                                    0.022408730221824137,              0.010961533869542413,             0.0052214796219334225,   -1956.8040558416,39764.227179844325,  37807.42312400272, 6.571891003243744e-10
                      0.3940274978580641,                    -0.09241892159163126,                0.2935299485636823,       -0.08689725018951551,       0.009856777408646017,                                       0.00011662669876042085,                                            109.1997024199194,                                     0.02625627028093749,              0.010398543864101897,              0.006014673455477073,-1943.1886342693356, 8576.166475940894,  6632.977841671558, 0.0005380130494253439
                      0.3998193372057538,                    -0.09306744861961543,                0.2942800788575064,       -0.08839198637492034,       0.011720474965905598,                                        8.345060312587255e-05,                                           140.92019009547994,                                    0.016606331249536546,              0.010802086178042855,              0.005217111493719749,-1949.5235023737528,11984.794175056279, 10035.270672682525, 9.541014331663476e-07
                      0.4015417222781355,                    -0.09491699305274644,               0.29499499371731086,         -0.089387406254642,       0.012286053158256942,                                       4.4798621335643574e-05,                                           130.08233799049563,                                     0.02048504663983578,              0.010853488779511235,              0.005194568220474993,-1946.5401462631075,22323.696957836568,  20377.15681157346, 1.884732174928072e-05
                      0.4123544339279681,                    -0.08187547553208611,               0.30128441093149777,       -0.08113872919426533,         0.0087795781183268,                                       1.1155725566925632e-05,                                           108.18839975523065,                                    0.025917857313416056,              0.010430442273752677,              0.005898511993680158,-1958.6116607451954, 89642.04941469966,  87683.43775395447,1.0780962038640035e-10
                      0.4152420458219452,                    -0.07955883610728291,               0.30326378363643874,        -0.0784684695750996,       0.007595556643161771,                                        0.0020496274371579197,                                           138.53150350348236,                                     0.02061721184568238,              0.010365948728913678,              0.006402254042934383,-1948.4116827946268,489.99310040520595,-1458.4185823894209, 2.900358325897747e-06
                     0.41049875332377667,                    -0.07874250070462359,                0.3023516139851457,       -0.07742718752409784,       0.005254806413638215,                                        0.0028207857888628927,                                           130.66500267884297,                                    0.021198124243123558,              0.009910826491825021,              0.006929221277577776,-1956.5292324217803, 356.7107810500394, -1599.818451371741,  8.65056844384929e-10
                      0.3965467174169241,                    -0.09070205370571649,               0.29320599342842324,       -0.08608199474911601,       0.011399621905603473,                                         0.009222179475422788,                                           115.01390961924898,                                     0.02340431174439809,               0.01068867487454804,              0.005392512267742682,-1956.4110152104308,110.25131504498589, -1846.159700165445, 9.736115766603777e-10
                       0.415341258222126,                    -0.07903700211519513,               0.30347239388423086,        -0.0775333573676891,       0.007400011104348139,                                       0.00028739831083041746,                                             126.711973542649,                                    0.021888022436740567,              0.010315097727405057,              0.006444689146608894,-1952.9379145277321,3481.6382035500887, 1528.7002890223566, 3.138587138903959e-08
                     0.42004591534702734,                    -0.07690477235217447,                0.3064164889099201,       -0.07630756523472082,       0.006446183498333745,                                        0.0009762005495505541,                                           105.94421538737471,                                      0.0237680764504357,              0.010244520636907083,              0.006835445992238599,-1955.1533898710536,1026.5561252396706,  -928.597264631383, 3.424250078539923e-09
                      0.3963667625993835,                    -0.08927988986878674,                0.2933524667717308,       -0.08588259372405048,       0.010435629049462498,                                       0.00013065873776791132,                                            93.11519130981902,                                    0.028133971417065386,              0.010621168043290915,              0.005652084838447163, -1946.616925561942, 7655.366281753137,  5708.749356191194,1.7454395755740915e-05
                      0.3988324442524136,                    -0.09132174384701681,                0.2942140200332417,       -0.08755624240235414,        0.01085425367704782,                                         0.005285293818046576,                                            98.00911599809973,                                    0.027293174285157026,              0.010704997588795544,              0.005402003129535783,-1954.5625926215512,190.92764366690488,-1763.6349489546462, 6.182234292111554e-09
                      0.4090574459186504,                    -0.08171651582076175,                0.3001226142327627,       -0.08108187045615445,       0.007693853662755948,                                       5.6199349045697175e-06,                                              132.99154012766,                                    0.019605603571558022,              0.010239271701163764,              0.006065336283295942,-1956.6899313801991,177940.01871685122,   175983.328785471, 7.366377579013181e-10
                     0.41139486023367977,                    -0.08138892189370191,               0.30257260933578384,       -0.07963850795304045,      0.0056039526259463865,                                       0.00024075435261439233,                                           120.95660958721203,                                    0.024112878272681947,              0.009789863615380444,              0.006576828969505923,-1958.6114905376385, 4155.688941013001,  2197.077450475362,1.0782797196024581e-10
                      0.3962662066962749,                    -0.08921220225301366,               0.29365006837022306,       -0.08513245124104081,       0.010069428599696182,                                       0.00043514948448891103,                                            89.81955475759666,                                     0.02980655588895426,              0.010571093556240469,              0.005747320892595526, -1949.999895936941, 2299.945243268113,  349.9453473311719, 5.925151407444636e-07
                      0.3968388364532598,                    -0.09143879408973692,               0.29402774541712245,       -0.08624054539023629,        0.01052068634584051,                                        0.0006321374323479667,                                            78.45317620941654,                                    0.031849980103409545,              0.010587399686182821,              0.005629175369509102, -1957.136973946242,1583.7495679225349, -373.3874060237072, 4.710921377160625e-10
                     0.41096037495381077,                    -0.08373456572968926,               0.30235595947139027,        -0.0799991243327366,       0.006451475146067868,                                       3.5900393167342486e-05,                                           115.52589495243019,                                     0.02312825373003929,              0.010011385929695143,              0.006487585693195565,-1955.3103033312914,27856.905336879267, 25901.595033547976,2.9269737291854853e-09
                      0.4137327953382145,                    -0.07787783815180972,                0.3018490351899875,       -0.07740235730428398,       0.008016533031951661,                                        6.887488216396277e-06,                                           123.68312586504092,                                    0.020513255995424924,              0.010595840921587933,              0.006223361531493221,-1956.3817484827164, 145192.9767947587, 143236.59504627596, 1.002527068575026e-09
                      0.4207878526483795,                     -0.0786627731495759,                0.3056542988958932,       -0.07720094726480894,       0.008013030498823999,                                        3.429707509549915e-05,                                            89.94741163321103,                                     0.03032130339255729,              0.010642404813708135,                 0.006562880752639,-1949.6327266684916, 29159.12555347915, 27209.492826810656, 8.553798977702445e-07
                     0.41162122879862006,                    -0.07722282313297472,               0.30216366479993756,       -0.07658678631382576,       0.006042940696119735,                                        0.0007775843175665832,                                           114.57127739089582,                                     0.02452987163357265,                0.0102272139788596,              0.006725138860496478,-1947.9226705445685,1288.2664870045473, -659.6561835400212, 4.729627941331715e-06
                      0.4174620170702238,                    -0.08040959724320762,                0.3054517906184757,       -0.07836220240189318,       0.006091865252612587,                                       0.00010891548438494418,                                           106.18654084489681,                                    0.027016367112439602,              0.010082612980201256,               0.00674560471825993,-1946.8851504199906, 9183.524491388427,  7236.639340968437,1.3348001385000531e-05
                      0.4014005271222107,                    -0.09290143517904495,                0.2949749632670116,        -0.0883633715013012,       0.012023323718244702,                                           0.0125640504602325,                                           102.41868084054967,                                    0.025395686266507324,              0.010863808379653778,              0.005129676383821712, -1957.233339376206, 81.23934169454714,-1875.9939976816588, 4.278138907848261e-10
                     0.40297048042614514,                    -0.08954172905901837,                0.2997875734376319,       -0.08670023750007332,       0.004639390742917092,                                       3.3993918663721676e-06,                                           100.25992532751066,                                    0.028105073751579203,              0.009117053763778768,              0.006412192581241334,-1946.9451774421282, 294172.0295665168,  292225.0843890747,1.2570334616726465e-05
                      0.4003197146688659,                    -0.09233223960897662,               0.29528512367031157,        -0.0871166836133757,       0.010684778604177112,                                       0.00045030338285600996,                                            147.5866904612816,                                      0.0179303555303025,               0.01060754107048805,              0.005652294930169954, -1944.204993584323, 2222.456721268813,  278.2517276844901,0.00019471238096547636
                      0.3967735278004927,                    -0.09531209919779043,               0.29409119753296653,       -0.08964228787981739,       0.010636233784983738,                                        9.669479351600668e-05,                                            132.6469927977982,                                     0.01947721493071025,              0.010361290832647354,              0.005388047980393113,-1947.2007355088376, 10343.43248879342,  8396.231753284583, 9.735525090649985e-06
                      0.3990682723131177,                     -0.0898593070678937,               0.29457500165752415,       -0.08568897846647927,       0.010093463551786055,                                        1.727943988124869e-06,                                            91.71772854958725,                                    0.028041678564545706,              0.010719420775666686,              0.005467812018861276, -1958.173348846953, 578724.2937146401,  576766.1203657931, 1.671144313875723e-10
                     0.41617128222817784,                    -0.08050183040046764,               0.30371407142753876,        -0.0778296986598309,       0.008062261709743076,                                        5.728583915864512e-06,                                           123.16703210900363,                                    0.020850238166219563,              0.010502930850746082,              0.006499309508029023,-1950.2045152137184,174565.33157595035, 172615.12706073662, 4.828746759513477e-07
                       0.402708881168034,                    -0.09415741014485442,               0.29586598994813645,       -0.08807538979627795,       0.011319311982596485,                                       0.00023711086353842413,                                            96.74376156074344,                                    0.026171966066530668,              0.010674514364415596,              0.005306264920918578, -1957.596313137045,4219.0920596076985, 2261.4957464706536, 2.975893468847478e-10
                     0.41596767858707684,                     -0.0826805720994686,               0.30455203893470706,       -0.07998729162630154,       0.006421944846242371,                                       0.00034757719875315094,                                           104.70766201199615,                                     0.02784206947105807,                 0.009984739014076,             0.0066247090759597674,-1952.0235983542148,2879.0785766500776,  927.0549782958628, 7.830989824759045e-08
                      0.3933206389254464,                     -0.0900253957702491,               0.29294531324354506,       -0.08539613588877938,       0.009634101423711093,                                       1.6893990086706847e-05,                                            93.02540699475178,                                    0.026541691864652932,              0.010510438600851957,              0.005920103559773616,-1956.4980206720788, 59194.54179929658,   57238.0437786245, 8.924825579289564e-10
                     0.40273720388570655,                    -0.09190828588326863,                0.2959070557271408,        -0.0873380651878336,       0.011254418388419164,                                       0.00047179224673796113,                                           118.63476911507786,                                    0.022499372240255708,              0.010663606137067532,              0.005434948787233099,-1949.7809706375479,2121.2757201840086, 171.49474954646075, 7.375262833907954e-07
                     0.39762489949808894,                    -0.09281099803094005,                0.2947500272656311,       -0.08755539877642494,       0.010512959076448551,                                       3.4766412765762046e-05,                                           110.13302778591155,                                     0.02585214848363638,              0.010550060008609788,              0.005843909003238234,-1949.9329542420587,28765.124915929453, 26815.191961687393, 6.335368212321712e-07
                     0.39708871364296333,                    -0.09664010948790207,                0.2945263467805303,       -0.09054471006822419,        0.00994189587998342,                                       0.00011627134138283765,                                           120.88966712970917,                                    0.021996573615497422,               0.01009762357968546,              0.005338579951422269,-1950.1170656371355, 8602.133874355657,  6652.016808718521, 5.270032557875528e-07
                      0.3963060336211584,                    -0.09583125575360434,               0.29350454448404034,       -0.09086015296774036,       0.009684263055649326,                                        9.207837674419758e-06,                                            130.7567556744467,                                     0.01820089898819823,              0.010371527132575208,              0.005002767394614225,-1953.7226373665476,108604.68428787195,  106650.9616505054,1.4319682608488855e-08
                     0.41646285244976267,                    -0.07205332471270046,                0.3028067261063203,       -0.07358275425393691,       0.008433701191111415,                                        4.635321198174127e-05,                                            132.2056532562502,                                     0.02015673665441973,              0.011017337142779166,              0.006287548916932728,  -1956.20291779817,21575.809578900087, 19619.606661101916,1.1988401712532807e-09
                      0.3924336447612022,                    -0.09144279853251923,                0.2929658779214485,       -0.08719103378503823,       0.008771085596879627,                                        0.0004621222057476211,                                            147.9600139643724,                                    0.016210325788213555,              0.010040090232558344,              0.005757980311933342,-1956.8820938625172,2165.7302757607285, 208.84818189821135, 6.078534277280438e-10
                     0.39465084086463426,                    -0.09113112831304546,               0.29333428895275687,       -0.08614898705939268,       0.009216617750700956,                                       1.3232840223492565e-05,                                           120.24350245965081,                                    0.021376523853662434,               0.01048892251826419,              0.005586233655070719,-1950.6287731485595, 75571.40733797006,  73620.77856482149, 3.159232217954059e-07
                     0.39919478771676387,                    -0.09300395485244707,               0.29384666347588484,       -0.08855471327122423,       0.011335069969602913,                                       0.00010778246506175922,                                            117.7725859302267,                                     0.02332813357132053,              0.010619227854058383,             0.0049840328173248825,-1945.7841360201287, 9279.603269629786,  7333.819133609657, 4.014030992790691e-05
                     0.39465956056006685,                    -0.09050073582202925,                0.2931379226179732,       -0.08643720928526546,       0.010309477650191119,                                         0.018521625901490875,                                           116.63680623134236,                                    0.022675790863807676,              0.010596742816063697,              0.005699112513304227,-1944.9810252391494,55.811538163567874,-1889.1694870755816,  8.96122335208031e-05
                     0.42316112980658094,                    -0.07625999886615102,               0.30616654043208996,        -0.0748165078431268,       0.008860095970588842,                                        8.274945550681368e-05,                                           106.84316040121452,                                    0.025765974170172457,              0.010868248928696193,               0.00654924879315908,-1949.1512176044857,12086.883804817442, 10137.732587212957,1.3844451977649294e-06
                      0.4166807161884455,                    -0.07733406031846048,                0.3037114709824437,       -0.07742823078379737,      0.0076920744890167534,                                       0.00040367915809855535,                                           120.41110443095666,                                     0.02220887454335826,              0.010569547669598535,              0.006391347097861342,-1956.4027163881597,2479.3581453988363,  522.9554290106767,  9.81725025566791e-10
                     0.40983749119540913,                    -0.07715336225031204,                 0.300706955402273,        -0.0773374456301613,      0.0072156160956877696,                                       0.00027434428563707724,                                           113.31008071515537,                                    0.025148173746336627,              0.010472596099439825,              0.006371997360747152,-1954.0482715354788,3647.2610826193372, 1693.2128110838585,1.0339803118593487e-08
                     0.39752258927198797,                    -0.08828954706961209,               0.29471465490007753,       -0.08510154080437118,       0.006796197230903137,                                        0.0007664008202551996,                                             99.2355365776754,                                    0.028433506260444837,               0.00952596322474352,              0.005181702504582514,-1943.5330566379112,1306.6888236417808, -636.8442329961304,0.00038125195155049447
                      0.4208509840841402,                    -0.07856950400043491,                0.3060622426403795,       -0.07670044936435608,      0.0073432137988917925,                                       0.00014533059216356066,                                            94.78321579234056,                                    0.026447422011611592,               0.01035511695985657,              0.006701035337848444,-1946.6733797789398, 6883.009488174412, 4936.3361083954715,1.6496319669617297e-05
                      0.4096829293291402,                    -0.07848103441929671,                0.3019159693169431,       -0.07734223076923771,       0.005849045524981619,                                        1.066644826473735e-05,                                            109.1024101706412,                                    0.024027140945339982,               0.01012280705335606,              0.006868647537815588,-1952.5751055970227,  93754.1304798568,  91801.55537425978, 4.511283368175879e-08
                      0.4100737153165643,                    -0.08147935573955922,                0.3016322537643749,       -0.08043675671334569,       0.006286286139359224,                                       1.9572485182401483e-06,                                            99.71177966037943,                                     0.02853277291079286,              0.009887661706993244,              0.006386149308636739,-1952.8121081561599,510923.36918239447,  508970.5570742383, 3.559354166382263e-08
                     0.41881181292317293,                     -0.0798762476939108,               0.30577217483777197,       -0.07689417808265327,       0.006314048681352369,                                        0.0007953249037156854,                                           126.07728082343841,                                     0.02104314985196069,              0.009999899333607188,              0.006793247389871988,-1946.1261947724238, 1259.499682464401, -686.6265123080227,2.8511921903699273e-05
                     0.41950481496125985,                    -0.08119345242377074,                0.3060018629900597,       -0.07766581455853015,       0.006641478153637015,                                       0.00010103797650631124,                                           134.71747521059288,                                    0.019403188738734926,              0.010022371257993275,              0.006825178508978168,-1949.6405780082555, 9899.373820766263,  7949.733242758008, 8.486903150232673e-07
                     0.41591213806933985,                    -0.07552093629694365,                0.3033523791742772,        -0.0767063736438407,        0.00731351206388144,                                         9.78839560844925e-06,                                           104.34008991157023,                                    0.027418514096806065,              0.010563817938650353,              0.006445318915641898,-1951.6415037868205,102163.97860916586, 100212.33710537905,1.1475146053141432e-07
                      0.3941595946930036,                    -0.09228778279191348,                0.2931735388409083,       -0.08757120431646577,       0.009356081111275828,                                         0.021675207072975006,                                           113.76309862081068,                                     0.02226451678252779,               0.01029104499171318,              0.005625140719356705,-1950.8951133265514, 47.89989455373058,-1902.9952187728209,2.4205356316819976e-07
                     0.40995845039574724,                    -0.08167896851354049,               0.30157676133686384,        -0.0790645540481363,       0.006979559677636091,                                         0.003720518908225721,                                           116.79691004918426,                                     0.02261953403898367,              0.010199137964747196,             0.0065635444052527595, -1954.685507776781, 270.8934875926388, -1683.792020184142, 5.467188980667062e-09
                      0.4161696759420861,                    -0.08325899689853879,               0.30471393710257544,        -0.0796212234551274,       0.006492313623265157,                                       3.3255920427572985e-05,                                           102.87791230940839,                                     0.02501614319531993,              0.009902004663023925,              0.006670736401453836,-1950.6451163899196, 30071.86901298277,  28121.22389659285, 3.108019752054422e-07
                     0.39625175182649514,                    -0.08873243103325475,                0.2931826859905999,       -0.08469606588332315,       0.010152401965097136,                                         3.98160487766042e-05,                                           102.19608242975534,                                    0.026565316725296217,              0.010463734995711134,              0.005347861923568124,-1950.9638700703067,25117.405962027926,  23166.44209195762, 2.259700104438364e-07
                     0.41352167730240463,                    -0.08219667216627186,                0.3027929011012271,       -0.07982611131302615,        0.00791433515020833,                                       1.1096220389337819e-05,                                           101.01730432057495,                                     0.02842025731295848,              0.010334934860811279,              0.006478009702800003,-1955.2701698773449, 90122.82017210497,  88167.55000222762, 3.046832377788728e-09
                     0.40222796956037615,                    -0.09245469087930422,               0.29700648305087324,       -0.08683737170458743,       0.009439020533715047,                                       1.0620489196092255e-05,                                           109.44869466024554,                                    0.024509075948408197,              0.010382030647058359,              0.005897587744721269,-1946.7163111558698,  94159.3626501563,  92212.64633900042,1.5803096925530767e-05
                     0.41407041754633006,                    -0.07851640672830068,               0.30280892908608975,       -0.07761102624938547,       0.006840545820790633,                                        0.0066746850225588164,                                           124.25857116746084,                                     0.02199223746251665,               0.01021638344589712,             0.0064069902500337415,-1949.7129525586392,151.97603462198066,-1797.7369179366585,  7.89436819859899e-07
                      0.4179658658782291,                    -0.07401699495570864,               0.30441128318599625,       -0.07424177781363693,       0.007148309145442731,                                        0.0007940832723183274,                                           143.00929136895238,                                    0.018783217731333846,              0.010592662704992742,             0.0067312356640353115,-1945.7055316458332,1261.6046704319256, -684.1008612139076, 4.342283430509845e-05
                     0.39137106604445704,                    -0.09056671755562302,                 0.292224871316644,       -0.08598006764039656,         0.0089922976185241,                                        1.921722798544947e-06,                                           128.48432951621942,                                    0.019164358618289263,               0.01038893635634651,              0.005831698998789345,-1952.2194423999113, 520368.2905096171, 518416.07106721716, 6.438173428155365e-08
                      0.4212465221361701,                    -0.08011649613708739,                0.3070735749434988,       -0.07750868269835622,       0.006017344006784247,                                       1.0018902363691751e-06,                                            99.07737654133358,                                     0.02819890201690059,              0.010065897731291518,             0.0069079404647457475,-1953.2828670725016, 998115.4354418505,   996162.152574778, 2.222916779429212e-08
                      0.3940738429780528,                    -0.08976965735916824,                0.2928385026853677,        -0.0859021782195629,       0.010680482198864374,                                        0.0001719926392818362,                                           126.03784101080839,                                    0.021566708128353707,               0.01060425679502814,              0.005673128235657312,-1958.2082476066057,5816.0544829316295,  3857.846235325024,1.6138293772029357e-10
                      0.3964089863815949,                    -0.09018764096472444,                0.2930098014279644,           -0.0860670199117,       0.010932247932874006,                                        7.161813964819641e-05,                                            92.38991048065344,                                    0.026854217825617394,              0.010615710879528095,               0.00530645496957754,-1958.5543895462547,13964.767753133323, 12006.213363587069,1.1416423806108118e-10
                     0.42094624713146866,                    -0.07492555484969435,                0.3058597446581978,       -0.07565240505055777,       0.006941461274447618,                                       1.0446688487455369e-05,                                             82.4633042354676,                                     0.03166079167539025,              0.010449492156950908,              0.006624976437428383,-1953.0636471021812, 95726.31798006846,  93773.25433296627, 2.767765091724112e-08
                     0.39135020260797615,                     -0.0888074696457465,                0.2921901726339411,       -0.08532569555888282,        0.00795136329357962,                                          0.00047334259567605,                                           127.09516208082636,                                     0.01975850934363037,              0.009797621356242566,              0.005415120328420257,-1954.0764624159742,2114.5525246308143,  160.4760622148401,1.0052385280109948e-08
                      0.4097934415533535,                    -0.09040531357812814,               0.30310181886074566,       -0.08624505766598972,       0.005006284346978056,                                         0.001599357484925327,                                           107.65247982223698,                                     0.02495792311684663,              0.009142598158917051,              0.006531208079383521, -1957.401643286155, 626.9843708556132,-1330.4172724305417,3.6154421952299896e-10
                      0.4193005476371897,                    -0.08032916447044175,               0.30547722155292956,       -0.07776341358856806,       0.007599332000407928,                                        3.890697855918528e-06,                                           105.86437288737066,                                    0.025589842935863506,              0.010465641660503582,              0.006564032911117221,-1944.6609710967873,257025.40177889474, 255080.74080779796,0.00012341417655980578
                     0.41334614274617376,                    -0.07909194339684604,               0.30329371391118254,        -0.0773694501253261,       0.006436913433638158,                                       2.1400447673765863e-06,                                           126.44648466500826,                                    0.020731022238390955,              0.010186187104756224,              0.006771261288580866, -1956.551039235665, 467282.1197665751, 465325.56872733944, 8.463969071211206e-10
                     0.40928084663125264,                    -0.09006020559505976,               0.30226053583554585,       -0.08637346212312666,       0.005550500214179292,                                       2.3671422903994947e-06,                                           148.61888400098076,                                    0.017005036122856868,              0.009415843717975896,             0.0064274499091488985, -1947.363486633693, 422452.0398807432,  420504.6763941095, 8.273275087942965e-06
                      0.3931472004066739,                    -0.09213460906424216,                0.2942855921936693,       -0.08665549312932136,       0.007536345565226356,                                       0.00017899034989766295,                                           126.06711700274495,                                     0.02139461661679033,              0.009855291576874092,               0.00626477448303813,-1947.7084003184368, 5588.724130074882,  3641.015729756445, 5.859807576082746e-06
                      0.3932520611299133,                     -0.0919083845193994,               0.29282754986913706,       -0.08718181201794216,       0.009834714538321902,                                       3.1016452998870785e-05,                                           104.42814012311894,                                    0.024633195620290274,              0.010475139971249388,              0.005737111187262419, -1943.284904827428,32242.745072606136, 30299.460167778707, 0.0004886332740058543
                      0.3962962870932058,                    -0.09262672333731178,               0.29375943701235024,       -0.08819246302754381,       0.010590777123900576,                                       1.3770774065351263e-05,                                            102.6858572282776,                                    0.023970856032299554,               0.01053329977307887,               0.00557065493925504,-1951.4306937134547, 72619.26608236878,  70667.83538865532,1.4168108480448486e-07
                     0.41725888962959773,                    -0.07476810522872065,               0.30374981171780424,       -0.07489484926808128,       0.007714789366332381,                                        0.0007396126338023475,                                            137.0891349497767,                                       0.018264744958528,               0.01071283811139602,              0.006636211255605099,-1948.8223700916183, 1354.322230966771, -594.5001391248472, 1.923501057563995e-06
                       0.397771871438665,                    -0.09266280470501582,               0.29362098672601183,       -0.08801756764163074,       0.011004787442897037,                                       2.2292430698503876e-05,                                            116.7070875914452,                                    0.021839299109432154,              0.010787471219011701,              0.005150538623585056,-1945.6927541761238, 44859.97675741589, 42914.284003239765,  4.39812280878486e-05
                         0.4040862745125,                    -0.09093865109033306,                0.2963326967911945,       -0.08604722280347145,        0.01174024419232943,                                         0.001119939542449955,                                            97.07967214129455,                                    0.027516687971864368,               0.01086291101739297,              0.005416783756175129,-1950.1265025229382, 894.6641929300141,-1055.4623095929242, 5.220533786916542e-07
                      0.4201600281932461,                    -0.07535391544640585,               0.30636083652361296,       -0.07459387896253693,        0.00636637665423207,                                        6.767215530637331e-06,                                           146.93401403451688,                                    0.016787781538000084,              0.010411169626745702,              0.007095460360993191,-1955.0697087162366,147773.52282363072, 145818.45311491448, 3.723126034974356e-09
                      0.4173151437279356,                    -0.07644964741372016,                0.3050393173582424,       -0.07447058698819894,       0.006314085248612366,                                       0.00040816856774132985,                                           129.98199822049332,                                    0.020668473796906624,               0.01031168683737186,              0.007019253344238828, -1944.702647761313, 2452.254019674275,  507.5513719129617,0.00011837639349755218
                      0.3933612193310451,                    -0.08687021003410379,                0.2929503106117918,       -0.08403923232585978,       0.009200452394195391,                                        0.0003794230584252084,                                           112.35925375444657,                                    0.023097607474171132,              0.010475979051336775,              0.005972563197213172,-1951.4609307132046, 2637.552492547007,  686.0915618338026,1.3746119380745007e-07
                     0.41473144143332147,                    -0.07985122987537491,               0.30323991915566056,       -0.07711557723795096,       0.007257187475406776,                                       0.00011744525988886257,                                           127.00049736221297,                                    0.019863689322210634,              0.010442400048833044,              0.006595219902924138,  -1949.89295342177, 8516.777127049201,  6566.884173627432, 6.593924902780254e-07
                      0.4033198755755612,                    -0.08853235487342441,                0.2995417676726254,       -0.08674811601504509,       0.005294253698184499,                                        0.0014812848448364992,                                           136.50337901864748,                                     0.01898815219600082,              0.009245285181762323,              0.006259443167939512,-1944.6772477870077, 676.8477863133908, -1267.829461473617,0.00012142166199991871
                      0.3981563245642392,                    -0.09454300032812168,                0.2948662709006584,       -0.08956088394482617,       0.009939747845912741,                                         0.001201782833125854,                                           139.28292911227203,                                    0.018539833665880738,              0.010239202361772585,              0.005614171473159233,-1953.4275790185416, 833.7103842073906,-1119.7171948111509,1.9234265407775912e-08
                     0.41799253862186314,                    -0.07857416071948269,               0.30478916489885033,         -0.077563937239252,       0.007019850193191901,                                       2.4563167605131873e-05,                                            90.93491686752932,                                    0.031166541653208306,              0.010284307163020633,              0.006575423704125955, -1948.193049009306, 40713.49074602854,  38765.29769701923, 3.609134797491036e-06
                      0.3987631173926708,                     -0.0938100130666262,                0.2942849160610602,       -0.08864882253264213,       0.011558245112642942,                                         0.007577794735293118,                                           102.07509705614807,                                    0.026145219597488317,              0.010840019646448863,              0.005270877027286678,-1950.8399659030888,133.61871703718222,-1817.2212488659065, 2.557771251842161e-07
                      0.4141987564825975,                    -0.08168839977003751,                 0.302983903658738,       -0.07888903552328926,       0.006991423518520401,                                        0.0002659611153668718,                                           117.27598435633425,                                    0.022349359948021143,              0.010213589845969692,               0.00649444628946384,-1946.7215064638299,3762.0358367599656, 1815.3143302961357,1.5721207873890743e-05
                       0.410174322340625,                    -0.08303601064321464,                 0.302310521611954,       -0.08120629127609115,       0.005974795297159929,                                        9.033451820418572e-06,                                           138.19598434938163,                                    0.019833384981176826,              0.009716479226568755,             0.0064914899271716585, -1956.105463588608,110701.65818479718, 108745.55272120857,1.3215546054454483e-09
                     0.41029472746303425,                    -0.08199321535820567,               0.30146049120298046,       -0.08010215134349215,      0.0070164785262328356,                                        0.0010198763989561362,                                           106.53808409220103,                                    0.024215157414937488,              0.010132743501044046,              0.006321931771744236,-1957.4034186355098, 982.5696768929257,  -974.833741742584,3.6090292165844175e-10
                      0.4103764041998853,                    -0.08294646112343335,                0.3015443954987535,       -0.08192710174194998,       0.007263721128328529,                                       4.2976906290483276e-05,                                            128.1355690020216,                                    0.019622788991851367,              0.010037703269422521,             0.0062550883023625966,-1957.0989599499794,  23270.2713499352,  21313.17238998522,  4.89344965961905e-10
                     0.40922287494758813,                    -0.08633265575803568,                0.3012125103031398,       -0.08425278401037702,       0.007268495030662926,                                        8.874436816111763e-05,                                            137.6889077680291,                                    0.019274024864171534,               0.00989111660661359,              0.006083192394376284, -1954.734564620509,11270.162868113603,  9315.428303493094, 5.205458273822076e-09
                     0.39870561607309896,                    -0.09157267053620209,               0.29475668786446774,       -0.08724172310586237,       0.010200491595461774,                                        3.761359274457957e-05,                                           136.10425260089173,                                     0.02012639760099426,              0.010570278555734287,              0.005724238783573782, -1948.628658107154,26587.876269257744,  24639.24761115059, 2.334642973961828e-06
                      0.4167529673978492,                    -0.07735878489294236,                0.3045904183231003,       -0.07643309979501595,       0.006725083867277761,                                       0.00010151074843850499,                                            86.97649850350155,                                    0.032627349794446835,              0.010269240628563244,              0.006592574213799911,-1958.5569433115056, 9853.370892508781,  7894.813949197276,1.1387306135374889e-10
                      0.3970712959074994,                    -0.09260355213895455,                0.2935047130130964,       -0.08767632164686118,       0.011266083776994314,                                       5.1506904449894114e-05,                                            122.0536302294898,                                    0.020792115015765604,              0.010613649642554436,             0.0052964795983549045,    -1951.817158667, 19416.59570616616,  17464.77854749916, 9.626585593841437e-08
                     0.39339562738398565,                    -0.09548989664791319,               0.29452324318280904,       -0.08919236029531671,       0.008171658310872817,                                        0.0002631354408579207,                                           106.55182618961025,                                    0.025550600679438467,              0.009841835216057892,              0.006267247656975859,-1945.4831148739217,3802.0057497922494, 1856.5226349183276, 5.423910868610923e-05
                     0.39361852207045944,                    -0.09468137414355558,               0.29309231927861007,       -0.08881125032818211,       0.010125731212543294,                                       0.00010756758940699834,                                           122.96078375802885,                                    0.021492313185374458,              0.010204656484410884,              0.005527696577813298,-1944.7501357080405, 9298.170282796871,  7353.420147088831,0.00011288632925243218
                     0.39303551817876164,                    -0.09495232053562278,                0.2927950949924282,       -0.08982901755437218,       0.009664640006413204,                                       2.3978733855212102e-05,                                            97.73116731653066,                                    0.027843076178849017,              0.010254106295808469,              0.005473880493206466,-1944.0678232469995, 41705.26179911771,  39761.19397587071,0.00022333967919989806
                      0.3961786083046599,                    -0.09226928627662424,                0.2942706774940316,       -0.08774275428155737,       0.009439533538510566,                                       1.0995068282008005e-05,                                           118.27199596258808,                                    0.023847218266386767,               0.01040043478326968,              0.005795625159639236,-1948.0278462462434, 90951.60631642582,  89003.57847017958, 4.257451911138832e-06
                     0.40117709798620904,                    -0.08839802988032036,               0.29504251476780596,       -0.08442249615869753,       0.011378214437194008,                                        8.975623915068393e-06,                                           106.93181745511318,                                    0.024830220410187436,              0.010889475982756656,              0.005504569012609345,-1958.5721454713034,111414.74273937686, 109456.17059390555, 1.121550368072027e-10
                      0.3989546932561395,                    -0.08787966059040066,                0.2953920915658214,       -0.08399843157255261,       0.009466485304064841,                                        0.0012442194287989622,                                           106.00534155578454,                                     0.02505875499296345,              0.010478739631656828,              0.005880186324237538, -1952.931793611419, 805.6441866784785,-1147.2876069329404, 3.157857082816557e-08
                      0.4135709775244487,                    -0.08394571824523339,               0.30299488242087036,       -0.08116465904401722,      0.0074217452702069146,                                       1.5429911999763108e-05,                                            132.7619176009881,                                    0.019766985183282244,              0.010106567944767941,              0.006321353829865391,-1952.1260037762117, 64811.15512739221,    62859.029123616, 7.068748823298507e-08
                      0.3940647097268218,                    -0.09307096722249077,                0.2933987935857459,       -0.08776901522322686,       0.009825885364367246,                                        0.0002008997612338736,                                           115.00344800447873,                                    0.023921664227890105,              0.010227837640928245,              0.005857470142397588,-1948.7411484919016, 4979.356775284719, 3030.6156267928177,2.0862508277096292e-06
                     0.39162830921872355,                    -0.09597110693654365,               0.29330981135966505,        -0.0895995330601623,        0.00890493568855896,                                        0.0015950149427642521,                                           119.29169161374524,                                       0.022563679941474,              0.009963611772935546,              0.005919581002106933,-1949.7301048461436, 628.6196246312996,-1321.1104802148438, 7.760116379889359e-07
                      0.4214308636278914,                    -0.07770184545392714,               0.30681818359621355,       -0.07694177997875064,       0.006429749002411459,                                         0.000930342413560003,                                            84.44014109147822,                                      0.0306600933519285,              0.010150664202170027,              0.006704908921793561,-1958.1533185088397,1077.0081487779494, -881.1451697308903,1.7049553927395888e-10
                      0.4179782153716286,                    -0.07295725503411922,               0.30517863429535447,       -0.07403176811870017,      0.0065246516613974214,                                        0.0002250006072931211,                                            99.90552068251114,                                     0.02573132961346302,              0.010395120909656835,              0.006775301483788795,-1957.3125787903405,4446.7394869523405,     2489.426908162,3.9522248214107925e-10
                      0.4158692410730437,                    -0.07933537302219426,               0.30493809286816714,       -0.07819628589885748,       0.005602937356758719,                                        4.804648087593156e-05,                                            92.45413912444981,                                    0.030645947884681446,              0.009916690066414963,              0.006709673664048278,-1952.5925851842508, 20815.29774003847,  18862.70515485422, 4.433113178661305e-08
                      0.4191728842008948,                    -0.08200059994611938,                0.3059798127260276,       -0.07850562427816903,       0.006612506970373649,                                       2.3314962533267475e-06,                                            127.6047549341349,                                    0.021688149145465883,              0.010205805292504247,              0.006790543001896743,-1943.5649176901784, 428911.1840875955,  426967.6191699053,0.00036929633383075907
                     0.40840682272847456,                     -0.0801474198947515,                0.3013348172512598,        -0.0782570763012118,      0.0058375221871595755,                                         0.019000084699131697,                                           119.94925805299648,                                    0.023096415414153953,                0.0100120183431623,              0.006726888664723419,-1954.2322706010686, 54.80383423184582, -1899.428436369223, 8.602060456725126e-09
                      0.4145505125629477,                    -0.08528725724142477,               0.30506352831732664,       -0.08135541297400548,      0.0055226742743287515,                                       2.5307370436961074e-05,                                            93.69084940519791,                                    0.030239287528680527,              0.009502456623354798,              0.006889258247595506,-1948.2385349758065,39516.141886709025,  37567.90335173322,3.4486474435796142e-06
                     0.39273352538433837,                    -0.09569050311001667,               0.29320869218535617,       -0.08924033067784916,       0.009312094532768772,                                        1.625761780390769e-05,                                           136.34415965331092,                                      0.0188717942566596,              0.010226305289221431,              0.005679903290864963, -1943.720861804774, 61511.30200099117,   59567.5811391864, 0.0003159725301384729
                      0.4113672492487067,                    -0.08333409682682077,               0.30203800944198056,       -0.08203655115896652,       0.006722615218746356,                                         3.13836926592035e-06,                                           133.51326698174722,                                    0.020821802451428437,              0.009933809753862505,             0.0062843148951795096, -1948.921181010865, 318638.7673529683, 316689.84617195744,1.7425265038411028e-06
                      0.3969216785297263,                    -0.09074048589454674,               0.29385927289224095,       -0.08611728037496105,       0.010284164446448602,                                        0.0001414448488886863,                                            97.66845917278765,                                    0.027902423056849708,              0.010504138073279873,              0.005638516456629588, -1949.333152637851, 7071.714408973698,  5122.381256335846,1.1541503514176149e-06
                     0.41744787070977085,                    -0.07794259969303242,                0.3047281350002314,       -0.07643590372124619,       0.007009087903800229,                                        0.0013039841942536407,                                           134.32420879697221,                                    0.018328655042409468,               0.01045908347181665,              0.006804541673093626,-1954.6136371530479, 769.0671326776201,-1185.5465044754278, 5.874583774194897e-09
                     0.41393011222675946,                      -0.080500098278427,                0.3037177876171639,        -0.0778519205341429,       0.005994019191802623,                                       0.00016045173017556805,                                            137.1655708723704,                                    0.020712385473996377,              0.010057728139036028,               0.00680906486800149,-1951.7770188049176, 6234.549586217263,  4282.772567412345,1.0020855444459561e-07
                     0.39327778481668174,                    -0.09402377111559605,                0.2938798749570298,        -0.0881189330192484,       0.009098502399805105,                                        0.0015749169938063536,                                            111.3006321792953,                                    0.025640454572215084,              0.010063889373462517,             0.0059622277849029695,-1951.4286918924477, 636.6934602146349,-1314.7352316778129,1.4196498904427944e-07
                      0.3938605793860315,                    -0.08887099677730614,                0.2929075413217533,       -0.08439189267332257,       0.009765114856289335,                                         0.003899257214332728,                                            91.22519698492434,                                    0.030056585429224934,               0.01043208767957791,               0.00571345257002603, -1957.996825878215,258.40313920685975,-1699.5936866713553,1.9937784925872465e-10
                     0.39528642660928714,                      -0.089980000808123,                0.2929671393735514,       -0.08586524001484318,        0.01049385548273968,                                        0.0017343602092896654,                                           119.83099391743882,                                    0.023073293248644277,              0.010434257788557711,              0.005488514384643961,-1954.7266632621063, 578.4263444379851,-1376.3003188241212, 5.246751386302272e-09
                     0.39759178484067403,                     -0.0935056891698306,                0.2948974453807513,       -0.08832692058015047,       0.009571458281237103,                                       3.5193926125532044e-05,                                           125.85101841353156,                                     0.02017777325954466,              0.010395682932014014,              0.005641067590991141,  -1952.39800815848, 28415.68580641618, 26463.287798257697, 5.385332811578883e-08
                      0.3983667791377712,                    -0.09496526892105131,               0.29406284055035065,       -0.08979943654087777,        0.01082896776069426,                                         8.75591320286198e-06,                                           136.55188093097314,                                    0.018084031857463594,              0.010586942251310301,              0.004980488689178626,-1944.7224652814252,114210.12472845313, 112265.40226317171,0.00011605355936552504
                      0.4201396502709538,                    -0.07530225742114942,               0.30565545748008316,       -0.07526375790071799,       0.007348912415278048,                                        0.0013067182075038174,                                             97.5490436326188,                                    0.025920734314846122,              0.010561192353976186,              0.006554754189464296,-1952.7757059838455, 767.5009473952256,  -1185.27475858862,3.6913095503361335e-08
                      0.3973663412559405,                    -0.09083734288810379,                0.2949318641477604,        -0.0860178390012773,       0.009168992721253322,                                        9.265281919088895e-06,                                             135.643502859519,                                    0.019265603263715327,              0.010311288473189979,             0.0060070034234248225,-1936.2053780885649,107931.62404881332, 105995.41867072476,    0.5802062925388709
                     0.41580123946151654,                    -0.07869387439282614,                0.3033562575735774,       -0.07744559107248009,       0.007993415527552587,                                       0.00015762194895252232,                                           132.96600546561544,                                    0.019547334866802508,              0.010617867127770908,              0.006544351050523284,-1958.3230156274399, 6346.440037831775,  4388.117022204335,1.4388466126056122e-10
                      0.4191914715075186,                    -0.07505919162480092,               0.30518219441614436,       -0.07607282922120871,       0.006535788070599957,                                        0.0004104186504353055,                                            87.45174104822856,                                     0.03179420690918301,               0.01043452232229575,             0.0066769113137531534, -1957.510706985296,2438.7359181492734,  481.2252111639773,3.2418704782268034e-10
                     0.41493190321697576,                    -0.08369122970097824,               0.30456870847883927,       -0.08087035043975084,       0.005892899693583236,                                       2.3491232721719437e-06,                                            88.16037282243708,                                    0.030359474438043675,              0.009771678743116586,              0.006788332354235729,-1957.9067817204354, 425692.7155107792,  423734.8087290587, 2.181637488133972e-10
                      0.4175624936568426,                    -0.07763286219249084,                0.3037310750502702,       -0.07737066065016053,       0.008222504476371241,                                       3.7208690742750224e-06,                                           109.19216040958634,                                    0.023824069844546217,              0.010736424642726346,              0.006395240038035259,-1958.5676102980547,268756.55463173956,  266797.9870214415,1.1266483446641433e-10
                      0.3997178865098115,                    -0.09353806117750517,               0.29417930605666864,       -0.08850447151067418,       0.011164208819259652,                                        6.901702588680761e-06,                                           132.48900951185166,                                     0.01984460466918129,              0.010591227685386544,              0.004980841141823882,-1943.2914614243887, 144893.4379528863, 142950.14649146193, 0.0004854399825687281
                     0.40900746548670575,                    -0.08047834697278701,                0.3014257977932491,       -0.07834327953158635,       0.006465090831795225,                                         0.005653753590460736,                                           123.01814095398414,                                     0.02251428281502127,              0.010164167696354873,              0.006707881256712182, -1953.487756625917,179.03448342189824,-1774.4532732040188,1.8110932069812645e-08
                     0.41863493786606193,                     -0.0761908193300942,                 0.305016028640798,       -0.07549384044117087,       0.006972042870688345,                                        5.937889688895525e-06,                                            143.6073260619514,                                    0.017509251659433747,              0.010440062453877972,              0.006713647995948502,-1945.1360217407832,168412.22319660755, 166467.08717486676, 7.674554535897141e-05
                       0.397430246855017,                    -0.09401791932416852,                0.2934811206572118,       -0.08948027912708297,       0.010974020774784555,                                       0.00022377955224012398,                                            131.5919461997731,                                    0.019323717147827827,              0.010737656526404175,              0.005130295235208631,-1954.3504170825795, 4470.302729710262,  2515.952312627682, 7.643497459181296e-09
                     0.42071809598261356,                     -0.0767610163724354,               0.30603760522689644,       -0.07576406130111034,       0.007183611485879603,                                         0.000398606192460777,                                            80.10317284123718,                                     0.03336227026323442,              0.010444391813939151,              0.006683324996661096,-1949.5432492903378,2510.9389947624427,  561.3957454721049, 9.354456748199101e-07
                       0.418509955635011,                    -0.07878414154924802,                0.3065254959093533,       -0.07642928859391639,       0.004792724565036373,                                       0.00026762472509612116,                                           125.67902995500555,                                    0.019773031150528073,               0.00983376215396816,              0.007203994863682693, -1954.842015396243, 3738.759717207803, 1783.9177018115602, 4.675129988495491e-09
                      0.3962630983834646,                    -0.09062430097370638,                0.2940120447118067,       -0.08608601178240162,       0.010130112707924634,                                        0.0010466005437541124,                                           102.41866575407572,                                      0.0244019353596219,              0.010567382206675502,              0.005969105315173528,-1951.4027126735405,  957.304001131738, -994.0987115418025,1.4570145363883674e-07
                     0.41962233646496455,                    -0.08020013640839856,                0.3065039836601742,       -0.07693593527631121,       0.005528982562790824,                                           0.0182897207150362,                                           140.08359349508368,                                    0.018375564173484113,              0.009868019309201843,              0.007090799800556566,-1953.8220982656944,  56.8206089921808,-1897.0014892735137,1.2963971643213462e-08
                     0.39470695493502655,                    -0.09404714016779042,               0.29352827317927527,        -0.0884916236374396,        0.00926014345377831,                                        4.210086276482263e-05,                                           103.88975347259124,                                      0.0277325636251588,               0.01023041131753792,              0.005575427059642572,-1949.6806377873077, 23754.18947966086, 21804.508841873554, 8.153639486442939e-07
                      0.4170890721609079,                    -0.07782639801711824,                0.3050058731718334,       -0.07600858543241523,         0.0063521492985314,                                        0.0001277196676795925,                                             83.3114809164006,                                    0.030721728539124103,               0.01027735683567247,              0.006982410034417114, -1948.527066136799, 7831.864885061037,  5883.337818924238, 2.584290359516936e-06
                      0.3943851201143911,                    -0.08945169089516819,                0.2935980951614955,       -0.08518659278828633,       0.009852506672073678,                                        6.337387072798834e-06,                                           112.48066853447217,                                    0.024548174600281244,               0.01046338873692208,             0.0059936769941281885,-1952.3311919979528, 157795.6337283586, 155843.30253636066, 5.757453479376114e-08
                      0.4089948671946707,                     -0.0859779812995199,                0.3004902973058448,       -0.08434170818292057,       0.007860658466058058,                                       3.8019243174942324e-05,                                           131.79711911387668,                                     0.02034114800611697,              0.009934566248433911,              0.005901271956667659, -1951.012983547114, 26304.30711928894, 24353.294135741828,2.1513996504083616e-07
                      0.4186566619977986,                    -0.08189659200396694,                 0.305827467649547,       -0.07844544673885859,       0.006362239896654624,                                       0.00014481616846163383,                                           112.64371489491093,                                    0.023304006551672283,              0.009911324178205045,              0.006783977626737971,-1946.6573840301085, 6907.381330329989, 4960.7239462998805,1.6762312360357835e-05
                     0.42197163514335473,                    -0.07470158237845054,               0.30576967835628077,        -0.0737387620706685,       0.008517642540775664,                                       0.00013629177300364796,                                             92.0943693662912,                                     0.02805405787796756,              0.010936020647319598,              0.006762792228645781,-1952.0809073675696, 7339.478673526965,  5387.397766159396, 7.394821094163004e-08
                     0.39689546278347115,                     -0.0931869790454996,               0.29376755974891866,       -0.08785265477920215,        0.01033756408542284,                                        0.0029378890749790173,                                            74.97274688016488,                                    0.033408434790846334,              0.010573207952546085,              0.005524721177623641,-1945.4095962588995, 342.1056918180309,-1603.3039044408686,5.8376932813777994e-05
                     0.39992496093240476,                    -0.09482386807264491,                0.2944236916439783,       -0.08961019177673114,        0.01211316496641077,                                        0.0013672046009877686,                                            98.76247089169486,                                     0.02667272035275109,              0.010803928549037292,                0.0050410809133465, -1951.066884485997, 733.0046114170475,-1218.0622730689495,2.0385070294950876e-07
                     0.39446843872255444,                    -0.09318267666073866,                0.2938665922152851,        -0.0876638965023946,       0.009582091451382994,                                       1.1847356716395197e-05,                                            96.58783786074693,                                     0.02832231774137784,              0.010295615844069426,              0.005980906895573411,-1946.0495441739454, 84408.76982668176,  82462.72028250781,3.0783317717510416e-05
                     0.41703535623893206,                    -0.07450069254221495,               0.30467271312296834,        -0.0751408890926541,       0.005996533533197424,                                        1.481645967463458e-05,                                           163.06382493440248,                                    0.014634229308387137,              0.010294860190890138,             0.0067501307452977645,-1953.6976398357397, 67494.76500912428,  65541.06736928855,1.4682150846499014e-08
                     0.39273946827647577,                    -0.09298445010360432,               0.29282776294954965,       -0.08755148868186079,        0.00988461010223331,                                        5.071575942807199e-06,                                           124.07224245249421,                                    0.021959071552995497,              0.010309124940252289,              0.005780465778667835,-1945.3769257841045,197179.14038128816, 195233.76345550406,6.0315631592962474e-05
                      0.3913473446815446,                    -0.09158949641842533,               0.29197320863698356,       -0.08681117245210178,       0.009109839806752928,                                        5.007499542049578e-05,                                            88.56047948534986,                                    0.029351780655688445,              0.010376003680706397,              0.005699672582661098,-1956.0688751283828,19971.879938582984, 18015.811063454603,1.3708037343680918e-09
                     0.39771176381163365,                    -0.09702577924524926,               0.29481931678700923,       -0.08994351199935995,        0.01038607557106632,                                        6.690619780591168e-05,                                           105.03424861152372,                                     0.02569208148439106,              0.010418293294446958,              0.005534792687421317,-1947.9838421584732,14947.889136712092, 12999.905294553619, 4.448980310298082e-06
                      0.3953440914072964,                     -0.0921113856062456,                0.2934433243255011,        -0.0876005559523984,       0.010383513253558864,                                          0.02180329390670233,                                            85.83384419222864,                                     0.03086445116473306,              0.010506087637466693,              0.005501116922409249, -1952.531895136834, 47.61548262589928,-1904.9164125109348,4.7104909289430395e-08
                      0.4205987646389116,                     -0.0771786255937697,                0.3051711297402352,       -0.07546956436732866,       0.008758828094478147,                                        0.0001530512375214574,                                            94.86075818074887,                                    0.027096225577884457,              0.010872935771505957,              0.006525204969032228,-1950.8315176868969, 6535.962780366298,  4585.131262679401,2.5794713910151224e-07
                      0.4182586608293955,                    -0.07439826441986987,                0.3048950572291256,        -0.0755269840812875,       0.006866813156436723,                                       1.0413361159459362e-05,                                           103.48019737951306,                                    0.028032687088750955,              0.010383853799301108,              0.006630248260421985, -1954.388411383094, 96032.70375395138,  94078.31534256828, 7.358535857371126e-09
                      0.4186793443373592,                    -0.07670492561030408,               0.30559154635633695,       -0.07459517914183741,       0.007009198924480366,                                       1.9521570534402188e-05,                                           126.38479426869391,                                     0.02033161365267907,              0.010426267387650942,               0.00692477788551697,-1948.0504589655006, 51227.65264953129,  49279.60219056578, 4.162259680144366e-06
                     0.40756511520834204,                    -0.09093749736400289,                0.2997356906319776,       -0.08779723726855576,      0.0076210918034169345,                                         9.75399563805121e-06,                                            88.37243960064004,                                     0.03123866680321244,              0.009701680249870876,              0.005698765118748115,-1950.5003184273423,102523.74576860042, 100573.24545017308, 3.592267972665075e-07
                      0.3983180960920761,                    -0.09118055071887789,                0.2940857303819393,       -0.08644903336012086,       0.011696453944515692,                                       4.6557460740208574e-05,                                           136.53412279544477,                                    0.018367829703055127,              0.010924673818066928,              0.005609031004247483,-1948.6025144789078,21480.615135518332, 19532.012621039423, 2.396483862299701e-06
                     0.39885546373057046,                    -0.09362985956474712,               0.29395495961404516,       -0.08860760443375303,        0.01065193647266067,                                       0.00029338803913678307,                                           108.03840664910246,                                    0.024992941819549502,               0.01060590368059498,              0.005167783991043399,-1945.5878281714572,3410.1158646542162,  1464.528036482759, 4.884680212450986e-05
                      0.4002893230692925,                    -0.08894749369982666,               0.29473105762179824,        -0.0854233717701856,        0.01058553421085355,                                          0.00268277620577835,                                            98.71128881073018,                                    0.027958342296943373,              0.010576594071701147,              0.005273305267328308,-1954.7339957545623, 374.5805329832013, -1580.153462771361, 5.208420324195736e-09
                      0.4104362525765467,                    -0.08351653339138791,                0.3007810209278101,       -0.08238882497024734,       0.008233406200187636,                                         0.000412004048859015,                                            143.2662133515912,                                    0.017595536443758955,              0.010192817849752019,              0.005972412205851505,-1956.4588347893427,2429.0907457806097,   472.631910991267, 9.281495318477038e-10
                       0.403397531400103,                    -0.09462555665673882,                 0.295791582296115,       -0.08944817857419214,       0.011916479816531749,                                       1.0852227336207434e-05,                                           133.27887826511466,                                    0.019431274467643304,              0.010779591172790329,              0.005103273713375058,-1946.9434310736383, 92148.54822519694,   90201.6047941233,1.2592306232693118e-05
                      0.4236256947849656,                    -0.07601568540351356,               0.30698441229371815,       -0.07454180957517452,       0.008290596074202837,                                        3.268287071341505e-05,                                           104.01058334520377,                                     0.02515881986989979,               0.01078993470933193,              0.006807049257336792,-1947.4606568717704, 30599.29256290845, 28651.831906036678, 7.507182379370519e-06
                     0.41521869120047594,                     -0.0801874568281282,                0.3043545397173775,       -0.07733239627709512,       0.006068694829862415,                                        0.0020107148367267116,                                           125.56495504197848,                                    0.020444818616885366,              0.009955402302990891,               0.00686026745946468,-1946.4705410897636, 499.4964430760535,  -1446.97409801371, 2.020592735696369e-05
                     0.41412767469138545,                    -0.07963880095729892,                0.3031625957253114,       -0.07828053190624538,       0.006539699922832041,                                       1.1750752674042703e-05,                                           127.71587681435113,                                    0.022492441782007423,              0.010274562372613767,               0.00651029211570741,-1955.5733578356044, 85103.05457626701,   83147.4812184314, 2.249964701831547e-09
                      0.3975406652777352,                    -0.09419593511078735,                 0.294375125165273,       -0.08811578702143956,        0.01017096122504367,                                        0.0004183549919163785,                                             92.1862263734316,                                      0.0273360694953788,              0.010373687027948584,              0.005427973009226643, -1958.198206393517, 2392.015865686646, 433.81765929312905,1.6301158128123734e-10
                      0.4198797501858571,                    -0.07880553098153587,               0.30628110784505674,       -0.07676586651945953,       0.006486244897015155,                                       1.8292307828412715e-06,                                            140.0859743578396,                                    0.018202239237663047,              0.010327893874540446,              0.006912312014615041,-1955.0870705165185, 546680.0275805572,  544724.9405100406,  3.65904376580686e-09
                     0.40031953107549006,                    -0.08957940346598328,                0.2943286277730792,       -0.08558243504479936,       0.011468626274658845,                                       0.00038321518100515814,                                           101.97314125501599,                                    0.025485659004630404,              0.010677390493063819,              0.005224803525987446,-1949.1885686338014, 2611.316357992461,  662.1277893586594,1.3336885518257554e-06
                       0.397927153593898,                     -0.0882995460149346,               0.29420971509917976,       -0.08451040701781165,       0.010830595985903729,                                        0.0005734029551246353,                                           123.77524019825582,                                    0.023140689831321618,              0.010757096572893709,              0.005712914033879295,-1955.5030491313241,1745.8728871806863,-209.63016195063778,2.4138506012538967e-09
                     0.42094649563759656,                    -0.07327619560813257,                 0.305952088438382,       -0.07405426849985805,       0.007705654938937115,                                        0.0010766326770004315,                                           113.65115104988817,                                    0.022121092623891902,               0.01077531388042748,              0.006709795964384197,-1956.3054403412184, 931.0978048663976,-1025.2076354748208,1.0820225512574687e-09
                      0.4199706637197133,                    -0.07530905321379891,               0.30623686404985306,       -0.07583230954238082,       0.006190957469815251,                                        0.0012694594642568844,                                            87.75096577006067,                                     0.03012939914099054,               0.01024596752036016,             0.0068307719615574875,-1956.3046356595764, 789.9418789830886,-1166.3627566764878,1.0828935853462292e-09
                     0.40942587834837574,                    -0.08156121145646647,                0.3019510512434339,       -0.08021951119059774,       0.005451984473949358,                                       0.00038824539690910075,                                            93.81175307066553,                                    0.027941768293288545,              0.009743377111446074,              0.006582803865499587,-1957.6629873866445,2577.7576013777375,   620.094613991093, 2.783948016245648e-10
                     0.40667708719223095,                    -0.08647468592692449,               0.30042700997042304,       -0.08471488230057532,       0.005908467071637783,                                       1.4485778492304937e-05,                                           157.14044082977864,                                     0.01672315207841579,              0.009589887654121818,              0.006042598000273804, -1947.300973175235, 69035.06606681472,  67087.76509363948, 8.806974015710245e-06
                      0.4160125356170821,                    -0.08238688973044438,               0.30627459900960974,       -0.07904701748104503,       0.004114384155267849,                                       0.00042346284799021883,                                           120.88713214445185,                                    0.022510812548577282,              0.009335398753026442,              0.007254904083682481,-1955.2809030779786,2363.5545393153293, 408.27363623735073,3.0143049883458397e-09
                     0.39690982815595677,                    -0.09204753077348647,               0.29431822592531953,       -0.08760502046484397,       0.009860224066291598,                                           0.0079963156535686,                                            85.92656856108839,                                    0.031395262570117405,               0.01039378489143511,              0.005679723645214001,-1951.0161521635087, 126.7992954724627, -1824.216856691046, 2.144593478972166e-07
                      0.3969268068350215,                    -0.09313351590781474,                 0.294722215426207,       -0.08827436269259087,        0.00977604312041483,                                       4.8021850309674426e-06,                                           125.14957422153886,                                     0.02055986044781313,               0.01037986724522655,             0.0057044755661880804,-1953.0563963035734,208240.23973191105, 206287.18333560746,   2.7879065315168e-08
                      0.4161260092398099,                    -0.08272313320337517,                0.3048474210803887,       -0.07928566831751088,       0.006011193600867575,                                        9.534290052042161e-05,                                           114.72200672656729,                                     0.02346011465102354,              0.009768872572028863,              0.006685660636729065,-1944.0944155157417,10490.511428862235,  8546.417013346494,0.00021747884227465972
                     0.40167479800176026,                    -0.09156291882554342,                0.2948214647192222,       -0.08659257675793708,       0.011718613098573251,                                        0.0004840374953924654,                                            108.4376557212629,                                    0.024181558470487436,              0.010861454703865752,             0.0051516884808293535,-1945.9339076337606,2067.7016611479567,  121.7677535141961, 3.455697637226803e-05
                     0.39707085377701695,                    -0.09219394897353593,               0.29404822000111785,       -0.08749506545116394,       0.010284306066387548,                                          0.02986055208670743,                                           107.15779365238627,                                    0.026328785517144546,              0.010460466117660655,               0.00552017776724038,-1945.3316690169054, 35.23013277189979,-1910.1015362450055,  6.31080330269532e-05
                      0.4021323597784939,                    -0.09153846674339623,                0.2958306151963501,       -0.08660914601556863,       0.010876660421817588,                                       0.00010139456780927121,                                            107.0793726961314,                                    0.025279248570731213,              0.010807291871031188,             0.0055089801616157435,-1944.7518492479753, 9864.209401514245,  7919.457552266269,0.00011269305965403986
                      0.3935092231204836,                     -0.0897730835054138,                0.2929232509915041,       -0.08635624989242822,       0.007747049968965452,                                        8.969336679879392e-05,                                           113.79226629906074,                                      0.0217590785701951,              0.009756759514793196,              0.005276706884846393,-1958.1580807832602,11150.942025702347,  9192.783944919087,1.6968552301919032e-10
                      0.4066384153963019,                    -0.08987270516684051,               0.30054476137900665,       -0.08673386091437028,       0.005950456014938002,                                        0.0071020446577140526,                                           121.87884686734276,                                     0.02066427018188844,              0.009417608823940216,             0.0061552749535381856,-1946.9198542028066,142.53352525635034,-1804.3863289464562,1.2892720913475554e-05
                      0.4005245805909609,                    -0.08973754828189323,               0.29465827380938286,       -0.08581959331324113,       0.011455538683358208,                                       0.00017890973348183028,                                           113.14011401627353,                                     0.02438818885281102,               0.01084294266971434,             0.0055159923140032634,-1948.6413945481058, 5591.213075036449, 3642.5716804883427,2.3050964895182067e-06
                     0.39474193811618846,                    -0.08823968779033663,                0.2929554164007421,       -0.08471355418352845,       0.009514109067729563,                                         0.011283349728357627,                                           109.09598110584213,                                    0.025912580098244625,              0.010435083493006123,              0.005463216984715846,-1952.6893838529954, 90.54661293728503,-1862.1427709157103, 4.024108588444646e-08
                      0.4061900210338439,                    -0.08837335286030575,               0.30096104252466777,       -0.08500049375683359,       0.005282027427235462,                                          0.02409952693051719,                                            126.1832708169132,                                     0.02116947262774716,              0.009309290761795931,              0.006401397015638216,-1953.1798044920592,43.325136776492165, -1909.854667715567,2.4642383613897193e-08
                     0.39460575248560326,                      -0.093437574063483,                0.2934242619958665,        -0.0883849434467038,       0.010671803009460556,                                          0.03134281464083467,                                              98.178848535377,                                     0.02666359484177196,              0.010466612755709771,              0.005659629587883843, -1948.925652066037, 33.61311106862184, -1915.312540997415,1.7347529626193021e-06
                      0.4103278252690943,                    -0.08622454841592292,                0.3021055506194808,       -0.08324809925254352,       0.006456846354814926,                                        9.065156560328016e-06,                                           135.61376246783468,                                    0.020915842786724377,              0.009810647801353801,              0.006358195777943908,-1947.6472723823385,110314.38080327304,  108366.7335308907, 6.229179995972049e-06
                      0.4178027694311568,                    -0.07909828006254649,               0.30603800089918565,       -0.07697452907717384,       0.004977001888156463,                                        7.850454224093533e-06,                                            95.75906227387621,                                    0.026810404265930485,              0.009859682169528088,              0.007093232502104635,-1953.1000036678165, 127383.3294886495, 125430.22948498168,2.6689459062966695e-08
                      0.3932703080354374,                     -0.0874430248011094,                0.2930002281483465,       -0.08446660886913256,       0.007866963424174611,                                       0.00011182331649627934,                                           111.44350142160746,                                    0.023812294652193925,              0.009873054479817671,              0.005682016621852984, -1955.066763266385, 8944.632083326107,  6989.565320059723,  3.73410848218576e-09
                      0.4189265583533514,                    -0.07665677249478038,               0.30540043761841434,       -0.07577356922479508,       0.006203137818323084,                                       1.1909612389567157e-05,                                           145.95658852204016,                                    0.017569787596421946,              0.010211556571828572,              0.006796903735836882, -1944.854690728815,  83967.9985330178,  82023.14384228899,0.00010167956571999316
                      0.4108460665190953,                    -0.07973417297548005,               0.30155655643462387,       -0.07908591035118623,       0.006504704234658516,                                       2.9989475118263525e-06,                                            129.9545463503221,                                    0.021632285101351987,               0.01013269282318641,              0.006454318708765904,-1955.5019311714318, 333452.4267097931, 331496.92477862164,2.4165506984311185e-09
                      0.4173079098381187,                    -0.07866179362579154,                 0.305401448152894,       -0.07735010966426874,      0.0058119996982685974,                                       0.00010489258877384679,                                           105.14837635008853,                                    0.025513327686719156,              0.010021985507435341,              0.006920996389423112,  -1945.55917535462, 9535.710184466197,  7590.151009111578, 5.026664470591197e-05
                      0.4180966817656572,                    -0.08286465336521923,                0.3052445354412569,        -0.0792721020230979,      0.0070947459151435585,                                        2.508920492560126e-06,                                            95.17141362929215,                                    0.028900769012435074,              0.010224566550426207,              0.006592242020651121,-1955.5748838795503,  398579.832535372, 396624.25765149243,2.2465337753579757e-09
                      0.4076744668475895,                    -0.08288796340114055,               0.30053618856179254,       -0.08166661900808767,       0.006408093069842846,                                        0.0002448612555838043,                                            116.0645038278785,                                    0.022915639207888167,              0.009881674590899212,              0.006234966837344644, -1954.933280343996, 4085.945292387248,  2131.012012043252, 4.267345706804239e-09
                     0.39629086455048146,                    -0.09149706309291931,               0.29340609829988684,        -0.0867835251410266,       0.009938528550333912,                                       1.5173888486644834e-05,                                           124.10899147556067,                                     0.02219960850917365,              0.010363377081665213,              0.005256257736077814,-1954.8456187328297, 65904.47264989559,  63949.62703116276, 4.658314236162299e-09
                      0.3995327145758112,                    -0.09188728189788692,               0.29449830613814887,       -0.08725109918154904,        0.01130703916804229,                                        0.0017044044377846836,                                           127.83780290960591,                                     0.01882795650221159,              0.010808935216323996,              0.005510872332849496,-1948.5636202704777, 588.4439017124954,-1360.1197185579822,2.4915295877936145e-06
                     0.39188496980721543,                    -0.09041403513541799,                0.2925097713115372,       -0.08624408764484845,        0.00930136946931455,                                        0.0006532997806859268,                                            99.19072886046133,                                    0.026340868544059322,              0.010408097112331604,             0.0057498674860597225, -1953.738804485071,1532.5505930300385, -421.1882114550324, 1.409003596676196e-08
                      0.3948694196854112,                    -0.09245801043062975,               0.29335312104025635,        -0.0876382466449663,       0.010121476135305674,                                       0.00010415162512925053,                                           149.04856472146753,                                    0.016628172642554683,              0.010355425879902899,              0.005674282922312294,-1946.5125086952735, 9603.134786319704,   7656.62227762443,1.9375480779690304e-05
                     0.41977035320498907,                    -0.07987220737307182,                0.3060647290493621,       -0.07714350345124028,       0.007172061337061355,                                       2.6614883491323657e-06,                                            128.5491626199221,                                    0.021533545572211477,              0.010426869962845043,              0.006662410016461263,-1952.6363690685307, 375731.7473198551, 373779.11095078656, 4.243202123843809e-08
                     0.42365050549783995,                    -0.07554886976812185,                0.3074188476072425,       -0.07537376338252749,       0.007154959881426702,                                         6.34809236009051e-05,                                            89.97945649779437,                                    0.031038477413373042,               0.01054204569100627,              0.006750522124234305,-1951.9280152993401, 15754.95626231558,  13803.02824701624, 8.616439698058945e-08
                      0.3919720174937011,                    -0.08930390071278209,                0.2923014451832411,       -0.08602027752227766,       0.008831737081582084,                                        8.124713936340142e-05,                                           133.26979764561497,                                    0.018022438312140024,              0.010253345464787024,              0.005658360867120665,-1955.9509337366148,12309.997967779373, 10354.047034042758,1.5423984300439692e-09
                       0.394911390519789,                    -0.08999172719470223,                0.2933397290374436,       -0.08581314995152502,       0.010207609778721401,                                        0.0005279403032248753,                                           133.14466786740203,                                    0.020277406390167146,              0.010474916624156741,              0.005756813255468593, -1949.374998345946,1896.0058931327267, -53.36910521321943, 1.106850659134024e-06
                     0.42113937279614916,                    -0.08168811014644696,                0.3064569273338113,       -0.07871087844148836,       0.007358481073232868,                                        0.0006819073891970159,                                            85.54769133556202,                                    0.029342031545884655,              0.010257859865575055,              0.006641685360455138,-1954.7223265464804,  1468.51609486235,-486.20623168413044, 5.269554464518797e-09
                      0.4229578249882239,                    -0.07431620867144587,               0.30690564799235087,       -0.07402175449973154,       0.006963616669302699,                                        0.0008808372153933593,                                            92.89115936687067,                                      0.0279303023059216,              0.010509299441081046,             0.0068588091106227675,-1949.6023884178007, 1137.547326316947, -812.0550621008538,  8.81728288677717e-07
                      0.4142575356638202,                     -0.0790293084555925,               0.30272753020242377,       -0.07755075688869874,       0.007175169614416562,                                       0.00031952102468439127,                                           135.79124387187434,                                    0.018246580823573645,               0.01037653187416465,             0.0064989983908330055,-1953.7749397051844, 3131.840077384426, 1178.0651376792416,1.3589978667459174e-08
                     0.42009968980436174,                     -0.0786625031857795,               0.30611227604791835,       -0.07641628357337203,       0.007382421447031177,                                       2.0218939438801526e-06,                                            98.57768101272764,                                    0.026765920040057574,              0.010462727653355788,              0.006707501992278402, -1955.536450728749, 494587.9486411188, 492632.41219039005,2.3345557939207703e-09
                      0.4011199303504711,                    -0.09369828138712492,               0.29491212307031534,       -0.08924222514799113,       0.011604528957638298,                                        0.0019528626571465883,                                           121.29175873051307,                                     0.02006128826116113,              0.010770774603605118,             0.0050199666792726605,-1956.6111580087331, 513.6688810506766,-1442.9422769580565, 7.970119192891457e-10
                     0.41797234066199984,                    -0.07369732671884398,                0.3038577239375253,        -0.0740531886234745,       0.007701697668976385,                                        0.0005114493354247947,                                           123.60978761548184,                                     0.02073539418737336,              0.010754502991536392,             0.0064960228364043665, -1958.052264476089,1957.5265305714408,-0.5257339046481775,1.8862542429881253e-10
                      0.4015848423342531,                    -0.09345803793753196,               0.29540120927844904,       -0.08891720033285626,       0.011375441371988749,                                        0.0021545267509017092,                                           109.20247658035863,                                    0.025788999498651335,              0.010604743460761644,               0.00533986323644645,-1945.7095113230175,  465.756515348324,-1479.9529959746935, 4.325036884817931e-05
                      0.3993122724822233,                     -0.0949573042745229,               0.29500456444193723,       -0.08937084699541989,       0.010939973149067394,                                        6.225924404627245e-05,                                            108.8474122149789,                                     0.02349179881767396,              0.010450477537803819,              0.005478305399852896,-1957.3859226032541,16063.481953402841, 14106.096030799587, 3.672728525839874e-10
                     0.41575452140076746,                    -0.07864452681107657,               0.30577415732603364,       -0.07669624921096511,       0.004214429551680604,                                       3.0184907107467846e-05,                                            120.1406215427437,                                     0.02311854993776457,              0.009675659337732456,              0.007174049973177838,-1954.9442678748887, 33131.33517584387, 31176.390907968984, 4.220714762620093e-09
                      0.4187004878123675,                    -0.07732908042514404,               0.30583494899772673,       -0.07521268955406185,       0.005997253099802621,                                       0.00032094445559490564,                                           120.33136879803203,                                    0.021040829396094793,              0.010063882044818919,              0.006965508150697838,-1951.7899358757854, 3118.042978223334, 1166.2530423475487, 9.892247750063955e-08
                      0.4185193730153385,                    -0.08072874084756418,               0.30525893867815174,       -0.07723758324645036,       0.007475697766312634,                                        0.0004241254017987472,                                           136.87453191100826,                                    0.019630096650997172,              0.010322001952177933,              0.006674771732329199,-1945.2788543118781, 2359.925016780528,  414.6461624686499, 6.653065193124315e-05
                     0.41953054033707843,                    -0.07911991215436366,                0.3058447204797917,       -0.07758664297482563,      0.0064949616287937485,                                        2.801457881509711e-05,                                            86.31865299316178,                                     0.03104304033577464,              0.010229871524919838,              0.006740389203120973,-1952.0532436171175, 35697.81739333737,  33745.76414972025, 7.602245418903385e-08
                      0.4179708226161223,                    -0.08292747217987773,               0.30567770820179396,        -0.0794535793130716,       0.006176541965775887,                                         0.007111954406335951,                                           116.37097537882337,                                     0.02199784013344786,               0.00993328408916097,              0.006818480256411983, -1952.229620827447,142.63822721505284, -1809.591393612394, 6.372975316460324e-08
                     0.41055813447485456,                    -0.07761833802450024,                0.3019276351205148,       -0.07591526388820172,       0.006670273617035427,                                        0.0005169659129030883,                                           138.15422003602893,                                    0.019443180924235963,              0.010326790383291096,              0.006820373044750263,-1955.8951947978344, 1936.632549904289,-19.262644893545485,1.6308112098730411e-09
                     0.39444381104498716,                    -0.09120749275532342,                0.2933057308937872,       -0.08672795008774378,        0.00937653543739116,                                        3.944284070532559e-05,                                           104.25695652698899,                                     0.02480217844268973,              0.010313151699204992,              0.005828662624478182,-1946.0603315468984,25354.954636400096,   23408.8943048532,3.0453031253072624e-05
                       0.406154978909758,                     -0.0829356328607578,               0.29994752739681463,       -0.08082593479471038,       0.006744710170024091,                                       0.00042622859224982526,                                            131.7885232238557,                                    0.021779527127127978,               0.01010112724998833,               0.00649819580560624,-1953.3395114717146, 2348.212733886262,  394.8732224145474, 2.100500813496251e-08
                     0.39527867599606326,                    -0.09291367217730807,               0.29324160721341064,        -0.0875580289706063,       0.010083353945646857,                                       1.4018686822291954e-05,                                            81.20945250344933,                                    0.031727626645992754,              0.010472065677683296,              0.005412168919620442, -1951.092830754626, 71335.11205918467,  69384.01922843004,1.9862956527725433e-07
                      0.4177738238387896,                    -0.07729440526618377,                0.3052185520433704,       -0.07634566958955935,       0.006775821722599867,                                        0.0007050106717658055,                                            86.25746298206458,                                     0.02985812404022206,               0.01039879500293197,             0.0069148780323363065,-1949.4684976151034,1420.6127348409514,  -528.855762774152,1.0080517116135767e-06
                     0.39431281798994805,                    -0.08629330184786656,               0.29339952537145714,       -0.08323954030487028,       0.007545489472480229,                                       0.00019282174464543988,                                           114.01031668551647,                                    0.024349033702209325,              0.009649289539696668,              0.005518910933995936,-1943.5827941170896, 5188.148659818969,  3244.565865701879,0.00036275329225657154
                      0.4218868946136169,                    -0.07720548687306802,                0.3063017654890799,       -0.07583422713893277,       0.007984540038094854,                                       1.3094676842915696e-05,                                            97.30580556405401,                                     0.02786823486877352,              0.010657101225398188,              0.006523140174537735, -1949.361904945366, 76369.08737472886,  74419.72546978349,1.1214383913008799e-06
                     0.41935811408749585,                    -0.07954098838685104,               0.30552376571555867,       -0.07599643260344974,       0.007260702546130925,                                        0.0010397545711803278,                                           139.02687209118236,                                    0.017831426030560184,               0.01047857170663138,              0.006891438601025932,-1949.4833088411674, 963.9537057697602, -985.5296030714072,   9.9323125532517e-07
                     0.39948900067831966,                     -0.0928231184302011,               0.29553504923359786,       -0.08731706466722837,       0.009893655151794354,                                        9.012253966883858e-05,                                           141.84916329016468,                                     0.01694938019069114,              0.010447389937895566,             0.0057740299129593565,-1942.3884194240568,11097.734710521434,  9155.346291097378,   0.00119762733850021
                     0.39811515114738305,                    -0.09401852839690393,               0.29484276331714726,       -0.08895308629496224,       0.010041500407994243,                                        0.0005490413801061786,                                           106.70297076455871,                                     0.02533007922942252,              0.010296934128673458,              0.005327086310157972,-1956.4363552082773,1823.0060079837926,-133.43034722448465, 9.492502232785479e-10
                      0.3982981177033862,                    -0.09169389759411595,                0.2955957600051169,       -0.08720945952575603,       0.008780138606791674,                                         2.12806918780022e-05,                                            132.0946894380075,                                    0.020990968153185754,              0.010201503034117433,              0.005999239708396698,-1958.2718523241842,46992.708610133275,  45034.43675780909,1.5143785131177417e-10
                      0.4141892777473254,                    -0.08337026469203453,                0.3032757504175926,       -0.08011055267648519,      0.0071224686673248975,                                        2.583795464247623e-06,                                           125.03285865854713,                                    0.022445688580732842,              0.010150840411705333,              0.006374798552846091,-1954.1869157170654, 387029.5617465782,  385075.3748308611, 9.001188701484173e-09
                     0.40815211186120404,                    -0.08242555234029596,               0.29995438226521776,       -0.08164014465541335,       0.007540096231824702,                                        4.757634385187627e-05,                                           112.60950638149005,                                     0.02291018547130764,              0.010117399614475789,              0.006113513257989563,-1958.3634465630744, 21020.84338120223, 19062.479934639156,1.3818330205366395e-10
                     0.39066104572165933,                    -0.09307188959489525,                 0.292425533731938,       -0.08692757003573609,       0.008319537064812898,                                        6.748327408857663e-05,                                            119.7428026211381,                                    0.021907173809649783,              0.010112738256197126,              0.005783770724187628,-1954.0842943646926,14820.316642093085, 12866.232347728392, 9.973963014544196e-09
                      0.4175691415698191,                    -0.08528670409779279,                 0.305908730196209,       -0.08076533333853604,       0.006593729657781121,                                         0.000886315228984393,                                           108.29686986346462,                                    0.026823461224198413,              0.009810414322526523,              0.006824777322414266,-1946.1471958917014, 1130.228874039161, -815.9183218525404, 2.791938339486858e-05
                      0.4119340200195966,                    -0.07474719020941872,                0.3015269053135605,       -0.07552240839569244,       0.007193140566563351,                                       3.9681658549376376e-05,                                           124.98467380558664,                                    0.021179004964215264,              0.010539207000043257,              0.006471760323417374, -1947.021432639022,25202.838795497948, 23255.817362858925,1.1647417080693654e-05
                     0.41582678406673734,                    -0.08100296304344072,                0.3034703407814326,       -0.07904959106411825,       0.008069024662414704,                                       0.00016004924103516432,                                            98.27704800009624,                                     0.02881062498164616,                 0.010407133472039,              0.006359416519631633,-1952.1042453295781, 6250.141673191993,  4298.037427862415, 7.224239298500445e-08
                      0.4129688209978078,                    -0.07916534402572102,                  0.30209109787817,       -0.07821082551278909,       0.007187100285518669,                                         0.004020242373144507,                                           136.69270687831226,                                    0.019724475254906983,              0.010341258575446004,              0.006286444852999342,-1952.3170340282945,250.87418962945236,-1701.4428443988422,5.8395470992478714e-08
                     0.39890159334176245,                    -0.09502744831863663,                0.2945799975757888,       -0.08890714736556884,       0.011127529761560074,                                         0.009914605456669291,                                            91.63451708811397,                                    0.030080670481255088,              0.010532908174427882,             0.0054485063231146345,-1955.5369648269157,102.50104615250068, -1853.035918674415, 2.333355911522377e-09
                     0.41230144694128673,                    -0.08301027771820176,               0.30239854512948405,       -0.08047844461610205,       0.007220767049490027,                                          0.01759207099626491,                                           100.46323616700069,                                    0.026000496975349452,              0.010103121296065012,             0.0063364152760461215, -1957.140020661754, 58.86522640785101, -1898.274794253903, 4.696590382242737e-10
                     0.40361471843099195,                     -0.0882084476024193,                0.3000626890688559,       -0.08545262645634974,       0.005234214276750515,                                        0.0006210664428306534,                                           163.60020235162915,                                    0.015795323943814332,              0.009193843875821723,              0.006420614444104783,-1958.2796800453202, 1611.958999111828, -346.3206809334922,1.5025706550249755e-10
                       0.410849103281543,                    -0.07998371410691199,                0.3018977619078505,       -0.07948284313379625,      0.0062847227778965835,                                       1.4851389052720945e-05,                                           165.09257772736902,                                    0.016146649496645876,               0.01000988661188347,              0.006525170911551913,-1955.2756344641425,  67335.8570609113,  65380.58142644715, 3.030228106861583e-09
                     0.41602027065659497,                    -0.07943236905834603,                0.3045642862923524,       -0.07665273532435275,       0.006275037933813859,                                       2.0074409078867844e-05,                                           129.19207901754348,                                     0.02076103494665301,              0.010085309916500182,              0.006838846596654498,-1947.3565204676347,  49816.8544617224,  47869.49794125477, 8.331109303546722e-06
                      0.3931671560236667,                     -0.0842746434391885,                 0.292577441848313,       -0.08204414272307896,       0.008094750185494383,                                        0.0015316214208179217,                                           119.20997348875055,                                    0.023531819515433174,              0.009952399535822151,              0.005575963793251817,-1958.5173204628368, 654.9867370517863,-1303.5305834110504,1.1847561748317854e-10
                      0.4122223245241749,                    -0.08750257076492746,                0.3018339408734745,       -0.08389732039475434,       0.008422501976226055,                                         0.004755756485482169,                                           117.11080664289805,                                    0.024116042457744683,              0.010014751235888037,              0.005962352859836151,-1949.7853325143274,212.10182009311623,-1737.6835124212112, 7.343162905071376e-07
                      0.3984178687634416,                    -0.09286159400471525,               0.29488203528719464,       -0.08760757760386376,        0.01030471983615935,                                       2.3686129926114392e-05,                                            108.3213212059731,                                     0.02533806232718199,               0.01042540659279869,              0.005637369805745085,-1947.0181065753618,42220.523811953855,  40273.50570537849,1.1686221628804823e-05
                      0.3945504555606854,                    -0.08998137013850178,                0.2927819077086359,       -0.08600968911840891,       0.010008278569263477,                                        3.353975600143549e-06,                                           113.33908015395147,                                    0.023796374102058822,              0.010502312837886447,              0.005415198717563037,-1957.1914358796034,298155.47651114035, 296198.28507526073,4.4612169029618586e-10
                      0.3989189141893776,                    -0.09098914684254132,               0.29407449005424824,        -0.0861558801615168,       0.010948561880380282,                                        8.927703733053313e-06,                                           114.26046131632951,                                    0.021798026511025324,              0.010655033717618405,              0.005194301100426967,-1958.1540924637652,112012.68202303337,  110054.5279305696,1.7036363446232974e-10
                      0.4106793590485264,                    -0.08062074157748099,               0.30201089514812296,        -0.0790114658189238,       0.006271993735895507,                                        1.821887741654332e-05,                                           112.14000949055054,                                    0.022727240596394888,              0.010101790867779601,               0.00654050955313408,-1955.7205492079543, 54890.23892899668,  52934.51837978873,1.9420092940446517e-09
                       0.416925513873854,                    -0.07781401907720777,               0.30482764335535717,       -0.07543337200340776,       0.006314506123717318,                                          0.01445180686687126,                                           123.08035775143766,                                    0.021470658361758026,               0.01022253188340681,              0.006828269223133724,-1947.5571447176894, 71.43691157275704,-1876.1202331449324, 6.816678753517106e-06
                     0.42272699859127705,                    -0.07549157575550236,                0.3066178829517484,       -0.07481132708689092,       0.007718584257975787,                                        0.0005686869591506874,                                             80.9119728280273,                                     0.03248657979573092,              0.010561983397222939,              0.006767483521075846,-1948.4445706040265, 1760.662011163526,-187.78255944050056,2.8065233648105303e-06
                      0.4208408273020842,                     -0.0784983512192366,                0.3067950079952774,       -0.07650846621447338,       0.005959700281185181,                                         1.81507311058993e-05,                                           134.53877520789155,                                      0.0213326447730794,              0.010050649662999579,              0.006978908199359643,-1942.0170615888705, 55096.35676546042,  53154.33970387155, 0.0017362024303559788
                     0.39677172426158497,                    -0.08570410773063603,                0.2933591482295334,       -0.08265574329289513,       0.009344278752409207,                                        0.0005108243277466523,                                           102.91467984915292,                                    0.027244272615774036,              0.010068842279024989,              0.005266541726005974,-1958.6808763109962,1959.6363502099907,  0.955473898994569,1.0059990683872189e-10
                      0.4147771568530799,                    -0.08251004447980999,                0.3042021493756048,       -0.07904466485680228,      0.0066257072999537005,                                       0.00013056160347808945,                                            99.06419283867282,                                     0.02634724829362299,               0.01004962237892632,              0.006869630018876261,-1956.7108532598718, 7661.297072185774,  5704.586218925902, 7.213860152653863e-10
                      0.4013484700341282,                    -0.09261418672592181,                0.2955995888671229,       -0.08724500093125397,       0.010851301686330582,                                        8.710763794588034e-05,                                           110.46093196494604,                                    0.023400831218669753,              0.010658331660235715,             0.0054365392735009075,-1953.1309014597869,11481.766470846405,  9528.635569386619,2.5877423365454056e-08
                     0.39564673914615384,                    -0.09539049108624277,                 0.293185079817555,       -0.09015158824147705,       0.010126613348766633,                                       2.7915108078327814e-06,                                           115.63731897965592,                                    0.022504421685605295,              0.010525903251651654,              0.005236832248394124,-1950.3340172018147, 358230.5540294412,  356280.2200122394, 4.242212612999838e-07
                     0.41874565011441667,                     -0.0739536840766686,               0.30543686101785433,       -0.07442457656732213,       0.006394357204130564,                                        0.0013885056099497478,                                           100.52706407556776,                                    0.026317115334462557,               0.01030862908841539,              0.006827527645453498, -1949.623332119481, 722.4800218842884,-1227.1433102351925, 8.634536714932335e-07
                      0.3955786403038684,                    -0.09085340711954869,               0.29373973192047437,       -0.08581774950679537,        0.01004074952101981,                                       1.4905660961609744e-06,                                           113.09041250409136,                                    0.023294543475440813,               0.01057302034170185,              0.005757836734489267,-1948.1205195734951, 670887.8978030038,  668939.7772834303, 3.880629998281195e-06
                      0.3956426587541383,                     -0.0954360189381703,               0.29361663476657796,       -0.09014337989280746,       0.009459391497001915,                                        0.0007124059276467103,                                           116.23979446036837,                                     0.02131915792655243,               0.01021879989587539,              0.005349752652299193,-1951.7860953539798,1405.2963883072616, -546.4897070467182, 9.930312190124363e-08
                      0.4085969997907796,                     -0.0842605009795361,               0.30109779625422833,       -0.08338597811745828,       0.005904179567450873,                                       0.00019308474075948492,                                            138.9125301223335,                                    0.019691877661295914,               0.00964138357569253,               0.00613450941404832, -1949.762419682515,5180.9740026679165, 3231.2115829854015, 7.513357940864142e-07
                      0.3954889884712221,                    -0.09352264187391392,               0.29313732472468373,       -0.08865741683184304,       0.010474554207918357,                                       5.5582463881522744e-05,                                           152.40395991621344,                                    0.015214654109350469,              0.010617565072099152,              0.005334340527495334,-1954.5735997560782,17992.969271525377, 16038.395671769298, 6.114558747770015e-09
                     0.40987617185920183,                    -0.07774304503700816,               0.30046062387578903,       -0.07685638621501323,       0.007498688128951705,                                       0.00021871832895370435,                                           150.58717766821988,                                     0.01695241207118337,              0.010494286094753016,              0.006339755942590158,-1956.8877300728323,4574.3151344080225,   2617.42740433519, 6.044370746547519e-10
                      0.3954689539632433,                    -0.09316933320021482,               0.29426017179622155,       -0.08763262284566219,       0.009242796860939104,                                        0.0003564378035176152,                                           142.05769663977787,                                    0.016515020867533616,              0.010354423433480075,              0.005764314616021594,-1957.9449703070745,2807.2870856295476,  849.3421153224731,2.0998945927526358e-10
                     0.39583201156945774,                    -0.09303998469645207,               0.29332311167306707,       -0.08777803615119055,       0.010565532059911929,                                       0.00010518812310555977,                                           147.50862897703024,                                    0.015937123539915932,               0.01055244677105987,             0.0054329007409311325,-1957.4676145199915,  9508.50631900083,  7551.038704480838,3.3846243882750964e-10
                      0.4097752230053974,                    -0.07934557742778306,               0.30119472261181957,       -0.07803540049769979,       0.006391760553131008,                                        0.0007597693772824272,                                           141.21688476065174,                                    0.018747564756585264,               0.01023202780286772,              0.006569409793127046,-1949.4704941601763,1318.3594929557253,  -631.111001204451,1.0060410987430567e-06
                     0.41999213432093147,                    -0.07803783948014816,               0.30654854486874367,       -0.07687931736114637,       0.006031732179410581,                                       1.8526525347823663e-05,                                           112.18269122807098,                                    0.024023635114338405,              0.010060595905570041,              0.006922394891239238,-1950.0611834078686, 53978.81055375609, 52028.749370348225, 5.572917861154116e-07
                     0.40270802433790176,                    -0.08853475463652494,                0.2951376571654423,       -0.08485617656717886,       0.011552690495347833,                                       0.00010886312146002738,                                           133.87346993068508,                                      0.0193577901034767,               0.01099909731772366,              0.005197544442281854,-1950.6709260541925, 9187.683574376366,  7237.012648322174,3.0288291431608067e-07
                      0.4018076567879971,                    -0.09131983428486891,                0.2944703809783756,       -0.08640077725210894,        0.01221953097505473,                                       0.00034681511294424406,                                           108.67266778443872,                                    0.024484181700556384,              0.010967923314952676,             0.0049074965243814635,-1954.1920722112359,2885.1326587750773,  930.9405865638414, 8.954893587240975e-09
                      0.4125022990045281,                    -0.08414902814457584,               0.30228409434037823,       -0.08165806089077375,       0.007600027689824294,                                        9.704072749287016e-05,                                            95.56938378096848,                                    0.029852204917944592,              0.010121549124261038,              0.006288863064426522,-1954.3584788269995,10306.908458393204,  8352.549979566204,  7.58212525210417e-09
                      0.4194261177642268,                    -0.07961151920947993,               0.30685225102386016,       -0.07713993882266353,       0.004673939090053313,                                        5.724637212927555e-05,                                           125.40736865881483,                                    0.021648483924966287,              0.009707475515787198,              0.007155889830329593, -1946.587503864847,17470.496798815966,  15523.90929495112, 1.797556291726908e-05
                     0.39370511187204976,                    -0.09348774527032423,                 0.293561766918237,       -0.08876830758475876,       0.008687686876693086,                                       0.00010330405577282497,                                            128.1782432880781,                                     0.01950585133223065,              0.010135243022259455,              0.005695821921304821,-1947.9717267156961, 9681.863951820831,  7733.892225105135,  4.50320951876983e-06
                       0.400768892944841,                    -0.09413350766945337,                0.2950190724773245,       -0.08927728603604969,       0.011315340548002163,                                       4.4437828237990515e-05,                                           107.91449908815116,                                    0.022896537008778892,               0.01070245723048422,              0.005088183836962823,-1952.9756716269417,22504.953008060013, 20551.977336433072, 3.022292482818943e-08
                      0.3904499047268884,                     -0.0898802488401726,                0.2921121642583367,       -0.08590102158710751,       0.008667401423970501,                                        0.0002032002131731233,                                             111.361579264277,                                     0.02393304320966404,              0.010148081687276064,              0.005896451347924671, -1947.854378311566, 4923.146642331647,  2975.292264020081, 5.063909295622841e-06
                      0.4085078853372688,                    -0.08301664780812688,                0.3003977281769528,       -0.08198916894704894,       0.007018721422940467,                                       1.2164791780265226e-05,                                           116.25527981155037,                                    0.025227028439223004,               0.01002858954613849,              0.006166484819369537,-1953.5213374707087, 82206.42284776174,  80252.90151029103, 1.751284992515412e-08
                      0.4165644127862402,                    -0.07799499770901636,                0.3052752402682442,       -0.07634632520710341,       0.005582001285579379,                                         9.67611113167183e-06,                                            112.3477569621803,                                      0.0231924528559541,              0.009982976169331432,               0.00699635730614292,-1949.9248785549548,  103349.507937629, 101399.58305907404, 6.386737806899128e-07
                     0.40068256889615295,                    -0.09012090472016494,               0.29496164890790855,       -0.08582953753380408,       0.011268647813023575,                                       1.2991045416808023e-06,                                           114.44478846401768,                                    0.022857511216661117,              0.010734752760496506,               0.00542705398733613,-1952.1529601737325, 769762.7918049332,  767810.6388447594, 6.880746141719842e-08
                     0.41444337864893077,                    -0.08142149955997448,                0.3038453906278227,       -0.07877586002608132,       0.006170959132288759,                                        7.206012655854256e-05,                                           103.09414486673131,                                    0.027234236816389885,              0.010032650378078515,              0.006608066586262036,-1955.2232826433897,13879.395896841179, 11924.172614197789, 3.193091980480825e-09
                      0.4111193264372285,                     -0.0804579200638105,                 0.302359237173834,       -0.07794997483881423,        0.00569636649025915,                                        0.0014699836713036709,                                           101.09540189661449,                                    0.026102988409263162,              0.009955077434388804,              0.006701972649799436, -1956.794523748927, 682.4464678280846,-1274.3480559208424, 6.634834391840352e-10
                      0.4107706283742364,                     -0.0786184912393355,                0.3013452789756641,       -0.07761664016594941,       0.007021586535356682,                                       5.9513689504608165e-05,                                           157.01152814706165,                                     0.01675821046062953,               0.01024693214412514,              0.006446591904139984,-1954.7993967530078,16805.037205851644, 14850.237809098637, 4.878684484205039e-09
                      0.3963814000197206,                    -0.09607525848798693,                0.2933560997325861,       -0.09049353196698096,       0.010722674193669814,                                       1.5088232226117902e-05,                                           105.58154725460386,                                    0.024279619739391953,              0.010442574616283383,              0.004994825407701839,-1957.0229292532008, 66278.38521798507,  64321.36228873186, 5.280011118096409e-10
                      0.4166557086630898,                    -0.07949140730061537,               0.30415891806062517,       -0.07727066675169487,       0.007740948122223962,                                         0.000310749477368723,                                            93.85003381177695,                                     0.02710045591431051,              0.010549976337066115,              0.006761142697261024, -1957.732852670048, 3220.177123603277, 1262.4442709332288,2.5960856375516614e-10
                     0.39085666709762684,                     -0.0923261270720335,               0.29222560283066845,        -0.0870782925799881,       0.009382118099955766,                                       2.6392762478711365e-05,                                           101.76107890252324,                                    0.025083096114362807,              0.010320469309408425,              0.005838046337952908,-1951.5796154260802,37890.993308717094,  35939.41369329101,1.2207760359390907e-07
                     0.41353936287984466,                    -0.07684758233239444,                0.3023218692086583,       -0.07628724036332557,        0.00775828907536824,                                       0.00048402032358758304,                                           119.56386703634345,                                    0.021733106069402167,                0.0105712111339862,             0.0063784006570020675,-1955.9990684297577, 2068.253276873873, 112.25420844411519,1.4699140561318899e-09
                      0.3997143578323424,                    -0.08965202387499134,               0.29553345792939545,        -0.0854959567790936,       0.009651638963484999,                                       1.4987587164762156e-06,                                            101.1330753896225,                                    0.025032506936545844,              0.010531580517241792,              0.006004365509102434,-1940.8474232929443, 667220.6440189815,  665279.7965956886, 0.0055920084315271516
                     0.39555158005215035,                    -0.09486653659455405,                0.2937611465033097,       -0.08963047724636707,       0.009908560279033989,                                       0.00011746023690103189,                                           119.54249300649153,                                    0.021488726000383786,               0.01036328987403203,              0.005246366705985907,-1947.4812923180702,  8515.14965318164, 6567.6683608635685, 7.353855743080883e-06
                      0.3964855038802162,                    -0.09238467047148417,                0.2938150906739257,       -0.08783001613419933,        0.01060328429193503,                                        0.0001815360441842479,                                            92.08036665939925,                                    0.026764092971342995,              0.010439840583371982,               0.00562743084479474,-1954.9606945665505, 5510.274548741218,  3555.313854174667, 4.151948728135083e-09
                       0.394519337070783,                     -0.0914880857003575,               0.29298233275601776,        -0.0862102505169018,       0.010410422362583296,                                       0.00014495094814300242,                                            99.75155420871712,                                    0.026454224194860387,               0.01043058770130142,             0.0054507359259768715,-1955.5469209892221, 6900.717244977978,  4945.170323988756,2.3102399056494976e-09
                     0.39831488724514713,                    -0.09559213893726023,                0.2936104619907275,       -0.09030894899250078,       0.011983275691080745,                                        0.0037734905786735475,                                           122.95799881070951,                                    0.020857430905511374,              0.010686285230030807,              0.004904734506260426,-1957.6338103320072, 266.5619830521783, -1691.071827279829,2.8663720171961217e-10
                       0.410734069599514,                    -0.08180508707005878,               0.30099152367127413,       -0.08159388380072616,       0.007761637679239797,                                        2.831224466896249e-05,                                            93.59810717631294,                                     0.02869850079803688,               0.01014740310224142,              0.006021746911848785,-1957.2831224017186, 35322.38407421128,  33365.10095180956, 4.070374682901389e-10
                     0.39713101732093536,                    -0.09236954692705678,                0.2945761613436077,       -0.08760199509993807,       0.009560545554780813,                                        0.0013918737125810533,                                            120.2859200616513,                                    0.020434415190600828,              0.010340455974777937,              0.005813048472126116,-1947.9885305816301, 720.1941108418374,-1227.7944197397928, 4.428170428870485e-06
                      0.3999508081410778,                    -0.09134511978556678,                 0.295852353417717,       -0.08645417572681938,        0.01021738212271025,                                        0.0006021576893667347,                                           132.11261794406406,                                    0.019575297125751505,              0.010442402563062093,               0.00591525791760958,-1955.3129817872282,1662.4706395981088,-292.84234218911934,2.9191444488955068e-09
                     0.39526595022090005,                    -0.09168953062610528,               0.29323282053850547,       -0.08681186638743148,       0.010094757003811003,                                        3.743424565217744e-06,                                           110.16005178658179,                                     0.02505929273660125,              0.010542474628920946,              0.005612298146478086,-1945.2711355015977,267136.86936045485,  265191.5982249532,  6.70461764698139e-05
                      0.4013041942026048,                    -0.08900048820392138,                0.2957744188977286,       -0.08510140327806145,       0.010364145194101173,                                        0.0019190133293102273,                                             93.0047549298207,                                     0.02925550685315742,              0.010629270443302974,              0.005763496439561052,-1951.5551203412447, 522.9458620591707,-1428.6092582820738,1.2510482956686814e-07
                     0.39725415255696367,                     -0.0901202696649694,                  0.29408192240954,       -0.08566102445659297,        0.01134077164986308,                                         0.008789521670554648,                                            100.4271511974798,                                     0.02697998125032914,              0.010862614452557368,              0.005941897850927315,-1948.5403489405567,  115.610673692571,-1832.9296752479856,  2.55019070866077e-06
                     0.39650509722846333,                    -0.09262991231822926,                0.2934203389231516,       -0.08702957219674519,       0.010944764532594898,                                         0.000147747208930552,                                            96.37329771390651,                                    0.025868493248090173,              0.010856183262312509,                0.0053756575611219,-1950.9362745794756,6770.0855607179865,   4819.14928613851, 2.322926000552089e-07
                     0.41964763895899154,                    -0.07568384643752936,               0.30578854970899677,       -0.07571052355244531,        0.00676906419475474,                                        0.0015210592369576616,                                           102.07913478051914,                                     0.02512811952995655,              0.010330721784946375,              0.006811943560700716,-1952.6206991392814, 659.6458637278998,-1292.9748354113817,4.3102164848050456e-08
                      0.4131758461446162,                    -0.07438584110007372,                0.3024321084490053,       -0.07519233230850478,       0.006397372074641816,                                        0.0005158876095818382,                                           129.19566011380934,                                     0.02077976078843046,              0.010384770558773881,              0.006691510078685354, -1953.970679377207, 1940.694939940371,-13.275739436836147,1.1174037269584799e-08
                      0.4227817243743918,                    -0.07249016744713628,                 0.306633339003546,       -0.07298534048819905,        0.00833258818628086,                                          0.00300053740016945,                                            95.79281245575946,                                     0.02715694043382669,              0.010941143810388566,             0.0068763385841213555,-1957.0498299628048, 335.5841723194099, -1621.465657643395, 5.139868491415562e-10
                      0.4040578774250631,                    -0.08633361367658683,                0.2988654669651763,       -0.08511721880488317,       0.006257567781101432,                                       3.4948204628193376e-05,                                           100.17558103140259,                                    0.027210387937338147,              0.009641345202292217,              0.005982836981270035,-1956.1827722832336,28615.616856355435,   26659.4340840722, 1.223236335397791e-09
                     0.40692745828675747,                     -0.0897911532820053,               0.30172708324522635,       -0.08607386148850843,        0.00494064517862207,                                         0.004660801634608162,                                           125.71686055360173,                                    0.019918982000298676,              0.009193210096542332,               0.00661923896911895,-1946.7076457997323,216.32136984944944,-1730.3862759502829, 1.594063142055353e-05
                      0.3969748681320257,                     -0.0932976771800834,                0.2949410728052227,        -0.0879067682897957,        0.00950547468623323,                                        0.0040484595544164285,                                            97.66362404575463,                                    0.028991969084612434,              0.010310946868604209,               0.00590257254736716, -1958.162956378918, 248.7308052077331,-1709.4321511711848,1.6886021858023748e-10
                      0.4011584158290159,                    -0.09207626334017521,               0.29558403190712057,       -0.08752233765012553,       0.010844717974189993,                                        4.744442039380075e-05,                                           114.14074523112724,                                     0.02453478767202379,              0.010613503185307937,             0.0054613722220414095,-1950.8998167866862,21078.997932583312, 19128.098115796627, 2.409177471100524e-07
                       0.410001678906111,                    -0.08665826673516779,                0.3020574264985708,         -0.082971716095508,       0.006373622140579757,                                        5.618703752019192e-06,                                           127.82177096152131,                                    0.020702234406232138,              0.009797483300048102,              0.006293448211384129,-1952.2610117458612, 177978.9000869901, 176026.63907524422, 6.176029101658902e-08
                     0.40833852220875944,                    -0.08190342200685478,                0.3003523257517773,       -0.08072873897321198,       0.007193234806594029,                                        0.0001891882411314313,                                           158.74754628514916,                                    0.015754555938641217,              0.010203116185892041,              0.006206325589289352,-1957.7852962699549, 5287.780071954713,  3329.994775684758, 2.463446009688245e-10
                     0.40461909751975655,                    -0.09249380310697475,               0.29667734686980207,       -0.08764837133071719,       0.010968176591584434,                                       0.00016411374284581748,                                           111.47396851319951,                                    0.023896112150586096,              0.010682769954305915,              0.005255181890739825,-1956.7764136873188, 6095.002814516722,  4138.226400829402, 6.756086277051984e-10
                     0.41375019850474326,                     -0.0789165106191442,                0.3025185928319101,       -0.07831675356009062,       0.007450658514548921,                                        4.091654275215549e-06,                                            98.22610493798089,                                    0.028593637203799538,              0.010425896143502637,              0.006345880552724371,  -1952.58779442293, 244402.0494473901, 242449.46165296718,4.4544021202091885e-08
                     0.41350521144317465,                    -0.08528565371314777,               0.30422491560823134,       -0.08143943417550606,       0.005484565375279248,                                         1.21474827434984e-05,                                            134.5227827504807,                                    0.021429948921269145,              0.009501100339406293,             0.0067204652794409835,-1954.3108919407573, 82323.54449246258,  80369.23360052182, 7.951657701688574e-09
                      0.3985032869252186,                    -0.09112738866582976,               0.29453594484155676,        -0.0869184706082374,       0.010920835774963585,                                        2.292650482830035e-06,                                           134.41679690980013,                                     0.01956127304438813,              0.010700097853235339,              0.005513825973509011, -1952.643990553253,436178.14327016665,  434225.4992796134,4.2109855486982166e-08
                     0.41451378243824066,                    -0.07613901478847372,               0.30249181942717973,       -0.07522877972464682,         0.0075719917326418,                                        0.0017492986082591176,                                           125.40122585529716,                                     0.02075470730568408,              0.010644252478468907,              0.006437731559117779,-1954.1229697418253, 573.9262014046076,-1380.1967683372177,  9.59558044153762e-09
                     0.39802322413518715,                    -0.09050835164024346,               0.29515813295730203,       -0.08640181508933856,       0.009290326096446193,                                        0.0005411373600315754,                                           120.59672460361193,                                     0.02408806870152109,              0.010245620785848647,              0.005908619109028319,-1939.5721363855778,1849.7607834101195, -89.81135297545825,   0.02001787091001746
                      0.4032824846043117,                    -0.08762911406211199,                0.2997097240037927,       -0.08516764380699049,       0.005104558644879536,                                       3.7578518988504976e-06,                                           139.49048616711065,                                    0.018251450478450542,              0.009348555609011018,              0.006327303010261783, -1946.199282023074, 266111.3220572783, 264165.12277525524, 2.650239381533896e-05
                     0.41020826265935406,                    -0.07742765381737957,               0.30154036832698133,       -0.07740571713090656,       0.006096096450937526,                                       2.5560928887526453e-05,                                           102.57796142204728,                                    0.025302381387626915,              0.010236453288911559,              0.006479957475806996, -1956.749956136236,39124.413191137384,  37167.66323500115, 6.937221404669875e-10
                     0.39680866586614505,                    -0.08946110421374338,               0.29449215778413795,       -0.08575293688558187,        0.00975226344447776,                                       0.00017821748965011046,                                           121.99998622676041,                                     0.02231508903636273,              0.010430540085160232,              0.005843821060031494,-1951.2156870189388, 5612.966786141786,  3661.751099122847,1.7566615456584025e-07
                      0.3985790772795655,                    -0.09013717313136375,               0.29515190785780526,       -0.08679459392480361,        0.00942322757304641,                                       2.6778037728620683e-05,                                           109.43727999900337,                                    0.024256431503488968,              0.010300485371193756,              0.005759703947076031,-1954.1272337581509,  37345.8119371163,  35391.68470335814, 9.554751838657678e-09
                      0.3947461132386897,                    -0.08934463891907579,                0.2930096875689895,       -0.08528059812035131,       0.009934200920461869,                                       2.1878747425001585e-06,                                            115.1091047418185,                                    0.022462348551946724,              0.010571939588091273,             0.0056952155629858125, -1946.934148717522,457066.44343807147, 455119.50928935397,1.2709736675896228e-05
                      0.4165965185724703,                    -0.07960205629913499,                0.3059617082514637,       -0.07684458450064266,       0.004221822070796857,                                        1.552400667464586e-05,                                           132.33771958923012,                                    0.019599493933041827,              0.009629480143738054,              0.007145564347507488,-1951.5147025415913, 64418.53887191576,  62467.02416937417,1.3026486776558766e-07
                      0.4133246564055905,                    -0.08612793191715432,               0.30206538570094865,       -0.08283738572384584,       0.008544814256584671,                                        0.0009291243140273963,                                            95.73367465116188,                                     0.02943714345185857,              0.010050359780215566,              0.005994289241138411,-1957.0217069670475,1078.1626471214556, -878.8590598455919, 5.286468748307247e-10
                     0.39628214658209143,                    -0.09519388502538989,               0.29352295231219994,       -0.08984025614562248,       0.010436232073240745,                                         4.37734814051764e-06,                                            128.8582048468916,                                    0.018812113756510578,              0.010460214089356669,              0.005094139982347639,-1949.5193212909912,228450.42435474732, 226500.90503345634, 9.580989613959503e-07
                     0.39909377173427113,                    -0.09232212155165538,                0.2942205129735517,         -0.087032391717519,        0.01182636789294824,                                        0.0023357472504057044,                                           116.89551795903411,                                    0.022063267703775275,              0.010885513410566969,              0.005378546364493938,-1944.4884989239822,429.86881514032314,-1514.6196837836592, 0.0001466455074805241
                     0.39930546860326366,                      -0.094234885811139,                0.2952231548538238,       -0.08857741512242712,       0.010560708533431972,                                         3.31169181667185e-05,                                           117.01910802787734,                                    0.022586607266995507,              0.010311841441997737,              0.005504122685132638,-1955.8922758592175,30197.703478906584, 28241.811203047368, 1.635578401875974e-09
                      0.4110964688993339,                    -0.08021613109753827,                0.3016225048422253,        -0.0781150426856463,       0.007673745014688988,                                       0.00017500426147559802,                                           147.29904592677363,                                     0.01730312850144042,              0.010392398594222314,              0.006524964014527445,-1954.7813106561166, 5716.295835700542,  3761.514525044425,  4.96772360245208e-09
                      0.4142612425029321,                    -0.07976773699298806,                 0.302364693010714,       -0.07892851134183917,       0.008140356727580247,                                       1.4033687999160161e-05,                                           130.41946531100325,                                    0.019579558453871652,              0.010535437060971715,              0.006189953192807828,-1956.9566386345718, 71259.18905161716,  69302.23241298259, 5.641888342907431e-10
                     0.39758981876945176,                    -0.09341008008297795,               0.29437761323097233,       -0.08817574177353193,       0.010214793673939205,                                        0.0005156263638306278,                                            97.31128644168128,                                    0.025993045524547623,              0.010444257963321895,              0.005670768803137318,-1948.6204817223038,1941.0879326930349, -7.532549029268921, 2.353810165790939e-06
                     0.40445857309042543,                    -0.08976676330346547,                0.3000850316329062,       -0.08732782608961533,         0.0056271586498501,                                       0.00010518082513967354,                                           124.13266122600503,                                    0.021904919290531035,               0.00921070756898574,              0.006175606981107697,-1949.0314725505718, 9509.150993311994,  7560.119520761422,1.5605596923579013e-06
                     0.39819296210381566,                    -0.09185820693848629,                0.2946048939824974,       -0.08664709273854446,       0.010734084444506228,                                       1.3672719198699093e-06,                                           120.87928978086673,                                    0.021541359584363158,              0.010662705639810312,              0.005872867376048082,-1946.2232293068987, 731385.1873415733,  729438.9641122664, 2.587527236573067e-05
                      0.3926939892713316,                    -0.08754037031750454,               0.29290845442892155,       -0.08379323856814917,       0.008997401952727005,                                        0.0007778498014022438,                                            112.6812796689074,                                    0.022797431687021433,              0.010418715299195178,              0.006074104550019522, -1954.271131501639,1287.5853288801559, -666.6858026214832, 8.274188599246396e-09
                      0.4117589887324317,                    -0.08184495993851795,                0.3020270827237832,       -0.08060986078351894,       0.006791869553950062,                                        5.865687750801797e-06,                                           135.17651609729722,                                    0.021095518323523747,              0.009964219989039201,              0.006235625404932239,-1952.0763463892004,170485.01200269198, 168532.93565630278,  7.42862574575832e-08
                      0.4177812394126395,                    -0.07862608234067808,                 0.306673351188343,       -0.07652281152854874,       0.004363770106539088,                                        0.0010518432695991666,                                           111.14170014094118,                                    0.024644049460721552,              0.009691087128300522,              0.007289240026834537,-1953.3592948944638, 952.8999185506266,-1000.4593763438372, 2.059354071617712e-08
                      0.4213930242529173,                    -0.07383239622665537,               0.30601307345216255,       -0.07463551490207675,         0.0077900948252264,                                        0.0025036579399149773,                                           104.96491030315985,                                    0.024881929733210847,              0.010767762353776229,              0.006656826711941398,-1953.3347789008708, 401.6601118174232,-1551.6746670834475,2.1104651422516228e-08
                        0.39737953373035,                    -0.09103724537336275,                0.2946427692021196,       -0.08632111033172171,       0.009617422442970085,                                         0.004409065771898198,                                           124.04153690758982,                                    0.021775286286932514,               0.01040552863836049,              0.005569621817824384,-1949.3793724967222,228.61274585591755,-1720.7666266408046, 1.102019700836942e-06
                      0.4094170166774897,                    -0.08068675195080477,               0.30063308592688875,       -0.08048931190290207,       0.007381658646347913,                                       0.00010791182352229305,                                           132.47051192869196,                                    0.018832147055045254,              0.010271210683285919,              0.006253638359898336,-1957.1595361476725,  9268.87054045536,  7311.711004307688, 4.605822707168379e-10
                     0.41901482141603485,                    -0.07802215938075273,               0.30650044125412396,       -0.07594715057083133,       0.005480178911305732,                                         0.013268118286733674,                                           122.12559109337887,                                    0.021906674644442244,              0.009961249128675166,                 0.007152275840823,-1950.5901809485135,  77.5711642266943,-1873.0190167218193,3.2835371118774227e-07
                      0.4066616650354362,                    -0.07756792869204453,                0.2999830272228056,       -0.07776335500904788,       0.006181683524091758,                                        0.0011856926977806808,                                           116.88812238950368,                                    0.023494232695705004,              0.010238915496898421,              0.006432129673323625,-1958.2665714353475, 845.6025468073251,-1112.6640246280224,1.5223969312550427e-10
                      0.4204058973685127,                    -0.07583824974194849,                0.3062841361314023,       -0.07560407801047908,       0.006367800158327394,                                        9.809814503546944e-06,                                           100.30423863892261,                                     0.02901123262848397,              0.010240609853870883,              0.006760233722112601,-1952.3218156736643,101940.93582825849,  99988.61401258482, 5.811691107710718e-08
                     0.42243086308514816,                    -0.07697520301595769,               0.30648855002844305,       -0.07628662663033275,        0.00783891792826992,                                        8.690319324354078e-05,                                            97.76089624210341,                                    0.029670343054349888,              0.010487157485137647,              0.006562967766203071,-1947.2138539258854,11509.209368987078,  9561.995515061193, 9.608644468390126e-06
                      0.3922417523011978,                    -0.09601768912241228,               0.29281536147188264,       -0.09046701223331777,       0.009099336266187686,                                         1.75429697046558e-05,                                           109.81692107501243,                                     0.02452649853075324,              0.010187609693042554,             0.0054926026822881896,-1943.9503320116723, 57004.50373325263,  55060.55340124096, 0.0002511838328798908
                      0.4041961558892227,                    -0.08862977531603085,                0.2998519873503667,        -0.0861884396506156,        0.00540023922823095,                                       1.3814706227556616e-05,                                            133.3135984531769,                                     0.01988298769439606,              0.009312604405083542,             0.0063230130672082985,-1939.9809537304322,  72388.4094548335,  70448.42850110306,  0.013300585744878794
                       0.416408742799424,                     -0.0746320854370865,               0.30466006290292014,       -0.07429877338460454,       0.006101156439559793,                                       2.4972027674047174e-05,                                           108.89115822887933,                                     0.02367805919277183,              0.010319317573037591,              0.006908938749861728,-1950.9752847754585, 40047.11190539959,  38096.13662062414,2.2340529498437454e-07
                      0.3936493920913128,                    -0.08771396825904233,               0.29320476028049947,       -0.08476866831759317,       0.007739415103546445,                                        0.0031545228973141443,                                           105.80021938599656,                                     0.02605914088996353,              0.009774163022889136,                0.0056243196524201,-1955.6292391711472, 318.9396397879724, -1636.689599383175, 2.127682145220852e-09
                      0.4011411837196186,                    -0.09061745643530349,               0.29467564150389314,       -0.08618862987111904,       0.011382975253275512,                                         0.000281180265870085,                                            102.9750146416478,                                     0.02583855894635862,              0.010889592803050371,              0.005090282985701695, -1956.308992772881,3558.2140110944383, 1601.9050183215572,1.0781855594474043e-09
                       0.423259410639115,                    -0.07539063481349852,                0.3074162514361708,        -0.0744853504697454,       0.006546725224923966,                                         0.005949301649286458,                                           141.96935763964373,                                    0.018537019385273953,              0.010367552183535338,              0.006921667736559009,-1948.5396601843254,170.32272854966521,  -1778.21693163466, 2.551947773427516e-06
                       0.414684952270939,                    -0.08396920478694612,                0.3032851963641195,        -0.0820277944435704,       0.007800626704568483,                                       0.00020169789797438894,                                           129.11606692318827,                                    0.020158255368242867,               0.01010769715637244,              0.006188146715607697,-1954.7951043787266, 4959.826296046055, 3005.0311916673286, 4.899670631990321e-09
                     0.39761649217797324,                    -0.09270723498342985,                0.2937387263021829,       -0.08792361712061293,        0.01033263184094879,                                        0.0006080963211301445,                                            96.20740464906079,                                    0.026068498279164177,              0.010711664433456251,              0.005270546022503542,-1953.4308664299192,1646.1900164483288, -307.2408499815904, 1.917113828409773e-08
                     0.39363602632344435,                     -0.0913483629673813,                0.2930613977842202,        -0.0867748825475277,        0.01002082289973412,                                         0.001096684467783566,                                           117.25617132878068,                                    0.020710481714435312,              0.010543354713983828,              0.005799934062990434,-1948.8697734600178, 913.6498635149327, -1035.219909945085,1.8344480106575558e-06
                     0.41657966256678275,                    -0.07648485080252096,               0.30488094848581404,       -0.07712506594876142,       0.005330091626508117,                                        7.961424933873006e-05,                                            90.96214098773223,                                    0.031087808516287587,              0.009943900860507513,              0.006814317982332484, -1951.109091411578,12562.736503857242, 10611.627412445665,1.9542583601789977e-07
                     0.41529125337725903,                    -0.08341251876578994,                0.3046002387971728,       -0.07903903913821762,      0.0059887785361929105,                                       1.2035952401124292e-05,                                           118.44153648712582,                                    0.022982233993336057,              0.009893535952161026,              0.006804430884720794,-1944.8012310145118, 83086.48172119127,  81141.68049017676,0.00010726324751449475
                      0.3956287171959526,                    -0.09269906063846645,                0.2938538582928199,       -0.08790015465161524,       0.010521542597338458,                                        0.0003622502061710971,                                           131.63693598233945,                                     0.01856037097840131,              0.010459781717670244,              0.005801305213201021,-1950.8613609030394, 2762.249583052321,  811.3882221492818,2.5036289881676275e-07
                     0.40593407055336195,                    -0.08601704802005558,               0.30021257468898976,       -0.08421714881401413,       0.005987930733054631,                                         0.002139552619176868,                                           145.47374603449444,                                    0.018081907691889013,              0.009478921479827946,              0.006280098649737407,-1955.5749251187922, 469.2623041902368,-1486.3126209285554,2.2464411319184418e-09
                      0.4145263572643261,                    -0.08252008110830628,               0.30458218861663244,       -0.07875580722587762,       0.005563412872925885,                                       1.1124065188458842e-05,                                           121.08366015151411,                                    0.021879275109637327,              0.009923462204766208,              0.006800464016334233,-1949.2895269266405, 89897.28937666611,  87947.99984973947, 1.205615419324732e-06
                     0.39829890008268526,                    -0.08858054837745298,               0.29481058310656016,        -0.0845454027390942,       0.009486925790043642,                                       1.2779969716160306e-05,                                            109.3285098588213,                                    0.025948307427090523,              0.010595326132916088,              0.005821313563704989,-1954.1288751381594, 78249.34927542502,  76295.22040028685, 9.539081723827763e-09
                     0.40168384811040475,                     -0.0921847146473137,                0.2960850127552344,       -0.08779033371274148,       0.010456194576233644,                                         0.003826655485995248,                                            78.94061896009417,                                     0.03311240331334327,               0.01046732290703129,              0.005608010407762681,-1949.1534742957315,263.01583628829104,-1686.1376380074405,1.3813244550077515e-06
                      0.3955690730970846,                    -0.09180672453777679,                0.2931413584704164,       -0.08715602009997675,       0.009990009316265303,                                         2.40833716062641e-05,                                            102.1885978343105,                                     0.02438549676426768,              0.010504155461368452,               0.00531827177488766,-1955.3060940419796, 41524.19952522404, 39568.893431182056, 2.939320175071384e-09
                      0.3973203606082833,                    -0.09180803358371126,                0.2946805768907974,       -0.08689576031475778,       0.009895258297876543,                                        5.030652825099008e-05,                                            94.92114065655794,                                    0.028029788278452275,              0.010317168863548363,               0.00569501494058261,-1954.9728308382369, 19879.91178701312, 17924.938956174883, 4.101864085499718e-09
                     0.42277431090448286,                    -0.07355446754281524,                0.3066512370513769,        -0.0745993852180325,       0.007220967474932652,                                         0.008333928115075828,                                            94.16415728253108,                                    0.027749057004232254,              0.010534836229689445,              0.006661999483989183, -1949.044814337352,122.22931985714892, -1826.815494480203,1.5398773144165227e-06
                     0.41542570591061734,                    -0.07767965422585844,                0.3026517358778898,       -0.07692200606287973,       0.008478704867273769,                                        5.162919998670622e-05,                                           128.59813519177916,                                     0.02127470262361849,              0.010749865106408926,              0.006309061702876948, -1953.251325354487,19371.057846203137,  17417.80652084865,2.2941488795455328e-08
                     0.41876308585636074,                     -0.0800916892213785,               0.30540647409459326,       -0.07843472604280481,       0.006933051973683649,                                        9.220428533250023e-06,                                            95.86761272863161,                                      0.0292001157146531,              0.010203972023243389,              0.006560788472205127,-1944.0574676178244,108456.90634277664, 106512.84887515882,0.00022566451891065705
                     0.41330191642886127,                     -0.0855102104159902,                0.3044696313745089,       -0.08090715851238718,       0.005449585901700379,                                        3.952825372540553e-06,                                            129.7528554479784,                                     0.02088809545497113,              0.009651731180242531,              0.006821505590597745,-1946.3474720619265, 252985.5935467859, 251039.24607472398,2.2852145838545485e-05
                     0.39829782299055805,                     -0.0902498652060248,               0.29375467315099424,       -0.08631428275058571,       0.010642305197389403,                                        6.054030452640483e-05,                                            87.41699912828301,                                    0.027867380247485772,              0.010652134227360409,               0.00513180898147758,-1955.7730587890178, 16519.72041835686, 14563.947359567843, 1.842666255397757e-09
                     0.41531062479857367,                     -0.0751722026354521,                0.3031489988884762,       -0.07635435097075119,       0.007320514843982407,                                       0.00023899139048191262,                                            89.41679129079218,                                    0.030261482908665257,              0.010570839009653433,              0.006453119324507237,-1956.4155482492574, 4186.465364109292, 2230.0498158600344, 9.692081455836765e-10
                       0.418022784143893,                    -0.07896137795139073,               0.30483374141727243,       -0.07782913586543655,       0.007167893488974333,                                        2.400831485660048e-06,                                            99.70723935879849,                                     0.02865241990425944,              0.010361242123168192,              0.006481437343976492,-1954.1462176931377,416524.47531167825, 414570.32909398514, 9.375075924950534e-09
                      0.4172251632550169,                    -0.07943992750673191,               0.30518599219901793,        -0.0778545889173504,       0.006540888920163004,                                         0.007096277762843539,                                           116.01258517340472,                                    0.021890769101358013,              0.010193155213253167,             0.0067959133408041095,-1948.5481532860372, 143.0387613253132,-1805.5093919607239, 2.530365600949303e-06
                     0.41460219814455246,                    -0.07978449013255892,                0.3043018363756234,       -0.07775045277983267,       0.005787128844837991,                                         0.014499546911800686,                                           113.01288545253915,                                    0.023471645701729164,              0.010030564297827844,                0.0068473956412583,-1958.3132743124347, 71.11617182046263,-1887.1971024919721,1.4529313613113118e-10
                     0.39743657044357683,                    -0.09284179123243254,                0.2937829286792303,       -0.08743561733740297,        0.01080101130886302,                                        0.0005408561353776877,                                            88.76933887677139,                                    0.031195192944968198,              0.010504283796872495,              0.005292210892739496,-1952.8539160457199, 1850.659055952654,-102.19486009306593, 3.413612876182253e-08
                      0.4187223931281091,                    -0.08516088677135746,               0.30642120970818376,         -0.080597398911632,       0.006305970802596383,                                        5.187788317961618e-05,                                           103.66629572578199,                                     0.02805092524464866,              0.009700775859843183,              0.006775046995952977,-1951.3920621852953,19277.999375029092, 17326.607312843797, 1.472615383429655e-07
                      0.3975022233762494,                    -0.09171487123986359,               0.29376986004995154,       -0.08660255337458063,       0.010829110624615277,                                       4.3856034664392066e-05,                                             79.7094612330867,                                     0.03255163889834111,              0.010689109671240336,              0.005489090244662434,-1951.9040231381982,22803.666788817172, 20851.762765678974,  8.82566657399114e-08
                     0.42027994231682186,                    -0.08269316585204661,               0.30644722444465944,       -0.07877884700162399,       0.006824847982381979,                                        0.0002771604405419061,                                           107.14919207392546,                                     0.02785529994074492,              0.010058921436028117,              0.006792150642839667, -1949.270921889502, 3610.061578924978, 1660.7906570354762,1.2282558993873784e-06
                      0.4137203908188242,                     -0.0824338099944353,               0.30379818535918157,       -0.07963391459495982,       0.005769855467807378,                                       4.7169009675331014e-05,                                            92.39577539606444,                                     0.02848602897188124,               0.00979572752283374,              0.006636230630597853,-1957.1594689769377, 21202.41966918829, 19245.260200211353, 4.606132094054906e-10
                      0.4199073214646693,                     -0.0840947991045457,                0.3070701990160818,       -0.07956841131725885,      0.0058016626240582035,                                         0.000141943745290931,                                           110.69787291054942,                                    0.026064785352392778,              0.009638065325128497,              0.006922724772740115,-1950.0798712451183, 7047.051704378718,  5096.971833133599,  5.46973917519001e-07
                     0.39362557394803854,                      -0.091489424257513,                0.2928176697359009,       -0.08599850353934052,       0.010109011370317902,                                       2.2657408212670618e-06,                                           123.77882391676859,                                    0.020217913099973228,              0.010502869095575086,              0.005548189138730336,-1955.7166590273478, 441358.5982573198,  439402.8815982925,1.9495787747153864e-09
                      0.4194452304400961,                    -0.07956694843871845,               0.30533308163397466,       -0.07764406950110501,       0.007509158402685596,                                        9.294076181809875e-05,                                             88.6943003002399,                                     0.02914697731806382,              0.010359481806004251,              0.006456113576989885,-1958.6496923333075,10761.651358683072,  8803.001666349764,1.0378643822913391e-10
                     0.38934989202363157,                    -0.08746318594275398,                0.2916465812538893,        -0.0847505449264897,       0.006439374334311283,                                       0.00022328313305625293,                                           124.22561977965069,                                    0.020164026393566882,              0.009365208785016973,              0.005458041088077733,-1939.8818526066111, 4480.590191342285,  2540.708338735674,  0.014686213536256364
                     0.39741318760659994,                    -0.09250782064231858,                0.2935769103538214,       -0.08662496939458074,        0.01135233640908803,                                        5.918686543269604e-05,                                           111.86921721146399,                                    0.022250931933729116,              0.010872172718685983,              0.005257575835291596, -1956.795718702207, 16897.41928375176, 14940.623565049551, 6.626910809819632e-10
                      0.3927190936892816,                    -0.09073898001762402,               0.29288028507700686,       -0.08668264753144911,        0.00930956047026264,                                       0.00011165656650780202,                                           132.64250201533582,                                     0.01992414365874769,              0.010322684582474713,              0.005789946760956448,-1949.6605929339908, 8957.860087836376,  7008.199494902385, 8.318727044296743e-07
                      0.3936369784329302,                      -0.094309523653145,               0.29360861044974806,       -0.08822634987898642,       0.008821942820648706,                                        0.0033820249944137887,                                           111.75247860447477,                                    0.024408699031235083,               0.01016148184540192,              0.005868265654408812, -1942.643434629575, 297.4126465083171, -1645.230788121258, 0.0009280470714690661
                      0.4169290382025273,                    -0.07705277057922912,               0.30406308916749514,       -0.07579831081157887,       0.007411141972032071,                                        7.912583844957634e-05,                                           144.06666004124872,                                    0.018286945173309598,               0.01037499924434323,              0.006548257767710942,-1956.5111397446585,12640.316019630534, 10683.804879885876, 8.808504823300307e-10
                     0.39716583749434975,                    -0.09296857974451854,               0.29367943139684743,       -0.08807759990286078,       0.010572041925550932,                                        0.0013429795141407567,                                           132.92511732233933,                                    0.019108026558262083,              0.010423838509211759,              0.005133862834306875, -1952.282796459112, 746.3153462389388,-1205.9674502201733, 6.042940985180111e-08
                     0.39417965920728076,                    -0.09050116783899631,               0.29287009504636585,       -0.08569962660416319,        0.01035774746072674,                                         0.003050228070969322,                                           138.55833003022536,                                    0.017535108220614805,              0.010657417761738078,             0.0056478198761061955,  -1957.42578299584,329.70682296456295,-1627.7189600312772, 3.529211450193556e-10
                     0.40060719134055744,                    -0.09230177456553913,               0.29452628889303883,       -0.08731968827115442,       0.011582312091724487,                                        0.0006189544978698165,                                            92.58215597110797,                                     0.02670390613752421,              0.011044118052000416,               0.00511144921037714, -1955.570809837454,1617.3445469842898,-338.22626285316414,2.2557049176545025e-09
                      0.3997307019504084,                    -0.09139177742020992,                0.2940724475348916,        -0.0876985099228164,       0.010999851270749676,                                         9.80756463598037e-06,                                           123.80238848616023,                                    0.019192316340427833,              0.010819352714805427,             0.0050003204549424205, -1949.403223390424,101963.81654393645, 100014.41332054602,1.0760465191508244e-06
                     0.39496758245134345,                    -0.09441601676922329,                0.2933137496347584,       -0.08952521353268669,       0.009620859186288435,                                        0.0016586622506165915,                                           143.25840277038108,                                     0.01701927356268768,              0.010149437781536692,              0.005248574502745634,-1950.6171461674444, 604.5365900067144,-1346.0805561607299, 3.196178924395192e-07
                     0.41690553685569354,                    -0.07757311167866465,                0.3037212515991416,        -0.0763934186930311,       0.008031819433557089,                                        3.336942794906462e-06,                                            117.1861832883087,                                    0.022164838576614374,              0.010662906270534164,              0.006523837444592473, -1958.623140491823, 299677.6899714469, 297719.06683095504,1.0657906997773033e-10
                      0.3964783726590425,                    -0.09496640725484554,                0.2934002549408218,       -0.08911233648092055,       0.011190614637110788,                                         4.76906726820792e-05,                                           113.26586095885878,                                    0.021967186770770895,              0.010632928891501907,              0.005360100368380666,-1942.1790105731193,  20970.1059755424,  19027.92696496928, 0.0014766134148188092
                      0.4098407330446933,                    -0.08262604452628024,                0.3007278847339871,       -0.08261001213504458,       0.007372678220205771,                                       3.7963682695316175e-06,                                           119.82274882023239,                                    0.022206118334261574,              0.010014540051271012,               0.00592462701922319,-1954.7415601460439,263411.56995707314,  261456.8283969271,5.1691704317954384e-09
                      0.4000599262424848,                    -0.09291890569599921,                0.2943622739292699,       -0.08792021294783048,       0.010839735765121948,                                        0.0004996072755855726,                                            82.01809864106566,                                    0.030289795973504473,              0.010758661994291187,              0.005128957972070953,-1949.2911955199256,2003.2647288407102, 53.973533320784554,1.2036054149378962e-06
                     0.40489474359421146,                    -0.08857002944211337,                0.2986939999662429,       -0.08647314452175422,       0.007171629277468156,                                       1.4508669700385565e-05,                                           105.63471159402413,                                    0.026318476078906673,              0.009711978378140848,              0.005656170825033901,-1951.6573375972189, 68926.06227205526,  66974.40493445804,1.1294881668438145e-07
                      0.4082244039315782,                    -0.08134461934639037,               0.30097350475226436,       -0.07930629200695646,       0.006620149714106238,                                            0.028950012570679,                                           123.66135034405323,                                    0.021462375332715167,              0.010148447064295683,              0.006597034856627957, -1957.346925788685,36.659596181933914, -1920.687329606751,3.8187825511411175e-10
                      0.3993157106816914,                    -0.08987257818406917,                0.2953460935261098,       -0.08610644381616142,       0.009568961773329077,                                       2.2788916991138546e-05,                                            95.71987237194969,                                    0.027545077662695282,              0.010428228366833681,              0.005811443223520662, -1943.069169804116, 43882.78859303471,  41939.71942323059, 0.0006062832466145809
                      0.4117311519065667,                    -0.07890924506624832,               0.30240641311307337,       -0.07823971266643011,       0.006434673747040688,                                       4.2009106127806186e-05,                                           117.13870440950559,                                    0.024406797557657473,                0.0102038217282709,              0.006519434823969299,-1956.2930153275133,23806.509217023522,  21850.21620169601,1.0955505651263594e-09
                      0.4212207434368691,                    -0.07626177018104568,               0.30676302373847586,       -0.07455084980868881,       0.005898133676263463,                                        3.691067895460745e-05,                                           122.38646845578339,                                    0.021209489058204908,               0.01019789405006847,              0.007017190273065195,-1948.7302818147014,27094.682023388217, 25145.951741573517, 2.109045066527056e-06
                      0.3955438952375025,                    -0.09366072684655287,                0.2933414456741407,       -0.08849434325193928,       0.010623131539719636,                                          0.02664444717324093,                                            88.96353099195196,                                    0.028668521857819096,              0.010513171757015834,              0.005632913804417022,-1944.7521050376376,39.226877389625564, -1905.525227648012,0.00011266423762070992
                      0.4169567617629263,                    -0.07549582132286897,               0.30402701243140845,       -0.07506417804081442,       0.007074144269408675,                                       0.00045745362974924654,                                            115.1077110761917,                                     0.02217568510396814,              0.010602774600547937,              0.006669294247894761, -1949.410066920766, 2188.274481694835,  238.8644147740688,1.0687077024969991e-06
                      0.3980385514993622,                    -0.09325974923415531,               0.29521216673838147,       -0.08797931382471878,       0.008995223953791718,                                       0.00010562035729691243,                                            133.5483914717594,                                    0.020425037775708463,              0.010257118532414403,               0.00578745764340661,-1937.1043135323112, 9469.582490176892,  7532.478176644581,   0.23614553137706557
                     0.41772719296207084,                     -0.0763141842457336,               0.30472050108593257,       -0.07476113516404563,       0.006752118688068195,                                        9.241405390430876e-05,                                            129.1316773442053,                                     0.01919726793033731,              0.010399876176520915,              0.006653765223695461,-1956.2287961666993,10823.131716283304,  8866.902920116605,1.1682141286459662e-09
                     0.41642519832770386,                    -0.08089440049493411,               0.30448144560983936,       -0.07770975923603883,       0.006739461187764976,                                         0.004556597230198007,                                           127.37528601543204,                                     0.02173064109400998,              0.010272748601166962,              0.006754206253036315,-1951.7442811793167,221.59176959258926,-1730.1525115867273,1.0354343477203399e-07
                      0.3953394745486972,                    -0.09173958149314243,               0.29347039564266414,       -0.08784176761000623,       0.009893347756194179,                                        4.154386827354054e-06,                                             139.526500963118,                                    0.017469630942166844,              0.010498578219495784,              0.005522279313367549,-1953.7436302674764,240711.14646598743, 238757.40283571996, 1.402220432112083e-08
                     0.42165946307547797,                    -0.08029467443358212,               0.30620454149526166,       -0.07654618307408245,       0.007145430507372993,                                        0.0008199757712570254,                                           139.08135374397463,                                     0.01833792777158448,              0.010369270046925692,              0.006694271781267714,-1941.8131479333856, 1221.689520045606, -720.1236278877795, 0.0021289180060427163
                     0.41172509676944424,                     -0.0876055763834745,               0.30419152620800133,        -0.0830566233896559,       0.005021348098061077,                                        6.497666881394463e-06,                                            136.3768608182957,                                     0.02036551296758169,               0.00934740912950322,              0.006869994564526277,-1947.8115350513303,153903.28630513544,  151955.4747700841,5.2855782845627884e-06
                       0.393137043881039,                     -0.0888677365659912,                0.2927614914684535,       -0.08501470823842187,       0.009030446653310754,                                         7.64903784675508e-06,                                            125.0699113306606,                                    0.020746773676945125,              0.010307799385702506,             0.0058137591857749605,-1950.8548305511063,130737.31481775858, 128786.45998720748, 2.520032067216882e-07
                      0.3953954055655837,                    -0.09351385968240811,               0.29358101875403225,       -0.08795243686593007,       0.009958994574544657,                                       2.8454229836586844e-05,                                           124.92541566102851,                                    0.020970316383805428,              0.010377686139441357,              0.005609648812440484,-1940.2528347776301, 35145.88712188785,  33205.63428711022,  0.010134313358001761
                      0.3931391154472296,                    -0.09362008300734544,               0.29330558933155054,       -0.08784651826684325,       0.008962151689218911,                                        7.125533735277744e-05,                                            95.89446574751216,                                     0.02652699070653182,              0.010274947860617348,              0.005960070661447746,-1945.4261630959259,14035.795659820818, 12090.369496724892, 5.741777869410287e-05
                      0.3982960065612263,                    -0.09475425477274102,                0.2948548203956947,       -0.08850209773760655,       0.010289518095275348,                                        0.0013847398463418855,                                           129.41795102714164,                                    0.020644162223103158,              0.010464981495678921,              0.005584553797896391,-1944.9159156681576, 723.8272277836361,-1221.0886878845215,  9.56409826001673e-05
                      0.4184504244396778,                    -0.07955310457295703,                0.3067091128988026,       -0.07673008328572388,      0.0045574800173424435,                                       0.00029705993769787027,                                           139.51728704986687,                                    0.018091677651840048,              0.009707070765898823,              0.007246665040208285,-1954.7396289720132, 3368.492610447624, 1413.7529814756108, 5.179162644739152e-09
                     0.39840158842328544,                    -0.09455510495002953,                0.2944744076831168,       -0.08848238923907398,       0.011239497217241039,                                       0.00041084352366498934,                                           110.19819298365276,                                    0.023784554356177413,              0.010684432400212392,              0.005515494586258886,-1944.8912765754026, 2435.682988117734, 490.79171154233154, 9.802676064868679e-05
                      0.4003705972615973,                    -0.09232731882297594,               0.29566259276533713,       -0.08692037120872793,       0.010339071589922562,                                        0.0004745989202111157,                                             138.203055441832,                                     0.01847644751197168,              0.010373432375345996,              0.005666354582343419,-1942.6590345948803, 2108.786039877676, 166.12700528279584, 0.0009136819086959861
                     0.41705449564399294,                    -0.08203692931072333,               0.30636774652119647,       -0.07900841937069007,       0.004400790888371075,                                        0.0002019127433310304,                                           105.68655874120763,                                     0.02581294389524317,              0.009545977743454677,             0.0071328385606742335,-1953.6912539417413, 4954.701468223793,  3001.010214282052,1.4776209510161687e-08
                      0.4241753016427953,                    -0.07382193209178899,               0.30772925580086335,       -0.07382325283702094,       0.006361549486710551,                                       0.00019666585464514857,                                            155.1042980377281,                                    0.016361602608931512,              0.010436367701293116,             0.0069225508026763615,-1956.4076781475283, 5087.028301793474,  3130.620623645946, 9.768660068333596e-10
                     0.39233747938156477,                    -0.08916207951869652,                0.2929584708982915,       -0.08543588245527171,       0.008501651261731961,                                        0.0018889362506082769,                                            111.2255258491558,                                     0.02401647277194361,              0.010123715088005254,              0.005852178686862335,-1958.0774289732703, 531.3027322348102,  -1426.77469673846,1.8393798621015702e-10
                      0.4180890748795113,                    -0.08091628904492973,                 0.305586030377505,       -0.07807390668112531,      0.0065778144030802415,                                        0.0020534774217043617,                                            119.0438783459402,                                     0.02191281199176649,              0.009992217320830927,              0.006747795848780475,-1958.0701559559116, 489.0771624588147, -1468.992993497097,1.8528064705609179e-10
                     0.40972815036096044,                    -0.08530344377976365,               0.30141966538261017,       -0.08356013692204912,       0.006396972460692825,                                         0.002364752387204867,                                           102.94074741564518,                                    0.025564321164546006,              0.009719244646443762,             0.0061690863639227225,-1956.0924396775004,424.75912345644934, -1531.333316221051, 1.338878985863287e-09
                     0.40913634604063365,                    -0.08207422499365188,                0.3029706815339659,       -0.07932878808058905,       0.003993646970398256,                                         0.005129899221198959,                                           111.51042477273857,                                     0.02488406164772305,              0.009392021759422857,              0.007139557602636583, -1953.606391449272, 197.0513726842274,-1756.5550187650447,1.6084899527931667e-08
                      0.4083085066290465,                    -0.07884433946879377,                0.3007553978170407,       -0.07887719367112386,        0.00635071108164113,                                        5.423303053838902e-06,                                           109.12856187054493,                                     0.02521846622310111,              0.010176616894345817,             0.0064995968157399225,-1954.6629480984143,184391.61828603703, 182436.95533793862, 5.591928759922696e-09
                      0.3996888590125319,                    -0.09476508491888354,                0.2948787065611051,       -0.08990030441202101,       0.009809739166882539,                                          6.6675123744139e-05,                                           112.80282769597234,                                    0.022757127879069076,               0.01042192874086076,             0.0051020932512218405, -1949.362067473045,14999.681310224558, 13050.319242751513,1.1212561413326275e-06
                     0.38961977064537595,                    -0.08886504628791408,                0.2916363880506215,       -0.08501171507653542,       0.008303686737856723,                                        6.261113921365924e-05,                                           126.60632707550818,                                    0.020531908615439458,              0.010054769998699873,              0.005744908008082599, -1951.850479249541,15973.546631374698, 14021.696152125158, 9.311107302271108e-08
                     0.39914882552183517,                     -0.0895923954239623,                0.2940223208502432,       -0.08578972317142444,        0.01140612045411501,                                        6.106740332894498e-05,                                            81.98594697584788,                                     0.03037623105214817,              0.011025783742598704,              0.005532575422926428, -1957.063678060344,16377.167840106318, 14420.104162045975, 5.069181659905896e-10
                      0.4130624993783646,                    -0.07579041522521442,                0.3013237667034062,       -0.07644329213178046,        0.00809558226943627,                                       0.00032355819145251025,                                           155.56631610483834,                                     0.01729087642985701,              0.010703365978922057,              0.006227381428874735, -1950.146069184882, 3092.853104719246,  1142.707035534364, 5.119378232707072e-07
                      0.3957089461921546,                    -0.09638346955287928,                0.2939131266378296,       -0.09041656763934498,       0.010611358059804234,                                       1.4945613708381111e-05,                                           116.52539696031542,                                     0.02367430795668682,              0.010386448134462852,              0.005561869867989626, -1953.523338876806, 66910.84157754926,  64957.31823867246,1.7477834652109612e-08
                     0.39552742387059187,                    -0.09193617137687242,                0.2946759589599724,       -0.08673894941736414,        0.00888439959099146,                                         0.005865007088070592,                                           107.60764376808696,                                     0.02480244012931929,              0.010160608317488027,              0.006172630878038691,-1941.0603637248819,172.30626740274738,-1768.7540963221345,  0.004519485142259924
                      0.4087260951619337,                    -0.08107902517631707,                0.3011961915614777,       -0.07937249298200474,       0.006380446659140917,                                         9.35965818110948e-06,                                           149.37993951250039,                                    0.017493839751208412,              0.010054638120294924,              0.006425813434748647,-1954.2742098518052,106843.61774344576, 104889.34353359396, 8.248756913297903e-09
                      0.3970385825004703,                    -0.09072279317193702,                0.2937788963717077,       -0.08621310997249923,       0.011227748535228007,                                       4.3269787073139724e-05,                                           115.28145492772025,                                    0.023817353678561713,              0.010702253343862168,              0.005574543538232165,-1946.8238735466407,23112.621758087713, 21165.797884541073,1.4191504884281998e-05
                     0.42183148478102656,                    -0.07751527081436083,               0.30618151761359913,        -0.0754963826766568,       0.008300269526403135,                                        0.0007083825376974587,                                            89.66661290334424,                                     0.02926909825270604,              0.010817745700822948,              0.006737922681685965,-1943.6181191132996,1413.8611194137536,  -529.756999699546, 0.0003501627237155897
                      0.3991377189842257,                    -0.09216149303346224,                0.2955640765704514,        -0.0881077211258228,       0.009305533257453287,                                        0.0016519915852537498,                                           118.00541062426687,                                    0.023198291685348628,               0.01014098262337631,              0.005650445950457231,-1948.2128741325646, 607.0253879962078,-1341.1874861363567, 3.538287850434546e-06
                      0.4112208101636521,                    -0.08979506351866504,                0.3016069647788984,       -0.08569743817348967,       0.008100892895242127,                                         0.003035628000205776,                                            94.85985381339333,                                     0.02914684819063048,              0.009859361900457799,              0.005933383344684509,-1946.4748753541003,331.16316303105907,-1615.3117123230413,2.0118539045457738e-05
                       0.420977421935158,                    -0.07523006094961494,               0.30546788427867666,       -0.07464593760633724,       0.008274794636017657,                                        0.0015220964674733755,                                            88.33059818928183,                                    0.029924204132877316,              0.010661125854211613,              0.006595197793545635,-1948.8455488035565,  659.232763427303,-1289.6127853762537,1.8794295145497674e-06
                     0.39234804935076173,                    -0.09066421047273225,                0.2930073517133479,       -0.08576325404069705,       0.008880315007328745,                                         0.006207018021987144,                                           101.48404824944215,                                     0.02750029700320783,              0.010104022791557966,              0.005991903596876386,-1954.3675664828202,162.99099318612895,-1791.3765732966913, 7.513533647924961e-09
                     0.39736533148374964,                    -0.09157861627791773,               0.29386469163687906,       -0.08631523551828306,       0.010545877271114104,                                        0.0015351880874954235,                                           101.93760636754534,                                     0.02591170107625215,              0.010551020082217012,              0.005456328577952822,-1952.5410465549608, 653.1890209684473,-1299.3520255865135, 4.667579904709772e-08
                       0.395058253663628,                    -0.09435069452292004,               0.29327163886039614,        -0.0883322916008798,       0.010614743961512692,                                        1.740336751567117e-05,                                           109.69137050834011,                                    0.024827874071142283,               0.01059450656890599,             0.0055716822358289645,-1938.3400233598027, 57461.84900535342,  55523.50898199362,   0.06863059632422008
                     0.39304757541758234,                    -0.09492629067095391,                0.2931378790892902,       -0.08978054339059581,       0.009000353529496605,                                       0.00025713704330040265,                                           114.50037601185878,                                    0.021446961757740437,              0.010124901012009465,              0.005542423245649017,-1951.5604289917687, 3890.623491154603, 1939.0630621628343,1.2444245147032213e-07
                      0.4090819958247794,                     -0.0825240210686774,                0.3013154413634152,       -0.08112009950514334,       0.006224582394319352,                                       1.8224289534910502e-05,                                           125.40582570335991,                                    0.022253169655914437,              0.009998569173411883,              0.006431136518040473,-1950.5857224211873, 54873.84153983077,  52923.25581740958,  3.29820953621457e-07
                     0.41094812936113995,                    -0.07917001939533895,               0.30358896476666786,       -0.07787669408256155,       0.003984100978712287,                                       0.00013228702220770204,                                           106.95073595226134,                                    0.025112120674831175,              0.009553442185598195,              0.007203273231455654,-1947.9638433861714, 7561.498765397717,  5613.534922011546,  4.53885010197693e-06
                     0.41105058098490665,                    -0.07913345638369336,               0.30062877226899054,       -0.07863533548724908,        0.00845133455667235,                                       0.00016650216249585196,                                            109.9222416661459,                                     0.02532308222385878,              0.010661103874701443,              0.006087871109086377,-1955.6752153518605,6008.0522786821075,  4052.377063330247,2.0320741328697927e-09
                      0.4223907836773064,                    -0.08113386585742448,                0.3079951653412134,       -0.07781909370846662,       0.005590244690654495,                                       0.00010902336075877588,                                           106.09157052462344,                                     0.02737104288772681,              0.009858611000680159,              0.007126757956198976,-1955.8628880023402,   9174.4261264494,  7218.563238447059,1.6843577961634361e-09
                     0.42112168089088764,                    -0.07695411712409511,                0.3060935689583047,       -0.07685237278475861,       0.007166905852692608,                                       1.7118788613849934e-05,                                            94.89369451364955,                                    0.029465819890963228,              0.010438552241271715,              0.006563786995197188,-1952.9999576236173,58417.487809500075,  56464.48785187646,2.9497772145589456e-08
                      0.3977876727402284,                    -0.09322492389127074,               0.29452763034615825,       -0.08778791583504983,       0.010130374060949403,                                         0.012367858052668235,                                            96.41128772685984,                                     0.02564023524254212,              0.010454762752687089,              0.005692289790212835, -1949.537216457315, 82.57470579946911, -1866.962510657846, 9.411061194690193e-07
                     0.41431270678841564,                    -0.08007503817061766,                0.3034587953637997,       -0.07760226704723837,      0.0066153248578520295,                                        0.0005891336547168367,                                           128.77861925722223,                                    0.020728931890397838,              0.010136564424045131,              0.006604270560702161,-1953.8622328866545,1699.5607820165178, -254.3014508701367, 1.245397036596661e-08
                      0.4118133828524348,                    -0.08071275775189922,                0.3029176757897568,       -0.07835333990873145,       0.005472798001323116,                                       2.2073485813090152e-05,                                            115.3727462130818,                                    0.022726537418916365,                0.0098517979690468,                0.0067370247336435,-1954.9220637530248, 45305.36102154769, 43350.438957794664, 4.315480226081011e-09
                      0.4121265266466138,                    -0.07887537425431974,                0.3023968836499937,       -0.07750996307042228,       0.006853329251402452,                                        0.0007036439741956755,                                           108.60597324320452,                                    0.024898449751868387,               0.01036342562303468,              0.006634271090778167,-1958.5539574707068,1423.3519962544306, -535.2019612162762, 1.142135762949473e-10
                     0.42449496485938265,                    -0.07706835388852469,                0.3074772584609218,       -0.07574186214153193,       0.007855070234863643,                                       3.4847466849559425e-06,                                           105.33611097745359,                                    0.026149904766244778,               0.01063115227521974,              0.006816101922844441, -1955.926662070618, 286967.0658910539, 285011.13922898326,1.5802930317960453e-09
                      0.3975930972471801,                     -0.0900350427132798,                0.2935204367280918,         -0.086069459677812,       0.011244229418246767,                                        2.108379565625882e-06,                                            94.84515464255631,                                     0.02667833176976513,              0.010937571131834016,              0.005439326424869242,-1953.1911914979123,474299.71468192665, 472346.52349042875,2.4363372214473775e-08
                       0.394024893862169,                    -0.09187310751267405,               0.29341900563367734,       -0.08715780233105071,         0.0101414308687549,                                         0.005759317325557717,                                           117.62247581112824,                                     0.02138993943888279,              0.010431501158874538,               0.00577940618492914,-1950.8488574149055,175.41615991959165, -1775.432697495314, 2.535129606927163e-07
                     0.41008126472766787,                    -0.08486081114225458,               0.30210497266780734,       -0.08229376011198719,        0.00646295204323057,                                       0.00012911220833148343,                                            95.57383493665648,                                    0.028181963304328116,              0.009809796447835261,              0.006533437838729163,  -1951.80272623691, 7747.148111568987,  5795.345385332077, 9.766528043136434e-08
                     0.39736606687012005,                    -0.09037589968969535,                0.2938611038843233,       -0.08623062696159293,        0.01019928187647435,                                       1.1763731270535756e-05,                                           131.77117822703585,                                     0.02119058322908046,              0.010553982562475438,              0.005458069116334894,-1957.9639580279122, 85008.85195266193,  83050.88799463402,2.0603985371068867e-10
                      0.4163192446652312,                    -0.07767139762533613,               0.30441126265982527,       -0.07596606855896205,        0.00600461408800178,                                       0.00024916502718904857,                                           131.39353559362615,                                     0.02047131654575955,              0.010168628766817664,              0.006843745417344419,-1949.9683578299532,4015.6262523919545, 2065.6578945620013, 6.114997422786941e-07
                     0.40890277621042287,                    -0.08479355794076618,                0.3010925669282133,       -0.08324868191804578,       0.006565860918352595,                                        6.175829435374588e-06,                                           110.49174912563252,                                    0.024523451014418482,              0.009828184791786775,              0.006114304492476926,-1953.6443895534917, 161923.4748633219,  159969.8304737684,1.5485170284927567e-08
                      0.4057766609580649,                    -0.08952789256341802,                0.2999348433299736,       -0.08674506260284551,       0.006170222951064427,                                       1.3416841237059585e-06,                                           142.32313357892187,                                    0.018224155660351165,              0.009537092914342344,              0.005997571574757255,-1946.5000750322502, 745333.6510326295,  743387.1509575973,1.9617892890884967e-05
                      0.3979169442122589,                     -0.0932048582813342,                0.2941316658464636,       -0.08743652842106713,       0.011091020407624792,                                        0.0008769724748158003,                                           106.05637524481777,                                     0.02579618713167494,              0.010837384124901851,              0.005450382267409626,-1944.2130243036459,1142.0186437680081, -802.1943805356377,0.00019315496245085302
                      0.4089655312020662,                    -0.09003346691381414,                0.3002917863300405,       -0.08689176348017051,       0.007864305740252544,                                          0.03206435385508973,                                             105.751607376528,                                     0.02540198405755508,               0.00979272394688791,               0.00570814745357481, -1949.191096734687, 32.88205470096649,-1916.3090420337205,1.3303211110252187e-06
                     0.39763845310567325,                     -0.0930931111632218,                0.2945580229703556,       -0.08736022804535117,       0.009336948006929637,                                        9.793917026787497e-05,                                             82.3083704943928,                                      0.0306653799487039,              0.010358947327051109,              0.005609679973087996, -1958.303595814787,10212.170161701408,  8253.866565886621,1.4670618245980342e-10
                      0.3988005946546648,                    -0.09484999586890919,                0.2945570644037716,       -0.08907603054103953,       0.011060540391810892,                                        0.0001132716856201926,                                           104.65553484772929,                                     0.02544834838688438,              0.010528259596288192,             0.0054348689069472845, -1957.293790064768, 8829.962124762176,  6872.668334697408, 4.027184078294505e-10
                     0.39466987520592545,                    -0.09303271197074806,                0.2932317853609698,       -0.08861226688512103,        0.01048537111172504,                                         0.003867079984807769,                                           116.49325100758776,                                    0.023966141302243078,              0.010500459668045836,              0.005594963801024187,-1947.3778103503068, 260.2882196098614,-1687.0895907404454, 8.155615711559319e-06
                      0.4131215089136414,                    -0.08410401177915343,                0.3030393161157618,        -0.0819353884504742,       0.006962331241036286,                                       2.0426041790932017e-05,                                            99.17347502657863,                                    0.026158452160131334,              0.009959600579608742,              0.006343393460543703,-1957.9413267162313, 48959.05094826258,  47001.10962154635,2.1075597052493995e-10
                     0.41494636461053674,                    -0.07584220536014893,               0.30382047431141845,       -0.07485705714617734,       0.006148196937663095,                                        0.0022384919029374162,                                             132.479812935865,                                    0.019654685028526134,              0.010226932357972647,              0.006940299832340676,-1952.3744571506645,449.01746502387107,-1503.3569921267936, 5.513668107786337e-08
                      0.4169246230196689,                    -0.08391174620722415,                0.3051354420822489,       -0.08040537928984774,       0.006587382251161177,                                        6.334427742511594e-05,                                           113.11097693903608,                                    0.025463450813305148,              0.009932676782240815,              0.006710641482090879,-1948.1713361010657,15788.733385043159, 13840.562048942093,3.6883565652595025e-06
                      0.4153154564967482,                    -0.07516131124122653,                0.3030428415994507,       -0.07428461891396984,       0.007792032019207939,                                        0.0004211436534500515,                                           132.22336065023165,                                    0.019645501012936425,              0.010693501808129516,              0.006595278830903661,-1954.7981108203135,2376.7933604959294,  421.9952496756159, 4.884962179570586e-09
                     0.41729282381734273,                    -0.07733869536895291,               0.30566283420486917,         -0.075952727983897,       0.005472939355852336,                                       4.1771205882339975e-05,                                            153.9999530131551,                                    0.016066169069200643,              0.010096595002767345,              0.006970812081662715, -1954.008712168376,23942.152002836698, 21988.143290668322,1.0757037539811469e-08
                      0.3970976952334124,                    -0.09168099845552903,                0.2940312541163587,       -0.08711239700012302,       0.010056007155670062,                                        0.0030531820768547597,                                            91.26657755897585,                                    0.030758246462007928,              0.010362586738730925,              0.005512483977271925,-1954.4829934912182,329.29252852666156,-1625.1904649645567, 6.694450317952233e-09
                     0.39900001277762437,                    -0.08931334967194647,                0.2939602102844123,       -0.08605852823323114,        0.01124624426284553,                                        0.0003116470349650974,                                           101.00805526822879,                                    0.025524686283219154,              0.010925110970738778,              0.005343854531864896,-1955.7218626837807, 3210.563008853382, 1254.8411461696014,1.9394601862443734e-09
                      0.3990445303897586,                     -0.0880334563608744,                0.2942485960605696,       -0.08506845625220481,        0.01142123262769328,                                        0.0002619227796500823,                                           108.27258687107681,                                    0.024557994569791144,              0.010858911373264803,              0.005572924573139889,-1956.7749309349651,3819.7770507644777, 1863.0021198295126, 6.766111310365206e-10
                      0.3943816240254782,                    -0.08871984303963826,                0.2940895965330022,       -0.08499294841294389,       0.007911022693143003,                                         0.006274318610456088,                                            109.6439716637365,                                    0.026404164737765558,              0.009774509562276547,              0.005927584007126298,-1955.7178433931217,161.29452909742045,-1794.4233142957012, 1.947271127160131e-09
                     0.39744897769346516,                    -0.09351572617718472,                0.2940194681370152,       -0.08789525825031212,       0.010463667345630607,                                       3.1362824657491458e-06,                                            85.42442122488386,                                    0.028362082437084976,              0.010564302729037647,              0.005419165379287605,-1954.5033002060022,318850.54690755135,  316896.0436073454,6.5598789997154945e-09
                      0.4002406508033282,                    -0.09300387538991019,                0.2951609424264412,       -0.08780882941765597,        0.01027884091029221,                                       1.1610337481991685e-05,                                             98.5970125821968,                                     0.02691766355432213,              0.010633011779651296,             0.0053819929867659376,-1945.0918949575948, 86131.83939699802,  84186.74750204042, 8.020790908626216e-05
                     0.42089935792613403,                      -0.076600201068856,                0.3062292680272811,       -0.07523461874205924,      0.0065053863180094575,                                       0.00011245044712040976,                                           122.35404942922113,                                    0.020936974523292268,              0.010380263775893971,              0.006845397666242147, -1951.172605612031, 8895.025621888384,  6943.853016276353, 1.833994849712312e-07
                      0.4189712184710305,                    -0.07705607860671086,               0.30600176706043086,       -0.07506298760186385,       0.006643831925064275,                                        0.0010222220384762215,                                            147.8566152321368,                                    0.017060151406182743,              0.010365394892899053,              0.007099923939892269,-1947.3745128156738, 980.5027967286279, -966.8717160870459,  8.18255352660126e-06
                      0.3955231137882784,                    -0.09162415939378003,                0.2942242320940682,       -0.08760333569061386,       0.008728740328889921,                                       0.00021970613444803364,                                           107.38898382362494,                                    0.024572827207931264,              0.010177230234090956,              0.005789131708285694,-1952.1923314875771, 4553.291290137292,  2601.098958649715, 6.615105744826475e-08
                     0.41350911143398594,                     -0.0769123319925605,                0.3021170542708467,       -0.07567323749147438,         0.0076834913649632,                                       0.00018196365440587746,                                            120.4495061626332,                                     0.02135018641072566,              0.010681490931433115,              0.006436994035896763,-1954.3712262833455, 5497.857525756512,  3543.486299473166,  7.48608587086386e-09
                      0.4101926350271179,                    -0.08097684887026686,               0.30020657974683546,       -0.07937469405565019,       0.008428598744506209,                                        0.0004145980617044517,                                           138.55051661602783,                                    0.018730967705745824,              0.010518068172790976,              0.006062693415077551,-1958.6134316951034,2414.0640006038757,  455.4505689087723,1.0761886390903914e-10
                     0.39757962602318364,                    -0.09156958018020113,                0.2936834635835571,       -0.08697300558385837,       0.011303742757125828,                                       0.00014847352835646094,                                           130.24312104791946,                                    0.020185094403663825,              0.010681545975474124,              0.005141398037686467,-1951.2872810243302, 6736.965686508315, 4785.6784054839845,1.6352916265466828e-07
                     0.39707626562256054,                    -0.09250249693173007,                0.2939773243979537,       -0.08785814623739645,       0.011031646496574628,                                          0.04318427432695306,                                            98.13119523169043,                                     0.02653118814949266,              0.010660110227031514,              0.005480182480670028,  -1957.37219697714, 24.87384552584051,-1932.4983514512994,3.7234865705075803e-10
                     0.39096573076916785,                     -0.0876885164000796,                0.2923936125228876,       -0.08426666757805194,       0.008442987035088296,                                        0.0003410150540989733,                                           118.44353162176061,                                    0.021914446487005544,              0.010092735326149333,              0.006025345460829051, -1954.920170715755,2934.4013446738213,  979.4811739580664, 4.323657328323934e-09
                       0.393363529719663,                    -0.09531541038466053,                0.2944190171388605,        -0.0892695777194392,       0.007953995059603989,                                        0.0011581171124044156,                                           114.20236262713034,                                    0.023761006729082747,              0.009750170190150363,              0.006052432372442938,-1944.5685589257741, 865.1478723732691, -1079.420686552505,0.00013536274282863214
                      0.4125659876372388,                    -0.08201744144035807,                0.3020944777795713,       -0.08094966790953283,      0.0077532543991167355,                                        0.0006361906387180863,                                           140.09671475796284,                                    0.018275512486404737,              0.010248045926153559,              0.006299504752078924,-1953.9595213873795, 1573.848202181178, -380.1113192062014, 1.129941524606308e-08
                     0.40097143958697423,                    -0.09279176417393468,                 0.295760459370923,       -0.08801729273240075,       0.010261861725523234,                                         0.004863902382012939,                                           102.78489501666489,                                    0.026071628301533988,              0.010476125236805415,              0.005440034419748088, -1958.191358620929, 207.2773170718164,-1750.9140415491124,1.6413167822669904e-10
                     0.39583509330272204,                    -0.09431429139884026,                0.2936755711372158,       -0.08912454238650662,       0.010454436854808465,                                       1.3930352878070059e-05,                                            90.21688669734942,                                     0.02966552412803014,              0.010551670033763338,              0.005451968505927874,-1948.5846177247909, 71787.34833329437,  69838.76371556958,2.4397592340085373e-06
                      0.4117440783905622,                    -0.08150491260618485,               0.30279196995291946,       -0.07907511814550768,       0.005674296428591819,                                        0.0001918232392213462,                                            92.68122270595504,                                    0.028860717551134004,              0.009859898569838264,              0.006715922766163339,-1957.9113320006513,  5215.23817056227,  3257.326838561619,2.1717329774723908e-10
                     0.40981311004261717,                    -0.07886650308879517,                0.3015829249968657,       -0.07900145277187887,       0.006049045093267919,                                       1.9236556584319154e-06,                                            98.43655272687047,                                    0.027358340900506244,              0.010021137094917776,              0.006471075300549255,-1953.9101859413809,  519845.683993897,  517891.7738079556,1.1870857206624165e-08
                      0.4095784905625464,                    -0.07866029970183479,               0.30175016890812006,       -0.07809778068473637,       0.005617554894653246,                                        0.0006023045857550283,                                           108.64620026024488,                                    0.023928327537147184,               0.01005168379138931,             0.0065842194274097965, -1955.914144306022, 1662.464108072539,-293.45003623348316,1.6001990977543962e-09
                      0.3965933584999153,                     -0.0927362450453951,                0.2935695747706399,       -0.08712598228458283,       0.010256993812119853,                                        0.0005036936441673615,                                           148.50099191443883,                                    0.016022839656537446,              0.010553647937074884,              0.005323861872283892,-1957.5390260378103,  1987.09533682841, 29.556310790599582, 3.151351532662209e-10
                     0.39337178811967743,                    -0.09100653138630431,               0.29313663636093545,       -0.08661549904042319,       0.009286068803931579,                                       1.5601938092382707e-05,                                            90.41885611789115,                                    0.027856659905958966,              0.010439748843337933,              0.005877753217602521,-1950.9661076460447, 64096.42977954829, 62145.463671902246,2.2546495069638757e-07
                     0.40572309962868747,                     -0.0888114810627923,                0.2988533574296064,       -0.08631320758857487,      0.0072942905174350646,                                       0.00016142278767670103,                                             83.0808375033207,                                     0.03284211143327695,              0.009661711484214821,             0.0056725998912497775, -1956.549656516327, 6196.671247544258,  4240.121591027932, 8.475680459837409e-10
                      0.4229136971936478,                     -0.0737917056008325,                0.3075256812704001,       -0.07492019725652542,       0.005958656048121527,                                       5.6870431543622854e-05,                                             90.6098558183754,                                    0.030845579585903383,              0.010194887759041241,              0.006885710288719048,-1955.8787366527527,17586.056191960153, 15630.177455307401, 1.657873423424218e-09
                     0.40067131847602855,                    -0.09015590566419136,                0.2961984111501903,       -0.08632655909354116,        0.00910228104364856,                                       3.6431911976854024e-06,                                           108.87246528105088,                                    0.023839146121399906,              0.010390177791592237,              0.005888536545154817,-1949.1578788112342,274486.42078717344,  272537.2629083622,1.3752537690606663e-06
                      0.4002187597441125,                    -0.09013178508838093,               0.29420204838260766,       -0.08557080487780203,       0.011899285834448005,                                       1.3602048676106798e-05,                                            131.5210313904816,                                     0.01858829230851467,              0.011067706090271204,              0.005207042354179895,-1954.1828064564702, 73520.15026064469,  71565.96745418821, 9.038253032867746e-09
                     0.41508554451733565,                    -0.07875562300889091,               0.30299442242918573,       -0.07744398216779608,       0.007790534856619874,                                       4.8052506076684204e-06,                                           130.48539803980358,                                    0.020192716775212418,               0.01045200439333832,             0.0063579216823594666,-1951.6091401987346, 208107.8431491347, 206156.23400893595,1.1852597855828984e-07
                      0.3959417458939026,                    -0.09131019875152237,                0.2939575568457136,       -0.08637909920312083,       0.009792772557024366,                                         2.69357238833341e-05,                                           113.93452111041884,                                      0.0230628418622835,              0.010589521607131414,                0.0056665768735893,-1951.5246153710273, 37127.23330718121, 35175.708691810185, 1.289799534399422e-07
                     0.39408644925817576,                    -0.09210479740060916,                0.2929367803602984,        -0.0869480760398127,       0.010354527172105511,                                       0.00021588797053506822,                                            103.8841970172342,                                     0.02476557027382742,               0.01066090136411979,             0.0054907468189535945, -1955.995866665286, 4633.827113091476, 2677.8312464261903,1.4746279170424825e-09
                      0.4217256122900115,                    -0.08275589551429416,               0.30796852871089303,       -0.07891626393222657,       0.005611465880573624,                                       2.1004596057658923e-05,                                           112.08274335397064,                                    0.025792196936796127,              0.009775037404192435,              0.007079373569153189, -1953.951124872298,  47610.6561467716,   45656.7050218993,1.1394690386413748e-08
                       0.414353745186252,                    -0.07916778623877796,               0.30427860003509477,       -0.07633286648931184,        0.00522111168181263,                                         0.000557134323587982,                                           140.67134973089213,                                    0.017736446415066394,              0.009955790238559983,               0.00691982467197064,-1957.7940388892662,1797.1191546571401,-160.67488423212603, 2.442002910040685e-10
                      0.4095259725409978,                    -0.08444330517632886,                0.3013592454282257,        -0.0828051615101176,       0.006791268436971959,                                       0.00010845735613936763,                                           147.06559929998477,                                     0.01858689628677082,              0.009891473730517247,              0.006110762243417961,-1953.2498505016542, 9222.133880104706,  7268.884029603052,2.2975349078525074e-08
                      0.4064549589758594,                    -0.08909215877470196,               0.30044196995451294,       -0.08630324294984874,       0.006054328436056045,                                        0.0036383433011224257,                                           126.46563707074571,                                    0.019356175152001224,               0.00944938836031676,              0.006119722207308052,-1950.9892024784808,276.60485659315975,-1674.3843458853212,2.2031754348130314e-07
                     0.40623627927770734,                    -0.09411571347214455,                0.3003590497595235,        -0.0898312308089655,       0.006041261373145632,                                        3.550239040463693e-06,                                            105.3291363539466,                                     0.02602410997695612,               0.00922342509741203,              0.005870636621211074,-1952.0392753948495, 281672.7275802151,  279720.6883048202, 7.709180379621412e-08
                      0.4223570540746214,                    -0.08003918429946731,               0.30737475762622823,       -0.07791419836825401,       0.006506657871467361,                                        6.245657235013505e-05,                                           130.18101532376045,                                     0.02264092883825247,              0.010122166708692249,             0.0068766952745185255, -1958.657386814753,16013.197755385134,  14054.54036857038,1.0299091988135949e-10
                      0.3983642350566233,                    -0.09016099813818128,               0.29440279215005016,       -0.08510796583122958,       0.010782532486308517,                                       1.7545601666261804e-06,                                           114.53184953869949,                                    0.023411972543715066,              0.010686402650129755,              0.005662651012504332, -1951.417126217491, 569945.2682664806,  567993.8511402631,1.4361644163592551e-07
                      0.4249275040311182,                    -0.07690104255725869,                 0.307884538769996,       -0.07470427358289819,       0.007911005223446215,                                        0.0002433198013179962,                                           101.66798687415294,                                    0.025838963770908982,              0.010587371142686673,             0.0070286167350802845,-1956.7446955811788, 4112.024761226556,  2155.280065645377,  6.97381119674091e-10
                      0.4073794824219269,                    -0.07893462670817146,               0.30029768785483885,       -0.07836607083153968,       0.006341786101018591,                                        5.019072541077351e-05,                                           108.11600037795849,                                     0.02539207593277001,              0.010148644626726204,              0.006392394467022295, -1957.307638670814,19926.175743910226, 17968.868105239413, 3.971797590527904e-10
                       0.392616806549516,                    -0.09270118773382625,               0.29280171141726236,       -0.08747857683646108,       0.009409352355295966,                                          0.01749574603552644,                                            82.96360938408016,                                    0.030567931726267438,              0.010281855403930687,              0.005871341979343993,-1954.2269888837777, 58.94076412757732,-1895.2862247562005, 8.647614303547727e-09
                      0.4103233481142277,                    -0.08231297051212985,                0.3019464928651975,       -0.08009216566199434,      0.0061651312302667596,                                        0.0011183180139738359,                                           109.86945394253442,                                    0.023523225597804308,              0.010002921102704768,             0.0065875909685398195,-1957.5386461326075, 896.2618671347861,-1061.2767789978213,3.1525489749483914e-10
                      0.4103277307794989,                    -0.08488997851571145,                0.3007005675232741,       -0.08265066928064554,       0.008508950702214592,                                        0.0019197538021244911,                                            98.80654963063999,                                     0.02636677223672965,              0.010337144359358936,              0.006010186136410806,-1957.3388015671758, 522.8177325850023,-1434.5210689821733,3.8499335539676275e-10
                     0.41554250206202037,                    -0.07823718754755944,                  0.30247215259618,       -0.07751495309612999,       0.008849640975686428,                                        5.978231144153892e-05,                                             83.9879061360405,                                     0.03240580734379531,              0.010771997995781851,              0.006230660190764514,-1950.3009222729602,16729.501052944204, 14779.200130671245,4.3849573729660585e-07
                      0.4181510100309821,                    -0.07655408661326445,               0.30509624341088903,       -0.07492131227100414,       0.006603018504336506,                                        0.0025435373031077926,                                           143.06748597342533,                                     0.01845366834841546,              0.010248237352969033,              0.006830051344382014,-1943.2882278710026,395.40836192799975,-1547.8798659430029, 0.0004870122192537925
                     0.39476224676851546,                    -0.09245522516354208,                0.2933620969910977,       -0.08753585854305973,       0.009769254596215282,                                        6.836213264089379e-06,                                            93.75495908124775,                                    0.027995226085497614,               0.01030173164467656,              0.005607000504151909,-1946.6256287498031,146281.57388377725, 144334.94825502744,1.7303146002689942e-05
                      0.3982925667419896,                    -0.09359779657127279,                0.2942293790508141,       -0.08782458443705593,        0.01142548759542353,                                         0.009202375833899627,                                           104.56176411257617,                                    0.025155692241507675,              0.010707577490373028,              0.005353924498841547,-1947.8383811477674,110.37167083986101,-1837.4667103079064, 5.145568901686532e-06
                      0.4165396818389014,                    -0.08041249527197163,                0.3049377199549467,       -0.07795022704139465,       0.005967204581410856,                                        8.819003675318884e-05,                                            161.7979692176123,                                    0.016094471995723822,              0.010033612728567995,              0.006988474327023983,-1952.8128199135322,11341.268327821857,  9388.455507908326, 3.556821671181689e-08
                      0.4135856703314719,                    -0.07383676637250668,                 0.302366359156652,       -0.07435596614698317,       0.007142748398579744,                                        2.285437112297961e-05,                                           123.29555885726892,                                       0.022062852317507,              0.010552640714370003,              0.006485472206744891, -1957.915606928576, 43757.62807399303, 41799.712467064455, 2.162468791494477e-10
                      0.3967042426106971,                    -0.09245472913509573,               0.29449215927488953,       -0.08800579424586331,       0.009402720454687468,                                       0.00047169894130804393,                                           108.74658588142235,                                    0.023516798289836393,              0.010351721311555345,              0.005739670753014004,-1952.0401356024272, 2121.717129062588,  169.6769934601607, 7.702551735654508e-08
                      0.4037596869811496,                     -0.0944998515277645,                0.2959426506200379,        -0.0897748629107403,       0.011032769245971059,                                         0.000329995715752935,                                            103.7587912978957,                                    0.024483806639228282,              0.010704080671130153,             0.0049516032371706015,-1950.8755882530845, 3031.895215476109, 1081.0196272230246, 2.468261173893639e-07
                      0.3943015849971695,                    -0.09407056404725607,               0.29358710387145576,       -0.08870508197511454,        0.00941903498880601,                                       1.7029279142583839e-06,                                           122.52805964284177,                                     0.02196457549244699,              0.010245105786597528,              0.005716470827928606,-1942.7254907548681, 587225.6133005235,  585282.8878097687, 0.0008549357584281297
                      0.4125673492842903,                    -0.08548208858670762,                0.3022715047174669,       -0.08343587185570096,       0.007299704003871519,                                        9.809726236744496e-06,                                           141.81414515899286,                                    0.019402388853911066,              0.009936826089009025,              0.006154671344690796, -1952.902349917586,101941.50325432052,  99988.60090440293, 3.252218416068078e-08
                       0.412119697673782,                    -0.07963024190518682,                0.3019353979553141,       -0.07861757183783734,       0.006744910206468099,                                        4.249400880971323e-06,                                           135.29907437389477,                                    0.020116666064335053,              0.010201055998578169,             0.0062928003205176344, -1954.334506005844, 235329.4122076587, 233375.07770165286, 7.766086408640554e-09
                     0.39511649466183857,                    -0.09054941778848624,               0.29354153739743694,       -0.08687535525929388,       0.008743508165607127,                                       0.00010041977680025336,                                            99.42331248890272,                                    0.028141515152861927,               0.01005311540541784,              0.005447217542313403,-1956.9140662232944, 9959.999013930843,  8003.084947707548, 5.887263174069872e-10
                      0.3986461422206596,                    -0.09122627518613523,               0.29465663420985283,       -0.08579130612617526,       0.010658614039187641,                                       1.0007906986367936e-06,                                            111.1326940116158,                                     0.02313396772000961,              0.010642540310731724,              0.005537684389206928, -1956.809466136318, 999211.7468658705,  997254.9373997343, 6.536431146695992e-10
                       0.396045434667433,                    -0.09253308365835101,                0.2940968183981595,       -0.08728093026781912,       0.010333879486920739,                                       2.6921034226484357e-05,                                           118.38121269847674,                                    0.020406893015827755,               0.01050342285866657,              0.005791919172274595,-1957.5952789050202,37147.435277862394,  35189.83999895737,  2.97897282528516e-10
                     0.39750796465941346,                    -0.08893805289880762,               0.29371686609085546,       -0.08502555079725284,       0.010974597054462751,                                       2.0833098005462956e-05,                                            99.13291330317388,                                     0.02679886614203317,              0.010745743722989264,              0.005569820852536015,-1950.2235835489387, 48002.41635739987, 46052.192773850926,4.7375429138312604e-07
                     0.41093467251504323,                    -0.08148851532856649,               0.30181885174512063,       -0.08061837217934548,      0.0066149826809784405,                                        4.600132549570719e-05,                                            138.1272120474382,                                     0.02020003977869574,              0.010056100005548034,               0.00633533410321443,-1951.0286284199196, 21740.53172650583,  19789.50309808591,2.1180031993173203e-07
                      0.4144283870068075,                     -0.0800861756065013,               0.30283999207303147,       -0.07839677478789246,      0.0075030500197246636,                                       2.3011754995640365e-06,                                           108.92406126374487,                                     0.02706333099675312,              0.010329275717327054,               0.00628244595833427,-1958.2036337572713,434562.62141606916,  432604.4177823119,1.6212925465308146e-10
                     0.39327059455834174,                    -0.09358647418567062,                0.2934487237893173,        -0.0889483058742688,       0.008599883293109746,                                        3.112854275807162e-05,                                           102.61104255689035,                                    0.025427941891337347,              0.009991817996900486,              0.005683033446583586,-1958.2731593287558,32126.554405828174, 30168.281246499417,1.5124005063915023e-10
                      0.3934724297796661,                     -0.0932721423153577,                0.2929337494117408,       -0.08874788478660856,       0.009303007480365144,                                        0.0003967859712930048,                                           126.14345498391789,                                    0.021733172195143202,              0.010143580143736784,              0.005416906362500322, -1952.598072735283,  2521.95171752946,   569.353644794177, 4.408852869583245e-08
                     0.41533993090387983,                    -0.08358043190716972,                0.3033997803003331,       -0.08059961775577586,       0.007928949712212835,                                         9.64974269123509e-06,                                           117.90990451614555,                                     0.02463405627824496,              0.010282951435882204,              0.006243051998071227,  -1951.11665670703,103631.69143385564,  101680.5747771486, 1.939529602245837e-07
                      0.3956177817098859,                    -0.09280348687934306,                0.2936889027476434,       -0.08830996944840519,       0.009944103040543715,                                       2.4273024742619845e-05,                                            98.41260674090294,                                     0.02725225897477537,              0.010324126660057097,              0.005664980086552732,-1949.6590880169429,41199.706341361925,  39250.04725334498, 8.331255463193585e-07
                      0.3970966580920588,                    -0.09009009719112283,                0.2951563371175096,       -0.08551071871665382,        0.00870017004040298,                                        4.952645848234083e-05,                                           101.14673758645517,                                    0.024751887302098985,              0.010273359940927741,              0.006109512651441738,-1954.7956924137684, 20193.09024099276,  18238.29454857899, 4.896790300916227e-09
                       0.414822802849947,                    -0.08158220447092324,               0.30436437401178024,       -0.07841655499323405,       0.005863309577190462,                                         0.004513587337300823,                                           102.97966574377438,                                    0.026225620897863695,              0.009849436879852423,               0.00681280172399915,-1948.4368343625597,223.66435254905804,-1724.7724818135016,2.8283195086516175e-06
                     0.39930007254617733,                     -0.0918301349589783,                0.2945860417010733,        -0.0878503301638147,       0.011013578882455162,                                          0.04165349890271438,                                           107.80707346578403,                                    0.024253122328924723,               0.01068876961076231,              0.005354653647451648,-1954.5117591655448, 25.70807717920278, -1928.803681986342, 6.504623281076866e-09
                      0.4049067403443712,                     -0.0892834256715208,               0.29918554119432994,       -0.08627107028132139,       0.006774810364746034,                                        6.010950137842659e-06,                                           106.02646522655925,                                     0.02628193399067862,              0.009630565789105875,              0.006011650053638415,-1948.3609662536078, 166364.8176348584, 164416.45666860478,3.0512484386996673e-06
                     0.42130027712018486,                    -0.07141093508106612,                0.3064550869263988,       -0.07267697415533317,       0.006631429859992277,                                       0.00040692206012485105,                                            97.32420352044295,                                     0.02730902308591432,              0.010514487111611293,               0.00699635896982324,-1949.9103041815547,2459.8178124753763,  509.9075082938216, 6.480502126892076e-07
                      0.3974763905197115,                    -0.08860389300209431,                0.2947053059340805,       -0.08445876337565228,        0.00958531303434891,                                       3.1852778740039365e-05,                                           112.44394028967693,                                     0.02358427202490307,              0.010517951878215224,             0.0058346869152150135, -1956.292900070021, 31396.34763615798,  29440.05473608796,1.0956768428142966e-09
                      0.4087788949053457,                    -0.08746284403432435,               0.30098023016826697,       -0.08546514047141028,         0.0071485271482281,                                        0.0004687549409137994,                                           136.84677632169254,                                    0.020388840802633718,              0.009713266999636204,              0.006000092845532174,-1955.5546910271237, 2135.090058011111,  179.5353669839874,2.2923588123691214e-09
                     0.41525616522085795,                    -0.07643533427958124,                0.3033507469106455,       -0.07684067339701618,       0.007027971416308287,                                        6.273399394273417e-05,                                           101.88385590082075,                                     0.02665412733756379,              0.010385696136144687,              0.006380943654056669, -1956.377142436489,15942.509454614446, 13986.132312177957,1.0071554055813479e-09
                     0.41998397844295676,                     -0.0747782939274933,               0.30514462567403783,       -0.07389370903937711,       0.007946481548819648,                                         0.004626015178231914,                                           133.27576664518975,                                     0.01846691738534075,              0.010776224951330616,              0.006660761318393204,-1951.3305350735695, 218.4553007128831,-1732.8752343606864,1.5660665665883386e-07
                      0.4171249690773815,                    -0.07494233461756965,               0.30468229679416936,       -0.07586581456798354,       0.006182655104807827,                                       1.9503344663692416e-05,                                            97.78209064869604,                                     0.02812617218701584,              0.010285132327655822,             0.0068086610576296325,-1947.5958821037916,51275.483305900634,  49327.88742379684, 6.557667533741213e-06
                     0.40074127104707324,                    -0.08980549557246668,               0.29490822095101576,       -0.08555077828142942,       0.011423689980645727,                                       0.00015017483084173324,                                            90.22864557849553,                                    0.028871031655176335,              0.010863034049403086,              0.005553876323120057,-1957.3059072677838, 6660.722912533693,  4703.417005265908,3.9786803295894624e-10
                      0.3935072328319217,                    -0.08745923205387961,               0.29294679789545164,       -0.08372773678307358,       0.008994932604752533,                                        0.0002450020520812887,                                           122.00990184306043,                                    0.023250965858842166,              0.010236952538067216,              0.005839309822070563,-1952.2884287178854, 4083.583837345257, 2131.2954086273717, 6.009001246216059e-08
                      0.4219398076981528,                     -0.0731784914292387,                0.3064158339469407,       -0.07349479856909484,       0.007576217696957916,                                       0.00045641510237528463,                                            86.60446727041422,                                    0.030555268028870892,               0.01080006065200976,              0.006831971921380785,-1954.2242463579519,2193.2853584606764, 239.06111210272456, 8.671363160148012e-09
                     0.41512333850745026,                    -0.07218146884149405,               0.30263644570527487,       -0.07415463099429984,      0.0076626200333244155,                                        0.0017849827094572252,                                           133.86539820015494,                                     0.02022166463438868,              0.010771657240080577,              0.006459639812483373, -1952.456335846588, 562.5486416109711,-1389.9076942356169, 5.080204029344955e-08
                       0.399095161999884,                    -0.09284989924413245,                 0.295584145330903,       -0.08702892381436701,         0.0095499454836403,                                        3.846405514452121e-06,                                           151.22752214792865,                                     0.01655248687426983,              0.010410772355013427,              0.005693471679982043, -1950.738553257373,259984.73978945505, 258034.00123619768,2.8307704552139245e-07
                      0.3979745663927386,                    -0.09205347340193006,                0.2939182399150312,       -0.08809707151100284,       0.010640776785132557,                                         0.001714605120784388,                                            85.88344847687897,                                    0.028737944801960225,              0.010533012384931931,              0.005244155621711638, -1955.125950888421, 584.9256172070384,-1370.2003336813825,3.5195089435389287e-09
                     0.40222187285644373,                    -0.09376690563976176,                0.2963391847242259,       -0.08860684990179714,       0.010702099532759171,                                        5.606572637259211e-05,                                            129.8222737659407,                                     0.01930531721638812,              0.010474899277086561,             0.0056181742469944085,-1953.4614232288272,17837.841069783164, 15884.379646554336, 1.859418941361507e-08
                      0.3973020689988125,                    -0.09267894585067364,                0.2948391026857524,       -0.08739519093454914,       0.009306370457515636,                                         0.001215533193043552,                                            88.73992842939259,                                     0.02924562984388754,              0.010299627919945462,              0.005585645082723165,-1952.3745315254414, 824.4355331584597,-1127.9389983669817,5.5132580452003396e-08
                     0.39010946444647654,                     -0.0939167485407558,                0.2926081604884046,       -0.08842652986230927,       0.007670739651406697,                                       3.5192060687522415e-05,                                            106.3345594683583,                                     0.02521704386164394,              0.009882862882443276,              0.006017502753643239,-1954.2335904868046,28417.254402560517,  26463.02081207371, 8.590714209350836e-09
                     0.40564002482906364,                    -0.08990877440531723,                0.3006971749646524,       -0.08638119028637997,        0.00558207732811694,                                       0.00026294685099053424,                                           131.46598034718383,                                     0.02036268857312599,              0.009336299092797337,              0.006383542350179534,-1944.4221259965548, 3804.806942556702,  1860.384816560147,0.00015670907926105366
                     0.39451524871745486,                    -0.09423192117739235,                0.2937675173267195,       -0.08811978417695207,       0.009436330152629348,                                       2.4449542578901085e-05,                                           142.10499488322142,                                    0.016625697134549557,               0.01032326821511488,              0.005615779388918987,-1957.5745561060317,40902.286336798585,  38944.71178069255, 3.041349558376412e-10
                     0.41311913422320745,                    -0.07924044303329907,                0.3044904554915418,       -0.07697020653962434,      0.0045182942649206245,                                         0.000853658904335968,                                           121.33315252121326,                                      0.0230225276406141,              0.009746606777353641,              0.007245359453167049, -1947.199186565596,1173.6307478801857, -773.5684386854102, 9.750616551334121e-06
                      0.3992825115389627,                    -0.09042935922684732,                0.2956402852676201,        -0.0863628439527899,       0.009670366075746816,                                         0.001259911201978362,                                           123.31984723373915,                                    0.020638955047930986,              0.010370639062373593,              0.005948813255036357,-1949.3114961554215, 795.4983797893603,-1153.8131163660612,1.1794178027466982e-06
                      0.4110231382141932,                      -0.080254773385236,               0.30200212591138464,       -0.07774555052150763,       0.006273946700813077,                                       2.0878191674046215e-05,                                           142.30978550062642,                                     0.01778505099421946,               0.01011726756040112,              0.006746567635094765,-1952.7728158209297,47899.042043855916,  45946.26922803499, 3.701993468003339e-08
                     0.41897329133382827,                    -0.07515450826446524,                 0.305543498603149,       -0.07409596237961733,       0.006693080839219008,                                       2.3941212718600448e-05,                                           124.30050592747831,                                    0.021296778165973373,              0.010542308718430274,              0.007000015587237435, -1952.543630057759,  41771.2697313917, 39818.726101333945, 4.655536762409584e-08
                     0.39715050050900325,                    -0.08965001938812389,                0.2941987256837256,        -0.0854547649651365,       0.009864278212300993,                                         8.93159064553302e-05,                                           115.25663666224833,                                     0.02311937447489177,               0.01068405662034667,             0.0056163934699704834,-1956.1955929661676,  11198.0724728812,  9241.876879915033,1.2076537135574762e-09
                      0.3943661582446763,                    -0.09210272532528288,               0.29340730448214575,       -0.08706494944508578,        0.00956578087074036,                                         8.58231067757173e-06,                                           138.70644839280632,                                     0.01873427048648589,              0.010314997769460774,              0.005861809753249849,-1945.4172725658505,116520.52533145645, 114575.10805889059, 5.793052911659508e-05
                     0.41794981415557164,                    -0.07365592076824518,                0.3042921444659635,       -0.07398476914626963,       0.007769230102399274,                                         0.020956393173813793,                                            135.7020445595834,                                    0.019304853783759734,              0.010739580056057902,               0.00663314706255207, -1956.692852887028, 50.01944528757093, -1906.673407599457, 7.344888062780844e-10
                     0.39013740591275914,                    -0.08910233411016465,               0.29198988209484866,       -0.08487103607909434,       0.008875431950519031,                                         0.005198220220615718,                                           115.47367474443122,                                    0.023803231784244948,              0.010191544875068036,              0.005963530671925583, -1951.116807121603,194.32312421673095, -1756.793682904872,1.9392378906682813e-07
                      0.3964508808919717,                    -0.09107425265134579,               0.29392602213553665,       -0.08594061385571337,       0.010302991343051172,                                        0.0005057352447583104,                                           127.70344922978923,                                    0.021185502406437483,                0.0107060222650109,             0.0055865324150919035,-1957.5985959787217,1979.1510148806406, 21.552418901918827,2.9691077235491163e-10
                      0.4016724354486116,                    -0.08832602562726681,                0.2956157124085795,       -0.08440592874541315,       0.011083244990667268,                                       3.2125306316138215e-06,                                           126.89416553760826,                                     0.02155724005424287,              0.010874900335793268,              0.005674018979009341,-1953.6628144703895, 311282.9515871786,  309329.2887727082,1.5202469674404152e-08
                      0.4000478917886896,                    -0.09317351123770407,                0.2951291041225782,       -0.08786222201104671,        0.01040128904772504,                                        6.347934256176994e-06,                                            86.38882204753224,                                    0.030277276797956765,              0.010636843570790826,              0.005462456684342822,-1949.9089831207816,157533.26006904166, 155583.35108592088, 6.489068921423979e-07
                      0.4200409296829909,                    -0.07792824240397944,                0.3061955776073987,       -0.07589730159232044,       0.006554074354934032,                                        3.058565180709379e-05,                                           103.98041096754932,                                     0.02470580813120457,              0.010343005704073083,              0.006868519456915755, -1950.597371167633,32697.263800963523,  30746.66642979589,3.2600124356952763e-07
                      0.3941433847205838,                    -0.09419333594586422,                0.2935114794641786,       -0.08887769813069937,        0.00981659762904421,                                       0.00044564451365059415,                                           144.34249989386927,                                    0.016789663525103554,              0.010411402319562515,              0.005700785362472145,-1951.7732033910838,  2245.62586810614,  293.8526647150561,1.0059162186514794e-07
                      0.4191822703639226,                    -0.07581340564039991,                0.3056815431101092,       -0.07456665407936035,       0.006027187506530679,                                         0.008938878966501865,                                            119.8150743695177,                                     0.02306544681381098,              0.010209730560591606,              0.006959005264490907,-1945.1210286731325,114.13892777659198,-1830.9821008965405, 7.790486567933876e-05
                     0.40241512022589393,                    -0.09190451053960993,                  0.29620408552933,       -0.08732230232459989,       0.010909835812431986,                                       0.00039777066620137893,                                           109.13838587582181,                                     0.02467438087224622,              0.010688201411014255,             0.0055005025261736324,-1949.8116985153079, 2515.716933121702,  565.9052346063941, 7.152083138589869e-07
                     0.41204013826273617,                    -0.09336864968019641,                0.3031597200555329,       -0.08784877169582345,      0.0064945976122588135,                                        3.787712180837006e-05,                                           110.93575633495655,                                    0.023049371305694427,              0.009453784372209496,               0.00625257973295241,-1954.4573565429696,  26402.7784803964, 24448.321123853428, 6.868294489793644e-09
                     0.39523700493399017,                    -0.09375625537919444,                  0.29379381948242,       -0.08946824118326943,       0.009564274892829086,                                        0.0003512314028514921,                                           141.23619202392123,                                    0.018322949317790462,              0.010341633497543008,              0.005637821485835107, -1946.847659905125, 2848.771310559419,  901.9236506542939,1.3857923730079443e-05
                     0.41624883168425403,                    -0.07563962871931083,                0.3050040436333377,        -0.0748630711505548,       0.005514424106733262,                                          0.03631459512633694,                                           138.76093409893446,                                     0.01843796627744327,               0.01009979923799994,             0.0069581986986224816,-1953.3339102294353,29.816097558665586,-1923.5178126707697,2.1122992395348483e-08
                      0.4169835553187081,                    -0.07790809630204794,                0.3034472112848895,       -0.07625585867735525,       0.008428116745913585,                                        4.542655574800504e-05,                                           131.41260213214136,                                     0.01859207607774064,              0.010778207457849725,              0.006466695773551071,-1957.2658595833495,22015.748285541034, 20058.482425957685, 4.141250822598617e-10
                      0.4073147077834387,                    -0.08365920453619859,               0.30041089351150013,       -0.08343621128499304,       0.005669083347974398,                                        9.757280690586972e-05,                                           123.93311914169607,                                    0.022287968458839957,              0.009614810125667464,              0.006130128662174233,-1956.9193911315538,10250.668278885818,  8293.748887754264, 5.855997355454739e-10
                     0.40632294954930004,                    -0.09112990486690543,               0.30030843785731753,       -0.08712685897397297,         0.0064242807941191,                                       3.0656113471088875e-05,                                           115.86079866006162,                                    0.023016994679012984,              0.009427979976493105,              0.006079563051262751,-1948.6698101395864, 32621.62739795085, 30672.957587811266, 2.240517677189485e-06
                     0.39763650043090953,                    -0.09425985002440009,                0.2952844796684769,       -0.08848358088815289,         0.0091922598160621,                                         0.012026630067979723,                                            97.61399930686815,                                    0.028893301686369565,              0.010178794998245897,              0.005880806768194601,-1943.5066678771977, 84.83455830855553, -1858.672109568642, 0.0003914466390595607
                       0.424454628472483,                    -0.07294655789208959,                0.3074088030143602,       -0.07309384378880482,       0.007992591048741924,                                        9.153196737677069e-05,                                           104.53344143769289,                                    0.025147705414193817,              0.010950658549882877,              0.006873141515361925,-1953.1349537117617,10927.436654947047,  8974.301701235285,2.5772773702122513e-08
                     0.41886813318447624,                    -0.08228427065131122,               0.30617801535246664,       -0.07840989362241042,      0.0064272917254944275,                                         0.009089060964705749,                                             126.623334866157,                                    0.020243867557901515,              0.010007988737430168,               0.00688851641098006,-1951.6762127856714,112.09619578303233,-1839.5800170026391,1.1083688077980164e-07
                     0.39476530236118074,                    -0.09223623911970404,                0.2932638803008917,       -0.08702269089874273,       0.010531611235908598,                                         0.010862198631038976,                                           135.90612986089565,                                    0.018736707180280407,              0.010425706245300186,              0.005526117830874118,-1952.7802235522472, 93.84352757418152,-1858.9366959780657, 3.674671417199207e-08
                     0.40615610962389276,                     -0.0904200655921039,               0.30073437510666484,       -0.08693017982256475,       0.005729718767912096,                                       0.00024339059353258843,                                           142.58625561556798,                                     0.01690229394906323,              0.009253070859730246,               0.00621778614865955,-1954.0985326002524, 4110.342618004047, 2156.2440854037945,  9.83295759599067e-09
                     0.40260675784994526,                    -0.09082678522698315,               0.29567690274522007,       -0.08660625925374861,       0.011364531102124122,                                       0.00024290051480015066,                                           115.51204244133658,                                      0.0236592768099245,              0.010700295940729333,              0.005241338653294882,-1955.6320026555472, 4118.652489174635, 2163.0204865190876, 2.121810445716095e-09
                     0.41290752757773064,                    -0.08148269445511155,                0.3027354982499201,       -0.07991218022547292,       0.006684925901762331,                                       1.7610257567107415e-05,                                            95.19426045816724,                                    0.027123382875487885,              0.010165098511245514,              0.006396762615548179,-1954.7739511549976, 56787.13718799534,  54832.36323684034, 5.004418432060373e-09
                      0.4184809093388331,                    -0.07406522338022581,               0.30447237982077796,        -0.0748227630892965,       0.007319934229307068,                                          7.6321219137244e-06,                                           113.68202358555482,                                    0.022262166354260416,               0.01061229551120614,             0.0066181081100853455,-1951.0376436151669,131027.42098969132, 129076.38334607615,2.0989947979064028e-07
                       0.398060535877081,                     -0.0913618023127389,               0.29340275464718285,       -0.08597866799275185,       0.011869553267854641,                                        0.0002878621520189927,                                           107.81622922681586,                                     0.02443895848634156,              0.011028048226311525,              0.005173657661169748,-1950.7517159376926,3475.6926997566843, 1524.9409838189918, 2.793754080449185e-07
                     0.41237091731014064,                    -0.08457103548501924,               0.30287556724810877,       -0.08143923673111299,       0.006980341830103497,                                       3.9009530201965945e-06,                                           127.51245220233783,                                    0.022564236179117996,              0.010034774974388677,               0.00647462784965886,-1954.1326315278425,256349.58294828748, 254395.45031675964, 9.503316431896562e-09
                     0.39660043841743287,                    -0.08928558572293743,                0.2939068779534155,       -0.08486356125281937,       0.010467013804889805,                                        0.0010724908449475051,                                           105.90239166917232,                                    0.025185030966909855,              0.010415526921592607,              0.005668776106073598,  -1958.01121068381, 934.2997347006537,-1023.7114759831563,1.9653036699711392e-10
                      0.3963386287241797,                    -0.09363506343207333,                0.2941421173834481,        -0.0883807487667336,       0.009971927175585689,                                        0.0033025422535024117,                                            95.80632895287107,                                     0.02702410658717274,               0.01032925284811566,              0.005596597153852044,-1949.3635109997435,304.49529009933104,-1644.8682209004126,1.1196387458144257e-06
                      0.4005962068581229,                    -0.09053066606179373,                0.2949971674653728,       -0.08691048963150069,       0.011186585228074067,                                         0.002373138495590839,                                           117.17144576394071,                                    0.022588286835833395,              0.010669740808559695,              0.005460963220071626,-1955.4582507991995, 423.1250331209871,-1532.3332176782123,2.5244458276044685e-09
                     0.39161104050530104,                    -0.09162313068046639,               0.29287820349819477,       -0.08728840020274976,       0.007973469217588852,                                         0.004878383855698588,                                           109.49585485798805,                                    0.024712006136278653,              0.009739836974082629,              0.005735843125784884,-1954.9330113579213,206.79246590582952,-1748.1405454520918,4.2684937177684715e-09
                     0.39505082385765206,                    -0.09207444029748359,                0.2941432953329965,       -0.08754774677701528,       0.008765364969555038,                                        0.0039481760257460245,                                           122.77591907872518,                                      0.0213411254269685,              0.009998244404056009,              0.005773647183378337,-1958.4385561505546,255.04232314502647, -1703.396233005528,1.2818461020147887e-10
                      0.3983408933143354,                    -0.09125672312953818,               0.29390510576734635,       -0.08692760067907732,       0.011035446796463837,                                       1.4558578607214452e-05,                                           106.15131665223085,                                    0.024165218448176914,               0.01056106489569709,             0.0053140121141727545,-1955.0435832676299, 68689.78306696267,  66734.73948369504, 3.821676099893701e-09
                     0.39625494883242746,                    -0.09211036950501762,               0.29358887816611323,         -0.087061330343492,       0.010094399655154405,                                       7.4173334804508015e-06,                                           102.87623744477513,                                    0.026320861707854488,              0.010520329037808022,             0.0053119619777466775,  -1956.63791899751,134821.11214396232, 132864.47422496483, 7.759659536783477e-10
                     0.40068455915018497,                    -0.09427453143755193,                0.2959868839950986,       -0.08794875083854403,       0.010500086771573505,                                        0.0059733269214686064,                                           107.02367435826899,                                     0.02583734404084759,              0.010497333162463703,              0.005740547139279201,-1939.6092040369326, 169.0941105324955,-1770.5150935044371,   0.01928943947562508
                     0.40091384924394263,                    -0.09033043976659881,                0.2946548751507462,       -0.08611549927694233,        0.01176083740425535,                                         0.011866342321407724,                                            78.97617173379969,                                     0.03299421164047115,              0.010823606235384343,              0.005332050409711704, -1957.189691738869, 86.05531302035784,-1871.1343787185112,4.4690046826051424e-10
                     0.42038481514372167,                    -0.07674282218795295,               0.30556539574856223,       -0.07493726531094602,       0.008007022453925382,                                        0.0020711955555005224,                                            87.33053458428202,                                    0.029177921133088064,              0.010675466473447255,              0.006808482742607998,-1949.8095812712113, 485.0482746623648,-1464.7613066088466, 7.167241886114753e-07
                      0.3977846214360131,                    -0.09163144861201276,                 0.293871164387456,        -0.0871912556875168,       0.011430791115969759,                                       1.5681121971534406e-05,                                           103.56190220287348,                                    0.026203244208315775,              0.010746952055977109,              0.005389781724466958,-1947.4835331032386, 63772.69372919786, 61825.210196094624, 7.337395780708323e-06
                     0.39738723489195676,                    -0.09432370396376777,               0.29440206612555064,       -0.08843232031753023,       0.010720528124747504,                                        0.0004141231108921579,                                           125.76663190060636,                                    0.020379792711880944,              0.010362377417457736,              0.005592405352368768, -1945.622025548851,2416.4195754273183,  470.7975498784672, 4.720460898396313e-05
                      0.3920956020965104,                    -0.08850006202314745,                0.2927309665685029,       -0.08436144354987599,       0.008935414546731696,                                        9.136567244814668e-06,                                            124.7501317424979,                                    0.020855253677343748,               0.01037355623994608,              0.005988592713769402,-1952.3623589136437,109452.25946119151, 107499.89710227787,5.5807789140618734e-08
                     0.41833194047153105,                    -0.07478843260160159,                0.3051707491902317,       -0.07461186725795425,      0.0067496919060570405,                                        3.928414510470386e-06,                                            97.48908475899466,                                    0.026540952936673717,               0.01043887097024275,              0.006808966283270381,-1948.5936434442015,  254557.896293717,  252609.3026502728,2.4178377292254432e-06
                      0.3915921263379121,                    -0.09418659675668833,               0.29258555465055386,       -0.08838394480310065,        0.00917382443356939,                                        8.030364663443022e-06,                                            98.54348358841193,                                     0.02641709325266438,              0.010145009436533807,              0.005664269043150586, -1944.022771089482,124529.08400736851, 122585.06123627903,0.00023363171199851875
                      0.3935668328974874,                    -0.09204504004567167,               0.29306681511325744,       -0.08776138748579294,       0.009116499065785225,                                        0.0008352315386795729,                                           141.82252218249724,                                     0.01925705142365451,              0.010108871262425208,              0.005517269115958228,-1951.0760511837857, 1199.030323727007, -752.0457274567786,2.0199060367059796e-07
                      0.4008133694844106,                    -0.09144340673258301,                0.2952342843063907,       -0.08706152427949744,        0.01114142593222149,                                       0.00016799061671995548,                                             82.5225077057064,                                    0.031710441076623345,              0.010718923210230795,              0.005541679468360602,-1955.4897265525547, 5954.448269707729, 3998.9585431551745,2.4462244890234465e-09
                      0.4192868767233977,                    -0.07577393716612814,                0.3056948011721532,        -0.0747360767411171,       0.006324090643859602,                                        2.183717609580643e-05,                                           120.07390254746952,                                     0.02185531382463407,              0.010347700627718092,              0.006925267437780074, -1946.716541684747, 45795.72554054399,  43849.00899885924,  1.57994542752247e-05
                      0.3959502826918478,                    -0.08921121087585482,                 0.293859283846478,       -0.08552249489894367,       0.008571737326978942,                                       0.00032593359254008664,                                            86.02122121647862,                                     0.03156434439097928,              0.009898968536754524,              0.005470428604156762, -1955.632848774871,  3069.98154435604,  1114.348695581169, 2.120015900203422e-09
                      0.4057037383607614,                     -0.0859203467287259,                0.2993042259818123,       -0.08411376760778566,      0.0070072757243744704,                                         0.001388381385848459,                                           102.10625769430781,                                    0.025630067680777552,              0.009884903155646883,              0.006038290280241878, -1954.805387152293, 722.1452653461646,-1232.6601218061282, 4.849546577141547e-09
                     0.42168781683158707,                    -0.07899883585814574,                0.3065358567342339,       -0.07660474062138509,       0.007844849058366412,                                        6.148678795148554e-05,                                            94.18031303764286,                                    0.028927840751381936,              0.010579417567069323,              0.006635510689736092,-1948.5745900119987,16265.797689809044, 14317.223099797046, 2.464347514959707e-06
                     0.40971726552989857,                    -0.08235908891932447,                0.3010545485342332,        -0.0802785617131717,       0.006826540510228477,                                        0.0003343804409029842,                                           127.66067128855356,                                    0.020617223818289922,              0.010206088699853115,              0.006286235381790361, -1951.367593553647, 2992.658965405214,  1041.291371851567,1.5090927221492127e-07
                     0.39702304080385437,                    -0.09048666943216947,                0.2943028611855025,       -0.08590442387260136,       0.010098717181509008,                                          4.6833025091414e-05,                                           109.54224575515266,                                    0.023821433290454143,              0.010604015035826433,              0.005978235845474628,-1945.6296328199455,21354.287121120542, 19408.657488300596, 4.684687314845124e-05
                      0.4103904035599437,                    -0.08269045010783031,                0.3004357338958102,       -0.08172436052229795,       0.008262758338705985,                                       0.00021981827825503586,                                            99.50582618972759,                                    0.027774827007463934,               0.01030300943031496,              0.005918955280620227,-1955.7367064169607, 4551.181411058041,   2595.44470464108,1.9108839702855353e-09
